schema_version,model,seed,season,week,slot,recommended,recommended_lam,early,hold,hold_alternative,hold_alternative_cost,premium
1,cal-level-pooled,-1,2016,1,FLEX,00-0026986,0.597950525591,False,False,,,0.1
1,cal-level-pooled,-1,2016,1,QB,00-0031280,2.31228599491,False,False,,,0.1
1,cal-level-pooled,-1,2016,1,RB,00-0031897,0.517257823827,False,False,,,0.1
1,cal-level-pooled,-1,2016,2,FLEX,00-0031235,0.802773209145,False,False,,,0.1
1,cal-level-pooled,-1,2016,2,QB,00-0022803,2.7946039687,False,False,,,0.1
1,cal-level-pooled,-1,2016,2,RB,00-0029854,0.591687977373,False,False,,,0.1
1,cal-level-pooled,-1,2016,3,FLEX,00-0026986,0.569583927814,False,False,,,0.1
1,cal-level-pooled,-1,2016,3,QB,00-0023459,2.31314026471,False,False,,,0.1
1,cal-level-pooled,-1,2016,3,RB,00-0032144,0.507784044458,False,False,,,0.1
1,cal-level-pooled,-1,2016,4,FLEX,00-0030472,0.569380586535,False,False,,,0.1
1,cal-level-pooled,-1,2016,4,QB,00-0029604,2.05297304197,False,False,,,0.1
1,cal-level-pooled,-1,2016,4,RB,00-0032144,0.650622365771,False,False,,,0.1
1,cal-level-pooled,-1,2016,5,FLEX,00-0030472,0.684180665493,False,False,,,0.1
1,cal-level-pooled,-1,2016,5,QB,00-0019596,2.30104816057,False,False,,,0.1
1,cal-level-pooled,-1,2016,5,RB,00-0023500,0.577611538013,False,False,,,0.1
1,cal-level-pooled,-1,2016,6,FLEX,00-0031235,0.598931632997,False,False,,,0.1
1,cal-level-pooled,-1,2016,6,QB,00-0031407,1.98015109496,False,False,,,0.1
1,cal-level-pooled,-1,2016,6,RB,00-0027029,0.641503320665,False,False,,,0.1
1,cal-level-pooled,-1,2016,7,FLEX,00-0027942,0.58331925973,False,False,,,0.1
1,cal-level-pooled,-1,2016,7,QB,00-0029604,2.03113421366,False,False,,,0.1
1,cal-level-pooled,-1,2016,7,RB,00-0028009,0.811427711182,False,False,,,0.1
1,cal-level-pooled,-1,2016,8,FLEX,00-0030564,0.560764541299,False,False,,,0.1
1,cal-level-pooled,-1,2016,8,QB,00-0029668,2.06205538639,False,False,,,0.1
1,cal-level-pooled,-1,2016,8,RB,00-0030432,0.640006648204,False,False,,,0.1
1,cal-level-pooled,-1,2016,9,FLEX,00-0027944,0.541586809999,True,True,00-0021547,0.0165644241088,0.1
1,cal-level-pooled,-1,2016,9,QB,00-0026898,1.79139541657,False,False,,,0.1
1,cal-level-pooled,-1,2016,9,RB,00-0027966,0.622603803485,False,False,,,0.1
1,cal-level-pooled,-1,2016,10,FLEX,00-0031408,0.625297028655,False,False,,,0.1
1,cal-level-pooled,-1,2016,10,QB,00-0031503,1.90888838418,False,False,,,0.1
1,cal-level-pooled,-1,2016,10,RB,00-0027966,0.631752322403,False,False,,,0.1
1,cal-level-pooled,-1,2016,11,FLEX,00-0030472,0.567633100419,False,False,,,0.1
1,cal-level-pooled,-1,2016,11,QB,00-0032268,2.01961598575,False,False,,,0.1
1,cal-level-pooled,-1,2016,11,RB,00-0026153,0.814511084782,True,True,00-0030432,0.0391881646065,0.1
1,cal-level-pooled,-1,2016,12,FLEX,00-0029580,0.455174202866,False,False,,,0.1
1,cal-level-pooled,-1,2016,12,QB,00-0032268,1.94142594375,False,False,,,0.1
1,cal-level-pooled,-1,2016,12,RB,00-0033045,0.638136021609,True,True,00-0031590,0.00513730558586,0.1
1,cal-level-pooled,-1,2016,13,FLEX,00-0031339,0.472366118027,False,False,,,0.1
1,cal-level-pooled,-1,2016,13,QB,00-0026498,1.98984977367,False,False,,,0.1
1,cal-level-pooled,-1,2016,13,RB,00-0026184,0.64106611264,False,False,,,0.1
1,cal-level-pooled,-1,2016,14,FLEX,00-0027874,0.434482350789,False,False,,,0.1
1,cal-level-pooled,-1,2016,14,QB,00-0029604,2.00824165269,False,False,,,0.1
1,cal-level-pooled,-1,2016,14,RB,00-0026184,0.780320270506,False,False,,,0.1
1,cal-level-pooled,-1,2016,15,FLEX,00-0031381,0.527847735862,False,False,,,0.1
1,cal-level-pooled,-1,2016,15,QB,00-0021429,2.20967856648,False,False,,,0.1
1,cal-level-pooled,-1,2016,15,RB,00-0032058,0.799843810046,False,False,,,0.1
1,cal-level-pooled,-1,2016,16,FLEX,00-0027944,0.485395320749,True,False,00-0029000,0.133126501609,0.1
1,cal-level-pooled,-1,2016,16,QB,00-0029604,1.77376763279,True,True,00-0021678,0.0586352836564,0.1
1,cal-level-pooled,-1,2016,16,RB,00-0027029,0.713858486597,True,False,00-0033045,0.137253094445,0.1
1,cal-level-pooled,-1,2016,17,FLEX,00-0026176,0.428088369589,False,False,,,0.1
1,cal-level-pooled,-1,2016,17,QB,00-0027973,1.73699001889,False,False,,,0.1
1,cal-level-pooled,-1,2016,17,RB,00-0030496,0.793718893449,False,False,,,0.1
1,cal-level-position,-1,2016,1,FLEX,00-0026986,0.657518873912,False,False,,,0.1
1,cal-level-position,-1,2016,1,QB,00-0031280,2.24008100546,False,False,,,0.1
1,cal-level-position,-1,2016,1,RB,00-0031897,0.526431537349,False,False,,,0.1
1,cal-level-position,-1,2016,2,FLEX,00-0031235,0.882746170283,False,False,,,0.1
1,cal-level-position,-1,2016,2,QB,00-0022803,2.70733779553,False,False,,,0.1
1,cal-level-position,-1,2016,2,RB,00-0029854,0.602181730679,False,False,,,0.1
1,cal-level-position,-1,2016,3,FLEX,00-0026986,0.626326371141,False,False,,,0.1
1,cal-level-position,-1,2016,3,QB,00-0023459,2.24090859927,False,False,,,0.1
1,cal-level-position,-1,2016,3,RB,00-0032144,0.516789737829,False,False,,,0.1
1,cal-level-position,-1,2016,4,FLEX,00-0026986,0.544350886689,False,False,,,0.1
1,cal-level-position,-1,2016,4,QB,00-0029604,1.98886553228,False,False,,,0.1
1,cal-level-position,-1,2016,4,RB,00-0032144,0.662161337092,False,False,,,0.1
1,cal-level-position,-1,2016,5,FLEX,00-0031299,0.634737214753,False,False,,,0.1
1,cal-level-position,-1,2016,5,QB,00-0019596,2.22919409126,False,False,,,0.1
1,cal-level-position,-1,2016,5,RB,00-0023500,0.587855641693,False,False,,,0.1
1,cal-level-position,-1,2016,6,FLEX,00-0031235,0.658597720087,False,False,,,0.1
1,cal-level-position,-1,2016,6,QB,00-0031407,1.91831757211,False,False,,,0.1
1,cal-level-position,-1,2016,6,RB,00-0027029,0.652880563146,False,False,,,0.1
1,cal-level-position,-1,2016,7,FLEX,00-0024334,0.629026963812,False,False,,,0.1
1,cal-level-position,-1,2016,7,QB,00-0029604,1.96770865783,False,False,,,0.1
1,cal-level-position,-1,2016,7,RB,00-0028009,0.825818610697,False,False,,,0.1
1,cal-level-position,-1,2016,8,FLEX,00-0030564,0.616628389716,False,False,,,0.1
1,cal-level-position,-1,2016,8,QB,00-0029668,1.99766426534,False,False,,,0.1
1,cal-level-position,-1,2016,8,RB,00-0030432,0.651357346777,False,False,,,0.1
1,cal-level-position,-1,2016,9,FLEX,00-0027944,0.595540156243,True,True,00-0031373,0.0514157144037,0.1
1,cal-level-position,-1,2016,9,QB,00-0026898,1.73545610481,False,False,,,0.1
1,cal-level-position,-1,2016,9,RB,00-0027966,0.633645857695,False,False,,,0.1
1,cal-level-position,-1,2016,10,FLEX,00-0028002,0.580796163473,False,False,,,0.1
1,cal-level-position,-1,2016,10,QB,00-0031503,1.84928015841,False,False,,,0.1
1,cal-level-position,-1,2016,10,RB,00-0027966,0.642956628178,False,False,,,0.1
1,cal-level-position,-1,2016,11,FLEX,00-0031339,0.563837292367,False,False,,,0.1
1,cal-level-position,-1,2016,11,QB,00-0032268,1.95655010581,False,False,,,0.1
1,cal-level-position,-1,2016,11,RB,00-0026153,0.828956668798,True,True,00-0030432,0.0398831777682,0.1
1,cal-level-position,-1,2016,12,FLEX,00-0029580,0.500519050479,False,False,,,0.1
1,cal-level-position,-1,2016,12,QB,00-0032268,1.88080167838,False,False,,,0.1
1,cal-level-position,-1,2016,12,RB,00-0033045,0.649453544091,True,True,00-0031590,0.00522841715063,0.1
1,cal-level-position,-1,2016,13,FLEX,00-0031339,0.519423639092,False,False,,,0.1
1,cal-level-position,-1,2016,13,QB,00-0026498,1.92771339338,False,False,,,0.1
1,cal-level-position,-1,2016,13,RB,00-0026184,0.652435601114,False,False,,,0.1
1,cal-level-position,-1,2016,14,FLEX,00-0027874,0.47776585821,False,False,,,0.1
1,cal-level-position,-1,2016,14,QB,00-0029604,1.94553095529,False,False,,,0.1
1,cal-level-position,-1,2016,14,RB,00-0026184,0.79415947078,False,False,,,0.1
1,cal-level-position,-1,2016,15,FLEX,00-0031381,0.580432383663,False,False,,,0.1
1,cal-level-position,-1,2016,15,QB,00-0021429,2.14067766525,False,False,,,0.1
1,cal-level-position,-1,2016,15,RB,00-0032058,0.814029265804,False,False,,,0.1
1,cal-level-position,-1,2016,16,FLEX,00-0027944,0.533750822254,True,False,00-0029000,0.146388678794,0.1
1,cal-level-position,-1,2016,16,QB,00-0029604,1.71837877801,True,True,00-0021678,0.0568042990608,0.1
1,cal-level-position,-1,2016,16,RB,00-0027029,0.726518968372,True,False,00-0033045,0.13968731682,0.1
1,cal-level-position,-1,2016,17,FLEX,00-0026176,0.470734903075,False,False,,,0.1
1,cal-level-position,-1,2016,17,QB,00-0027973,1.68274960648,False,False,,,0.1
1,cal-level-position,-1,2016,17,RB,00-0030496,0.807795722083,False,False,,,0.1
1,cal-logaffine-pooled,-1,2016,1,FLEX,00-0026986,0.580937897325,False,False,,,0.1
1,cal-logaffine-pooled,-1,2016,1,QB,00-0031280,1.78213893251,False,False,,,0.1
1,cal-logaffine-pooled,-1,2016,1,RB,00-0031897,0.515170004901,False,False,,,0.1
1,cal-logaffine-pooled,-1,2016,2,FLEX,00-0031235,0.741574680739,False,False,,,0.1
1,cal-logaffine-pooled,-1,2016,2,QB,00-0022803,2.08513114507,False,False,,,0.1
1,cal-logaffine-pooled,-1,2016,2,RB,00-0029854,0.575890690943,False,False,,,0.1
1,cal-logaffine-pooled,-1,2016,3,FLEX,00-0026986,0.558002305383,False,False,,,0.1
1,cal-logaffine-pooled,-1,2016,3,QB,00-0023459,1.78268459745,False,False,,,0.1
1,cal-logaffine-pooled,-1,2016,3,RB,00-0032144,0.507337570042,False,False,,,0.1
1,cal-logaffine-pooled,-1,2016,4,FLEX,00-0030472,0.557837199777,False,False,,,0.1
1,cal-logaffine-pooled,-1,2016,4,QB,00-0029604,1.61483313354,False,False,,,0.1
1,cal-logaffine-pooled,-1,2016,4,RB,00-0032144,0.623040476785,False,False,,,0.1
1,cal-logaffine-pooled,-1,2016,5,FLEX,00-0030472,0.649558909466,False,False,,,0.1
1,cal-logaffine-pooled,-1,2016,5,QB,00-0019596,1.77495754519,False,False,,,0.1
1,cal-logaffine-pooled,-1,2016,5,RB,00-0023500,0.564512408084,False,False,,,0.1
1,cal-logaffine-pooled,-1,2016,6,FLEX,00-0031235,0.581727783966,False,False,,,0.1
1,cal-logaffine-pooled,-1,2016,6,QB,00-0031407,1.5672134254,False,False,,,0.1
1,cal-logaffine-pooled,-1,2016,6,RB,00-0027029,0.615794365546,False,False,,,0.1
1,cal-logaffine-pooled,-1,2016,7,FLEX,00-0027942,0.569131738496,False,False,,,0.1
1,cal-logaffine-pooled,-1,2016,7,QB,00-0029604,1.6005831154,False,False,,,0.1
1,cal-logaffine-pooled,-1,2016,7,RB,00-0028009,0.748194551663,False,False,,,0.1
1,cal-logaffine-pooled,-1,2016,8,FLEX,00-0030564,0.550831958821,False,False,,,0.1
1,cal-logaffine-pooled,-1,2016,8,QB,00-0029668,1.62075178648,False,False,,,0.1
1,cal-logaffine-pooled,-1,2016,8,RB,00-0030432,0.614603411231,False,False,,,0.1
1,cal-logaffine-pooled,-1,2016,9,FLEX,00-0027944,0.535172837902,True,True,00-0021547,0.0135706549526,0.1
1,cal-logaffine-pooled,-1,2016,9,QB,00-0026898,1.44234802724,False,False,,,0.1
1,cal-logaffine-pooled,-1,2016,9,RB,00-0027966,0.600720003898,False,False,,,0.1
1,cal-logaffine-pooled,-1,2016,10,FLEX,00-0031408,0.602872870563,False,False,,,0.1
1,cal-logaffine-pooled,-1,2016,10,QB,00-0031503,1.52032216528,False,False,,,0.1
1,cal-logaffine-pooled,-1,2016,10,RB,00-0027966,0.608026553224,False,False,,,0.1
1,cal-logaffine-pooled,-1,2016,11,FLEX,00-0030472,0.556417889007,False,False,,,0.1
1,cal-logaffine-pooled,-1,2016,11,QB,00-0032268,1.59305682023,False,False,,,0.1
1,cal-logaffine-pooled,-1,2016,11,RB,00-0026153,0.750550113409,True,True,00-0030432,0.0286706741378,0.1
1,cal-logaffine-pooled,-1,2016,12,FLEX,00-0029580,0.463370424559,False,False,,,0.1
1,cal-logaffine-pooled,-1,2016,12,QB,00-0032268,1.54176858541,False,False,,,0.1
1,cal-logaffine-pooled,-1,2016,12,RB,00-0033045,0.613114217896,True,True,00-0031590,0.00409362814914,0.1
1,cal-logaffine-pooled,-1,2016,13,FLEX,00-0031339,0.477829267325,False,False,,,0.1
1,cal-logaffine-pooled,-1,2016,13,QB,00-0026498,1.573572667,False,False,,,0.1
1,cal-logaffine-pooled,-1,2016,13,RB,00-0026184,0.615446513154,False,False,,,0.1
1,cal-logaffine-pooled,-1,2016,14,FLEX,00-0027874,0.445843239051,False,False,,,0.1
1,cal-logaffine-pooled,-1,2016,14,QB,00-0029604,1.58561733434,False,False,,,0.1
1,cal-logaffine-pooled,-1,2016,14,RB,00-0026184,0.724342905297,False,False,,,0.1
1,cal-logaffine-pooled,-1,2016,15,FLEX,00-0031381,0.523896197441,False,False,,,0.1
1,cal-logaffine-pooled,-1,2016,15,QB,00-0021429,1.71634295498,False,False,,,0.1
1,cal-logaffine-pooled,-1,2016,15,RB,00-0032058,0.739331206288,False,False,,,0.1
1,cal-logaffine-pooled,-1,2016,16,FLEX,00-0027944,0.488727116677,True,False,00-0029000,0.114029364017,0.1
1,cal-logaffine-pooled,-1,2016,16,QB,00-0029604,1.43057500023,True,True,00-0021678,0.0393061954525,0.1
1,cal-logaffine-pooled,-1,2016,16,RB,00-0027029,0.672825652936,True,False,00-0033045,0.109128339611,0.1
1,cal-logaffine-pooled,-1,2016,17,FLEX,00-0026176,0.44039851262,False,False,,,0.1
1,cal-logaffine-pooled,-1,2016,17,QB,00-0027973,1.40594759571,False,False,,,0.1
1,cal-logaffine-pooled,-1,2016,17,RB,00-0030496,0.734635896983,False,False,,,0.1
1,cal-logaffine-position,-1,2016,1,FLEX,00-0026986,0.532430044707,False,False,,,0.1
1,cal-logaffine-position,-1,2016,1,QB,00-0031280,1.80982883544,False,False,,,0.1
1,cal-logaffine-position,-1,2016,1,RB,00-0031897,0.460844005067,False,False,,,0.1
1,cal-logaffine-position,-1,2016,2,FLEX,00-0031235,0.667364481675,False,False,,,0.1
1,cal-logaffine-position,-1,2016,2,QB,00-0022803,2.06390687867,False,False,,,0.1
1,cal-logaffine-position,-1,2016,2,RB,00-0029854,0.510662525266,False,False,,,0.1
1,cal-logaffine-position,-1,2016,3,FLEX,00-0026986,0.512951582075,False,False,,,0.1
1,cal-logaffine-position,-1,2016,3,QB,00-0023459,1.81029244702,False,False,,,0.1
1,cal-logaffine-position,-1,2016,3,RB,00-0032144,0.454385219065,False,False,,,0.1
1,cal-logaffine-position,-1,2016,4,FLEX,00-0026986,0.460637065993,False,False,,,0.1
1,cal-logaffine-position,-1,2016,4,QB,00-0029604,1.66654599683,False,False,,,0.1
1,cal-logaffine-position,-1,2016,4,RB,00-0032144,0.549059846469,False,False,,,0.1
1,cal-logaffine-position,-1,2016,5,FLEX,00-0031299,0.518225648548,False,False,,,0.1
1,cal-logaffine-position,-1,2016,5,QB,00-0019596,1.8037251721,False,False,,,0.1
1,cal-logaffine-position,-1,2016,5,RB,00-0023500,0.501360014614,False,False,,,0.1
1,cal-logaffine-position,-1,2016,6,FLEX,00-0031235,0.533099833524,False,False,,,0.1
1,cal-logaffine-position,-1,2016,6,QB,00-0031407,1.6253289948,False,False,,,0.1
1,cal-logaffine-position,-1,2016,6,RB,00-0027029,0.543174154891,False,False,,,0.1
1,cal-logaffine-position,-1,2016,7,FLEX,00-0024334,0.514646793412,False,False,,,0.1
1,cal-logaffine-position,-1,2016,7,QB,00-0029604,1.65423304485,False,False,,,0.1
1,cal-logaffine-position,-1,2016,7,RB,00-0028009,0.649919388472,False,False,,,0.1
1,cal-logaffine-position,-1,2016,8,FLEX,00-0030564,0.506849861191,False,False,,,0.1
1,cal-logaffine-position,-1,2016,8,QB,00-0029668,1.67165487825,False,False,,,0.1
1,cal-logaffine-position,-1,2016,8,RB,00-0030432,0.542206275939,False,False,,,0.1
1,cal-logaffine-position,-1,2016,9,FLEX,00-0027944,0.493503716461,True,True,00-0031373,0.031185259195,0.1
1,cal-logaffine-position,-1,2016,9,QB,00-0026898,1.51625881471,False,False,,,0.1
1,cal-logaffine-position,-1,2016,9,RB,00-0027966,0.53091236726,False,False,,,0.1
1,cal-logaffine-position,-1,2016,10,FLEX,00-0028002,0.484107217261,False,False,,,0.1
1,cal-logaffine-position,-1,2016,10,QB,00-0031503,1.58454209656,False,False,,,0.1
1,cal-logaffine-position,-1,2016,10,RB,00-0027966,0.53685864886,False,False,,,0.1
1,cal-logaffine-position,-1,2016,11,FLEX,00-0031339,0.473230054628,False,False,,,0.1
1,cal-logaffine-position,-1,2016,11,QB,00-0032268,1.64772261128,False,False,,,0.1
1,cal-logaffine-position,-1,2016,11,RB,00-0026153,0.651804231363,True,True,00-0030432,0.0225427221215,0.1
1,cal-logaffine-position,-1,2016,12,FLEX,00-0029580,0.431917731098,False,False,,,0.1
1,cal-logaffine-position,-1,2016,12,QB,00-0032268,1.60322172174,False,False,,,0.1
1,cal-logaffine-position,-1,2016,12,RB,00-0033045,0.54099581275,True,True,00-0031590,0.0033286242963,0.1
1,cal-logaffine-position,-1,2016,13,FLEX,00-0031339,0.444373410795,False,False,,,0.1
1,cal-logaffine-position,-1,2016,13,QB,00-0026498,1.63084491372,False,False,,,0.1
1,cal-logaffine-position,-1,2016,13,RB,00-0026184,0.542891473309,False,False,,,0.1
1,cal-logaffine-position,-1,2016,14,FLEX,00-0027874,0.416779706811,False,False,,,0.1
1,cal-logaffine-position,-1,2016,14,QB,00-0029604,1.64128233029,False,False,,,0.1
1,cal-logaffine-position,-1,2016,14,RB,00-0026184,0.630807493282,False,False,,,0.1
1,cal-logaffine-position,-1,2016,15,FLEX,00-0031381,0.483874678589,False,False,,,0.1
1,cal-logaffine-position,-1,2016,15,QB,00-0021429,1.75375437292,False,False,,,0.1
1,cal-logaffine-position,-1,2016,15,RB,00-0032058,0.642823031903,False,False,,,0.1
1,cal-logaffine-position,-1,2016,16,FLEX,00-0027944,0.453742796624,True,True,00-0029000,0.0988896557904,0.1
1,cal-logaffine-position,-1,2016,16,QB,00-0029604,1.50589726042,True,True,00-0021678,0.0346954789432,0.1
1,cal-logaffine-position,-1,2016,16,RB,00-0027029,0.589355908826,True,True,00-0033045,0.0886628521903,0.1
1,cal-logaffine-position,-1,2016,17,FLEX,00-0026176,0.41206817842,False,False,,,0.1
1,cal-logaffine-position,-1,2016,17,QB,00-0027973,1.48417721076,False,False,,,0.1
1,cal-logaffine-position,-1,2016,17,RB,00-0030496,0.639061065852,False,False,,,0.1
1,shipped,-1,2016,1,FLEX,00-0026986,0.639170901896,False,False,,,0.1
1,shipped,-1,2016,1,QB,00-0031280,2.47168596992,False,False,,,0.1
1,shipped,-1,2016,1,RB,00-0031897,0.552915560099,False,False,,,0.1
1,shipped,-1,2016,2,FLEX,00-0031235,0.858113262131,False,False,,,0.1
1,shipped,-1,2016,2,QB,00-0022803,2.98725306304,False,False,,,0.1
1,shipped,-1,2016,2,RB,00-0029854,0.632476638038,False,False,,,0.1
1,shipped,-1,2016,3,FLEX,00-0026986,0.608848821543,False,False,,,0.1
1,shipped,-1,2016,3,QB,00-0023459,2.47259912975,False,False,,,0.1
1,shipped,-1,2016,3,RB,00-0032144,0.542788695343,False,False,,,0.1
1,shipped,-1,2016,4,FLEX,00-0030472,0.608631462709,False,False,,,0.1
1,shipped,-1,2016,4,QB,00-0029604,2.19449699372,False,False,,,0.1
1,shipped,-1,2016,4,RB,00-0032144,0.695473733238,False,False,,,0.1
1,shipped,-1,2016,5,FLEX,00-0030472,0.731345411214,False,False,,,0.1
1,shipped,-1,2016,5,QB,00-0019596,2.45967344312,False,False,,,0.1
1,shipped,-1,2016,5,RB,00-0023500,0.617429823869,False,False,,,0.1
1,shipped,-1,2016,6,FLEX,00-0031235,0.64021964302,False,False,,,0.1
1,shipped,-1,2016,6,QB,00-0031407,2.1166549858,False,False,,,0.1
1,shipped,-1,2016,6,RB,00-0027029,0.68572605674,False,False,,,0.1
1,shipped,-1,2016,7,FLEX,00-0027942,0.623531013652,False,False,,,0.1
1,shipped,-1,2016,7,QB,00-0029604,2.1711526818,False,False,,,0.1
1,shipped,-1,2016,7,RB,00-0028009,0.867364371772,False,False,,,0.1
1,shipped,-1,2016,8,FLEX,00-0030564,0.59942146093,False,False,,,0.1
1,shipped,-1,2016,8,QB,00-0029668,2.20420543953,False,False,,,0.1
1,shipped,-1,2016,8,RB,00-0030432,0.684126209519,False,False,,,0.1
1,shipped,-1,2016,9,FLEX,00-0027944,0.578921691657,True,True,00-0021547,0.01770631088,0.1
1,shipped,-1,2016,9,QB,00-0026898,1.91488722739,False,False,,,0.1
1,shipped,-1,2016,9,RB,00-0027966,0.665523680583,False,False,,,0.1
1,shipped,-1,2016,10,FLEX,00-0031408,0.668402566188,False,False,,,0.1
1,shipped,-1,2016,10,QB,00-0031503,2.04047970178,False,False,,,0.1
1,shipped,-1,2016,10,RB,00-0027966,0.675302862702,False,False,,,0.1
1,shipped,-1,2016,11,FLEX,00-0030472,0.606763511718,False,False,,,0.1
1,shipped,-1,2016,11,QB,00-0032268,2.15884043219,False,False,,,0.1
1,shipped,-1,2016,11,RB,00-0026153,0.870660301118,True,True,00-0030432,0.0418896437803,0.1
1,shipped,-1,2016,12,FLEX,00-0029580,0.486552136531,False,False,,,0.1
1,shipped,-1,2016,12,QB,00-0032268,2.07526027376,False,False,,,0.1
1,shipped,-1,2016,12,RB,00-0033045,0.682126629225,True,True,00-0031590,0.00549145138954,0.1
1,shipped,-1,2016,13,FLEX,00-0031339,0.504929195248,False,False,,,0.1
1,shipped,-1,2016,13,QB,00-0026498,2.12702225358,False,False,,,0.1
1,shipped,-1,2016,13,RB,00-0026184,0.6852587093,False,False,,,0.1
1,shipped,-1,2016,14,FLEX,00-0027874,0.464433868902,False,False,,,0.1
1,shipped,-1,2016,14,QB,00-0029604,2.14668199699,False,False,,,0.1
1,shipped,-1,2016,14,RB,00-0026184,0.834112505504,False,False,,,0.1
1,shipped,-1,2016,15,FLEX,00-0031381,0.564235499352,False,False,,,0.1
1,shipped,-1,2016,15,QB,00-0021429,2.3620051857,False,False,,,0.1
1,shipped,-1,2016,15,RB,00-0032058,0.854981921687,False,False,,,0.1
1,shipped,-1,2016,16,FLEX,00-0027944,0.518856580371,True,False,00-0029000,0.142303723231,0.1
1,shipped,-1,2016,16,QB,00-0029604,1.89604425297,True,True,00-0021678,0.0626773713437,0.1
1,shipped,-1,2016,16,RB,00-0027029,0.763069105515,True,False,00-0033045,0.146714787278,0.1
1,shipped,-1,2016,17,FLEX,00-0026176,0.457599111585,False,False,,,0.1
1,shipped,-1,2016,17,QB,00-0027973,1.85673133385,False,False,,,0.1
1,shipped,-1,2016,17,RB,00-0030496,0.848434777237,False,False,,,0.1
1,cal-level-pooled,-1,2017,1,FLEX,00-0027793,0.734883195326,False,False,,,0.1
1,cal-level-pooled,-1,2017,1,QB,00-0021429,1.75129262968,False,False,,,0.1
1,cal-level-pooled,-1,2017,1,RB,00-0030513,0.917257005861,False,False,,,0.1
1,cal-level-pooled,-1,2017,2,FLEX,00-0027944,0.452474853788,False,False,,,0.1
1,cal-level-pooled,-1,2017,2,QB,00-0031280,1.94900334327,False,False,,,0.1
1,cal-level-pooled,-1,2017,2,RB,00-0032241,0.552852506933,False,False,,,0.1
1,cal-level-pooled,-1,2017,3,FLEX,00-0027944,0.413721361843,False,False,,,0.1
1,cal-level-pooled,-1,2017,3,QB,00-0021429,1.73414122005,False,False,,,0.1
1,cal-level-pooled,-1,2017,3,RB,00-0026153,0.814260079059,False,False,,,0.1
1,cal-level-pooled,-1,2017,4,FLEX,00-0027902,0.676415467546,False,False,,,0.1
1,cal-level-pooled,-1,2017,4,QB,00-0033077,2.0839127594,False,False,,,0.1
1,cal-level-pooled,-1,2017,4,RB,00-0033923,0.788667105911,False,False,,,0.1
1,cal-level-pooled,-1,2017,5,FLEX,00-0026986,0.623764608655,False,False,,,0.1
1,cal-level-pooled,-1,2017,5,QB,00-0033077,2.12382626682,False,False,,,0.1
1,cal-level-pooled,-1,2017,5,RB,00-0023500,0.546258621684,False,False,,,0.1
1,cal-level-pooled,-1,2017,6,FLEX,00-0030564,0.587577513966,False,False,,,0.1
1,cal-level-pooled,-1,2017,6,QB,00-0020531,2.33134369515,False,False,,,0.1
1,cal-level-pooled,-1,2017,6,RB,00-0030404,0.644452215954,False,False,,,0.1
1,cal-level-pooled,-1,2017,7,FLEX,00-0027656,0.690883184609,False,False,,,0.1
1,cal-level-pooled,-1,2017,7,QB,00-0032268,1.98467875011,False,False,,,0.1
1,cal-level-pooled,-1,2017,7,RB,00-0033293,0.494067001767,False,False,,,0.1
1,cal-level-pooled,-1,2017,8,FLEX,00-0030061,0.525183704279,False,False,,,0.1
1,cal-level-pooled,-1,2017,8,QB,00-0032950,2.13699706099,False,False,,,0.1
1,cal-level-pooled,-1,2017,8,RB,00-0032058,0.569931176318,False,False,,,0.1
1,cal-level-pooled,-1,2017,9,FLEX,00-0027902,0.666396014845,False,False,,,0.1
1,cal-level-pooled,-1,2017,9,QB,00-0027939,1.6808813415,False,False,,,0.1
1,cal-level-pooled,-1,2017,9,RB,00-0029615,0.552771307844,False,False,,,0.1
1,cal-level-pooled,-1,2017,10,FLEX,00-0029293,0.464711424115,False,False,,,0.1
1,cal-level-pooled,-1,2017,10,QB,00-0026498,1.97207651409,False,False,,,0.1
1,cal-level-pooled,-1,2017,10,RB,00-0031376,0.466460342822,False,False,,,0.1
1,cal-level-pooled,-1,2017,11,FLEX,00-0030564,0.558701041768,False,False,,,0.1
1,cal-level-pooled,-1,2017,11,QB,00-0031280,1.82266521312,False,False,,,0.1
1,cal-level-pooled,-1,2017,11,RB,00-0033906,0.548082603536,False,False,,,0.1
1,cal-level-pooled,-1,2017,12,FLEX,00-0027942,0.554490683758,False,False,,,0.1
1,cal-level-pooled,-1,2017,12,QB,00-0027939,1.79617489444,False,False,,,0.1
1,cal-level-pooled,-1,2017,12,RB,00-0032058,0.572851803215,False,False,,,0.1
1,cal-level-pooled,-1,2017,13,FLEX,00-0030564,0.554583179529,False,False,,,0.1
1,cal-level-pooled,-1,2017,13,QB,00-0022942,2.19551767489,False,False,,,0.1
1,cal-level-pooled,-1,2017,13,RB,00-0028087,0.573649821095,False,False,,,0.1
1,cal-level-pooled,-1,2017,14,FLEX,00-0033127,0.534512678999,False,False,,,0.1
1,cal-level-pooled,-1,2017,14,QB,00-0031503,1.59988846832,False,False,,,0.1
1,cal-level-pooled,-1,2017,14,RB,00-0029615,0.541192568274,False,False,,,0.1
1,cal-level-pooled,-1,2017,15,FLEX,00-0027696,0.587266088931,False,False,,,0.1
1,cal-level-pooled,-1,2017,15,QB,00-0029604,1.93763988864,False,False,,,0.1
1,cal-level-pooled,-1,2017,15,RB,00-0026153,0.532461820142,False,False,,,0.1
1,cal-level-pooled,-1,2017,16,FLEX,00-0027981,0.547011912253,True,True,00-0029137,0.00996135489399,0.1
1,cal-level-pooled,-1,2017,16,QB,00-0028986,1.5854857278,True,True,00-0031407,0.0290370901638,0.1
1,cal-level-pooled,-1,2017,16,RB,00-0033856,0.64123503376,False,False,,,0.1
1,cal-level-pooled,-1,2017,17,FLEX,00-0029137,0.602043164824,False,False,,,0.1
1,cal-level-pooled,-1,2017,17,QB,00-0031503,1.53978420912,False,False,,,0.1
1,cal-level-pooled,-1,2017,17,RB,00-0030513,0.432352198462,False,False,,,0.1
1,cal-level-position,-1,2017,1,FLEX,00-0026986,0.474222499046,False,False,,,0.1
1,cal-level-position,-1,2017,1,QB,00-0021429,1.68957788394,False,False,,,0.1
1,cal-level-position,-1,2017,1,RB,00-0030513,0.958453960197,False,False,,,0.1
1,cal-level-position,-1,2017,2,FLEX,00-0031544,0.487238117962,False,False,,,0.1
1,cal-level-position,-1,2017,2,QB,00-0031280,1.88032136304,False,False,,,0.1
1,cal-level-position,-1,2017,2,RB,00-0032241,0.577682886354,False,False,,,0.1
1,cal-level-position,-1,2017,3,FLEX,00-0027944,0.448108949937,False,False,,,0.1
1,cal-level-position,-1,2017,3,QB,00-0021429,1.67303088208,False,False,,,0.1
1,cal-level-position,-1,2017,3,RB,00-0026153,0.850831111038,False,False,,,0.1
1,cal-level-position,-1,2017,4,FLEX,00-0027902,0.732637598245,False,False,,,0.1
1,cal-level-position,-1,2017,4,QB,00-0033077,2.01047663347,False,False,,,0.1
1,cal-level-position,-1,2017,4,RB,00-0033923,0.824088675374,False,False,,,0.1
1,cal-level-position,-1,2017,5,FLEX,00-0026986,0.675610518507,False,False,,,0.1
1,cal-level-position,-1,2017,5,QB,00-0033077,2.04898360727,False,False,,,0.1
1,cal-level-position,-1,2017,5,RB,00-0023500,0.570792848568,False,False,,,0.1
1,cal-level-position,-1,2017,6,FLEX,00-0030564,0.636415633983,False,False,,,0.1
1,cal-level-position,-1,2017,6,QB,00-0020531,2.249188217,False,False,,,0.1
1,cal-level-position,-1,2017,6,RB,00-0030404,0.673396632124,False,False,,,0.1
1,cal-level-position,-1,2017,7,FLEX,00-0027902,0.67160385953,False,False,,,0.1
1,cal-level-position,-1,2017,7,QB,00-0032268,1.91473958497,False,False,,,0.1
1,cal-level-position,-1,2017,7,RB,00-0033293,0.51625713559,False,False,,,0.1
1,cal-level-position,-1,2017,8,FLEX,00-0030061,0.468674968069,False,False,,,0.1
1,cal-level-position,-1,2017,8,QB,00-0032950,2.06169026872,False,False,,,0.1
1,cal-level-position,-1,2017,8,RB,00-0032058,0.595528613563,False,False,,,0.1
1,cal-level-position,-1,2017,9,FLEX,00-0027902,0.721785351193,False,False,,,0.1
1,cal-level-position,-1,2017,9,QB,00-0027939,1.62164785713,False,False,,,0.1
1,cal-level-position,-1,2017,9,RB,00-0029615,0.577598040354,False,False,,,0.1
1,cal-level-position,-1,2017,10,FLEX,00-0029293,0.503337191379,False,False,,,0.1
1,cal-level-position,-1,2017,10,QB,00-0026498,1.90258144594,False,False,,,0.1
1,cal-level-position,-1,2017,10,RB,00-0031376,0.487410573041,False,False,,,0.1
1,cal-level-position,-1,2017,11,FLEX,00-0027696,0.480512985125,False,False,,,0.1
1,cal-level-position,-1,2017,11,QB,00-0031280,1.75843533041,False,False,,,0.1
1,cal-level-position,-1,2017,11,RB,00-0033906,0.572698751295,False,False,,,0.1
1,cal-level-position,-1,2017,12,FLEX,00-0027942,0.600578700944,False,False,,,0.1
1,cal-level-position,-1,2017,12,QB,00-0027939,1.73287851836,False,False,,,0.1
1,cal-level-position,-1,2017,12,RB,00-0032058,0.598580415182,False,False,,,0.1
1,cal-level-position,-1,2017,13,FLEX,00-0030564,0.600678884755,False,False,,,0.1
1,cal-level-position,-1,2017,13,QB,00-0022942,2.11814864314,False,False,,,0.1
1,cal-level-position,-1,2017,13,RB,00-0028087,0.599414274605,False,False,,,0.1
1,cal-level-position,-1,2017,14,FLEX,00-0033127,0.57894016941,False,False,,,0.1
1,cal-level-position,-1,2017,14,QB,00-0031503,1.5435091355,False,False,,,0.1
1,cal-level-position,-1,2017,14,RB,00-0029615,0.565499262449,False,False,,,0.1
1,cal-level-position,-1,2017,15,FLEX,00-0032765,0.558768697658,False,False,,,0.1
1,cal-level-position,-1,2017,15,QB,00-0029604,1.86935835132,False,False,,,0.1
1,cal-level-position,-1,2017,15,RB,00-0026153,0.556376388414,False,False,,,0.1
1,cal-level-position,-1,2017,16,FLEX,00-0032765,0.522218942336,False,False,,,0.1
1,cal-level-position,-1,2017,16,QB,00-0028986,1.52961394093,True,True,00-0031407,0.0280138364791,0.1
1,cal-level-position,-1,2017,16,RB,00-0033856,0.670034955957,False,False,,,0.1
1,cal-level-position,-1,2017,17,FLEX,00-0029137,0.65208363717,False,False,,,0.1
1,cal-level-position,-1,2017,17,QB,00-0031503,1.48552292272,False,False,,,0.1
1,cal-level-position,-1,2017,17,RB,00-0030513,0.451770522512,False,False,,,0.1
1,cal-logaffine-pooled,-1,2017,1,FLEX,00-0027793,0.684326870813,False,False,,,0.1
1,cal-logaffine-pooled,-1,2017,1,QB,00-0021429,1.40583975193,False,False,,,0.1
1,cal-logaffine-pooled,-1,2017,1,RB,00-0030513,0.82239319369,False,False,,,0.1
1,cal-logaffine-pooled,-1,2017,2,FLEX,00-0027944,0.457766129691,False,False,,,0.1
1,cal-logaffine-pooled,-1,2017,2,QB,00-0031280,1.53620397671,False,False,,,0.1
1,cal-logaffine-pooled,-1,2017,2,RB,00-0032241,0.540485717111,False,False,,,0.1
1,cal-logaffine-pooled,-1,2017,3,FLEX,00-0027944,0.425015130285,False,False,,,0.1
1,cal-logaffine-pooled,-1,2017,3,QB,00-0021429,1.39441549571,False,False,,,0.1
1,cal-logaffine-pooled,-1,2017,3,RB,00-0026153,0.74506463758,False,False,,,0.1
1,cal-logaffine-pooled,-1,2017,4,FLEX,00-0027902,0.638871398544,False,False,,,0.1
1,cal-logaffine-pooled,-1,2017,4,QB,00-0033077,1.62385462267,False,False,,,0.1
1,cal-logaffine-pooled,-1,2017,4,RB,00-0033923,0.725596812361,False,False,,,0.1
1,cal-logaffine-pooled,-1,2017,5,FLEX,00-0026986,0.59736047549,False,False,,,0.1
1,cal-logaffine-pooled,-1,2017,5,QB,00-0033077,1.6495981166,False,False,,,0.1
1,cal-logaffine-pooled,-1,2017,5,RB,00-0023500,0.535135799006,False,False,,,0.1
1,cal-logaffine-pooled,-1,2017,6,FLEX,00-0030564,0.568483352513,False,False,,,0.1
1,cal-logaffine-pooled,-1,2017,6,QB,00-0020531,1.78215136643,False,False,,,0.1
1,cal-logaffine-pooled,-1,2017,6,RB,00-0030404,0.613739767801,False,False,,,0.1
1,cal-logaffine-pooled,-1,2017,7,FLEX,00-0027656,0.650179718103,False,False,,,0.1
1,cal-logaffine-pooled,-1,2017,7,QB,00-0032268,1.55948040387,False,False,,,0.1
1,cal-logaffine-pooled,-1,2017,7,RB,00-0033293,0.492387068828,False,False,,,0.1
1,cal-logaffine-pooled,-1,2017,8,FLEX,00-0030061,0.517961876673,False,False,,,0.1
1,cal-logaffine-pooled,-1,2017,8,QB,00-0032950,1.6580748334,False,False,,,0.1
1,cal-logaffine-pooled,-1,2017,8,RB,00-0032058,0.554292123554,False,False,,,0.1
1,cal-logaffine-pooled,-1,2017,9,FLEX,00-0027902,0.631015735614,False,False,,,0.1
1,cal-logaffine-pooled,-1,2017,9,QB,00-0027939,1.35881577896,False,False,,,0.1
1,cal-logaffine-pooled,-1,2017,9,RB,00-0029615,0.540419903187,False,False,,,0.1
1,cal-logaffine-pooled,-1,2017,10,FLEX,00-0029293,0.468006145648,False,False,,,0.1
1,cal-logaffine-pooled,-1,2017,10,QB,00-0026498,1.55126630787,False,False,,,0.1
1,cal-logaffine-pooled,-1,2017,10,RB,00-0031376,0.469465916075,False,False,,,0.1
1,cal-logaffine-pooled,-1,2017,11,FLEX,00-0030564,0.545221775234,False,False,,,0.1
1,cal-logaffine-pooled,-1,2017,11,QB,00-0031280,1.45317699798,False,False,,,0.1
1,cal-logaffine-pooled,-1,2017,11,RB,00-0033906,0.536616777182,False,False,,,0.1
1,cal-logaffine-pooled,-1,2017,12,FLEX,00-0027942,0.541813148506,False,False,,,0.1
1,cal-logaffine-pooled,-1,2017,12,QB,00-0027939,1.4356451674,False,False,,,0.1
1,cal-logaffine-pooled,-1,2017,12,RB,00-0032058,0.556646027506,False,False,,,0.1
1,cal-logaffine-pooled,-1,2017,13,FLEX,00-0030564,0.541888078762,False,False,,,0.1
1,cal-logaffine-pooled,-1,2017,13,QB,00-0022942,1.69563161541,False,False,,,0.1
1,cal-logaffine-pooled,-1,2017,13,RB,00-0028087,0.55728883956,False,False,,,0.1
1,cal-logaffine-pooled,-1,2017,14,FLEX,00-0033127,0.52557830558,False,False,,,0.1
1,cal-logaffine-pooled,-1,2017,14,QB,00-0031503,1.30430581736,False,False,,,0.1
1,cal-logaffine-pooled,-1,2017,14,RB,00-0029615,0.531017981751,False,False,,,0.1
1,cal-logaffine-pooled,-1,2017,15,FLEX,00-0027696,0.568233541243,False,False,,,0.1
1,cal-logaffine-pooled,-1,2017,15,QB,00-0029604,1.52877464438,False,False,,,0.1
1,cal-logaffine-pooled,-1,2017,15,RB,00-0026153,0.523905890607,False,False,,,0.1
1,cal-logaffine-pooled,-1,2017,16,FLEX,00-0027981,0.535747533982,True,True,00-0029137,0.00810118088103,0.1
1,cal-logaffine-pooled,-1,2017,16,QB,00-0028986,1.2945636337,True,True,00-0031407,0.0196872285058,0.1
1,cal-logaffine-pooled,-1,2017,16,RB,00-0033856,0.611198554798,False,False,,,0.1
1,cal-logaffine-pooled,-1,2017,17,FLEX,00-0029137,0.580062342794,False,False,,,0.1
1,cal-logaffine-pooled,-1,2017,17,QB,00-0031503,1.26354956252,False,False,,,0.1
1,cal-logaffine-pooled,-1,2017,17,RB,00-0030513,0.440822843832,False,False,,,0.1
1,cal-logaffine-position,-1,2017,1,FLEX,00-0028434,0.434252862725,False,False,,,0.1
1,cal-logaffine-position,-1,2017,1,QB,00-0021429,1.48004957511,False,False,,,0.1
1,cal-logaffine-position,-1,2017,1,RB,00-0030513,0.741360675679,False,False,,,0.1
1,cal-logaffine-position,-1,2017,2,FLEX,00-0031544,0.411810234541,False,False,,,0.1
1,cal-logaffine-position,-1,2017,2,QB,00-0031280,1.59442305756,False,False,,,0.1
1,cal-logaffine-position,-1,2017,2,RB,00-0032241,0.499066216582,False,False,,,0.1
1,cal-logaffine-position,-1,2017,3,FLEX,00-0031339,0.370923443032,False,False,,,0.1
1,cal-logaffine-position,-1,2017,3,QB,00-0021429,1.46994742091,False,False,,,0.1
1,cal-logaffine-position,-1,2017,3,RB,00-0026153,0.675454732375,False,False,,,0.1
1,cal-logaffine-position,-1,2017,4,FLEX,00-0027902,0.558781386905,False,False,,,0.1
1,cal-logaffine-position,-1,2017,4,QB,00-0033077,1.6704415879,False,False,,,0.1
1,cal-logaffine-position,-1,2017,4,RB,00-0033923,0.658802395395,False,False,,,0.1
1,cal-logaffine-position,-1,2017,5,FLEX,00-0026986,0.525908440898,False,False,,,0.1
1,cal-logaffine-position,-1,2017,5,QB,00-0033077,1.69264210691,False,False,,,0.1
1,cal-logaffine-position,-1,2017,5,RB,00-0023500,0.494407433233,False,False,,,0.1
1,cal-logaffine-position,-1,2017,6,FLEX,00-0030564,0.502909446579,False,False,,,0.1
1,cal-logaffine-position,-1,2017,6,QB,00-0020531,1.80609385656,False,False,,,0.1
1,cal-logaffine-position,-1,2017,6,RB,00-0030404,0.562602678609,False,False,,,0.1
1,cal-logaffine-position,-1,2017,7,FLEX,00-0027902,0.523573114418,False,False,,,0.1
1,cal-logaffine-position,-1,2017,7,QB,00-0032268,1.6146768658,False,False,,,0.1
1,cal-logaffine-position,-1,2017,7,RB,00-0033293,0.45708309217,False,False,,,0.1
1,cal-logaffine-position,-1,2017,8,FLEX,00-0030061,0.389963716875,False,False,,,0.1
1,cal-logaffine-position,-1,2017,8,QB,00-0032950,1.69993999422,False,False,,,0.1
1,cal-logaffine-position,-1,2017,8,RB,00-0032058,0.51107691438,False,False,,,0.1
1,cal-logaffine-position,-1,2017,9,FLEX,00-0027902,0.552576796564,False,False,,,0.1
1,cal-logaffine-position,-1,2017,9,QB,00-0027939,1.43838168335,False,False,,,0.1
1,cal-logaffine-position,-1,2017,9,RB,00-0029615,0.49900892097,False,False,,,0.1
1,cal-logaffine-position,-1,2017,10,FLEX,00-0029293,0.421949291983,False,False,,,0.1
1,cal-logaffine-position,-1,2017,10,QB,00-0026498,1.60753501276,False,False,,,0.1
1,cal-logaffine-position,-1,2017,10,RB,00-0031376,0.436994920183,False,False,,,0.1
1,cal-logaffine-position,-1,2017,11,FLEX,00-0027696,0.397861768159,False,False,,,0.1
1,cal-logaffine-position,-1,2017,11,QB,00-0031280,1.52176953916,False,False,,,0.1
1,cal-logaffine-position,-1,2017,11,RB,00-0033906,0.49569735516,False,False,,,0.1
1,cal-logaffine-position,-1,2017,12,FLEX,00-0027942,0.481566792802,False,False,,,0.1
1,cal-logaffine-position,-1,2017,12,QB,00-0027939,1.5063439566,False,False,,,0.1
1,cal-logaffine-position,-1,2017,12,RB,00-0032058,0.513122943221,False,False,,,0.1
1,cal-logaffine-position,-1,2017,13,FLEX,00-0030564,0.481626896556,False,False,,,0.1
1,cal-logaffine-position,-1,2017,13,QB,00-0022942,1.73220229745,False,False,,,0.1
1,cal-logaffine-position,-1,2017,13,RB,00-0028087,0.513681593615,False,False,,,0.1
1,cal-logaffine-position,-1,2017,14,FLEX,00-0033127,0.468525024619,False,False,,,0.1
1,cal-logaffine-position,-1,2017,14,QB,00-0031503,1.38978911806,False,False,,,0.1
1,cal-logaffine-position,-1,2017,14,RB,00-0029615,0.490819767584,False,False,,,0.1
1,cal-logaffine-position,-1,2017,15,FLEX,00-0032765,0.456256504406,False,False,,,0.1
1,cal-logaffine-position,-1,2017,15,QB,00-0029604,1.58794813148,False,False,,,0.1
1,cal-logaffine-position,-1,2017,15,RB,00-0026153,0.48461957324,False,False,,,0.1
1,cal-logaffine-position,-1,2017,16,FLEX,00-0032765,0.433737445728,False,False,,,0.1
1,cal-logaffine-position,-1,2017,16,QB,00-0028986,1.38107048574,True,True,00-0031407,0.017651094165,0.1
1,cal-logaffine-position,-1,2017,16,RB,00-0033856,0.560406143269,False,False,,,0.1
1,cal-logaffine-position,-1,2017,17,FLEX,00-0029137,0.512144825511,False,False,,,0.1
1,cal-logaffine-position,-1,2017,17,QB,00-0031503,1.35324420283,False,False,,,0.1
1,cal-logaffine-position,-1,2017,17,RB,00-0030513,0.411812716393,False,False,,,0.1
1,shipped,-1,2017,1,FLEX,00-0027793,0.795785393309,False,False,,,0.1
1,shipped,-1,2017,1,QB,00-0021429,1.89642803506,False,False,,,0.1
1,shipped,-1,2017,1,RB,00-0030513,0.993273123971,False,False,,,0.1
1,shipped,-1,2017,2,FLEX,00-0027944,0.489972939611,False,False,,,0.1
1,shipped,-1,2017,2,QB,00-0031280,2.1105236886,False,False,,,0.1
1,shipped,-1,2017,2,RB,00-0032241,0.598669220455,False,False,,,0.1
1,shipped,-1,2017,3,FLEX,00-0027944,0.448007817772,False,False,,,0.1
1,shipped,-1,2017,3,QB,00-0021429,1.87785523145,False,False,,,0.1
1,shipped,-1,2017,3,RB,00-0026153,0.881740501608,False,False,,,0.1
1,shipped,-1,2017,4,FLEX,00-0027902,0.732472251788,False,False,,,0.1
1,shipped,-1,2017,4,QB,00-0033077,2.25661349369,False,False,,,0.1
1,shipped,-1,2017,4,RB,00-0033923,0.854026554233,False,False,,,0.1
1,shipped,-1,2017,5,FLEX,00-0026986,0.675458042296,False,False,,,0.1
1,shipped,-1,2017,5,QB,00-0033077,2.29983476532,False,False,,,0.1
1,shipped,-1,2017,5,RB,00-0023500,0.591528878154,False,False,,,0.1
1,shipped,-1,2017,6,FLEX,00-0030564,0.636272003531,False,False,,,0.1
1,shipped,-1,2017,6,QB,00-0020531,2.52454984844,False,False,,,0.1
1,shipped,-1,2017,6,RB,00-0030404,0.697860099951,False,False,,,0.1
1,shipped,-1,2017,7,FLEX,00-0027656,0.748138956356,False,False,,,0.1
1,shipped,-1,2017,7,QB,00-0032268,2.14915563425,False,False,,,0.1
1,shipped,-1,2017,7,RB,00-0033293,0.535011966286,False,False,,,0.1
1,shipped,-1,2017,8,FLEX,00-0030061,0.568707412725,False,False,,,0.1
1,shipped,-1,2017,8,QB,00-0032950,2.31409706671,False,False,,,0.1
1,shipped,-1,2017,8,RB,00-0032058,0.617163255589,False,False,,,0.1
1,shipped,-1,2017,9,FLEX,00-0027902,0.721622453943,False,False,,,0.1
1,shipped,-1,2017,9,QB,00-0027939,1.82018153083,False,False,,,0.1
1,shipped,-1,2017,9,RB,00-0029615,0.59858129213,False,False,,,0.1
1,shipped,-1,2017,10,FLEX,00-0029293,0.503223594942,False,False,,,0.1
1,shipped,-1,2017,10,QB,00-0026498,2.1355090093,False,False,,,0.1
1,shipped,-1,2017,10,RB,00-0031376,0.50511745232,False,False,,,0.1
1,shipped,-1,2017,11,FLEX,00-0030564,0.605002442692,False,False,,,0.1
1,shipped,-1,2017,11,QB,00-0031280,1.97371550025,False,False,,,0.1
1,shipped,-1,2017,11,RB,00-0033906,0.593504019407,False,False,,,0.1
1,shipped,-1,2017,12,FLEX,00-0027942,0.600443158406,False,False,,,0.1
1,shipped,-1,2017,12,QB,00-0027939,1.94502984136,False,False,,,0.1
1,shipped,-1,2017,12,RB,00-0032058,0.620325924485,False,False,,,0.1
1,shipped,-1,2017,13,FLEX,00-0030564,0.600543319607,False,False,,,0.1
1,shipped,-1,2017,13,QB,00-0022942,2.37746747721,False,False,,,0.1
1,shipped,-1,2017,13,RB,00-0028087,0.621190076744,False,False,,,0.1
1,shipped,-1,2017,14,FLEX,00-0033127,0.578809510397,False,False,,,0.1
1,shipped,-1,2017,14,QB,00-0031503,1.73247651071,False,False,,,0.1
1,shipped,-1,2017,14,RB,00-0029615,0.586042984162,False,False,,,0.1
1,shipped,-1,2017,15,FLEX,00-0027696,0.635934769674,False,False,,,0.1
1,shipped,-1,2017,15,QB,00-0029604,2.09821850694,False,False,,,0.1
1,shipped,-1,2017,15,RB,00-0026153,0.576588690092,False,False,,,0.1
1,shipped,-1,2017,16,FLEX,00-0027981,0.592344596401,True,True,00-0029137,0.01078688528,0.1
1,shipped,-1,2017,16,QB,00-0028986,1.7168801675,True,True,00-0031407,0.0314434897458,0.1
1,shipped,-1,2017,16,RB,00-0033856,0.69437629924,False,False,,,0.1
1,shipped,-1,2017,17,FLEX,00-0029137,0.65193647066,False,False,,,0.1
1,shipped,-1,2017,17,QB,00-0031503,1.667391213,False,False,,,0.1
1,shipped,-1,2017,17,RB,00-0030513,0.468182653365,False,False,,,0.1
1,cal-level-pooled,-1,2018,1,FLEX,00-0027656,0.561508330756,False,False,,,0.1
1,cal-level-pooled,-1,2018,1,QB,00-0026498,1.83863506029,False,False,,,0.1
1,cal-level-pooled,-1,2018,1,RB,00-0033906,0.854851651084,False,False,,,0.1
1,cal-level-pooled,-1,2018,2,FLEX,00-0032765,0.550721599774,False,False,,,0.1
1,cal-level-pooled,-1,2018,2,QB,00-0020531,2.38878814199,False,False,,,0.1
1,cal-level-pooled,-1,2018,2,RB,00-0032144,0.805207590248,False,False,,,0.1
1,cal-level-pooled,-1,2018,3,FLEX,00-0030506,0.623040569185,False,False,,,0.1
1,cal-level-pooled,-1,2018,3,QB,00-0033873,2.30390353796,False,False,,,0.1
1,cal-level-pooled,-1,2018,3,RB,00-0032144,0.910221436199,False,False,,,0.1
1,cal-level-pooled,-1,2018,4,FLEX,00-0030506,0.529513656762,False,False,,,0.1
1,cal-level-pooled,-1,2018,4,QB,00-0022942,2.26159972647,False,False,,,0.1
1,cal-level-pooled,-1,2018,4,RB,00-0033045,0.749943678708,False,False,,,0.1
1,cal-level-pooled,-1,2018,5,FLEX,00-0027793,0.695374262653,False,False,,,0.1
1,cal-level-pooled,-1,2018,5,QB,00-0026498,1.85843517801,False,False,,,0.1
1,cal-level-pooled,-1,2018,5,RB,00-0028087,0.457783859676,False,False,,,0.1
1,cal-level-pooled,-1,2018,6,FLEX,00-0031381,0.762143816455,False,False,,,0.1
1,cal-level-pooled,-1,2018,6,QB,00-0026143,2.18664131227,False,False,,,0.1
1,cal-level-pooled,-1,2018,6,RB,00-0032058,0.501654340387,False,False,,,0.1
1,cal-level-pooled,-1,2018,7,FLEX,00-0030035,0.472616980569,False,False,,,0.1
1,cal-level-pooled,-1,2018,7,QB,00-0026143,2.21120578501,False,False,,,0.1
1,cal-level-pooled,-1,2018,7,RB,00-0032187,0.563623930723,True,True,00-0033897,0.0576881030822,0.1
1,cal-level-pooled,-1,2018,8,FLEX,00-0030710,0.508860491664,False,False,,,0.1
1,cal-level-pooled,-1,2018,8,QB,00-0029604,2.21579738304,False,False,,,0.1
1,cal-level-pooled,-1,2018,8,RB,00-0033897,0.571881845377,False,False,,,0.1
1,cal-level-pooled,-1,2018,9,FLEX,00-0032055,0.468692632088,False,False,,,0.1
1,cal-level-pooled,-1,2018,9,QB,00-0027939,2.08163983695,False,False,,,0.1
1,cal-level-pooled,-1,2018,9,RB,00-0032780,0.545601824764,False,False,,,0.1
1,cal-level-pooled,-1,2018,10,FLEX,00-0033879,0.536828772915,False,False,,,0.1
1,cal-level-pooled,-1,2018,10,QB,00-0027973,2.10050451948,False,False,,,0.1
1,cal-level-pooled,-1,2018,10,RB,00-0025394,0.568691418685,False,False,,,0.1
1,cal-level-pooled,-1,2018,11,FLEX,00-0031235,0.539876306102,False,False,,,0.1
1,cal-level-pooled,-1,2018,11,QB,00-0032950,2.29462246308,False,False,,,0.1
1,cal-level-pooled,-1,2018,11,RB,00-0034844,0.621271610819,False,False,,,0.1
1,cal-level-pooled,-1,2018,12,FLEX,00-0031408,0.550400601941,False,False,,,0.1
1,cal-level-pooled,-1,2018,12,QB,00-0029668,1.95830700226,False,False,,,0.1
1,cal-level-pooled,-1,2018,12,RB,00-0033856,0.747780331215,False,False,,,0.1
1,cal-level-pooled,-1,2018,13,FLEX,00-0032211,0.451985087923,False,False,,,0.1
1,cal-level-pooled,-1,2018,13,QB,00-0029263,2.15285776828,False,False,,,0.1
1,cal-level-pooled,-1,2018,13,RB,00-0033280,0.885327684492,False,False,,,0.1
1,cal-level-pooled,-1,2018,14,FLEX,00-0030279,0.443127584326,False,False,,,0.1
1,cal-level-pooled,-1,2018,14,QB,00-0023459,2.08626899094,False,False,,,0.1
1,cal-level-pooled,-1,2018,14,RB,00-0034844,0.563638021904,False,False,,,0.1
1,cal-level-pooled,-1,2018,15,FLEX,00-0030061,0.45580654866,False,False,,,0.1
1,cal-level-pooled,-1,2018,15,QB,00-0029668,1.89922912037,False,False,,,0.1
1,cal-level-pooled,-1,2018,15,RB,00-0034109,0.578315101483,True,True,00-0031577,0.027467777915,0.1
1,cal-level-pooled,-1,2018,16,FLEX,00-0031544,0.490729449457,False,False,,,0.1
1,cal-level-pooled,-1,2018,16,QB,00-0033869,1.81291145462,False,False,,,0.1
1,cal-level-pooled,-1,2018,16,RB,00-0033045,0.799168729918,False,False,,,0.1
1,cal-level-pooled,-1,2018,17,FLEX,00-0030431,0.624088112308,False,False,,,0.1
1,cal-level-pooled,-1,2018,17,QB,00-0031503,1.71632421273,False,False,,,0.1
1,cal-level-pooled,-1,2018,17,RB,00-0033594,0.548774710282,False,False,,,0.1
1,cal-level-position,-1,2018,1,FLEX,00-0028237,0.541098838947,False,False,,,0.1
1,cal-level-position,-1,2018,1,QB,00-0026498,1.78274987754,False,False,,,0.1
1,cal-level-position,-1,2018,1,RB,00-0033906,0.886441014945,False,False,,,0.1
1,cal-level-position,-1,2018,2,FLEX,00-0032765,0.589956646556,False,False,,,0.1
1,cal-level-position,-1,2018,2,QB,00-0020531,2.31618109519,False,False,,,0.1
1,cal-level-position,-1,2018,2,RB,00-0032144,0.834962455341,False,False,,,0.1
1,cal-level-position,-1,2018,3,FLEX,00-0030506,0.564967445922,False,False,,,0.1
1,cal-level-position,-1,2018,3,QB,00-0033873,2.2338765527,False,False,,,0.1
1,cal-level-position,-1,2018,3,RB,00-0032144,0.943856881724,False,False,,,0.1
1,cal-level-position,-1,2018,4,FLEX,00-0030506,0.480158103721,False,False,,,0.1
1,cal-level-position,-1,2018,4,QB,00-0022942,2.19285856257,False,False,,,0.1
1,cal-level-position,-1,2018,4,RB,00-0033045,0.777656374487,False,False,,,0.1
1,cal-level-position,-1,2018,5,FLEX,00-0027891,0.506820861183,False,False,,,0.1
1,cal-level-position,-1,2018,5,QB,00-0026498,1.80194817208,False,False,,,0.1
1,cal-level-position,-1,2018,5,RB,00-0028087,0.474700363135,False,False,,,0.1
1,cal-level-position,-1,2018,6,FLEX,00-0031381,0.816441211556,False,False,,,0.1
1,cal-level-position,-1,2018,6,QB,00-0026143,2.12017850408,False,False,,,0.1
1,cal-level-position,-1,2018,6,RB,00-0032058,0.520191991301,False,False,,,0.1
1,cal-level-position,-1,2018,7,FLEX,00-0030035,0.506287621689,False,False,,,0.1
1,cal-level-position,-1,2018,7,QB,00-0026143,2.1439963414,False,False,,,0.1
1,cal-level-position,-1,2018,7,RB,00-0032187,0.584451546141,True,True,00-0033897,0.0598198536338,0.1
1,cal-level-position,-1,2018,8,FLEX,00-0030710,0.461430003959,False,False,,,0.1
1,cal-level-position,-1,2018,8,QB,00-0029604,2.14844837813,False,False,,,0.1
1,cal-level-position,-1,2018,8,RB,00-0033897,0.593014615813,False,False,,,0.1
1,cal-level-position,-1,2018,9,FLEX,00-0030506,0.485238468653,False,False,,,0.1
1,cal-level-position,-1,2018,9,QB,00-0027939,2.01836854118,False,False,,,0.1
1,cal-level-position,-1,2018,9,RB,00-0032780,0.565763468651,False,False,,,0.1
1,cal-level-position,-1,2018,10,FLEX,00-0033879,0.486791383629,False,False,,,0.1
1,cal-level-position,-1,2018,10,QB,00-0027973,2.03665983302,False,False,,,0.1
1,cal-level-position,-1,2018,10,RB,00-0025394,0.589706293169,False,False,,,0.1
1,cal-level-position,-1,2018,11,FLEX,00-0031235,0.578338701867,False,False,,,0.1
1,cal-level-position,-1,2018,11,QB,00-0032950,2.22487757543,False,False,,,0.1
1,cal-level-position,-1,2018,11,RB,00-0034844,0.644229483037,False,False,,,0.1
1,cal-level-position,-1,2018,12,FLEX,00-0031408,0.589612779882,False,False,,,0.1
1,cal-level-position,-1,2018,12,QB,00-0029668,1.89878439929,False,False,,,0.1
1,cal-level-position,-1,2018,12,RB,00-0033856,0.775413084735,False,False,,,0.1
1,cal-level-position,-1,2018,13,FLEX,00-0032211,0.48418585157,False,False,,,0.1
1,cal-level-position,-1,2018,13,QB,00-0029263,2.08742180852,False,False,,,0.1
1,cal-level-position,-1,2018,13,RB,00-0033280,0.918043230314,False,False,,,0.1
1,cal-level-position,-1,2018,14,FLEX,00-0030279,0.47469731304,False,False,,,0.1
1,cal-level-position,-1,2018,14,QB,00-0023459,2.02285699236,False,False,,,0.1
1,cal-level-position,-1,2018,14,RB,00-0034844,0.584466158035,False,False,,,0.1
1,cal-level-position,-1,2018,15,FLEX,00-0032211,0.486508780352,False,False,,,0.1
1,cal-level-position,-1,2018,15,QB,00-0029668,1.84150218544,False,False,,,0.1
1,cal-level-position,-1,2018,15,RB,00-0034109,0.599685600263,True,True,00-0031577,0.0284827957019,0.1
1,cal-level-position,-1,2018,16,FLEX,00-0031544,0.525690476798,False,False,,,0.1
1,cal-level-position,-1,2018,16,QB,00-0033869,1.75780813904,False,False,,,0.1
1,cal-level-position,-1,2018,16,RB,00-0033045,0.828700440787,False,False,,,0.1
1,cal-level-position,-1,2018,17,FLEX,00-0030431,0.668550007925,False,False,,,0.1
1,cal-level-position,-1,2018,17,QB,00-0031503,1.66415665955,False,False,,,0.1
1,cal-level-position,-1,2018,17,RB,00-0033594,0.569053601922,False,False,,,0.1
1,cal-logaffine-pooled,-1,2018,1,FLEX,00-0027656,0.543998924631,False,False,,,0.1
1,cal-logaffine-pooled,-1,2018,1,QB,00-0026498,1.45397701852,False,False,,,0.1
1,cal-logaffine-pooled,-1,2018,1,RB,00-0033906,0.770702799709,False,False,,,0.1
1,cal-logaffine-pooled,-1,2018,2,FLEX,00-0032765,0.535323064772,False,False,,,0.1
1,cal-logaffine-pooled,-1,2018,2,QB,00-0020531,1.806258556,False,False,,,0.1
1,cal-logaffine-pooled,-1,2018,2,RB,00-0032144,0.733418240885,False,False,,,0.1
1,cal-logaffine-pooled,-1,2018,3,FLEX,00-0030506,0.592963286429,False,False,,,0.1
1,cal-logaffine-pooled,-1,2018,3,QB,00-0033873,1.75289673476,False,False,,,0.1
1,cal-logaffine-pooled,-1,2018,3,RB,00-0032144,0.811853369901,False,False,,,0.1
1,cal-logaffine-pooled,-1,2018,4,FLEX,00-0030506,0.518179728972,False,False,,,0.1
1,cal-logaffine-pooled,-1,2018,4,QB,00-0022942,1.72617772089,False,False,,,0.1
1,cal-logaffine-pooled,-1,2018,4,RB,00-0033045,0.69144604395,False,False,,,0.1
1,cal-logaffine-pooled,-1,2018,5,FLEX,00-0027793,0.64947819103,False,False,,,0.1
1,cal-logaffine-pooled,-1,2018,5,QB,00-0026498,1.46694262844,False,False,,,0.1
1,cal-logaffine-pooled,-1,2018,5,RB,00-0028087,0.459287845359,False,False,,,0.1
1,cal-logaffine-pooled,-1,2018,6,FLEX,00-0031381,0.700756159044,False,False,,,0.1
1,cal-logaffine-pooled,-1,2018,6,QB,00-0026143,1.67862246226,False,False,,,0.1
1,cal-logaffine-pooled,-1,2018,6,RB,00-0032058,0.495479611083,False,False,,,0.1
1,cal-logaffine-pooled,-1,2018,7,FLEX,00-0030035,0.471588491443,False,False,,,0.1
1,cal-logaffine-pooled,-1,2018,7,QB,00-0026143,1.69423699348,False,False,,,0.1
1,cal-logaffine-pooled,-1,2018,7,RB,00-0032187,0.545697158487,True,True,00-0033897,0.0446315509677,0.1
1,cal-logaffine-pooled,-1,2018,8,FLEX,00-0030710,0.501371509619,False,False,,,0.1
1,cal-logaffine-pooled,-1,2018,8,QB,00-0029604,1.69715236361,False,False,,,0.1
1,cal-logaffine-pooled,-1,2018,8,RB,00-0033897,0.55231555494,False,False,,,0.1
1,cal-logaffine-pooled,-1,2018,9,FLEX,00-0032055,0.468340663969,False,False,,,0.1
1,cal-logaffine-pooled,-1,2018,9,QB,00-0027939,1.61153392466,False,False,,,0.1
1,cal-logaffine-pooled,-1,2018,9,RB,00-0032780,0.531195029783,False,False,,,0.1
1,cal-logaffine-pooled,-1,2018,10,FLEX,00-0033879,0.524105916585,False,False,,,0.1
1,cal-logaffine-pooled,-1,2018,10,QB,00-0027973,1.62362902664,False,False,,,0.1
1,cal-logaffine-pooled,-1,2018,10,RB,00-0025394,0.54976050451,False,False,,,0.1
1,cal-logaffine-pooled,-1,2018,11,FLEX,00-0031235,0.526570724573,False,False,,,0.1
1,cal-logaffine-pooled,-1,2018,11,QB,00-0032950,1.74704206725,False,False,,,0.1
1,cal-logaffine-pooled,-1,2018,11,RB,00-0034844,0.591567571575,False,False,,,0.1
1,cal-logaffine-pooled,-1,2018,12,FLEX,00-0031408,0.535064440318,False,False,,,0.1
1,cal-logaffine-pooled,-1,2018,12,QB,00-0029668,1.53198695674,False,False,,,0.1
1,cal-logaffine-pooled,-1,2018,12,RB,00-0033856,0.689792463856,False,False,,,0.1
1,cal-logaffine-pooled,-1,2018,13,FLEX,00-0032211,0.454460644286,False,False,,,0.1
1,cal-logaffine-pooled,-1,2018,13,QB,00-0029263,1.65709860758,False,False,,,0.1
1,cal-logaffine-pooled,-1,2018,13,RB,00-0033280,0.793407070718,False,False,,,0.1
1,cal-logaffine-pooled,-1,2018,14,FLEX,00-0030279,0.44706665322,False,False,,,0.1
1,cal-logaffine-pooled,-1,2018,14,QB,00-0023459,1.61450364028,False,False,,,0.1
1,cal-logaffine-pooled,-1,2018,14,RB,00-0034844,0.545708466095,False,False,,,0.1
1,cal-logaffine-pooled,-1,2018,15,FLEX,00-0030061,0.457643010789,False,False,,,0.1
1,cal-logaffine-pooled,-1,2018,15,QB,00-0029668,1.49358136336,False,False,,,0.1
1,cal-logaffine-pooled,-1,2018,15,RB,00-0034109,0.557460221829,True,True,00-0031577,0.021803635797,0.1
1,cal-logaffine-pooled,-1,2018,16,FLEX,00-0031544,0.486519446595,False,False,,,0.1
1,cal-logaffine-pooled,-1,2018,16,QB,00-0033869,1.43709678678,False,False,,,0.1
1,cal-logaffine-pooled,-1,2018,16,RB,00-0033045,0.728856398223,False,False,,,0.1
1,cal-logaffine-pooled,-1,2018,17,FLEX,00-0030431,0.59378948207,False,False,,,0.1
1,cal-logaffine-pooled,-1,2018,17,QB,00-0031503,1.37334252264,False,False,,,0.1
1,cal-logaffine-pooled,-1,2018,17,RB,00-0033594,0.533754080166,False,False,,,0.1
1,cal-logaffine-position,-1,2018,1,FLEX,00-0028237,0.444125629494,False,False,,,0.1
1,cal-logaffine-position,-1,2018,1,QB,00-0026498,1.52634444995,False,False,,,0.1
1,cal-logaffine-position,-1,2018,1,RB,00-0033906,0.665479030183,False,False,,,0.1
1,cal-logaffine-position,-1,2018,2,FLEX,00-0032765,0.474208965327,False,False,,,0.1
1,cal-logaffine-position,-1,2018,2,QB,00-0020531,1.83116858504,False,False,,,0.1
1,cal-logaffine-position,-1,2018,2,RB,00-0032144,0.636341051603,False,False,,,0.1
1,cal-logaffine-position,-1,2018,3,FLEX,00-0030506,0.438662982926,False,False,,,0.1
1,cal-logaffine-position,-1,2018,3,QB,00-0033873,1.78565820515,False,False,,,0.1
1,cal-logaffine-position,-1,2018,3,RB,00-0032144,0.69748002008,False,False,,,0.1
1,cal-logaffine-position,-1,2018,4,FLEX,00-0032765,0.523245116007,False,False,,,0.1
1,cal-logaffine-position,-1,2018,4,QB,00-0022942,1.76278712023,False,False,,,0.1
1,cal-logaffine-position,-1,2018,4,RB,00-0033045,0.603366680757,False,False,,,0.1
1,cal-logaffine-position,-1,2018,5,FLEX,00-0027891,0.42262711956,False,False,,,0.1
1,cal-logaffine-position,-1,2018,5,QB,00-0026498,1.53775921721,False,False,,,0.1
1,cal-logaffine-position,-1,2018,5,RB,00-0028087,0.417020872883,False,False,,,0.1
1,cal-logaffine-position,-1,2018,6,FLEX,00-0031381,0.606665911377,False,False,,,0.1
1,cal-logaffine-position,-1,2018,6,QB,00-0026143,1.72193888238,False,False,,,0.1
1,cal-logaffine-position,-1,2018,6,RB,00-0032058,0.446581259403,False,False,,,0.1
1,cal-logaffine-position,-1,2018,7,FLEX,00-0030035,0.422289956084,False,False,,,0.1
1,cal-logaffine-position,-1,2018,7,QB,00-0026143,1.73537146158,False,False,,,0.1
1,cal-logaffine-position,-1,2018,7,RB,00-0032187,0.487254578304,True,True,00-0033897,0.0353610202035,0.1
1,cal-logaffine-position,-1,2018,8,FLEX,00-0030431,0.446749774689,False,False,,,0.1
1,cal-logaffine-position,-1,2018,8,QB,00-0029604,1.7378772326,False,False,,,0.1
1,cal-logaffine-position,-1,2018,8,RB,00-0033897,0.492587290793,False,False,,,0.1
1,cal-logaffine-position,-1,2018,9,FLEX,00-0032055,0.419628824181,False,False,,,0.1
1,cal-logaffine-position,-1,2018,9,QB,00-0027939,1.66399370311,False,False,,,0.1
1,cal-logaffine-position,-1,2018,9,RB,00-0032780,0.475547535433,False,False,,,0.1
1,cal-logaffine-position,-1,2018,10,FLEX,00-0031408,0.394225073549,False,False,,,0.1
1,cal-logaffine-position,-1,2018,10,QB,00-0027973,1.67446860276,False,False,,,0.1
1,cal-logaffine-position,-1,2018,10,RB,00-0025394,0.490529321543,False,False,,,0.1
1,cal-logaffine-position,-1,2018,11,FLEX,00-0031235,0.467111872601,False,False,,,0.1
1,cal-logaffine-position,-1,2018,11,QB,00-0032950,1.78065151881,False,False,,,0.1
1,cal-logaffine-position,-1,2018,11,RB,00-0034844,0.524089463666,False,False,,,0.1
1,cal-logaffine-position,-1,2018,12,FLEX,00-0031408,0.473999394692,False,False,,,0.1
1,cal-logaffine-position,-1,2018,12,QB,00-0029668,1.59478214846,False,False,,,0.1
1,cal-logaffine-position,-1,2018,12,RB,00-0033856,0.602063680454,False,False,,,0.1
1,cal-logaffine-position,-1,2018,13,FLEX,00-0032211,0.40823824191,False,False,,,0.1
1,cal-logaffine-position,-1,2018,13,QB,00-0029263,1.70338974274,False,False,,,0.1
1,cal-logaffine-position,-1,2018,13,RB,00-0033280,0.683155107169,False,False,,,0.1
1,cal-logaffine-position,-1,2018,14,FLEX,00-0030279,0.402158329583,False,False,,,0.1
1,cal-logaffine-position,-1,2018,14,QB,00-0023459,1.66656677681,False,False,,,0.1
1,cal-logaffine-position,-1,2018,14,RB,00-0034844,0.48726369464,False,False,,,0.1
1,cal-logaffine-position,-1,2018,15,FLEX,00-0032211,0.409722283347,False,False,,,0.1
1,cal-logaffine-position,-1,2018,15,QB,00-0029668,1.5611609647,False,False,,,0.1
1,cal-logaffine-position,-1,2018,15,RB,00-0034109,0.49672827171,True,True,00-0031577,0.0174857832512,0.1
1,cal-logaffine-position,-1,2018,16,FLEX,00-0031544,0.434503826,False,False,,,0.1
1,cal-logaffine-position,-1,2018,16,QB,00-0033869,1.51145873358,False,False,,,0.1
1,cal-logaffine-position,-1,2018,16,RB,00-0033045,0.632766218742,False,False,,,0.1
1,cal-logaffine-position,-1,2018,17,FLEX,00-0030431,0.521372637179,False,False,,,0.1
1,cal-logaffine-position,-1,2018,17,QB,00-0031503,1.45498039434,False,False,,,0.1
1,cal-logaffine-position,-1,2018,17,RB,00-0033594,0.477615595582,False,False,,,0.1
1,shipped,-1,2018,1,FLEX,00-0027656,0.616196740596,False,False,,,0.1
1,shipped,-1,2018,1,QB,00-0026498,2.01770992386,False,False,,,0.1
1,shipped,-1,2018,1,RB,00-0033906,0.938110393451,False,False,,,0.1
1,shipped,-1,2018,2,FLEX,00-0032765,0.604359430072,False,False,,,0.1
1,shipped,-1,2018,2,QB,00-0020531,2.62144546473,False,False,,,0.1
1,shipped,-1,2018,2,RB,00-0032144,0.883631222259,False,False,,,0.1
1,shipped,-1,2018,3,FLEX,00-0030506,0.683721944916,False,False,,,0.1
1,shipped,-1,2018,3,QB,00-0033873,2.52829347844,False,False,,,0.1
1,shipped,-1,2018,3,RB,00-0032144,0.998872948957,False,False,,,0.1
1,shipped,-1,2018,4,FLEX,00-0030506,0.581085927894,False,False,,,0.1
1,shipped,-1,2018,4,QB,00-0022942,2.48186946417,False,False,,,0.1
1,shipped,-1,2018,4,RB,00-0033045,0.822984851941,False,False,,,0.1
1,shipped,-1,2018,5,FLEX,00-0027793,0.763100617874,False,False,,,0.1
1,shipped,-1,2018,5,QB,00-0026498,2.03943848484,False,False,,,0.1
1,shipped,-1,2018,5,RB,00-0028087,0.502369968136,False,False,,,0.1
1,shipped,-1,2018,6,FLEX,00-0031381,0.836373228751,False,False,,,0.1
1,shipped,-1,2018,6,QB,00-0026143,2.39961043438,False,False,,,0.1
1,shipped,-1,2018,6,RB,00-0032058,0.550513238221,False,False,,,0.1
1,shipped,-1,2018,7,FLEX,00-0030035,0.518647768921,False,False,,,0.1
1,shipped,-1,2018,7,QB,00-0026143,2.42656737733,False,False,,,0.1
1,shipped,-1,2018,7,RB,00-0032187,0.618518390575,True,True,00-0033897,0.0633066673162,0.1
1,shipped,-1,2018,8,FLEX,00-0030710,0.558421236527,False,False,,,0.1
1,shipped,-1,2018,8,QB,00-0029604,2.43160617655,False,False,,,0.1
1,shipped,-1,2018,8,RB,00-0033897,0.627580589326,False,False,,,0.1
1,shipped,-1,2018,9,FLEX,00-0032055,0.514341206381,False,False,,,0.1
1,shipped,-1,2018,9,QB,00-0027939,2.28438228316,False,False,,,0.1
1,shipped,-1,2018,9,RB,00-0032780,0.598741011785,False,False,,,0.1
1,shipped,-1,2018,10,FLEX,00-0033879,0.589113503771,False,False,,,0.1
1,shipped,-1,2018,10,QB,00-0027973,2.30508430172,False,False,,,0.1
1,shipped,-1,2018,10,RB,00-0025394,0.624079429288,False,False,,,0.1
1,shipped,-1,2018,11,FLEX,00-0031235,0.592457853114,False,False,,,0.1
1,shipped,-1,2018,11,QB,00-0032950,2.51810846821,False,False,,,0.1
1,shipped,-1,2018,11,RB,00-0034844,0.681780697886,False,False,,,0.1
1,shipped,-1,2018,12,FLEX,00-0031408,0.60400716848,False,False,,,0.1
1,shipped,-1,2018,12,QB,00-0029668,2.14903737983,False,False,,,0.1
1,shipped,-1,2018,12,RB,00-0033856,0.820610804039,False,False,,,0.1
1,shipped,-1,2018,13,FLEX,00-0032211,0.496006421848,False,False,,,0.1
1,shipped,-1,2018,13,QB,00-0029263,2.36253652371,False,False,,,0.1
1,shipped,-1,2018,13,RB,00-0033280,0.971554656739,False,False,,,0.1
1,shipped,-1,2018,14,FLEX,00-0030279,0.486286236862,False,False,,,0.1
1,shipped,-1,2018,14,QB,00-0023459,2.28946229612,False,False,,,0.1
1,shipped,-1,2018,14,RB,00-0034844,0.618533854174,False,False,,,0.1
1,shipped,-1,2018,15,FLEX,00-0030061,0.500200075836,False,False,,,0.1
1,shipped,-1,2018,15,QB,00-0029668,2.08420557544,False,False,,,0.1
1,shipped,-1,2018,15,RB,00-0034109,0.634640415916,True,True,00-0031577,0.0301430171123,0.1
1,shipped,-1,2018,16,FLEX,00-0031544,0.538524311585,False,False,,,0.1
1,shipped,-1,2018,16,QB,00-0033869,1.9894809536,False,False,,,0.1
1,shipped,-1,2018,16,RB,00-0033045,0.877004203836,False,False,,,0.1
1,shipped,-1,2018,17,FLEX,00-0030431,0.684871514073,False,False,,,0.1
1,shipped,-1,2018,17,QB,00-0031503,1.88348654466,False,False,,,0.1
1,shipped,-1,2018,17,RB,00-0033594,0.602222922217,False,False,,,0.1
1,cal-level-pooled,-1,2019,1,FLEX,00-0033879,0.467672497959,False,False,,,0.1
1,cal-level-pooled,-1,2019,1,QB,00-0029604,2.05525467988,False,False,,,0.1
1,cal-level-pooled,-1,2019,1,RB,00-0033856,0.701060099969,False,False,,,0.1
1,cal-level-pooled,-1,2019,2,FLEX,00-0031325,0.565661759656,False,False,,,0.1
1,cal-level-pooled,-1,2019,2,QB,00-0032950,2.40690245877,False,False,,,0.1
1,cal-level-pooled,-1,2019,2,RB,00-0033280,1.06396033971,True,True,00-0033906,0.0391497147386,0.1
1,cal-level-pooled,-1,2019,3,FLEX,00-0031544,0.696404817939,False,False,,,0.1
1,cal-level-pooled,-1,2019,3,QB,00-0033077,2.80739378793,False,False,,,0.1
1,cal-level-pooled,-1,2019,3,RB,00-0033045,0.953952287965,False,False,,,0.1
1,cal-level-pooled,-1,2019,4,FLEX,00-0030279,0.654153413856,False,False,,,0.1
1,cal-level-pooled,-1,2019,4,QB,00-0022942,2.27186967046,False,False,,,0.1
1,cal-level-pooled,-1,2019,4,RB,00-0032144,1.23735167345,False,False,,,0.1
1,cal-level-pooled,-1,2019,5,FLEX,00-0030564,0.639330467549,False,False,,,0.1
1,cal-level-pooled,-1,2019,5,QB,00-0033537,2.39984283333,False,False,,,0.1
1,cal-level-pooled,-1,2019,5,RB,00-0032764,0.818505548428,False,False,,,0.1
1,cal-level-pooled,-1,2019,6,FLEX,00-0030279,0.51874473657,False,False,,,0.1
1,cal-level-pooled,-1,2019,6,QB,00-0034796,1.84223040313,False,False,,,0.1
1,cal-level-pooled,-1,2019,6,RB,00-0033293,1.08535085392,False,False,,,0.1
1,cal-level-pooled,-1,2019,7,FLEX,00-0029608,0.577840623189,False,False,,,0.1
1,cal-level-pooled,-1,2019,7,QB,00-0033106,2.25591495364,False,False,,,0.1
1,cal-level-pooled,-1,2019,7,RB,00-0032764,0.662643677832,False,False,,,0.1
1,cal-level-pooled,-1,2019,8,FLEX,00-0031588,0.609396390502,True,False,00-0031325,0.104556032431,0.1
1,cal-level-pooled,-1,2019,8,QB,00-0029604,1.97363637251,True,True,00-0023459,0.0337569690874,0.1
1,cal-level-pooled,-1,2019,8,RB,00-0033553,0.970172410478,False,False,,,0.1
1,cal-level-pooled,-1,2019,9,FLEX,00-0031387,0.540740744648,False,False,,,0.1
1,cal-level-pooled,-1,2019,9,QB,00-0022942,1.62536764736,False,False,,,0.1
1,cal-level-pooled,-1,2019,9,RB,00-0033893,0.90911608115,False,False,,,0.1
1,cal-level-pooled,-1,2019,10,FLEX,00-0033921,0.577573395242,False,False,,,0.1
1,cal-level-pooled,-1,2019,10,QB,00-0020531,2.60355153865,False,False,,,0.1
1,cal-level-pooled,-1,2019,10,RB,00-0032764,0.865875581833,False,False,,,0.1
1,cal-level-pooled,-1,2019,11,FLEX,00-0033282,0.494304892037,False,False,,,0.1
1,cal-level-pooled,-1,2019,11,QB,00-0034577,1.84812670084,False,False,,,0.1
1,cal-level-pooled,-1,2019,11,RB,00-0033699,0.728030266647,False,False,,,0.1
1,cal-level-pooled,-1,2019,12,FLEX,00-0029293,0.567996567148,False,False,,,0.1
1,cal-level-pooled,-1,2019,12,QB,00-0034855,1.75337252196,False,False,,,0.1
1,cal-level-pooled,-1,2019,12,RB,00-0032764,0.739405715641,False,False,,,0.1
1,cal-level-pooled,-1,2019,13,FLEX,00-0034777,0.487708577591,False,False,,,0.1
1,cal-level-pooled,-1,2019,13,QB,00-0032950,2.0002936645,False,False,,,0.1
1,cal-level-pooled,-1,2019,13,RB,00-0034844,0.62681153871,False,False,,,0.1
1,cal-level-pooled,-1,2019,14,FLEX,00-0031381,0.637006031615,False,False,,,0.1
1,cal-level-pooled,-1,2019,14,QB,00-0032950,1.9453421657,False,False,,,0.1
1,cal-level-pooled,-1,2019,14,RB,00-0033923,0.709755555845,False,False,,,0.1
1,cal-level-pooled,-1,2019,15,FLEX,00-0027685,0.502640097064,False,False,,,0.1
1,cal-level-pooled,-1,2019,15,QB,00-0032950,1.79209299235,False,False,,,0.1
1,cal-level-pooled,-1,2019,15,RB,00-0033594,0.81271205905,False,False,,,0.1
1,cal-level-pooled,-1,2019,16,FLEX,00-0030035,0.536874029102,False,False,,,0.1
1,cal-level-pooled,-1,2019,16,QB,00-0022942,1.61674595128,False,False,,,0.1
1,cal-level-pooled,-1,2019,16,RB,00-0033951,0.740077172235,False,False,,,0.1
1,cal-level-pooled,-1,2019,17,FLEX,00-0027061,0.502499143983,False,False,,,0.1
1,cal-level-pooled,-1,2019,17,QB,00-0034577,1.7133624011,False,False,,,0.1
1,cal-level-pooled,-1,2019,17,RB,00-0034791,0.578710834445,False,False,,,0.1
1,cal-level-position,-1,2019,1,FLEX,00-0030035,0.484670134202,False,False,,,0.1
1,cal-level-position,-1,2019,1,QB,00-0029604,1.98851758523,False,False,,,0.1
1,cal-level-position,-1,2019,1,RB,00-0033856,0.727803592717,False,False,,,0.1
1,cal-level-position,-1,2019,2,FLEX,00-0031325,0.605984662125,False,False,,,0.1
1,cal-level-position,-1,2019,2,QB,00-0032950,2.32874685169,False,False,,,0.1
1,cal-level-position,-1,2019,2,RB,00-0033280,1.10454746717,True,True,00-0033906,0.0406431674571,0.1
1,cal-level-position,-1,2019,3,FLEX,00-0031544,0.746047670887,False,False,,,0.1
1,cal-level-position,-1,2019,3,QB,00-0033077,2.71623364764,False,False,,,0.1
1,cal-level-position,-1,2019,3,RB,00-0033045,0.990342914241,False,False,,,0.1
1,cal-level-position,-1,2019,4,FLEX,00-0030564,0.691375875862,False,False,,,0.1
1,cal-level-position,-1,2019,4,QB,00-0022942,2.19809877349,False,False,,,0.1
1,cal-level-position,-1,2019,4,RB,00-0032144,1.28455319798,False,False,,,0.1
1,cal-level-position,-1,2019,5,FLEX,00-0030564,0.684904805302,False,False,,,0.1
1,cal-level-position,-1,2019,5,QB,00-0033537,2.32191646251,False,False,,,0.1
1,cal-level-position,-1,2019,5,RB,00-0032764,0.849729258349,False,False,,,0.1
1,cal-level-position,-1,2019,6,FLEX,00-0030279,0.555723183605,False,False,,,0.1
1,cal-level-position,-1,2019,6,QB,00-0034796,1.78241051512,False,False,,,0.1
1,cal-level-position,-1,2019,6,RB,00-0033293,1.12675396999,False,False,,,0.1
1,cal-level-position,-1,2019,7,FLEX,00-0029608,0.619031689571,False,False,,,0.1
1,cal-level-position,-1,2019,7,QB,00-0033106,2.18266212942,False,False,,,0.1
1,cal-level-position,-1,2019,7,RB,00-0032764,0.687921690935,False,False,,,0.1
1,cal-level-position,-1,2019,8,FLEX,00-0031588,0.65283689324,True,False,00-0031325,0.112009254478,0.1
1,cal-level-position,-1,2019,8,QB,00-0029604,1.90954954245,True,True,00-0023459,0.0326608314344,0.1
1,cal-level-position,-1,2019,8,RB,00-0033553,1.00718178931,False,False,,,0.1
1,cal-level-position,-1,2019,9,FLEX,00-0032160,0.494051674797,False,False,,,0.1
1,cal-level-position,-1,2019,9,QB,00-0022942,1.57258960696,False,False,,,0.1
1,cal-level-position,-1,2019,9,RB,00-0033893,0.943796330853,False,False,,,0.1
1,cal-level-position,-1,2019,10,FLEX,00-0033921,0.618745412419,False,False,,,0.1
1,cal-level-position,-1,2019,10,QB,00-0020531,2.51901045128,False,False,,,0.1
1,cal-level-position,-1,2019,10,RB,00-0032764,0.898906326764,False,False,,,0.1
1,cal-level-position,-1,2019,11,FLEX,00-0033282,0.529541157546,False,False,,,0.1
1,cal-level-position,-1,2019,11,QB,00-0034577,1.78811535151,False,False,,,0.1
1,cal-level-position,-1,2019,11,RB,00-0033699,0.755802596233,False,False,,,0.1
1,cal-level-position,-1,2019,12,FLEX,00-0029293,0.608485905147,False,False,,,0.1
1,cal-level-position,-1,2019,12,QB,00-0034855,1.69643797798,False,False,,,0.1
1,cal-level-position,-1,2019,12,RB,00-0032764,0.767611986965,False,False,,,0.1
1,cal-level-position,-1,2019,13,FLEX,00-0034777,0.522474628278,False,False,,,0.1
1,cal-level-position,-1,2019,13,QB,00-0032950,1.93534123358,False,False,,,0.1
1,cal-level-position,-1,2019,13,RB,00-0034844,0.650722655375,False,False,,,0.1
1,cal-level-position,-1,2019,14,FLEX,00-0031381,0.68241467317,False,False,,,0.1
1,cal-level-position,-1,2019,14,QB,00-0032950,1.8821740895,False,False,,,0.1
1,cal-level-position,-1,2019,14,RB,00-0033923,0.736830756047,False,False,,,0.1
1,cal-level-position,-1,2019,15,FLEX,00-0027685,0.538470533301,False,False,,,0.1
1,cal-level-position,-1,2019,15,QB,00-0032950,1.73390113864,False,False,,,0.1
1,cal-level-position,-1,2019,15,RB,00-0033594,0.843714763466,False,False,,,0.1
1,cal-level-position,-1,2019,16,FLEX,00-0030035,0.575144813266,False,False,,,0.1
1,cal-level-position,-1,2019,16,QB,00-0022942,1.56424786983,False,False,,,0.1
1,cal-level-position,-1,2019,16,RB,00-0033951,0.76830905776,False,False,,,0.1
1,cal-level-position,-1,2019,17,FLEX,00-0033282,0.520207252542,False,False,,,0.1
1,cal-level-position,-1,2019,17,QB,00-0034577,1.65772704366,False,False,,,0.1
1,cal-level-position,-1,2019,17,RB,00-0034791,0.60078704304,False,False,,,0.1
1,cal-logaffine-pooled,-1,2019,1,FLEX,00-0033879,0.466394768578,False,False,,,0.1
1,cal-logaffine-pooled,-1,2019,1,QB,00-0029604,1.56312462131,False,False,,,0.1
1,cal-logaffine-pooled,-1,2019,1,RB,00-0033856,0.649210225823,False,False,,,0.1
1,cal-logaffine-pooled,-1,2019,2,FLEX,00-0031325,0.544811683562,False,False,,,0.1
1,cal-logaffine-pooled,-1,2019,2,QB,00-0032950,1.7784058692,False,False,,,0.1
1,cal-logaffine-pooled,-1,2019,2,RB,00-0033280,0.912837082481,True,True,00-0033906,0.0276798811497,0.1
1,cal-logaffine-pooled,-1,2019,3,FLEX,00-0031544,0.645686201682,False,False,,,0.1
1,cal-logaffine-pooled,-1,2019,3,QB,00-0033077,2.0166945462,False,False,,,0.1
1,cal-logaffine-pooled,-1,2019,3,RB,00-0033045,0.834969460952,False,False,,,0.1
1,cal-logaffine-pooled,-1,2019,4,FLEX,00-0030279,0.613500475592,False,False,,,0.1
1,cal-logaffine-pooled,-1,2019,4,QB,00-0022942,1.69646798928,False,False,,,0.1
1,cal-logaffine-pooled,-1,2019,4,RB,00-0032144,1.03266427845,False,False,,,0.1
1,cal-logaffine-pooled,-1,2019,5,FLEX,00-0030564,0.602119593506,False,False,,,0.1
1,cal-logaffine-pooled,-1,2019,5,QB,00-0033537,1.77414332418,False,False,,,0.1
1,cal-logaffine-pooled,-1,2019,5,RB,00-0032764,0.736781930818,False,False,,,0.1
1,cal-logaffine-pooled,-1,2019,6,FLEX,00-0030279,0.50760553809,False,False,,,0.1
1,cal-logaffine-pooled,-1,2019,6,QB,00-0034796,1.4294550559,False,False,,,0.1
1,cal-logaffine-pooled,-1,2019,6,RB,00-0033293,0.927802668069,False,False,,,0.1
1,cal-logaffine-pooled,-1,2019,7,FLEX,00-0029608,0.554375806586,False,False,,,0.1
1,cal-logaffine-pooled,-1,2019,7,QB,00-0033106,1.68672865204,False,False,,,0.1
1,cal-logaffine-pooled,-1,2019,7,RB,00-0032764,0.619997898611,False,False,,,0.1
1,cal-logaffine-pooled,-1,2019,8,FLEX,00-0031588,0.578987570294,True,True,00-0031325,0.0821888657282,0.1
1,cal-logaffine-pooled,-1,2019,8,QB,00-0029604,1.51222500099,True,True,00-0023459,0.0197932470936,0.1
1,cal-logaffine-pooled,-1,2019,8,RB,00-0033553,0.846549884143,False,False,,,0.1
1,cal-logaffine-pooled,-1,2019,9,FLEX,00-0031387,0.52512229579,False,False,,,0.1
1,cal-logaffine-pooled,-1,2019,9,QB,00-0022942,1.29042986718,False,False,,,0.1
1,cal-logaffine-pooled,-1,2019,9,RB,00-0033893,0.802768371386,False,False,,,0.1
1,cal-logaffine-pooled,-1,2019,10,FLEX,00-0033921,0.554166349679,False,False,,,0.1
1,cal-logaffine-pooled,-1,2019,10,QB,00-0020531,1.89624887216,False,False,,,0.1
1,cal-logaffine-pooled,-1,2019,10,RB,00-0032764,0.771436775717,False,False,,,0.1
1,cal-logaffine-pooled,-1,2019,11,FLEX,00-0033282,0.487982172456,False,False,,,0.1
1,cal-logaffine-pooled,-1,2019,11,QB,00-0034577,1.43319166022,False,False,,,0.1
1,cal-logaffine-pooled,-1,2019,11,RB,00-0033699,0.669543295348,False,False,,,0.1
1,cal-logaffine-pooled,-1,2019,12,FLEX,00-0029293,0.546648116484,False,False,,,0.1
1,cal-logaffine-pooled,-1,2019,12,QB,00-0034855,1.37287400708,False,False,,,0.1
1,cal-logaffine-pooled,-1,2019,12,RB,00-0032764,0.678077799665,False,False,,,0.1
1,cal-logaffine-pooled,-1,2019,13,FLEX,00-0034777,0.482655677434,False,False,,,0.1
1,cal-logaffine-pooled,-1,2019,13,QB,00-0032950,1.52889091659,False,False,,,0.1
1,cal-logaffine-pooled,-1,2019,13,RB,00-0034844,0.592470057446,False,False,,,0.1
1,cal-logaffine-pooled,-1,2019,14,FLEX,00-0031381,0.600330562533,False,False,,,0.1
1,cal-logaffine-pooled,-1,2019,14,QB,00-0032950,1.49449055128,False,False,,,0.1
1,cal-logaffine-pooled,-1,2019,14,RB,00-0033923,0.655781200563,False,False,,,0.1
1,cal-logaffine-pooled,-1,2019,15,FLEX,00-0027685,0.494694253946,False,False,,,0.1
1,cal-logaffine-pooled,-1,2019,15,QB,00-0032950,1.39759262879,False,False,,,0.1
1,cal-logaffine-pooled,-1,2019,15,RB,00-0033594,0.732518710129,False,False,,,0.1
1,cal-logaffine-pooled,-1,2019,16,FLEX,00-0030035,0.522052590018,False,False,,,0.1
1,cal-logaffine-pooled,-1,2019,16,QB,00-0022942,1.28483506209,False,False,,,0.1
1,cal-logaffine-pooled,-1,2019,16,RB,00-0033951,0.678580809882,False,False,,,0.1
1,cal-logaffine-pooled,-1,2019,17,FLEX,00-0027061,0.494580919042,False,False,,,0.1
1,cal-logaffine-pooled,-1,2019,17,QB,00-0034577,1.34722687097,False,False,,,0.1
1,cal-logaffine-pooled,-1,2019,17,RB,00-0034791,0.555057767199,False,False,,,0.1
1,cal-logaffine-position,-1,2019,1,FLEX,00-0030035,0.405237559572,False,False,,,0.1
1,cal-logaffine-position,-1,2019,1,QB,00-0029604,1.61565225466,False,False,,,0.1
1,cal-logaffine-position,-1,2019,1,RB,00-0033856,0.573130218856,False,False,,,0.1
1,cal-logaffine-position,-1,2019,2,FLEX,00-0031325,0.479202809115,False,False,,,0.1
1,cal-logaffine-position,-1,2019,2,QB,00-0032950,1.79602946021,False,False,,,0.1
1,cal-logaffine-position,-1,2019,2,RB,00-0033280,0.782026488589,True,True,00-0033906,0.021697756595,0.1
1,cal-logaffine-position,-1,2019,3,FLEX,00-0031544,0.560135206088,False,False,,,0.1
1,cal-logaffine-position,-1,2019,3,QB,00-0033077,1.99116682416,False,False,,,0.1
1,cal-logaffine-position,-1,2019,3,RB,00-0033045,0.720958587856,False,False,,,0.1
1,cal-logaffine-position,-1,2019,4,FLEX,00-0030564,0.529038408651,False,False,,,0.1
1,cal-logaffine-position,-1,2019,4,QB,00-0022942,1.72786615888,False,False,,,0.1
1,cal-logaffine-position,-1,2019,4,RB,00-0032144,0.875120973574,False,False,,,0.1
1,cal-logaffine-position,-1,2019,5,FLEX,00-0030564,0.525317865253,False,False,,,0.1
1,cal-logaffine-position,-1,2019,5,QB,00-0033537,1.7924976225,False,False,,,0.1
1,cal-logaffine-position,-1,2019,5,RB,00-0032764,0.643228693107,False,False,,,0.1
1,cal-logaffine-position,-1,2019,6,FLEX,00-0030279,0.449053784356,False,False,,,0.1
1,cal-logaffine-position,-1,2019,6,QB,00-0034796,1.50142125774,False,False,,,0.1
1,cal-logaffine-position,-1,2019,6,RB,00-0033293,0.793709541606,False,False,,,0.1
1,cal-logaffine-position,-1,2019,7,FLEX,00-0029608,0.486925347405,False,False,,,0.1
1,cal-logaffine-position,-1,2019,7,QB,00-0033106,1.71972523102,False,False,,,0.1
1,cal-logaffine-position,-1,2019,7,RB,00-0032764,0.549565904532,False,False,,,0.1
1,cal-logaffine-position,-1,2019,8,FLEX,00-0031588,0.506748760702,True,True,00-0031325,0.0564922649568,0.1
1,cal-logaffine-position,-1,2019,8,QB,00-0029604,1.57236999472,True,True,00-0023459,0.0159423855857,0.1
1,cal-logaffine-position,-1,2019,8,RB,00-0033553,0.730071274173,False,False,,,0.1
1,cal-logaffine-position,-1,2019,9,FLEX,00-0032160,0.411110349403,False,False,,,0.1
1,cal-logaffine-position,-1,2019,9,QB,00-0022942,1.38055294866,False,False,,,0.1
1,cal-logaffine-position,-1,2019,9,RB,00-0033893,0.695560306116,False,False,,,0.1
1,cal-logaffine-position,-1,2019,10,FLEX,00-0032765,0.500283013028,False,False,,,0.1
1,cal-logaffine-position,-1,2019,10,QB,00-0020531,1.89308347296,False,False,,,0.1
1,cal-logaffine-position,-1,2019,10,RB,00-0032764,0.670761532306,False,False,,,0.1
1,cal-logaffine-position,-1,2019,11,FLEX,00-0033282,0.433080735908,False,False,,,0.1
1,cal-logaffine-position,-1,2019,11,QB,00-0034577,1.50463982659,False,False,,,0.1
1,cal-logaffine-position,-1,2019,11,RB,00-0033699,0.589476703348,False,False,,,0.1
1,cal-logaffine-position,-1,2019,12,FLEX,00-0029293,0.48068648412,False,False,,,0.1
1,cal-logaffine-position,-1,2019,12,QB,00-0034855,1.4524968932,False,False,,,0.1
1,cal-logaffine-position,-1,2019,12,RB,00-0032764,0.596324799159,False,False,,,0.1
1,cal-logaffine-position,-1,2019,13,FLEX,00-0034777,0.428736131718,False,False,,,0.1
1,cal-logaffine-position,-1,2019,13,QB,00-0032950,1.58657019904,False,False,,,0.1
1,cal-logaffine-position,-1,2019,13,RB,00-0034844,0.527270742447,False,False,,,0.1
1,cal-logaffine-position,-1,2019,14,FLEX,00-0031381,0.523883829255,False,False,,,0.1
1,cal-logaffine-position,-1,2019,14,QB,00-0032950,1.55722841467,False,False,,,0.1
1,cal-logaffine-position,-1,2019,14,RB,00-0033923,0.578417728039,False,False,,,0.1
1,cal-logaffine-position,-1,2019,15,FLEX,00-0027685,0.438550020558,False,False,,,0.1
1,cal-logaffine-position,-1,2019,15,QB,00-0032950,1.4739142565,False,False,,,0.1
1,cal-logaffine-position,-1,2019,15,RB,00-0033594,0.639833835793,False,False,,,0.1
1,cal-logaffine-position,-1,2019,16,FLEX,00-0030035,0.460781232498,False,False,,,0.1
1,cal-logaffine-position,-1,2019,16,QB,00-0022942,1.37564128461,False,False,,,0.1
1,cal-logaffine-position,-1,2019,16,RB,00-0033951,0.596728177258,False,False,,,0.1
1,cal-logaffine-position,-1,2019,17,FLEX,00-0033282,0.427339016172,False,False,,,0.1
1,cal-logaffine-position,-1,2019,17,QB,00-0034577,1.43020161664,False,False,,,0.1
1,cal-logaffine-position,-1,2019,17,RB,00-0034791,0.496822457881,False,False,,,0.1
1,shipped,-1,2019,1,FLEX,00-0033879,0.510976925239,False,False,,,0.1
1,shipped,-1,2019,1,QB,00-0029604,2.24556227166,False,False,,,0.1
1,shipped,-1,2019,1,RB,00-0033856,0.765975198143,False,False,,,0.1
1,shipped,-1,2019,2,FLEX,00-0031325,0.618039563874,False,False,,,0.1
1,shipped,-1,2019,2,QB,00-0032950,2.62977109644,False,False,,,0.1
1,shipped,-1,2019,2,RB,00-0033280,1.16247841243,True,True,00-0033906,0.0427748070464,0.1
1,shipped,-1,2019,3,FLEX,00-0031544,0.760888857364,False,False,,,0.1
1,shipped,-1,2019,3,QB,00-0033077,3.06734617056,False,False,,,0.1
1,shipped,-1,2019,3,RB,00-0033045,1.04228409636,False,False,,,0.1
1,shipped,-1,2019,4,FLEX,00-0030279,0.714725158108,False,False,,,0.1
1,shipped,-1,2019,4,QB,00-0022942,2.48223486269,False,False,,,0.1
1,shipped,-1,2019,4,RB,00-0032144,1.3519250251,False,False,,,0.1
1,shipped,-1,2019,5,FLEX,00-0030564,0.698529671823,False,False,,,0.1
1,shipped,-1,2019,5,QB,00-0033537,2.62205778057,False,False,,,0.1
1,shipped,-1,2019,5,RB,00-0032764,0.894295581314,False,False,,,0.1
1,shipped,-1,2019,6,FLEX,00-0030279,0.566778229709,False,False,,,0.1
1,shipped,-1,2019,6,QB,00-0034796,2.01281287885,False,False,,,0.1
1,shipped,-1,2019,6,RB,00-0033293,1.18584959467,False,False,,,0.1
1,shipped,-1,2019,7,FLEX,00-0029608,0.631346136889,False,False,,,0.1
1,shipped,-1,2019,7,QB,00-0033106,2.46480280889,False,False,,,0.1
1,shipped,-1,2019,7,RB,00-0032764,0.724001583385,False,False,,,0.1
1,shipped,-1,2019,8,FLEX,00-0031588,0.6658238302,True,False,00-0031325,0.114237463609,0.1
1,shipped,-1,2019,8,QB,00-0029604,2.1563864661,True,True,00-0023459,0.0368827167408,0.1
1,shipped,-1,2019,8,RB,00-0033553,1.06000613126,False,False,,,0.1
1,shipped,-1,2019,9,FLEX,00-0031387,0.590810971904,False,False,,,0.1
1,shipped,-1,2019,9,QB,00-0022942,1.77586958064,False,False,,,0.1
1,shipped,-1,2019,9,RB,00-0033893,0.993296252953,False,False,,,0.1
1,shipped,-1,2019,10,FLEX,00-0033921,0.631054164803,False,False,,,0.1
1,shipped,-1,2019,10,QB,00-0020531,2.84462902079,False,False,,,0.1
1,shipped,-1,2019,10,RB,00-0032764,0.946051872573,False,False,,,0.1
1,shipped,-1,2019,11,FLEX,00-0033282,0.540075362494,False,False,,,0.1
1,shipped,-1,2019,11,QB,00-0034577,2.01925514792,False,False,,,0.1
1,shipped,-1,2019,11,RB,00-0033699,0.795442684263,False,False,,,0.1
1,shipped,-1,2019,12,FLEX,00-0029293,0.620590564325,False,False,,,0.1
1,shipped,-1,2019,12,QB,00-0034855,1.91572714663,False,False,,,0.1
1,shipped,-1,2019,12,RB,00-0032764,0.807871450067,False,False,,,0.1
1,shipped,-1,2019,13,FLEX,00-0034777,0.532868258189,False,False,,,0.1
1,shipped,-1,2019,13,QB,00-0032950,2.1855121067,False,False,,,0.1
1,shipped,-1,2019,13,RB,00-0034844,0.684851544943,False,False,,,0.1
1,shipped,-1,2019,14,FLEX,00-0031381,0.695990003291,False,False,,,0.1
1,shipped,-1,2019,14,QB,00-0032950,2.12547233953,False,False,,,0.1
1,shipped,-1,2019,14,RB,00-0033923,0.775475815191,False,False,,,0.1
1,shipped,-1,2019,15,FLEX,00-0027685,0.549182371041,False,False,,,0.1
1,shipped,-1,2019,15,QB,00-0032950,1.95803296317,False,False,,,0.1
1,shipped,-1,2019,15,RB,00-0033594,0.887965640166,False,False,,,0.1
1,shipped,-1,2019,16,FLEX,00-0030035,0.586586215415,False,False,,,0.1
1,shipped,-1,2019,16,QB,00-0022942,1.76644955323,False,False,,,0.1
1,shipped,-1,2019,16,RB,00-0033951,0.808605080604,False,False,,,0.1
1,shipped,-1,2019,17,FLEX,00-0027061,0.549028366321,False,False,,,0.1
1,shipped,-1,2019,17,QB,00-0034577,1.87201226361,False,False,,,0.1
1,shipped,-1,2019,17,RB,00-0034791,0.6322969259,False,False,,,0.1
1,cal-level-pooled,-1,2020,1,FLEX,00-0027061,0.575690699312,False,False,,,0.1
1,cal-level-pooled,-1,2020,1,QB,00-0033873,2.06744314745,True,True,00-0031503,0.0832105693002,0.1
1,cal-level-pooled,-1,2020,1,RB,00-0035700,0.755838079201,False,False,,,0.1
1,cal-level-pooled,-1,2020,2,FLEX,00-0031381,0.618003691365,False,False,,,0.1
1,cal-level-pooled,-1,2020,2,QB,00-0023459,2.03559084826,False,False,,,0.1
1,cal-level-pooled,-1,2020,2,RB,00-0032764,1.02247518253,False,False,,,0.1
1,cal-level-pooled,-1,2020,3,FLEX,00-0029293,0.475844490574,False,False,,,0.1
1,cal-level-pooled,-1,2020,3,QB,00-0035289,1.85398969319,True,False,00-0022924,0.123770963326,0.1
1,cal-level-pooled,-1,2020,3,RB,00-0033699,0.72908650693,False,False,,,0.1
1,cal-level-pooled,-1,2020,4,FLEX,00-0033932,0.687911220656,False,False,,,0.1
1,cal-level-pooled,-1,2020,4,QB,00-0023459,2.61004670833,False,False,,,0.1
1,cal-level-pooled,-1,2020,4,RB,00-0033118,0.815998496054,False,False,,,0.1
1,cal-level-pooled,-1,2020,5,FLEX,00-0033857,0.496876007717,False,False,,,0.1
1,cal-level-pooled,-1,2020,5,QB,00-0031345,2.18433696156,False,False,,,0.1
1,cal-level-pooled,-1,2020,5,RB,00-0032241,1.46740441046,False,False,,,0.1
1,cal-level-pooled,-1,2020,6,FLEX,00-0030035,0.86028805865,False,False,,,0.1
1,cal-level-pooled,-1,2020,6,QB,00-0029604,1.98697145114,False,False,,,0.1
1,cal-level-pooled,-1,2020,6,RB,00-0032764,1.1186319028,False,False,,,0.1
1,cal-level-pooled,-1,2020,7,FLEX,00-0035676,0.626731180599,False,False,,,0.1
1,cal-level-pooled,-1,2020,7,QB,00-0026498,2.26373888842,False,False,,,0.1
1,cal-level-pooled,-1,2020,7,RB,00-0030513,0.547282632266,False,False,,,0.1
1,cal-level-pooled,-1,2020,8,FLEX,00-0033757,0.596253417316,False,False,,,0.1
1,cal-level-pooled,-1,2020,8,QB,00-0033106,1.85378159003,False,False,,,0.1
1,cal-level-pooled,-1,2020,8,RB,00-0033923,0.838673914456,False,False,,,0.1
1,cal-level-pooled,-1,2020,9,FLEX,00-0034777,0.500441968332,False,False,,,0.1
1,cal-level-pooled,-1,2020,9,QB,00-0035228,2.48006220597,False,False,,,0.1
1,cal-level-pooled,-1,2020,9,RB,00-0031376,0.641491164612,True,True,00-0035831,0.0988747359247,0.1
1,cal-level-pooled,-1,2020,10,FLEX,00-0033127,0.541863198023,False,False,,,0.1
1,cal-level-pooled,-1,2020,10,QB,00-0034855,1.9561857053,False,False,,,0.1
1,cal-level-pooled,-1,2020,10,RB,00-0035831,0.672541530413,False,False,,,0.1
1,cal-level-pooled,-1,2020,11,FLEX,00-0035640,0.724965173594,True,False,00-0027944,0.119123797684,0.1
1,cal-level-pooled,-1,2020,11,QB,00-0035228,2.37941877025,True,False,00-0029604,0.103839792189,0.1
1,cal-level-pooled,-1,2020,11,RB,00-0033118,0.600133643079,True,True,00-0033553,0.0162452440862,0.1
1,cal-level-pooled,-1,2020,12,FLEX,00-0029293,0.552569618137,True,True,00-0031549,0.0211672187111,0.1
1,cal-level-pooled,-1,2020,12,QB,00-0031280,1.81144825253,False,False,,,0.1
1,cal-level-pooled,-1,2020,12,RB,00-0034367,0.586714590479,False,False,,,0.1
1,cal-level-pooled,-1,2020,13,FLEX,00-0033757,0.55148269927,False,False,,,0.1
1,cal-level-pooled,-1,2020,13,QB,00-0029604,2.08456866274,False,False,,,0.1
1,cal-level-pooled,-1,2020,13,RB,00-0032780,0.595460144346,False,False,,,0.1
1,cal-level-pooled,-1,2020,14,FLEX,00-0030279,0.534686422772,False,False,,,0.1
1,cal-level-pooled,-1,2020,14,QB,00-0036355,1.8614520772,False,False,,,0.1
1,cal-level-pooled,-1,2020,14,RB,00-0032144,0.630555572214,False,False,,,0.1
1,cal-level-pooled,-1,2020,15,FLEX,00-0030564,0.494863861807,False,False,,,0.1
1,cal-level-pooled,-1,2020,15,QB,00-0033106,1.88084953369,False,False,,,0.1
1,cal-level-pooled,-1,2020,15,RB,00-0036223,0.611069973975,False,False,,,0.1
1,cal-level-pooled,-1,2020,16,FLEX,00-0029293,0.546891587685,True,False,00-0031544,0.131584706488,0.1
1,cal-level-pooled,-1,2020,16,QB,00-0034855,1.84441271289,False,False,,,0.1
1,cal-level-pooled,-1,2020,16,RB,00-0033856,0.629262462798,True,False,00-0035685,0.102632676442,0.1
1,cal-level-pooled,-1,2020,17,FLEX,00-0033921,0.513052660905,False,False,,,0.1
1,cal-level-pooled,-1,2020,17,QB,00-0022942,1.79140150441,False,False,,,0.1
1,cal-level-pooled,-1,2020,17,RB,00-0034115,0.74915200927,False,False,,,0.1
1,cal-level-position,-1,2020,1,FLEX,00-0032765,0.575847085234,False,False,,,0.1
1,cal-level-position,-1,2020,1,QB,00-0033873,2.00731456812,True,True,00-0031503,0.080790510822,0.1
1,cal-level-position,-1,2020,1,RB,00-0035700,0.776677609601,False,False,,,0.1
1,cal-level-position,-1,2020,2,FLEX,00-0031381,0.656600253352,False,False,,,0.1
1,cal-level-position,-1,2020,2,QB,00-0023459,1.97638864677,False,False,,,0.1
1,cal-level-position,-1,2020,2,RB,00-0032764,1.05066627694,False,False,,,0.1
1,cal-level-position,-1,2020,3,FLEX,00-0029293,0.505562697169,False,False,,,0.1
1,cal-level-position,-1,2020,3,QB,00-0035289,1.80006909736,True,False,00-0022924,0.120171264734,0.1
1,cal-level-position,-1,2020,3,RB,00-0033699,0.74918845845,False,False,,,0.1
1,cal-level-position,-1,2020,4,FLEX,00-0033932,0.730873760266,False,False,,,0.1
1,cal-level-position,-1,2020,4,QB,00-0023459,2.53413729299,False,False,,,0.1
1,cal-level-position,-1,2020,4,RB,00-0033118,0.838496734674,False,False,,,0.1
1,cal-level-position,-1,2020,5,FLEX,00-0033857,0.527907708497,False,False,,,0.1
1,cal-level-position,-1,2020,5,QB,00-0031345,2.12080869553,False,False,,,0.1
1,cal-level-position,-1,2020,5,RB,00-0032241,1.50786283622,False,False,,,0.1
1,cal-level-position,-1,2020,6,FLEX,00-0030035,0.914016154204,False,False,,,0.1
1,cal-level-position,-1,2020,6,QB,00-0029604,1.92918327415,False,False,,,0.1
1,cal-level-position,-1,2020,6,RB,00-0032764,1.14947417469,False,False,,,0.1
1,cal-level-position,-1,2020,7,FLEX,00-0035676,0.665872805801,False,False,,,0.1
1,cal-level-position,-1,2020,7,QB,00-0026498,2.19790133274,False,False,,,0.1
1,cal-level-position,-1,2020,7,RB,00-0030513,0.562371992495,False,False,,,0.1
1,cal-level-position,-1,2020,8,FLEX,00-0033757,0.555020687622,False,False,,,0.1
1,cal-level-position,-1,2020,8,QB,00-0033106,1.79986704659,False,False,,,0.1
1,cal-level-position,-1,2020,8,RB,00-0033923,0.861797346598,False,False,,,0.1
1,cal-level-position,-1,2020,9,FLEX,00-0034777,0.531696376229,False,False,,,0.1
1,cal-level-position,-1,2020,9,QB,00-0035228,2.40793320099,False,False,,,0.1
1,cal-level-position,-1,2020,9,RB,00-0031376,0.659177988012,True,False,00-0035831,0.101600852962,0.1
1,cal-level-position,-1,2020,10,FLEX,00-0033127,0.575704511275,False,False,,,0.1
1,cal-level-position,-1,2020,10,QB,00-0034855,1.89929288698,False,False,,,0.1
1,cal-level-position,-1,2020,10,RB,00-0035831,0.691084456541,False,False,,,0.1
1,cal-level-position,-1,2020,11,FLEX,00-0035640,0.770241866358,True,False,00-0030506,0.120961843081,0.1
1,cal-level-position,-1,2020,11,QB,00-0035228,2.31021683333,True,False,00-0029604,0.100819762744,0.1
1,cal-level-position,-1,2020,11,RB,00-0033118,0.616680180813,True,True,00-0033553,0.0166931485612,0.1
1,cal-level-position,-1,2020,12,FLEX,00-0029293,0.587079585984,True,True,00-0031549,0.0224891879493,0.1
1,cal-level-position,-1,2020,12,QB,00-0031280,1.75876491268,False,False,,,0.1
1,cal-level-position,-1,2020,12,RB,00-0034367,0.602891145856,False,False,,,0.1
1,cal-level-position,-1,2020,13,FLEX,00-0033757,0.513346000327,False,False,,,0.1
1,cal-level-position,-1,2020,13,QB,00-0029604,2.02394201269,False,False,,,0.1
1,cal-level-position,-1,2020,13,RB,00-0032780,0.611877827076,False,False,,,0.1
1,cal-level-position,-1,2020,14,FLEX,00-0030279,0.568079520496,False,False,,,0.1
1,cal-level-position,-1,2020,14,QB,00-0036355,1.80731444879,False,False,,,0.1
1,cal-level-position,-1,2020,14,RB,00-0032144,0.647940885785,False,False,,,0.1
1,cal-level-position,-1,2020,15,FLEX,00-0030564,0.525769896809,False,False,,,0.1
1,cal-level-position,-1,2020,15,QB,00-0033106,1.82614775844,False,False,,,0.1
1,cal-level-position,-1,2020,15,RB,00-0036223,0.6279180419,False,False,,,0.1
1,cal-level-position,-1,2020,16,FLEX,00-0029293,0.581046942029,True,False,00-0031544,0.139802646529,0.1
1,cal-level-position,-1,2020,16,QB,00-0034855,1.79077064962,False,False,,,0.1
1,cal-level-position,-1,2020,16,RB,00-0033856,0.646612123504,True,False,00-0035685,0.105462405241,0.1
1,cal-level-position,-1,2020,17,FLEX,00-0033921,0.545094652087,False,False,,,0.1
1,cal-level-position,-1,2020,17,QB,00-0022942,1.7393011951,False,False,,,0.1
1,cal-level-position,-1,2020,17,RB,00-0034115,0.769807195216,False,False,,,0.1
1,cal-logaffine-pooled,-1,2020,1,FLEX,00-0027061,0.552437579021,False,False,,,0.1
1,cal-logaffine-pooled,-1,2020,1,QB,00-0033873,1.57151467234,True,True,00-0031503,0.0487769006337,0.1
1,cal-logaffine-pooled,-1,2020,1,RB,00-0035700,0.690192497047,False,False,,,0.1
1,cal-logaffine-pooled,-1,2020,2,FLEX,00-0031381,0.585424039111,False,False,,,0.1
1,cal-logaffine-pooled,-1,2020,2,QB,00-0023459,1.55168825897,False,False,,,0.1
1,cal-logaffine-pooled,-1,2020,2,RB,00-0032764,0.88363909065,False,False,,,0.1
1,cal-logaffine-pooled,-1,2020,3,FLEX,00-0029293,0.472756911382,False,False,,,0.1
1,cal-logaffine-pooled,-1,2020,3,QB,00-0035289,1.4375360409,True,True,00-0022924,0.0789662878071,0.1
1,cal-logaffine-pooled,-1,2020,3,RB,00-0033699,0.670151713979,False,False,,,0.1
1,cal-logaffine-pooled,-1,2020,4,FLEX,00-0033932,0.639040511824,False,False,,,0.1
1,cal-logaffine-pooled,-1,2020,4,QB,00-0023459,1.90144546767,False,False,,,0.1
1,cal-logaffine-pooled,-1,2020,4,RB,00-0033118,0.734798281839,False,False,,,0.1
1,cal-logaffine-pooled,-1,2020,5,FLEX,00-0033857,0.489775586715,False,False,,,0.1
1,cal-logaffine-pooled,-1,2020,5,QB,00-0031345,1.64380608166,False,False,,,0.1
1,cal-logaffine-pooled,-1,2020,5,RB,00-0032241,1.18733425945,False,False,,,0.1
1,cal-logaffine-pooled,-1,2020,6,FLEX,00-0030035,0.76725291823,False,False,,,0.1
1,cal-logaffine-pooled,-1,2020,6,QB,00-0029604,1.52131563593,False,False,,,0.1
1,cal-logaffine-pooled,-1,2020,6,RB,00-0032764,0.951029978603,False,False,,,0.1
1,cal-logaffine-pooled,-1,2020,7,FLEX,00-0035676,0.592175814052,False,False,,,0.1
1,cal-logaffine-pooled,-1,2020,7,QB,00-0026498,1.69250804492,False,False,,,0.1
1,cal-logaffine-pooled,-1,2020,7,RB,00-0030513,0.530043730301,False,False,,,0.1
1,cal-logaffine-pooled,-1,2020,8,FLEX,00-0033757,0.568521184524,False,False,,,0.1
1,cal-logaffine-pooled,-1,2020,8,QB,00-0034855,1.58226690758,False,False,,,0.1
1,cal-logaffine-pooled,-1,2020,8,RB,00-0033923,0.751453490143,False,False,,,0.1
1,cal-logaffine-pooled,-1,2020,9,FLEX,00-0034777,0.492648005002,False,False,,,0.1
1,cal-logaffine-pooled,-1,2020,9,QB,00-0035228,1.82365275679,False,False,,,0.1
1,cal-logaffine-pooled,-1,2020,9,RB,00-0031376,0.603555650816,True,True,00-0035831,0.0785454003914,0.1
1,cal-logaffine-pooled,-1,2020,10,FLEX,00-0033127,0.525747844881,False,False,,,0.1
1,cal-logaffine-pooled,-1,2020,10,QB,00-0034855,1.50201376638,False,False,,,0.1
1,cal-logaffine-pooled,-1,2020,10,RB,00-0035831,0.627341267289,False,False,,,0.1
1,cal-logaffine-pooled,-1,2020,11,FLEX,00-0035640,0.667052429867,True,True,00-0030506,0.0904772086786,0.1
1,cal-logaffine-pooled,-1,2020,11,QB,00-0035228,1.76290924743,True,True,00-0029604,0.0649752992288,0.1
1,cal-logaffine-pooled,-1,2020,11,RB,00-0033118,0.57154476239,True,True,00-0033553,0.0142285695874,0.1
1,cal-logaffine-pooled,-1,2020,12,FLEX,00-0029293,0.534227160098,True,True,00-0031549,0.0170684401879,0.1
1,cal-logaffine-pooled,-1,2020,12,QB,00-0031280,1.41050613148,False,False,,,0.1
1,cal-logaffine-pooled,-1,2020,12,RB,00-0034367,0.561072957477,False,False,,,0.1
1,cal-logaffine-pooled,-1,2020,13,FLEX,00-0033757,0.533367712522,False,False,,,0.1
1,cal-logaffine-pooled,-1,2020,13,QB,00-0029604,1.58215137398,False,False,,,0.1
1,cal-logaffine-pooled,-1,2020,13,RB,00-0032780,0.567902603628,False,False,,,0.1
1,cal-logaffine-pooled,-1,2020,14,FLEX,00-0030279,0.520046868275,False,False,,,0.1
1,cal-logaffine-pooled,-1,2020,14,QB,00-0036355,1.44226575967,False,False,,,0.1
1,cal-logaffine-pooled,-1,2020,14,RB,00-0032144,0.595129036051,False,False,,,0.1
1,cal-logaffine-pooled,-1,2020,15,FLEX,00-0030564,0.488153124904,False,False,,,0.1
1,cal-logaffine-pooled,-1,2020,15,QB,00-0033106,1.45454390134,False,False,,,0.1
1,cal-logaffine-pooled,-1,2020,15,RB,00-0036223,0.580047573887,False,False,,,0.1
1,cal-logaffine-pooled,-1,2020,16,FLEX,00-0029293,0.529734016907,True,False,00-0031544,0.106759808374,0.1
1,cal-logaffine-pooled,-1,2020,16,QB,00-0034855,1.4314609855,False,False,,,0.1
1,cal-logaffine-pooled,-1,2020,16,RB,00-0033856,0.594130854206,True,True,00-0035685,0.0805005428624,0.1
1,cal-logaffine-pooled,-1,2020,17,FLEX,00-0033921,0.50277635191,False,False,,,0.1
1,cal-logaffine-pooled,-1,2020,17,QB,00-0022942,1.39772886052,False,False,,,0.1
1,cal-logaffine-pooled,-1,2020,17,RB,00-0034115,0.685195961416,False,False,,,0.1
1,cal-logaffine-position,-1,2020,1,FLEX,00-0032765,0.454698196096,False,False,,,0.1
1,cal-logaffine-position,-1,2020,1,QB,00-0033873,1.62534234487,True,True,00-0031503,0.0392369953988,0.1
1,cal-logaffine-position,-1,2020,1,RB,00-0035700,0.613102906145,False,False,,,0.1
1,cal-logaffine-position,-1,2020,2,FLEX,00-0031381,0.501031141167,False,False,,,0.1
1,cal-logaffine-position,-1,2020,2,QB,00-0023459,1.6085702539,False,False,,,0.1
1,cal-logaffine-position,-1,2020,2,RB,00-0032764,0.77179588034,False,False,,,0.1
1,cal-logaffine-position,-1,2020,3,FLEX,00-0029293,0.41297441041,False,False,,,0.1
1,cal-logaffine-position,-1,2020,3,QB,00-0035289,1.51122055895,True,True,00-0022924,0.0681694813666,0.1
1,cal-logaffine-position,-1,2020,3,RB,00-0033699,0.596500914697,False,False,,,0.1
1,cal-logaffine-position,-1,2020,4,FLEX,00-0035719,0.409360063144,False,False,,,0.1
1,cal-logaffine-position,-1,2020,4,QB,00-0023459,1.89916547197,False,False,,,0.1
1,cal-logaffine-position,-1,2020,4,RB,00-0033118,0.649938044909,False,False,,,0.1
1,cal-logaffine-position,-1,2020,5,FLEX,00-0033857,0.426394260748,False,False,,,0.1
1,cal-logaffine-position,-1,2020,5,QB,00-0031345,1.68617357675,False,False,,,0.1
1,cal-logaffine-position,-1,2020,5,RB,00-0032241,1.01631836131,False,False,,,0.1
1,cal-logaffine-position,-1,2020,6,FLEX,00-0030035,0.639855888241,False,False,,,0.1
1,cal-logaffine-position,-1,2020,6,QB,00-0029604,1.58280026927,False,False,,,0.1
1,cal-logaffine-position,-1,2020,6,RB,00-0032764,0.826493922428,False,False,,,0.1
1,cal-logaffine-position,-1,2020,7,FLEX,00-0035676,0.506253293258,False,False,,,0.1
1,cal-logaffine-position,-1,2020,7,QB,00-0026498,1.72687838671,False,False,,,0.1
1,cal-logaffine-position,-1,2020,7,RB,00-0030513,0.479416717413,False,False,,,0.1
1,cal-logaffine-position,-1,2020,8,FLEX,00-0033757,0.402587826979,False,False,,,0.1
1,cal-logaffine-position,-1,2020,8,QB,00-0034855,1.63442194957,False,False,,,0.1
1,cal-logaffine-position,-1,2020,8,RB,00-0033923,0.663652134726,False,False,,,0.1
1,cal-logaffine-position,-1,2020,9,FLEX,00-0034777,0.428654823059,False,False,,,0.1
1,cal-logaffine-position,-1,2020,9,QB,00-0035228,1.83544477801,False,False,,,0.1
1,cal-logaffine-position,-1,2020,9,RB,00-0031376,0.54108160507,True,True,00-0035831,0.0662452990955,0.1
1,cal-logaffine-position,-1,2020,10,FLEX,00-0033127,0.454614952281,False,False,,,0.1
1,cal-logaffine-position,-1,2020,10,QB,00-0034855,1.56637450174,False,False,,,0.1
1,cal-logaffine-position,-1,2020,10,RB,00-0035831,0.560921050117,False,False,,,0.1
1,cal-logaffine-position,-1,2020,11,FLEX,00-0035640,0.563799499535,True,True,00-0030506,0.0489638750251,0.1
1,cal-logaffine-position,-1,2020,11,QB,00-0035228,1.78534319167,True,True,00-0029604,0.0552397020222,0.1
1,cal-logaffine-position,-1,2020,11,RB,00-0033118,0.514296579696,True,True,00-0033553,0.0123374530805,0.1
1,cal-logaffine-position,-1,2020,12,FLEX,00-0029293,0.461239705653,True,True,00-0031549,0.0111376074139,0.1
1,cal-logaffine-position,-1,2020,12,QB,00-0031280,1.48796541963,False,False,,,0.1
1,cal-logaffine-position,-1,2020,12,RB,00-0034367,0.505512310606,False,False,,,0.1
1,cal-logaffine-position,-1,2020,13,FLEX,00-0035662,0.38675632562,False,False,,,0.1
1,cal-logaffine-position,-1,2020,13,QB,00-0029604,1.63432444866,False,False,,,0.1
1,cal-logaffine-position,-1,2020,13,RB,00-0032780,0.511242614561,False,False,,,0.1
1,cal-logaffine-position,-1,2020,14,FLEX,00-0030279,0.450155123961,False,False,,,0.1
1,cal-logaffine-position,-1,2020,14,QB,00-0036355,1.51528150165,False,False,,,0.1
1,cal-logaffine-position,-1,2020,14,RB,00-0032144,0.534040288894,False,False,,,0.1
1,cal-logaffine-position,-1,2020,15,FLEX,00-0030564,0.425116839947,False,False,,,0.1
1,cal-logaffine-position,-1,2020,15,QB,00-0033106,1.52581218082,False,False,,,0.1
1,cal-logaffine-position,-1,2020,15,RB,00-0036223,0.521421060371,False,False,,,0.1
1,cal-logaffine-position,-1,2020,16,FLEX,00-0029293,0.457730549338,True,True,00-0031544,0.0842849098505,0.1
1,cal-logaffine-position,-1,2020,16,QB,00-0034855,1.50600091849,False,False,,,0.1
1,cal-logaffine-position,-1,2020,16,RB,00-0033856,0.53320575405,True,True,00-0035685,0.067634647668,0.1
1,cal-logaffine-position,-1,2020,17,FLEX,00-0033921,0.436615706426,False,False,,,0.1
1,cal-logaffine-position,-1,2020,17,QB,00-0022942,1.47694418749,False,False,,,0.1
1,cal-logaffine-position,-1,2020,17,RB,00-0034115,0.608966845742,False,False,,,0.1
1,shipped,-1,2020,1,FLEX,00-0027061,0.63250164094,False,False,,,0.1
1,shipped,-1,2020,1,QB,00-0033873,2.27146484193,True,True,00-0031503,0.091422046055,0.1
1,shipped,-1,2020,1,RB,00-0035700,0.830426522351,False,False,,,0.1
1,shipped,-1,2020,2,FLEX,00-0031381,0.678990210129,False,False,,,0.1
1,shipped,-1,2020,2,QB,00-0023459,2.23646925918,False,False,,,0.1
1,shipped,-1,2020,2,RB,00-0032764,1.12337620104,False,False,,,0.1
1,shipped,-1,2020,3,FLEX,00-0029293,0.522802299012,False,False,,,0.1
1,shipped,-1,2020,3,QB,00-0035289,2.03694713954,True,False,00-0022924,0.135985065414,0.1
1,shipped,-1,2020,3,RB,00-0033699,0.801035022055,False,False,,,0.1
1,shipped,-1,2020,4,FLEX,00-0033932,0.755796430975,False,False,,,0.1
1,shipped,-1,2020,4,QB,00-0023459,2.86761420311,False,False,,,0.1
1,shipped,-1,2020,4,RB,00-0033118,0.896523755509,False,False,,,0.1
1,shipped,-1,2020,5,FLEX,00-0033857,0.54590927142,False,False,,,0.1
1,shipped,-1,2020,5,QB,00-0031345,2.39989409973,False,False,,,0.1
1,shipped,-1,2020,5,RB,00-0032241,1.61221242352,False,False,,,0.1
1,shipped,-1,2020,6,FLEX,00-0030035,0.945183949345,False,False,,,0.1
1,shipped,-1,2020,6,QB,00-0029604,2.18305194934,False,False,,,0.1
1,shipped,-1,2020,6,RB,00-0032764,1.22902196436,False,False,,,0.1
1,shipped,-1,2020,7,FLEX,00-0035676,0.688578955037,False,False,,,0.1
1,shipped,-1,2020,7,QB,00-0026498,2.48713165472,False,False,,,0.1
1,shipped,-1,2020,7,RB,00-0030513,0.601290177833,False,False,,,0.1
1,shipped,-1,2020,8,FLEX,00-0033757,0.655093551657,False,False,,,0.1
1,shipped,-1,2020,8,QB,00-0033106,2.03671850013,False,False,,,0.1
1,shipped,-1,2020,8,RB,00-0033923,0.921436854444,False,False,,,0.1
1,shipped,-1,2020,9,FLEX,00-0034777,0.549827132076,False,False,,,0.1
1,shipped,-1,2020,9,QB,00-0035228,2.72480242739,False,False,,,0.1
1,shipped,-1,2020,9,RB,00-0031376,0.704795499998,True,False,00-0035831,0.108632001168,0.1
1,shipped,-1,2020,10,FLEX,00-0033127,0.59533593703,False,False,,,0.1
1,shipped,-1,2020,10,QB,00-0034855,2.14922817072,False,False,,,0.1
1,shipped,-1,2020,10,RB,00-0035831,0.738910012086,False,False,,,0.1
1,shipped,-1,2020,11,FLEX,00-0035640,0.796506982778,True,False,00-0027944,0.130879303071,0.1
1,shipped,-1,2020,11,QB,00-0035228,2.61422718565,True,False,00-0029604,0.114087024566,0.1
1,shipped,-1,2020,11,RB,00-0033118,0.659356690119,True,True,00-0033553,0.0178483750985,0.1
1,shipped,-1,2020,12,FLEX,00-0029293,0.607098899848,True,True,00-0031549,0.023256065427,0.1
1,shipped,-1,2020,12,QB,00-0031280,1.99020757773,False,False,,,0.1
1,shipped,-1,2020,12,RB,00-0034367,0.644613403838,False,False,,,0.1
1,shipped,-1,2020,13,FLEX,00-0033757,0.60590472046,False,False,,,0.1
1,shipped,-1,2020,13,QB,00-0029604,2.29028035612,False,False,,,0.1
1,shipped,-1,2020,13,RB,00-0032780,0.654221996053,False,False,,,0.1
1,shipped,-1,2020,14,FLEX,00-0030279,0.587450935364,False,False,,,0.1
1,shipped,-1,2020,14,QB,00-0036355,2.04514593473,False,False,,,0.1
1,shipped,-1,2020,14,RB,00-0032144,0.692780749464,False,False,,,0.1
1,shipped,-1,2020,15,FLEX,00-0030564,0.543698560718,False,False,,,0.1
1,shipped,-1,2020,15,QB,00-0033106,2.06645759232,False,False,,,0.1
1,shipped,-1,2020,15,RB,00-0036223,0.671372252028,False,False,,,0.1
1,shipped,-1,2020,16,FLEX,00-0029293,0.600860543762,True,False,00-0031544,0.144569892958,0.1
1,shipped,-1,2020,16,QB,00-0034855,2.02642507316,False,False,,,0.1
1,shipped,-1,2020,16,RB,00-0033856,0.691360032006,True,False,00-0035685,0.112760786896,0.1
1,shipped,-1,2020,17,FLEX,00-0033921,0.563682286858,False,False,,,0.1
1,shipped,-1,2020,17,QB,00-0022942,1.96818255441,False,False,,,0.1
1,shipped,-1,2020,17,RB,00-0034115,0.823080650326,False,False,,,0.1
1,cal-level-pooled,-1,2021,1,FLEX,00-0033040,0.985553197245,False,False,,,0.1
1,cal-level-pooled,-1,2021,1,QB,00-0019596,2.47676566544,True,False,00-0033873,0.116923492138,0.1
1,cal-level-pooled,-1,2021,1,RB,00-0033906,1.19798014054,False,False,,,0.1
1,cal-level-pooled,-1,2021,2,FLEX,00-0027656,0.896796681824,False,False,,,0.1
1,cal-level-pooled,-1,2021,2,QB,00-0023459,3.08261998542,False,False,,,0.1
1,cal-level-pooled,-1,2021,2,RB,00-0033293,0.979189392948,False,False,,,0.1
1,cal-level-pooled,-1,2021,3,FLEX,00-0032211,0.895862525134,False,False,,,0.1
1,cal-level-pooled,-1,2021,3,QB,00-0035228,2.97010966928,False,False,,,0.1
1,cal-level-pooled,-1,2021,3,RB,00-0033280,0.958749047528,True,True,00-0030513,0.0510063538607,0.1
1,cal-level-pooled,-1,2021,4,FLEX,00-0036322,0.525506104364,False,False,,,0.1
1,cal-level-pooled,-1,2021,4,QB,00-0034857,2.89361017653,False,False,,,0.1
1,cal-level-pooled,-1,2021,4,RB,00-0035685,0.67834701914,False,False,,,0.1
1,cal-level-pooled,-1,2021,5,FLEX,00-0033536,0.542649159823,False,False,,,0.1
1,cal-level-pooled,-1,2021,5,QB,00-0036355,2.33224341217,False,False,,,0.1
1,cal-level-pooled,-1,2021,5,RB,00-0035831,0.660577712285,False,False,,,0.1
1,cal-level-pooled,-1,2021,6,FLEX,00-0030564,0.617027373115,False,False,,,0.1
1,cal-level-pooled,-1,2021,6,QB,00-0031800,1.73786119942,False,False,,,0.1
1,cal-level-pooled,-1,2021,6,RB,00-0033897,0.688960130138,False,False,,,0.1
1,cal-level-pooled,-1,2021,7,FLEX,00-0035676,0.538646831883,False,False,,,0.1
1,cal-level-pooled,-1,2021,7,QB,00-0029701,2.06883027087,False,False,,,0.1
1,cal-level-pooled,-1,2021,7,RB,00-0035664,1.19042667295,False,False,,,0.1
1,cal-level-pooled,-1,2021,8,FLEX,00-0036322,0.566008278441,False,False,,,0.1
1,cal-level-pooled,-1,2021,8,QB,00-0029604,2.41925967566,False,False,,,0.1
1,cal-level-pooled,-1,2021,8,RB,00-0032780,0.570745658374,False,False,,,0.1
1,cal-level-pooled,-1,2021,9,FLEX,00-0033536,0.541974440761,False,False,,,0.1
1,cal-level-pooled,-1,2021,9,QB,00-0036442,2.21676460122,False,False,,,0.1
1,cal-level-pooled,-1,2021,9,RB,00-0036223,0.880121002224,True,False,00-0033897,0.132931824978,0.1
1,cal-level-pooled,-1,2021,10,FLEX,00-0031544,0.636052737268,False,False,,,0.1
1,cal-level-pooled,-1,2021,10,QB,00-0033077,2.78501921056,False,False,,,0.1
1,cal-level-pooled,-1,2021,10,RB,00-0036893,0.77504145971,False,False,,,0.1
1,cal-level-pooled,-1,2021,11,FLEX,00-0033090,0.585296118853,True,True,00-0031588,0.0196756503071,0.1
1,cal-level-pooled,-1,2021,11,QB,00-0027939,1.57124034932,False,False,,,0.1
1,cal-level-pooled,-1,2021,11,RB,00-0033897,0.8533063932,False,False,,,0.1
1,cal-level-pooled,-1,2021,12,FLEX,00-0033921,0.719684371453,False,False,,,0.1
1,cal-level-pooled,-1,2021,12,QB,00-0034796,2.22487030559,False,False,,,0.1
1,cal-level-pooled,-1,2021,12,RB,00-0035685,0.650761912641,True,True,00-0034115,0.00682013002432,0.1
1,cal-level-pooled,-1,2021,13,FLEX,00-0033921,0.718304200253,False,False,,,0.1
1,cal-level-pooled,-1,2021,13,QB,00-0031280,1.82446152691,False,False,,,0.1
1,cal-level-pooled,-1,2021,13,RB,00-0036328,0.624020790448,False,False,,,0.1
1,cal-level-pooled,-1,2021,14,FLEX,00-0036322,0.480159780588,True,True,00-0033536,0.00562227752781,0.1
1,cal-level-pooled,-1,2021,14,QB,00-0027939,1.69480441574,False,False,,,0.1
1,cal-level-pooled,-1,2021,14,RB,00-0032144,0.738959881477,False,False,,,0.1
1,cal-level-pooled,-1,2021,15,FLEX,00-0035719,0.823157476085,False,False,,,0.1
1,cal-level-pooled,-1,2021,15,QB,00-0022924,1.69584677126,False,False,,,0.1
1,cal-level-pooled,-1,2021,15,RB,00-0036360,0.68625274976,True,True,00-0035831,0.0425763161401,0.1
1,cal-level-pooled,-1,2021,16,FLEX,00-0034753,0.511581881974,False,False,,,0.1
1,cal-level-pooled,-1,2021,16,QB,00-0022924,1.52910825921,False,False,,,0.1
1,cal-level-pooled,-1,2021,16,RB,00-0035831,0.682119233567,False,False,,,0.1
1,cal-level-pooled,-1,2021,17,FLEX,00-0033090,0.521444905524,False,False,,,0.1
1,cal-level-pooled,-1,2021,17,QB,00-0035289,1.79391549619,False,False,,,0.1
1,cal-level-pooled,-1,2021,17,RB,00-0034115,0.77023538211,False,False,,,0.1
1,cal-level-pooled,-1,2021,18,FLEX,00-0036322,0.551938956959,False,False,,,0.1
1,cal-level-pooled,-1,2021,18,QB,00-0032950,1.67002497006,False,False,,,0.1
1,cal-level-pooled,-1,2021,18,RB,00-0036265,0.628588175715,False,False,,,0.1
1,cal-level-position,-1,2021,1,FLEX,00-0033040,1.04983228353,False,False,,,0.1
1,cal-level-position,-1,2021,1,QB,00-0019596,2.41414202541,True,False,00-0033873,0.113967146778,0.1
1,cal-level-position,-1,2021,1,RB,00-0033906,1.21643405639,False,False,,,0.1
1,cal-level-position,-1,2021,2,FLEX,00-0032211,0.927313979821,False,False,,,0.1
1,cal-level-position,-1,2021,2,QB,00-0023459,3.00467765644,False,False,,,0.1
1,cal-level-position,-1,2021,2,RB,00-0033293,0.994273014161,False,False,,,0.1
1,cal-level-position,-1,2021,3,FLEX,00-0032211,0.954291866865,False,False,,,0.1
1,cal-level-position,-1,2021,3,QB,00-0035228,2.89501210097,False,False,,,0.1
1,cal-level-position,-1,2021,3,RB,00-0033280,0.97351780174,True,True,00-0030513,0.0517920655183,0.1
1,cal-level-position,-1,2021,4,FLEX,00-0036322,0.559780309269,False,False,,,0.1
1,cal-level-position,-1,2021,4,QB,00-0034857,2.82044685527,False,False,,,0.1
1,cal-level-position,-1,2021,4,RB,00-0035685,0.688796406727,False,False,,,0.1
1,cal-level-position,-1,2021,5,FLEX,00-0033536,0.578041457537,False,False,,,0.1
1,cal-level-position,-1,2021,5,QB,00-0036355,2.27327393681,False,False,,,0.1
1,cal-level-position,-1,2021,5,RB,00-0035831,0.670753378061,False,False,,,0.1
1,cal-level-position,-1,2021,6,FLEX,00-0030564,0.657270716519,False,False,,,0.1
1,cal-level-position,-1,2021,6,QB,00-0031800,1.69392034717,False,False,,,0.1
1,cal-level-position,-1,2021,6,RB,00-0033897,0.699573004122,False,False,,,0.1
1,cal-level-position,-1,2021,7,FLEX,00-0035676,0.573778092462,False,False,,,0.1
1,cal-level-position,-1,2021,7,QB,00-0029701,2.01652105004,False,False,,,0.1
1,cal-level-position,-1,2021,7,RB,00-0035664,1.20876423373,False,False,,,0.1
1,cal-level-position,-1,2021,8,FLEX,00-0036322,0.602924088843,False,False,,,0.1
1,cal-level-position,-1,2021,8,QB,00-0029604,2.35809004255,False,False,,,0.1
1,cal-level-position,-1,2021,8,RB,00-0032780,0.579537533962,False,False,,,0.1
1,cal-level-position,-1,2021,9,FLEX,00-0033536,0.577322732403,False,False,,,0.1
1,cal-level-position,-1,2021,9,QB,00-0036442,2.16071494325,False,False,,,0.1
1,cal-level-position,-1,2021,9,RB,00-0036223,0.893678554945,True,False,00-0033897,0.134979532305,0.1
1,cal-level-position,-1,2021,10,FLEX,00-0031544,0.677536940148,False,False,,,0.1
1,cal-level-position,-1,2021,10,QB,00-0033077,2.71460155137,False,False,,,0.1
1,cal-level-position,-1,2021,10,RB,00-0036893,0.786980347004,False,False,,,0.1
1,cal-level-position,-1,2021,11,FLEX,00-0035689,0.614892709273,False,False,,,0.1
1,cal-level-position,-1,2021,11,QB,00-0027939,1.53151241244,False,False,,,0.1
1,cal-level-position,-1,2021,11,RB,00-0033897,0.866450888541,False,False,,,0.1
1,cal-level-position,-1,2021,12,FLEX,00-0027656,0.675906453798,False,False,,,0.1
1,cal-level-position,-1,2021,12,QB,00-0034796,2.1686156994,False,False,,,0.1
1,cal-level-position,-1,2021,12,RB,00-0035685,0.660786373956,True,True,00-0034115,0.00692518861529,0.1
1,cal-level-position,-1,2021,13,FLEX,00-0033921,0.765152952608,False,False,,,0.1
1,cal-level-position,-1,2021,13,QB,00-0031280,1.77833103363,False,False,,,0.1
1,cal-level-position,-1,2021,13,RB,00-0036328,0.633633326389,False,False,,,0.1
1,cal-level-position,-1,2021,14,FLEX,00-0036322,0.511476438131,True,True,00-0033536,0.00598896992286,0.1
1,cal-level-position,-1,2021,14,QB,00-0027939,1.65195223028,False,False,,,0.1
1,cal-level-position,-1,2021,14,RB,00-0032144,0.75034296122,False,False,,,0.1
1,cal-level-position,-1,2021,15,FLEX,00-0035719,0.876844898116,False,False,,,0.1
1,cal-level-position,-1,2021,15,QB,00-0022924,1.65296823041,False,False,,,0.1
1,cal-level-position,-1,2021,15,RB,00-0036360,0.696823918737,True,True,00-0035831,0.0432321698799,0.1
1,cal-level-position,-1,2021,16,FLEX,00-0036358,0.477926289022,False,False,,,0.1
1,cal-level-position,-1,2021,16,QB,00-0022924,1.49044560876,False,False,,,0.1
1,cal-level-position,-1,2021,16,RB,00-0035831,0.692626729068,False,False,,,0.1
1,cal-level-position,-1,2021,17,FLEX,00-0036358,0.510062670973,False,False,,,0.1
1,cal-level-position,-1,2021,17,QB,00-0035289,1.74855734227,False,False,,,0.1
1,cal-level-position,-1,2021,17,RB,00-0034115,0.782100235663,False,False,,,0.1
1,cal-level-position,-1,2021,18,FLEX,00-0036322,0.587937147559,False,False,,,0.1
1,cal-level-position,-1,2021,18,QB,00-0032950,1.62779931907,False,False,,,0.1
1,cal-level-position,-1,2021,18,RB,00-0036265,0.638271068534,False,False,,,0.1
1,cal-logaffine-pooled,-1,2021,1,FLEX,00-0033040,0.861771542813,False,False,,,0.1
1,cal-logaffine-pooled,-1,2021,1,QB,00-0019596,1.83719420145,True,True,00-0033873,0.0686030355891,0.1
1,cal-logaffine-pooled,-1,2021,1,RB,00-0033906,1.01164746051,False,False,,,0.1
1,cal-logaffine-pooled,-1,2021,2,FLEX,00-0027656,0.797485205088,False,False,,,0.1
1,cal-logaffine-pooled,-1,2021,2,QB,00-0023459,2.19899936016,False,False,,,0.1
1,cal-logaffine-pooled,-1,2021,2,RB,00-0033293,0.857197710491,False,False,,,0.1
1,cal-logaffine-pooled,-1,2021,3,FLEX,00-0032211,0.796802726163,False,False,,,0.1
1,cal-logaffine-pooled,-1,2021,3,QB,00-0035228,2.13284917289,False,False,,,0.1
1,cal-logaffine-pooled,-1,2021,3,RB,00-0033280,0.842470579728,True,True,00-0030513,0.028674060819,0.1
1,cal-logaffine-pooled,-1,2021,4,FLEX,00-0036322,0.514093680772,False,False,,,0.1
1,cal-logaffine-pooled,-1,2021,4,QB,00-0034857,2.08761629841,False,False,,,0.1
1,cal-logaffine-pooled,-1,2021,4,RB,00-0035685,0.634050571219,False,False,,,0.1
1,cal-logaffine-pooled,-1,2021,5,FLEX,00-0033536,0.527831025203,False,False,,,0.1
1,cal-logaffine-pooled,-1,2021,5,QB,00-0036355,1.74865926703,False,False,,,0.1
1,cal-logaffine-pooled,-1,2021,5,RB,00-0035831,0.620374298545,False,False,,,0.1
1,cal-logaffine-pooled,-1,2021,6,FLEX,00-0030564,0.586572619515,False,False,,,0.1
1,cal-logaffine-pooled,-1,2021,6,QB,00-0031800,1.37326092293,False,False,,,0.1
1,cal-logaffine-pooled,-1,2021,6,RB,00-0033897,0.642188463979,False,False,,,0.1
1,cal-logaffine-pooled,-1,2021,7,FLEX,00-0035676,0.524630836627,False,False,,,0.1
1,cal-logaffine-pooled,-1,2021,7,QB,00-0029701,1.58470207809,False,False,,,0.1
1,cal-logaffine-pooled,-1,2021,7,RB,00-0035664,1.00640456288,False,False,,,0.1
1,cal-logaffine-pooled,-1,2021,8,FLEX,00-0036322,0.546425697855,False,False,,,0.1
1,cal-logaffine-pooled,-1,2021,8,QB,00-0029604,1.80207932867,False,False,,,0.1
1,cal-logaffine-pooled,-1,2021,8,RB,00-0032780,0.550179950765,False,False,,,0.1
1,cal-logaffine-pooled,-1,2021,9,FLEX,00-0033536,0.527291828214,False,False,,,0.1
1,cal-logaffine-pooled,-1,2021,9,QB,00-0036442,1.67721170341,False,False,,,0.1
1,cal-logaffine-pooled,-1,2021,9,RB,00-0036223,0.785283003999,True,False,00-0033897,0.102799262639,0.1
1,cal-logaffine-pooled,-1,2021,10,FLEX,00-0031544,0.601389890004,False,False,,,0.1
1,cal-logaffine-pooled,-1,2021,10,QB,00-0033077,2.02303913843,False,False,,,0.1
1,cal-logaffine-pooled,-1,2021,10,RB,00-0036893,0.707401218343,False,False,,,0.1
1,cal-logaffine-pooled,-1,2021,11,FLEX,00-0033090,0.561676295735,True,True,00-0035689,0.0161789854804,0.1
1,cal-logaffine-pooled,-1,2021,11,QB,00-0027939,1.26413824299,False,False,,,0.1
1,cal-logaffine-pooled,-1,2021,11,RB,00-0033897,0.765574688452,False,False,,,0.1
1,cal-logaffine-pooled,-1,2021,12,FLEX,00-0033921,0.665622528622,False,False,,,0.1
1,cal-logaffine-pooled,-1,2021,12,QB,00-0034796,1.68224807757,False,False,,,0.1
1,cal-logaffine-pooled,-1,2021,12,RB,00-0035685,0.612791403306,True,True,00-0034115,0.005205445912,0.1
1,cal-logaffine-pooled,-1,2021,13,FLEX,00-0033921,0.664573725984,False,False,,,0.1
1,cal-logaffine-pooled,-1,2021,13,QB,00-0031280,1.42923139993,False,False,,,0.1
1,cal-logaffine-pooled,-1,2021,13,RB,00-0036328,0.592028560404,False,False,,,0.1
1,cal-logaffine-pooled,-1,2021,14,FLEX,00-0036322,0.477360604475,True,True,00-0033536,0.00413687314146,0.1
1,cal-logaffine-pooled,-1,2021,14,QB,00-0027939,1.34524861873,False,False,,,0.1
1,cal-logaffine-pooled,-1,2021,14,RB,00-0032144,0.680232979906,False,False,,,0.1
1,cal-logaffine-pooled,-1,2021,15,FLEX,00-0035719,0.743283073805,False,False,,,0.1
1,cal-logaffine-pooled,-1,2021,15,QB,00-0022924,1.34592825333,False,False,,,0.1
1,cal-logaffine-pooled,-1,2021,15,RB,00-0036360,0.640114645669,True,True,00-0035831,0.0328095973144,0.1
1,cal-logaffine-pooled,-1,2021,16,FLEX,00-0034753,0.502876785758,False,False,,,0.1
1,cal-logaffine-pooled,-1,2021,16,QB,00-0022924,1.23622471659,False,False,,,0.1
1,cal-logaffine-pooled,-1,2021,16,RB,00-0035831,0.636945605329,False,False,,,0.1
1,cal-logaffine-pooled,-1,2021,17,FLEX,00-0033090,0.510827654933,False,False,,,0.1
1,cal-logaffine-pooled,-1,2021,17,QB,00-0035289,1.40954456399,False,False,,,0.1
1,cal-logaffine-pooled,-1,2021,17,RB,00-0034115,0.703795655873,False,False,,,0.1
1,cal-logaffine-pooled,-1,2021,18,FLEX,00-0036322,0.535242810016,False,False,,,0.1
1,cal-logaffine-pooled,-1,2021,18,QB,00-0032950,1.32906987854,False,False,,,0.1
1,cal-logaffine-pooled,-1,2021,18,RB,00-0036265,0.595585927833,False,False,,,0.1
1,cal-logaffine-position,-1,2021,1,FLEX,00-0033040,0.722492037948,False,False,,,0.1
1,cal-logaffine-position,-1,2021,1,QB,00-0019596,1.84800345134,True,True,00-0033873,0.0539636976988,0.1
1,cal-logaffine-position,-1,2021,1,RB,00-0033906,0.855862683673,False,False,,,0.1
1,cal-logaffine-position,-1,2021,2,FLEX,00-0032211,0.658232529169,False,False,,,0.1
1,cal-logaffine-position,-1,2021,2,QB,00-0023459,2.13814696457,False,False,,,0.1
1,cal-logaffine-position,-1,2021,2,RB,00-0033293,0.734839333982,False,False,,,0.1
1,cal-logaffine-position,-1,2021,3,FLEX,00-0032211,0.672555275376,False,False,,,0.1
1,cal-logaffine-position,-1,2021,3,QB,00-0035228,2.08581736095,False,False,,,0.1
1,cal-logaffine-position,-1,2021,3,RB,00-0033280,0.723212979425,True,True,00-0030513,0.0200872254688,0.1
1,cal-logaffine-position,-1,2021,4,FLEX,00-0036322,0.450645059073,False,False,,,0.1
1,cal-logaffine-position,-1,2021,4,QB,00-0034857,2.04985866959,False,False,,,0.1
1,cal-logaffine-position,-1,2021,4,RB,00-0035685,0.556771021682,False,False,,,0.1
1,cal-logaffine-position,-1,2021,5,FLEX,00-0033536,0.461635721369,False,False,,,0.1
1,cal-logaffine-position,-1,2021,5,QB,00-0036355,1.77542137173,False,False,,,0.1
1,cal-logaffine-position,-1,2021,5,RB,00-0035831,0.545709585684,False,False,,,0.1
1,cal-logaffine-position,-1,2021,6,FLEX,00-0030564,0.508362440648,False,False,,,0.1
1,cal-logaffine-position,-1,2021,6,QB,00-0031800,1.45934646884,False,False,,,0.1
1,cal-logaffine-position,-1,2021,6,RB,00-0033897,0.563343940373,False,False,,,0.1
1,cal-logaffine-position,-1,2021,7,FLEX,00-0035676,0.459077615047,False,False,,,0.1
1,cal-logaffine-position,-1,2021,7,QB,00-0029701,1.6391327106,False,False,,,0.1
1,cal-logaffine-position,-1,2021,7,RB,00-0035664,0.851779950654,False,False,,,0.1
1,cal-logaffine-position,-1,2021,8,FLEX,00-0036322,0.476473391263,False,False,,,0.1
1,cal-logaffine-position,-1,2021,8,QB,00-0029604,1.81929661709,False,False,,,0.1
1,cal-logaffine-position,-1,2021,8,RB,00-0032780,0.488619097364,False,False,,,0.1
1,cal-logaffine-position,-1,2021,9,FLEX,00-0033536,0.461204802189,False,False,,,0.1
1,cal-logaffine-position,-1,2021,9,QB,00-0036442,1.71634136682,False,False,,,0.1
1,cal-logaffine-position,-1,2021,9,RB,00-0036223,0.677909524619,True,True,00-0033897,0.0832921946126,0.1
1,cal-logaffine-position,-1,2021,10,FLEX,00-0031544,0.520083732809,False,False,,,0.1
1,cal-logaffine-position,-1,2021,10,QB,00-0033077,1.99826555349,False,False,,,0.1
1,cal-logaffine-position,-1,2021,10,RB,00-0036893,0.615783386948,False,False,,,0.1
1,cal-logaffine-position,-1,2021,11,FLEX,00-0031588,0.496555477683,False,False,,,0.1
1,cal-logaffine-position,-1,2021,11,QB,00-0027939,1.36454189472,False,False,,,0.1
1,cal-logaffine-position,-1,2021,11,RB,00-0033897,0.662236668849,False,False,,,0.1
1,cal-logaffine-position,-1,2021,12,FLEX,00-0027656,0.469355998041,False,False,,,0.1
1,cal-logaffine-position,-1,2021,12,QB,00-0034796,1.72052129362,False,False,,,0.1
1,cal-logaffine-position,-1,2021,12,RB,00-0035685,0.539568146284,True,True,00-0034115,0.00419730520259,0.1
1,cal-logaffine-position,-1,2021,13,FLEX,00-0033921,0.569794088865,False,False,,,0.1
1,cal-logaffine-position,-1,2021,13,QB,00-0031280,1.50741656878,False,False,,,0.1
1,cal-logaffine-position,-1,2021,13,RB,00-0036328,0.522720905877,False,False,,,0.1
1,cal-logaffine-position,-1,2021,14,FLEX,00-0036322,0.421129807016,True,True,00-0033536,0.00319218876649,0.1
1,cal-logaffine-position,-1,2021,14,QB,00-0027939,1.43514988358,False,False,,,0.1
1,cal-logaffine-position,-1,2021,14,RB,00-0032144,0.593985607501,False,False,,,0.1
1,cal-logaffine-position,-1,2021,15,FLEX,00-0035719,0.631155016132,False,False,,,0.1
1,cal-logaffine-position,-1,2021,15,QB,00-0022924,1.43573805962,False,False,,,0.1
1,cal-logaffine-position,-1,2021,15,RB,00-0036360,0.561669565781,True,True,00-0035831,0.0265486316101,0.1
1,cal-logaffine-position,-1,2021,16,FLEX,00-0036358,0.400220122362,False,False,,,0.1
1,cal-logaffine-position,-1,2021,16,QB,00-0022924,1.34004692469,False,False,,,0.1
1,cal-logaffine-position,-1,2021,16,RB,00-0035831,0.559110086749,False,False,,,0.1
1,cal-logaffine-position,-1,2021,17,FLEX,00-0036358,0.420255742933,False,False,,,0.1
1,cal-logaffine-position,-1,2021,17,QB,00-0035289,1.49054980406,False,False,,,0.1
1,cal-logaffine-position,-1,2021,17,RB,00-0034115,0.612894447702,False,False,,,0.1
1,cal-logaffine-position,-1,2021,18,FLEX,00-0036322,0.467555292841,False,False,,,0.1
1,cal-logaffine-position,-1,2021,18,QB,00-0032950,1.42113168371,False,False,,,0.1
1,cal-logaffine-position,-1,2021,18,RB,00-0036265,0.525610700226,False,False,,,0.1
1,shipped,-1,2021,1,FLEX,00-0033040,1.07943535837,False,False,,,0.1
1,shipped,-1,2021,1,QB,00-0019596,2.71269825023,True,False,00-0033873,0.128061429855,0.1
1,shipped,-1,2021,1,RB,00-0033906,1.31209773957,False,False,,,0.1
1,shipped,-1,2021,2,FLEX,00-0027656,0.982224044667,False,False,,,0.1
1,shipped,-1,2021,2,QB,00-0023459,3.37626524676,False,False,,,0.1
1,shipped,-1,2021,2,RB,00-0033293,1.07246534865,False,False,,,0.1
1,shipped,-1,2021,3,FLEX,00-0032211,0.981200901761,False,False,,,0.1
1,shipped,-1,2021,3,QB,00-0035228,3.25303738472,False,False,,,0.1
1,shipped,-1,2021,3,RB,00-0033280,1.05007788986,True,True,00-0030513,0.055865134437,0.1
1,shipped,-1,2021,4,FLEX,00-0036322,0.575564943299,False,False,,,0.1
1,shipped,-1,2021,4,QB,00-0034857,3.16925067732,False,False,,,0.1
1,shipped,-1,2021,4,RB,00-0035685,0.742965229836,False,False,,,0.1
1,shipped,-1,2021,5,FLEX,00-0033536,0.594341017757,False,False,,,0.1
1,shipped,-1,2021,5,QB,00-0036355,2.55440904709,False,False,,,0.1
1,shipped,-1,2021,5,RB,00-0035831,0.723503248315,False,False,,,0.1
1,shipped,-1,2021,6,FLEX,00-0030564,0.675804376147,False,False,,,0.1
1,shipped,-1,2021,6,QB,00-0031800,1.90340697168,False,False,,,0.1
1,shipped,-1,2021,6,RB,00-0033897,0.754589328166,False,False,,,0.1
1,shipped,-1,2021,7,FLEX,00-0035676,0.589957434703,False,False,,,0.1
1,shipped,-1,2021,7,QB,00-0029701,2.26590360733,False,False,,,0.1
1,shipped,-1,2021,7,RB,00-0035664,1.30382474119,False,False,,,0.1
1,shipped,-1,2021,8,FLEX,00-0036322,0.619925287229,False,False,,,0.1
1,shipped,-1,2021,8,QB,00-0029604,2.64971433535,False,False,,,0.1
1,shipped,-1,2021,8,RB,00-0032780,0.625113942108,False,False,,,0.1
1,shipped,-1,2021,9,FLEX,00-0033536,0.593602026078,False,False,,,0.1
1,shipped,-1,2021,9,QB,00-0036442,2.42792991635,False,False,,,0.1
1,shipped,-1,2021,9,RB,00-0036223,0.963959867517,True,False,00-0033897,0.145594689901,0.1
1,shipped,-1,2021,10,FLEX,00-0031544,0.6966420649,False,False,,,0.1
1,shipped,-1,2021,10,QB,00-0033077,3.05031551623,False,False,,,0.1
1,shipped,-1,2021,10,RB,00-0036893,0.84887062226,False,False,,,0.1
1,shipped,-1,2021,11,FLEX,00-0033090,0.641050455292,True,True,00-0031588,0.0215499200853,0.1
1,shipped,-1,2021,11,QB,00-0027939,1.72091409607,False,False,,,0.1
1,shipped,-1,2021,11,RB,00-0033897,0.934590943362,False,False,,,0.1
1,shipped,-1,2021,12,FLEX,00-0033921,0.788240309693,False,False,,,0.1
1,shipped,-1,2021,12,QB,00-0034796,2.43680775666,False,False,,,0.1
1,shipped,-1,2021,12,RB,00-0035685,0.712752411895,True,True,00-0034115,0.0074698042861,0.1
1,shipped,-1,2021,13,FLEX,00-0033921,0.786728665676,False,False,,,0.1
1,shipped,-1,2021,13,QB,00-0031280,1.99825670258,False,False,,,0.1
1,shipped,-1,2021,13,RB,00-0036328,0.683463974804,False,False,,,0.1
1,shipped,-1,2021,14,FLEX,00-0036322,0.525899004015,True,True,00-0033536,0.00615784634971,0.1
1,shipped,-1,2021,14,QB,00-0027939,1.85624867029,False,False,,,0.1
1,shipped,-1,2021,14,RB,00-0032144,0.809351972796,False,False,,,0.1
1,shipped,-1,2021,15,FLEX,00-0035719,0.901570090462,False,False,,,0.1
1,shipped,-1,2021,15,QB,00-0022924,1.85739031885,False,False,,,0.1
1,shipped,-1,2021,15,RB,00-0036360,0.751624047228,True,True,00-0035831,0.0466320653207,0.1
1,shipped,-1,2021,16,FLEX,00-0034753,0.560314322605,False,False,,,0.1
1,shipped,-1,2021,16,QB,00-0022924,1.67476857301,False,False,,,0.1
1,shipped,-1,2021,16,RB,00-0035831,0.747096779146,False,False,,,0.1
1,shipped,-1,2021,17,FLEX,00-0033090,0.571116881401,False,False,,,0.1
1,shipped,-1,2021,17,QB,00-0035289,1.96480090769,False,False,,,0.1
1,shipped,-1,2021,17,RB,00-0034115,0.843606725688,False,False,,,0.1
1,shipped,-1,2021,18,FLEX,00-0036322,0.604515745543,False,False,,,0.1
1,shipped,-1,2021,18,QB,00-0032950,1.82910877575,False,False,,,0.1
1,shipped,-1,2021,18,RB,00-0036265,0.688466441608,False,False,,,0.1
1,cal-level-pooled,-1,2022,1,FLEX,00-0030506,0.534545531004,False,False,,,0.1
1,cal-level-pooled,-1,2022,1,QB,00-0035228,1.92016257746,False,False,,,0.1
1,cal-level-pooled,-1,2022,1,RB,00-0033699,1.23516026625,False,False,,,0.1
1,cal-level-pooled,-1,2022,2,FLEX,00-0031381,0.760473543858,False,False,,,0.1
1,cal-level-pooled,-1,2022,2,QB,00-0031280,1.72574266747,False,False,,,0.1
1,cal-level-pooled,-1,2022,2,RB,00-0033553,1.15661543204,False,False,,,0.1
1,cal-level-pooled,-1,2022,3,FLEX,00-0030506,0.676195304691,False,False,,,0.1
1,cal-level-pooled,-1,2022,3,QB,00-0026498,2.59518424694,False,False,,,0.1
1,cal-level-pooled,-1,2022,3,RB,00-0033897,0.967161837769,False,False,,,0.1
1,cal-level-pooled,-1,2022,4,FLEX,00-0031544,0.552609678276,False,False,,,0.1
1,cal-level-pooled,-1,2022,4,QB,00-0019596,2.11150201008,False,False,,,0.1
1,cal-level-pooled,-1,2022,4,RB,00-0036893,0.6419226087,False,False,,,0.1
1,cal-level-pooled,-1,2022,5,FLEX,00-0031408,0.809665195979,False,False,,,0.1
1,cal-level-pooled,-1,2022,5,QB,00-0019596,2.21278721295,False,False,,,0.1
1,cal-level-pooled,-1,2022,5,RB,00-0035657,1.04838556531,False,False,,,0.1
1,cal-level-pooled,-1,2022,6,FLEX,00-0036196,0.554117276857,False,False,,,0.1
1,cal-level-pooled,-1,2022,6,QB,00-0032156,1.609654933,True,True,00-0030565,0.0406780548762,0.1
1,cal-level-pooled,-1,2022,6,RB,00-0033293,0.706999916138,False,False,,,0.1
1,cal-level-pooled,-1,2022,7,FLEX,00-0031544,0.57039305831,False,False,,,0.1
1,cal-level-pooled,-1,2022,7,QB,00-0031345,1.80440862108,False,False,,,0.1
1,cal-level-pooled,-1,2022,7,RB,00-0035700,0.736605813598,False,False,,,0.1
1,cal-level-pooled,-1,2022,8,FLEX,00-0036322,0.609294671696,False,False,,,0.1
1,cal-level-pooled,-1,2022,8,QB,00-0029567,1.72353009813,False,False,,,0.1
1,cal-level-pooled,-1,2022,8,RB,00-0033897,0.80594727787,False,False,,,0.1
1,cal-level-pooled,-1,2022,9,FLEX,00-0035640,0.46317406627,False,False,,,0.1
1,cal-level-pooled,-1,2022,9,QB,00-0036212,1.70693453818,False,False,,,0.1
1,cal-level-pooled,-1,2022,9,RB,00-0030578,0.763268098023,False,False,,,0.1
1,cal-level-pooled,-1,2022,10,FLEX,00-0036196,0.518128022454,False,False,,,0.1
1,cal-level-pooled,-1,2022,10,QB,00-0036212,1.86998397712,False,False,,,0.1
1,cal-level-pooled,-1,2022,10,RB,00-0033280,0.74749867949,False,False,,,0.1
1,cal-level-pooled,-1,2022,11,FLEX,00-0036358,0.434318062709,False,False,,,0.1
1,cal-level-pooled,-1,2022,11,QB,00-0029263,1.47750969045,False,False,,,0.1
1,cal-level-pooled,-1,2022,11,RB,00-0034844,0.612155191907,False,False,,,0.1
1,cal-level-pooled,-1,2022,12,FLEX,00-0034775,0.501240450633,False,False,,,0.1
1,cal-level-pooled,-1,2022,12,QB,00-0030565,1.73126152333,False,False,,,0.1
1,cal-level-pooled,-1,2022,12,RB,00-0035250,0.639447497388,True,True,00-0038134,0.020630739429,0.1
1,cal-level-pooled,-1,2022,13,FLEX,00-0034775,0.460619835767,False,False,,,0.1
1,cal-level-pooled,-1,2022,13,QB,00-0036971,1.41048198624,False,False,,,0.1
1,cal-level-pooled,-1,2022,13,RB,00-0033893,0.635359688437,False,False,,,0.1
1,cal-level-pooled,-1,2022,14,FLEX,00-0036963,0.46459322205,False,False,,,0.1
1,cal-level-pooled,-1,2022,14,QB,00-0033106,1.47994983135,False,False,,,0.1
1,cal-level-pooled,-1,2022,14,RB,00-0033045,0.910772500494,False,False,,,0.1
1,cal-level-pooled,-1,2022,15,FLEX,00-0033536,0.471003763043,False,False,,,0.1
1,cal-level-pooled,-1,2022,15,QB,00-0027973,1.33624890552,False,False,,,0.1
1,cal-level-pooled,-1,2022,15,RB,00-0035243,0.716223972305,False,False,,,0.1
1,cal-level-pooled,-1,2022,16,FLEX,00-0035640,0.518854879101,True,True,00-0033040,0.00302123867551,0.1
1,cal-level-pooled,-1,2022,16,QB,00-0026300,1.39975417187,True,True,00-0029567,0.000615958361668,0.1
1,cal-level-pooled,-1,2022,16,RB,00-0035261,0.565805751534,True,True,00-0033856,0.0881065913719,0.1
1,cal-level-pooled,-1,2022,17,FLEX,00-0036358,0.497636891448,True,True,00-0036613,0.0769124927213,0.1
1,cal-level-pooled,-1,2022,17,QB,00-0036929,1.35616217123,False,False,,,0.1
1,cal-level-pooled,-1,2022,17,RB,00-0033856,0.529545990326,False,False,,,0.1
1,cal-level-pooled,-1,2022,18,FLEX,00-0033288,0.630405199962,False,False,,,0.1
1,cal-level-pooled,-1,2022,18,QB,00-0026300,1.42579459472,False,False,,,0.1
1,cal-level-pooled,-1,2022,18,RB,00-0035243,0.578275719372,False,False,,,0.1
1,cal-level-position,-1,2022,1,FLEX,00-0030035,0.588221680176,False,False,,,0.1
1,cal-level-position,-1,2022,1,QB,00-0035228,1.86830505016,False,False,,,0.1
1,cal-level-position,-1,2022,1,RB,00-0033699,1.25811347036,False,False,,,0.1
1,cal-level-position,-1,2022,2,FLEX,00-0031381,0.812646235926,False,False,,,0.1
1,cal-level-position,-1,2022,2,QB,00-0031280,1.67913580796,False,False,,,0.1
1,cal-level-position,-1,2022,2,RB,00-0033553,1.17810902346,False,False,,,0.1
1,cal-level-position,-1,2022,3,FLEX,00-0030506,0.625725707135,False,False,,,0.1
1,cal-level-position,-1,2022,3,QB,00-0026498,2.52509651608,False,False,,,0.1
1,cal-level-position,-1,2022,3,RB,00-0033897,0.985134779161,False,False,,,0.1
1,cal-level-position,-1,2022,4,FLEX,00-0031544,0.590521759257,False,False,,,0.1
1,cal-level-position,-1,2022,4,QB,00-0019596,2.05447700897,False,False,,,0.1
1,cal-level-position,-1,2022,4,RB,00-0036893,0.653851571335,False,False,,,0.1
1,cal-level-position,-1,2022,5,FLEX,00-0031408,0.865212707512,False,False,,,0.1
1,cal-level-position,-1,2022,5,QB,00-0019596,2.15302681836,False,False,,,0.1
1,cal-level-position,-1,2022,5,RB,00-0035657,1.06786790176,False,False,,,0.1
1,cal-level-position,-1,2022,6,FLEX,00-0036196,0.592132787441,False,False,,,0.1
1,cal-level-position,-1,2022,6,QB,00-0032156,1.56618323659,True,True,00-0030565,0.0395794690762,0.1
1,cal-level-position,-1,2022,6,RB,00-0033293,0.720138222015,False,False,,,0.1
1,cal-level-position,-1,2022,7,FLEX,00-0031544,0.60952517754,False,False,,,0.1
1,cal-level-position,-1,2022,7,QB,00-0031345,1.75567724259,False,False,,,0.1
1,cal-level-position,-1,2022,7,RB,00-0035700,0.750294291162,False,False,,,0.1
1,cal-level-position,-1,2022,8,FLEX,00-0036322,0.651095656808,False,False,,,0.1
1,cal-level-position,-1,2022,8,QB,00-0029567,1.67698299313,False,False,,,0.1
1,cal-level-position,-1,2022,8,RB,00-0033897,0.820924340265,False,False,,,0.1
1,cal-level-position,-1,2022,9,FLEX,00-0035640,0.494950369507,False,False,,,0.1
1,cal-level-position,-1,2022,9,QB,00-0036212,1.66083562685,False,False,,,0.1
1,cal-level-position,-1,2022,9,RB,00-0030578,0.777452045587,False,False,,,0.1
1,cal-level-position,-1,2022,10,FLEX,00-0036196,0.553674471092,False,False,,,0.1
1,cal-level-position,-1,2022,10,QB,00-0036212,1.81948161535,False,False,,,0.1
1,cal-level-position,-1,2022,10,RB,00-0033280,0.761389581129,False,False,,,0.1
1,cal-level-position,-1,2022,11,FLEX,00-0036358,0.464114684469,False,False,,,0.1
1,cal-level-position,-1,2022,11,QB,00-0029263,1.43760681972,False,False,,,0.1
1,cal-level-position,-1,2022,11,RB,00-0034844,0.623530981312,False,False,,,0.1
1,cal-level-position,-1,2022,12,FLEX,00-0034775,0.535628318422,False,False,,,0.1
1,cal-level-position,-1,2022,12,QB,00-0030565,1.68450561695,False,False,,,0.1
1,cal-level-position,-1,2022,12,RB,00-0035250,0.651330464587,True,True,00-0038134,0.0210141241493,0.1
1,cal-level-position,-1,2022,13,FLEX,00-0034775,0.492220904661,False,False,,,0.1
1,cal-level-position,-1,2022,13,QB,00-0036971,1.37238932213,False,False,,,0.1
1,cal-level-position,-1,2022,13,RB,00-0033893,0.64716669115,False,False,,,0.1
1,cal-level-position,-1,2022,14,FLEX,00-0036963,0.496466887225,False,False,,,0.1
1,cal-level-position,-1,2022,14,QB,00-0033106,1.43998106012,False,False,,,0.1
1,cal-level-position,-1,2022,14,RB,00-0033045,0.927697548747,False,False,,,0.1
1,cal-level-position,-1,2022,15,FLEX,00-0033536,0.503317226793,False,False,,,0.1
1,cal-level-position,-1,2022,15,QB,00-0027973,1.30016104249,False,False,,,0.1
1,cal-level-position,-1,2022,15,RB,00-0035243,0.729533690467,False,False,,,0.1
1,cal-level-position,-1,2022,16,FLEX,00-0035640,0.554451194126,True,True,00-0033040,0.00322851236222,0.1
1,cal-level-position,-1,2022,16,QB,00-0026300,1.36195123215,True,True,00-0029567,0.000599323271532,0.1
1,cal-level-position,-1,2022,16,RB,00-0035261,0.576320221,True,True,00-0033856,0.0897438919158,0.1
1,cal-level-position,-1,2022,17,FLEX,00-0036358,0.531777535142,True,True,00-0036613,0.0821891152039,0.1
1,cal-level-position,-1,2022,17,QB,00-0036929,1.31953651378,False,False,,,0.1
1,cal-level-position,-1,2022,17,RB,00-0033856,0.539386638165,False,False,,,0.1
1,cal-level-position,-1,2022,18,FLEX,00-0033288,0.583353266122,False,False,,,0.1
1,cal-level-position,-1,2022,18,QB,00-0026300,1.38728838541,False,False,,,0.1
1,cal-level-position,-1,2022,18,RB,00-0035243,0.58902192048,False,False,,,0.1
1,cal-logaffine-pooled,-1,2022,1,FLEX,00-0030506,0.520558031239,False,False,,,0.1
1,cal-logaffine-pooled,-1,2022,1,QB,00-0035228,1.48451996521,False,False,,,0.1
1,cal-logaffine-pooled,-1,2022,1,RB,00-0033699,1.03408473481,False,False,,,0.1
1,cal-logaffine-pooled,-1,2022,2,FLEX,00-0031381,0.694921032076,False,False,,,0.1
1,cal-logaffine-pooled,-1,2022,2,QB,00-0031280,1.36016628866,False,False,,,0.1
1,cal-logaffine-pooled,-1,2022,2,RB,00-0033553,0.979877970149,False,False,,,0.1
1,cal-logaffine-pooled,-1,2022,3,FLEX,00-0030506,0.631147271,False,False,,,0.1
1,cal-logaffine-pooled,-1,2022,3,QB,00-0026498,1.90021408676,False,False,,,0.1
1,cal-logaffine-pooled,-1,2022,3,RB,00-0033897,0.84626133197,False,False,,,0.1
1,cal-logaffine-pooled,-1,2022,4,FLEX,00-0031544,0.534930996062,False,False,,,0.1
1,cal-logaffine-pooled,-1,2022,4,QB,00-0019596,1.60469923482,False,False,,,0.1
1,cal-logaffine-pooled,-1,2022,4,RB,00-0036893,0.604809261506,False,False,,,0.1
1,cal-logaffine-pooled,-1,2022,5,FLEX,00-0031408,0.731549301429,False,False,,,0.1
1,cal-logaffine-pooled,-1,2022,5,QB,00-0019596,1.66751264477,False,False,,,0.1
1,cal-logaffine-pooled,-1,2022,5,RB,00-0035657,0.904076613905,False,False,,,0.1
1,cal-logaffine-pooled,-1,2022,6,FLEX,00-0036196,0.536126667273,False,False,,,0.1
1,cal-logaffine-pooled,-1,2022,6,QB,00-0032156,1.28471678117,True,True,00-0030565,0.0282989799692,0.1
1,cal-logaffine-pooled,-1,2022,6,RB,00-0033293,0.654614947754,False,False,,,0.1
1,cal-logaffine-pooled,-1,2022,7,FLEX,00-0031544,0.5489979423,False,False,,,0.1
1,cal-logaffine-pooled,-1,2022,7,QB,00-0031345,1.41077176545,False,False,,,0.1
1,cal-logaffine-pooled,-1,2022,7,RB,00-0035700,0.676996004524,False,False,,,0.1
1,cal-logaffine-pooled,-1,2022,8,FLEX,00-0036322,0.579498375669,False,False,,,0.1
1,cal-logaffine-pooled,-1,2022,8,QB,00-0029567,1.35873701059,False,False,,,0.1
1,cal-logaffine-pooled,-1,2022,8,RB,00-0033897,0.728795251509,False,False,,,0.1
1,cal-logaffine-pooled,-1,2022,9,FLEX,00-0035640,0.462873739427,False,False,,,0.1
1,cal-logaffine-pooled,-1,2022,9,QB,00-0036212,1.34800599813,False,False,,,0.1
1,cal-logaffine-pooled,-1,2022,9,RB,00-0030578,0.697013089665,False,False,,,0.1
1,cal-logaffine-pooled,-1,2022,10,FLEX,00-0036196,0.507419036792,False,False,,,0.1
1,cal-logaffine-pooled,-1,2022,10,QB,00-0036212,1.45265203541,False,False,,,0.1
1,cal-logaffine-pooled,-1,2022,10,RB,00-0033280,0.685189516576,False,False,,,0.1
1,cal-logaffine-pooled,-1,2022,11,FLEX,00-0036358,0.439105082954,False,False,,,0.1
1,cal-logaffine-pooled,-1,2022,11,QB,00-0029263,1.19762172597,False,False,,,0.1
1,cal-logaffine-pooled,-1,2022,11,RB,00-0034844,0.581727014834,False,False,,,0.1
1,cal-logaffine-pooled,-1,2022,12,FLEX,00-0034775,0.493825180322,False,False,,,0.1
1,cal-logaffine-pooled,-1,2022,12,QB,00-0030565,1.36372992535,False,False,,,0.1
1,cal-logaffine-pooled,-1,2022,12,RB,00-0035250,0.602897492491,True,True,00-0038134,0.015987698132,0.1
1,cal-logaffine-pooled,-1,2022,13,FLEX,00-0034775,0.460780839101,False,False,,,0.1
1,cal-logaffine-pooled,-1,2022,13,QB,00-0036971,1.15291178807,False,False,,,0.1
1,cal-logaffine-pooled,-1,2022,13,RB,00-0033893,0.599737151925,False,False,,,0.1
1,cal-logaffine-pooled,-1,2022,14,FLEX,00-0036963,0.46403567492,False,False,,,0.1
1,cal-logaffine-pooled,-1,2022,14,QB,00-0033106,1.19924239055,False,False,,,0.1
1,cal-logaffine-pooled,-1,2022,14,RB,00-0033045,0.805608675479,False,False,,,0.1
1,cal-logaffine-pooled,-1,2022,15,FLEX,00-0033536,0.469276366091,False,False,,,0.1
1,cal-logaffine-pooled,-1,2022,15,QB,00-0027973,1.10294502309,False,False,,,0.1
1,cal-logaffine-pooled,-1,2022,15,RB,00-0035243,0.661605847241,False,False,,,0.1
1,cal-logaffine-pooled,-1,2022,16,FLEX,00-0035640,0.508002316792,True,True,00-0033040,0.00480926147983,0.1
1,cal-logaffine-pooled,-1,2022,16,QB,00-0026300,1.14572073867,True,True,00-0029567,0.000413189434126,0.1
1,cal-logaffine-pooled,-1,2022,16,RB,00-0035261,0.545376980349,True,True,00-0033856,0.0706407751243,0.1
1,cal-logaffine-pooled,-1,2022,17,FLEX,00-0036358,0.490913827388,True,True,00-0036613,0.0631038684272,0.1
1,cal-logaffine-pooled,-1,2022,17,QB,00-0036929,1.116396858,False,False,,,0.1
1,cal-logaffine-pooled,-1,2022,17,RB,00-0033856,0.5165646946,False,False,,,0.1
1,cal-logaffine-pooled,-1,2022,18,FLEX,00-0033288,0.595901844539,False,False,,,0.1
1,cal-logaffine-pooled,-1,2022,18,QB,00-0026300,1.16315904017,False,False,,,0.1
1,cal-logaffine-pooled,-1,2022,18,RB,00-0035243,0.55520783203,False,False,,,0.1
1,cal-logaffine-position,-1,2022,1,FLEX,00-0030035,0.464242904551,False,False,,,0.1
1,cal-logaffine-position,-1,2022,1,QB,00-0035228,1.54827961951,False,False,,,0.1
1,cal-logaffine-position,-1,2022,1,RB,00-0033699,0.877695910275,False,False,,,0.1
1,cal-logaffine-position,-1,2022,2,FLEX,00-0031381,0.590596490965,False,False,,,0.1
1,cal-logaffine-position,-1,2022,2,QB,00-0031280,1.44320950553,False,False,,,0.1
1,cal-logaffine-position,-1,2022,2,RB,00-0033553,0.835164645434,False,False,,,0.1
1,cal-logaffine-position,-1,2022,3,FLEX,00-0030506,0.445836661258,False,False,,,0.1
1,cal-logaffine-position,-1,2022,3,QB,00-0026498,1.88788150323,False,False,,,0.1
1,cal-logaffine-position,-1,2022,3,RB,00-0033897,0.729522237587,False,False,,,0.1
1,cal-logaffine-position,-1,2022,4,FLEX,00-0031544,0.465594328016,False,False,,,0.1
1,cal-logaffine-position,-1,2022,4,QB,00-0019596,1.64818712394,False,False,,,0.1
1,cal-logaffine-position,-1,2022,4,RB,00-0036893,0.535128339501,False,False,,,0.1
1,cal-logaffine-position,-1,2022,5,FLEX,00-0031408,0.618822817221,False,False,,,0.1
1,cal-logaffine-position,-1,2022,5,QB,00-0019596,1.69981508185,False,False,,,0.1
1,cal-logaffine-position,-1,2022,5,RB,00-0035657,0.775380904476,False,False,,,0.1
1,cal-logaffine-position,-1,2022,6,FLEX,00-0036196,0.466540096195,False,False,,,0.1
1,cal-logaffine-position,-1,2022,6,QB,00-0032156,1.37854291394,True,True,00-0030565,0.0257126636502,0.1
1,cal-logaffine-position,-1,2022,6,RB,00-0033293,0.575654784244,False,False,,,0.1
1,cal-logaffine-position,-1,2022,7,FLEX,00-0031544,0.476709117364,False,False,,,0.1
1,cal-logaffine-position,-1,2022,7,QB,00-0031345,1.48618642081,False,False,,,0.1
1,cal-logaffine-position,-1,2022,7,RB,00-0035700,0.593787239696,False,False,,,0.1
1,cal-logaffine-position,-1,2022,8,FLEX,00-0036322,0.500720487867,False,False,,,0.1
1,cal-logaffine-position,-1,2022,8,QB,00-0029567,1.44199116598,False,False,,,0.1
1,cal-logaffine-position,-1,2022,8,RB,00-0033897,0.635578115264,False,False,,,0.1
1,cal-logaffine-position,-1,2022,9,FLEX,00-0035640,0.408223422452,False,False,,,0.1
1,cal-logaffine-position,-1,2022,9,QB,00-0036212,1.43283580387,False,False,,,0.1
1,cal-logaffine-position,-1,2022,9,RB,00-0030578,0.609965117736,False,False,,,0.1
1,cal-logaffine-position,-1,2022,10,FLEX,00-0036196,0.443778355206,False,False,,,0.1
1,cal-logaffine-position,-1,2022,10,QB,00-0036212,1.52152427889,False,False,,,0.1
1,cal-logaffine-position,-1,2022,10,RB,00-0033280,0.600413685038,False,False,,,0.1
1,cal-logaffine-position,-1,2022,11,FLEX,00-0036358,0.389125703275,False,False,,,0.1
1,cal-logaffine-position,-1,2022,11,QB,00-0029263,1.30295666397,False,False,,,0.1
1,cal-logaffine-position,-1,2022,11,RB,00-0034844,0.516259859422,False,False,,,0.1
1,cal-logaffine-position,-1,2022,12,FLEX,00-0034775,0.432959427386,False,False,,,0.1
1,cal-logaffine-position,-1,2022,12,QB,00-0030565,1.44624611061,False,False,,,0.1
1,cal-logaffine-position,-1,2022,12,RB,00-0035250,0.533567720876,True,True,00-0038134,0.0130662489827,0.1
1,cal-logaffine-position,-1,2022,13,FLEX,00-0034775,0.406545465849,False,False,,,0.1
1,cal-logaffine-position,-1,2022,13,QB,00-0036971,1.2637373821,False,False,,,0.1
1,cal-logaffine-position,-1,2022,13,RB,00-0033893,0.530987024429,False,False,,,0.1
1,cal-logaffine-position,-1,2022,14,FLEX,00-0036963,0.409154691071,False,False,,,0.1
1,cal-logaffine-position,-1,2022,14,QB,00-0033106,1.3043728327,False,False,,,0.1
1,cal-logaffine-position,-1,2022,14,RB,00-0033045,0.697132049332,False,False,,,0.1
1,cal-logaffine-position,-1,2022,15,FLEX,00-0033536,0.413352371071,False,False,,,0.1
1,cal-logaffine-position,-1,2022,15,QB,00-0027973,1.21955070538,False,False,,,0.1
1,cal-logaffine-position,-1,2022,15,RB,00-0035243,0.581323684227,False,False,,,0.1
1,cal-logaffine-position,-1,2022,16,FLEX,00-0035640,0.444241973868,True,True,00-0033040,0.0046102554325,0.1
1,cal-logaffine-position,-1,2022,16,QB,00-0026300,1.2574017584,True,True,00-0029567,0.000364274890948,0.1
1,cal-logaffine-position,-1,2022,16,RB,00-0035261,0.486426845388,True,True,00-0033856,0.0584288388092,0.1
1,cal-logaffine-position,-1,2022,17,FLEX,00-0036358,0.430638866805,True,True,00-0036613,0.0506213757303,0.1
1,cal-logaffine-position,-1,2022,17,QB,00-0036929,1.23148448701,False,False,,,0.1
1,cal-logaffine-position,-1,2022,17,RB,00-0033856,0.462670891937,False,False,,,0.1
1,cal-logaffine-position,-1,2022,18,FLEX,00-0033288,0.423138969129,False,False,,,0.1
1,cal-logaffine-position,-1,2022,18,QB,00-0026300,1.27275224265,False,False,,,0.1
1,cal-logaffine-position,-1,2022,18,RB,00-0035243,0.49450996454,False,False,,,0.1
1,shipped,-1,2022,1,FLEX,00-0030506,0.595027978389,False,False,,,0.1
1,shipped,-1,2022,1,QB,00-0035228,2.13742401793,False,False,,,0.1
1,shipped,-1,2022,1,RB,00-0033699,1.37491546292,False,False,,,0.1
1,shipped,-1,2022,2,FLEX,00-0031381,0.846519162868,False,False,,,0.1
1,shipped,-1,2022,2,QB,00-0031280,1.92100599684,False,False,,,0.1
1,shipped,-1,2022,2,RB,00-0033553,1.28748348342,False,False,,,0.1
1,shipped,-1,2022,3,FLEX,00-0030506,0.752705058428,False,False,,,0.1
1,shipped,-1,2022,3,QB,00-0026498,2.88882264735,False,False,,,0.1
1,shipped,-1,2022,3,RB,00-0033897,1.07659370386,False,False,,,0.1
1,shipped,-1,2022,4,FLEX,00-0031544,0.615136037309,False,False,,,0.1
1,shipped,-1,2022,4,QB,00-0019596,2.35041301359,False,False,,,0.1
1,shipped,-1,2022,4,RB,00-0036893,0.71455449533,False,False,,,0.1
1,shipped,-1,2022,5,FLEX,00-0031408,0.901276723482,False,False,,,0.1
1,shipped,-1,2022,5,QB,00-0019596,2.46315837577,False,False,,,0.1
1,shipped,-1,2022,5,RB,00-0035657,1.16700768656,False,False,,,0.1
1,shipped,-1,2022,6,FLEX,00-0036196,0.616814216779,False,False,,,0.1
1,shipped,-1,2022,6,QB,00-0032156,1.79178323479,True,True,00-0030565,0.0452806718117,0.1
1,shipped,-1,2022,6,RB,00-0033293,0.786995132166,False,False,,,0.1
1,shipped,-1,2022,7,FLEX,00-0031544,0.634931560902,False,False,,,0.1
1,shipped,-1,2022,7,QB,00-0031345,2.00857280009,False,False,,,0.1
1,shipped,-1,2022,7,RB,00-0035700,0.819950860522,False,False,,,0.1
1,shipped,-1,2022,8,FLEX,00-0036322,0.678234791453,False,False,,,0.1
1,shipped,-1,2022,8,QB,00-0029567,1.91854308099,False,False,,,0.1
1,shipped,-1,2022,8,RB,00-0033897,0.897138132534,False,False,,,0.1
1,shipped,-1,2022,9,FLEX,00-0035640,0.515581016602,False,False,,,0.1
1,shipped,-1,2022,9,QB,00-0036212,1.90006977627,False,False,,,0.1
1,shipped,-1,2022,9,RB,00-0030578,0.849629913626,False,False,,,0.1
1,shipped,-1,2022,10,FLEX,00-0036196,0.576752871114,False,False,,,0.1
1,shipped,-1,2022,10,QB,00-0036212,2.08156783845,False,False,,,0.1
1,shipped,-1,2022,10,RB,00-0033280,0.83207622608,False,False,,,0.1
1,shipped,-1,2022,11,FLEX,00-0036358,0.483460030703,False,False,,,0.1
1,shipped,-1,2022,11,QB,00-0029263,1.64468609907,False,False,,,0.1
1,shipped,-1,2022,11,RB,00-0034844,0.681418972144,False,False,,,0.1
1,shipped,-1,2022,12,FLEX,00-0034775,0.557954514122,False,False,,,0.1
1,shipped,-1,2022,12,QB,00-0030565,1.927149297,False,False,,,0.1
1,shipped,-1,2022,12,RB,00-0035250,0.71179933156,True,True,00-0038134,0.0229650543557,0.1
1,shipped,-1,2022,13,FLEX,00-0034775,0.512737781509,False,False,,,0.1
1,shipped,-1,2022,13,QB,00-0036971,1.5700743831,False,False,,,0.1
1,shipped,-1,2022,13,RB,00-0033893,0.707248997575,False,False,,,0.1
1,shipped,-1,2022,14,FLEX,00-0036963,0.517160746196,False,False,,,0.1
1,shipped,-1,2022,14,QB,00-0033106,1.64740233561,False,False,,,0.1
1,shipped,-1,2022,14,RB,00-0033045,1.01382405859,False,False,,,0.1
1,shipped,-1,2022,15,FLEX,00-0033536,0.52429662336,False,False,,,0.1
1,shipped,-1,2022,15,QB,00-0027973,1.48744202085,False,False,,,0.1
1,shipped,-1,2022,15,RB,00-0035243,0.797262866484,False,False,,,0.1
1,shipped,-1,2022,16,FLEX,00-0035640,0.577561969715,True,True,00-0033040,0.00336308403504,0.1
1,shipped,-1,2022,16,QB,00-0026300,1.55813274422,True,True,00-0029567,0.000685652460749,0.1
1,shipped,-1,2022,16,RB,00-0035261,0.629825212202,True,True,00-0033856,0.0980756248179,0.1
1,shipped,-1,2022,17,FLEX,00-0036358,0.553943221514,True,True,00-0036613,0.0856149427924,0.1
1,shipped,-1,2022,17,QB,00-0036929,1.5096084212,False,False,,,0.1
1,shipped,-1,2022,17,RB,00-0033856,0.589462752586,False,False,,,0.1
1,shipped,-1,2022,18,FLEX,00-0033288,0.701733921514,False,False,,,0.1
1,shipped,-1,2022,18,QB,00-0026300,1.5871195737,False,False,,,0.1
1,shipped,-1,2022,18,RB,00-0035243,0.643706124721,False,False,,,0.1
1,cal-level-pooled,-1,2023,1,FLEX,00-0035676,0.555543688392,False,False,,,0.1
1,cal-level-pooled,-1,2023,1,QB,00-0033873,2.43608544115,True,False,00-0031800,0.206495292261,0.1
1,cal-level-pooled,-1,2023,1,RB,00-0036158,0.514515071595,False,False,,,0.1
1,cal-level-pooled,-1,2023,2,FLEX,00-0033891,0.475808072481,False,False,,,0.1
1,cal-level-pooled,-1,2023,2,QB,00-0036971,2.12156218063,False,False,,,0.1
1,cal-level-pooled,-1,2023,2,RB,00-0034844,0.518063034156,False,False,,,0.1
1,cal-level-pooled,-1,2023,3,FLEX,00-0036912,0.508896804622,False,False,,,0.1
1,cal-level-pooled,-1,2023,3,QB,00-0033077,1.80323264846,False,False,,,0.1
1,cal-level-pooled,-1,2023,3,RB,00-0035261,0.934472799769,False,False,,,0.1
1,cal-level-pooled,-1,2023,4,FLEX,00-0030279,0.669113288149,False,False,,,0.1
1,cal-level-pooled,-1,2023,4,QB,00-0037834,1.87679676027,False,False,,,0.1
1,cal-level-pooled,-1,2023,4,RB,00-0033280,1.12175628935,False,False,,,0.1
1,cal-level-pooled,-1,2023,5,FLEX,00-0033908,0.622657265597,False,False,,,0.1
1,cal-level-pooled,-1,2023,5,QB,00-0036442,1.70511513737,False,False,,,0.1
1,cal-level-pooled,-1,2023,5,RB,00-0037746,0.701931827483,True,True,00-0033897,0.0323058934626,0.1
1,cal-level-pooled,-1,2023,6,FLEX,00-0036900,0.616480246247,False,False,,,0.1
1,cal-level-pooled,-1,2023,6,QB,00-0029263,1.65195749311,True,True,00-0033077,0.0719673393145,0.1
1,cal-level-pooled,-1,2023,6,RB,00-0037840,0.783820797967,False,False,,,0.1
1,cal-level-pooled,-1,2023,7,FLEX,00-0036613,0.441235973416,False,False,,,0.1
1,cal-level-pooled,-1,2023,7,QB,00-0034796,1.6487016011,False,False,,,0.1
1,cal-level-pooled,-1,2023,7,RB,00-0038134,1.15116197339,False,False,,,0.1
1,cal-level-pooled,-1,2023,8,FLEX,00-0034960,0.493282172405,False,False,,,0.1
1,cal-level-pooled,-1,2023,8,QB,00-0034796,1.85494579886,False,False,,,0.1
1,cal-level-pooled,-1,2023,8,RB,00-0037197,0.661764301703,False,False,,,0.1
1,cal-level-pooled,-1,2023,9,FLEX,00-0038994,0.505920430149,False,False,,,0.1
1,cal-level-pooled,-1,2023,9,QB,00-0031280,1.35052750576,False,False,,,0.1
1,cal-level-pooled,-1,2023,9,RB,00-0034184,0.569965672898,False,False,,,0.1
1,cal-level-pooled,-1,2023,10,FLEX,00-0032211,0.420069761333,False,False,,,0.1
1,cal-level-pooled,-1,2023,10,QB,00-0030565,1.60428880103,False,False,,,0.1
1,cal-level-pooled,-1,2023,10,RB,00-0034184,0.59348868781,False,False,,,0.1
1,cal-level-pooled,-1,2023,11,FLEX,00-0036963,0.504052364646,False,False,,,0.1
1,cal-level-pooled,-1,2023,11,QB,00-0036264,1.37453276668,False,False,,,0.1
1,cal-level-pooled,-1,2023,11,RB,00-0039040,0.725475780451,False,False,,,0.1
1,cal-level-pooled,-1,2023,12,FLEX,00-0036196,0.535327687884,False,False,,,0.1
1,cal-level-pooled,-1,2023,12,QB,00-0036264,1.3573854483,True,True,00-0033949,0.0426359872222,0.1
1,cal-level-pooled,-1,2023,12,RB,00-0034184,0.74698196432,False,False,,,0.1
1,cal-level-pooled,-1,2023,13,FLEX,00-0036261,0.621524412721,False,False,,,0.1
1,cal-level-pooled,-1,2023,13,QB,00-0036212,2.53650574938,False,False,,,0.1
1,cal-level-pooled,-1,2023,13,RB,00-0036893,0.554915129459,False,False,,,0.1
1,cal-level-pooled,-1,2023,14,FLEX,00-0038041,0.509216740403,False,False,,,0.1
1,cal-level-pooled,-1,2023,14,QB,00-0031800,1.26998651517,False,False,,,0.1
1,cal-level-pooled,-1,2023,14,RB,00-0033897,0.69875735664,False,False,,,0.1
1,cal-level-pooled,-1,2023,15,FLEX,00-0035640,0.636317207074,False,False,,,0.1
1,cal-level-pooled,-1,2023,15,QB,00-0026498,1.71166823332,False,False,,,0.1
1,cal-level-pooled,-1,2023,15,RB,00-0036275,0.580445810798,False,False,,,0.1
1,cal-level-pooled,-1,2023,16,FLEX,00-0031408,0.622341388119,False,False,,,0.1
1,cal-level-pooled,-1,2023,16,QB,00-0034855,1.42458613407,False,False,,,0.1
1,cal-level-pooled,-1,2023,16,RB,00-0033293,0.474838742039,False,False,,,0.1
1,cal-level-pooled,-1,2023,17,FLEX,00-0036196,0.440056523465,False,False,,,0.1
1,cal-level-pooled,-1,2023,17,QB,00-0030565,1.32317294268,False,False,,,0.1
1,cal-level-pooled,-1,2023,17,RB,00-0036973,0.77567671659,False,False,,,0.1
1,cal-level-pooled,-1,2023,18,FLEX,00-0039065,0.470701244863,False,False,,,0.1
1,cal-level-pooled,-1,2023,18,QB,00-0036264,1.73935020917,False,False,,,0.1
1,cal-level-pooled,-1,2023,18,RB,00-0033553,0.661332566249,False,False,,,0.1
1,cal-level-position,-1,2023,1,FLEX,00-0035676,0.591608989887,False,False,,,0.1
1,cal-level-position,-1,2023,1,QB,00-0033873,2.37271942332,True,False,00-0031800,0.201124058499,0.1
1,cal-level-position,-1,2023,1,RB,00-0036158,0.522249382586,False,False,,,0.1
1,cal-level-position,-1,2023,2,FLEX,00-0033891,0.506697023155,False,False,,,0.1
1,cal-level-position,-1,2023,2,QB,00-0036971,2.06637735637,False,False,,,0.1
1,cal-level-position,-1,2023,2,RB,00-0034844,0.525850678952,False,False,,,0.1
1,cal-level-position,-1,2023,3,FLEX,00-0036912,0.541933840362,False,False,,,0.1
1,cal-level-position,-1,2023,3,QB,00-0033077,1.75632802426,False,False,,,0.1
1,cal-level-position,-1,2023,3,RB,00-0035261,0.948520013632,False,False,,,0.1
1,cal-level-position,-1,2023,4,FLEX,00-0030279,0.712551406475,False,False,,,0.1
1,cal-level-position,-1,2023,4,QB,00-0037834,1.82797862977,False,False,,,0.1
1,cal-level-position,-1,2023,4,RB,00-0033280,1.13861879246,False,False,,,0.1
1,cal-level-position,-1,2023,5,FLEX,00-0033908,0.663079508674,False,False,,,0.1
1,cal-level-position,-1,2023,5,QB,00-0036442,1.660762688,False,False,,,0.1
1,cal-level-position,-1,2023,5,RB,00-0037746,0.712483431019,True,True,00-0033897,0.0327915232152,0.1
1,cal-level-position,-1,2023,6,FLEX,00-0036900,0.65650148384,False,False,,,0.1
1,cal-level-position,-1,2023,6,QB,00-0029263,1.60898774903,True,True,00-0033077,0.0700953673267,0.1
1,cal-level-position,-1,2023,6,RB,00-0037840,0.795603375675,False,False,,,0.1
1,cal-level-position,-1,2023,7,FLEX,00-0036613,0.469880540431,False,False,,,0.1
1,cal-level-position,-1,2023,7,QB,00-0034796,1.60581654737,False,False,,,0.1
1,cal-level-position,-1,2023,7,RB,00-0038134,1.16846650963,False,False,,,0.1
1,cal-level-position,-1,2023,8,FLEX,00-0034960,0.525305522938,False,False,,,0.1
1,cal-level-position,-1,2023,8,QB,00-0034796,1.80669604269,False,False,,,0.1
1,cal-level-position,-1,2023,8,RB,00-0037197,0.671712097589,False,False,,,0.1
1,cal-level-position,-1,2023,9,FLEX,00-0038994,0.538764242845,False,False,,,0.1
1,cal-level-position,-1,2023,9,QB,00-0031280,1.31539838075,False,False,,,0.1
1,cal-level-position,-1,2023,9,RB,00-0034184,0.578533530308,False,False,,,0.1
1,cal-level-position,-1,2023,10,FLEX,00-0032211,0.447340240519,False,False,,,0.1
1,cal-level-position,-1,2023,10,QB,00-0030565,1.56255898686,False,False,,,0.1
1,cal-level-position,-1,2023,10,RB,00-0034184,0.602410148686,False,False,,,0.1
1,cal-level-position,-1,2023,11,FLEX,00-0036963,0.53677490453,False,False,,,0.1
1,cal-level-position,-1,2023,11,QB,00-0036264,1.33877923098,False,False,,,0.1
1,cal-level-position,-1,2023,11,RB,00-0039040,0.736381302199,False,False,,,0.1
1,cal-level-position,-1,2023,12,FLEX,00-0036196,0.570080588269,False,False,,,0.1
1,cal-level-position,-1,2023,12,QB,00-0036264,1.32207793853,True,True,00-0033949,0.0415269650669,0.1
1,cal-level-position,-1,2023,12,RB,00-0034184,0.758210772058,False,False,,,0.1
1,cal-level-position,-1,2023,13,FLEX,00-0036261,0.661873112202,False,False,,,0.1
1,cal-level-position,-1,2023,13,QB,00-0036212,2.47052765772,False,False,,,0.1
1,cal-level-position,-1,2023,13,RB,00-0036893,0.563256743578,False,False,,,0.1
1,cal-level-position,-1,2023,14,FLEX,00-0034348,0.519221001997,False,False,,,0.1
1,cal-level-position,-1,2023,14,QB,00-0031800,1.23695237491,False,False,,,0.1
1,cal-level-position,-1,2023,14,RB,00-0033897,0.709261240787,False,False,,,0.1
1,cal-level-position,-1,2023,15,FLEX,00-0035640,0.677626238927,False,False,,,0.1
1,cal-level-position,-1,2023,15,QB,00-0026498,1.66714532868,False,False,,,0.1
1,cal-level-position,-1,2023,15,RB,00-0036275,0.589171208094,False,False,,,0.1
1,cal-level-position,-1,2023,16,FLEX,00-0031408,0.662743124768,False,False,,,0.1
1,cal-level-position,-1,2023,16,QB,00-0034855,1.3875306397,False,False,,,0.1
1,cal-level-position,-1,2023,16,RB,00-0033293,0.481976629157,False,False,,,0.1
1,cal-level-position,-1,2023,17,FLEX,00-0036196,0.468624521851,False,False,,,0.1
1,cal-level-position,-1,2023,17,QB,00-0030565,1.28875534843,False,False,,,0.1
1,cal-level-position,-1,2023,17,RB,00-0036973,0.787336870561,False,False,,,0.1
1,cal-level-position,-1,2023,18,FLEX,00-0036196,0.457530951123,False,False,,,0.1
1,cal-level-position,-1,2023,18,QB,00-0036264,1.6941072573,False,False,,,0.1
1,cal-level-position,-1,2023,18,RB,00-0033553,0.671273872187,False,False,,,0.1
1,cal-logaffine-pooled,-1,2023,1,FLEX,00-0035676,0.536502163731,False,False,,,0.1
1,cal-logaffine-pooled,-1,2023,1,QB,00-0033873,1.80802601365,True,False,00-0031800,0.131550848086,0.1
1,cal-logaffine-pooled,-1,2023,1,RB,00-0036158,0.503716246068,False,False,,,0.1
1,cal-logaffine-pooled,-1,2023,2,FLEX,00-0033891,0.472355906298,False,False,,,0.1
1,cal-logaffine-pooled,-1,2023,2,QB,00-0036971,1.61384187926,False,False,,,0.1
1,cal-logaffine-pooled,-1,2023,2,RB,00-0034844,0.506569334916,False,False,,,0.1
1,cal-logaffine-pooled,-1,2023,3,FLEX,00-0036912,0.499191141319,False,False,,,0.1
1,cal-logaffine-pooled,-1,2023,3,QB,00-0033077,1.41199173197,False,False,,,0.1
1,cal-logaffine-pooled,-1,2023,3,RB,00-0035261,0.822610765308,False,False,,,0.1
1,cal-logaffine-pooled,-1,2023,4,FLEX,00-0030279,0.625122385792,False,False,,,0.1
1,cal-logaffine-pooled,-1,2023,4,QB,00-0037834,1.45916598149,False,False,,,0.1
1,cal-logaffine-pooled,-1,2023,4,RB,00-0033280,0.955864996067,False,False,,,0.1
1,cal-logaffine-pooled,-1,2023,5,FLEX,00-0033908,0.589224035718,False,False,,,0.1
1,cal-logaffine-pooled,-1,2023,5,QB,00-0036442,1.34853366316,False,False,,,0.1
1,cal-logaffine-pooled,-1,2023,5,RB,00-0037746,0.650214297127,True,True,00-0033897,0.0185887107463,0.1
1,cal-logaffine-pooled,-1,2023,6,FLEX,00-0036900,0.5844155333,False,False,,,0.1
1,cal-logaffine-pooled,-1,2023,6,QB,00-0029263,1.31388333781,True,True,00-0033077,0.0476581630163,0.1
1,cal-logaffine-pooled,-1,2023,6,RB,00-0037840,0.711939472601,False,False,,,0.1
1,cal-logaffine-pooled,-1,2023,7,FLEX,00-0036613,0.443959600127,False,False,,,0.1
1,cal-logaffine-pooled,-1,2023,7,QB,00-0034796,1.31175461713,False,False,,,0.1
1,cal-logaffine-pooled,-1,2023,7,RB,00-0038134,0.976411554399,False,False,,,0.1
1,cal-logaffine-pooled,-1,2023,8,FLEX,00-0034960,0.48656754899,False,False,,,0.1
1,cal-logaffine-pooled,-1,2023,8,QB,00-0034796,1.44518863928,False,False,,,0.1
1,cal-logaffine-pooled,-1,2023,8,RB,00-0037197,0.619473878026,False,False,,,0.1
1,cal-logaffine-pooled,-1,2023,9,FLEX,00-0038994,0.49679028676,False,False,,,0.1
1,cal-logaffine-pooled,-1,2023,9,QB,00-0031280,1.11338420079,False,False,,,0.1
1,cal-logaffine-pooled,-1,2023,9,RB,00-0034184,0.547922994111,False,False,,,0.1
1,cal-logaffine-pooled,-1,2023,10,FLEX,00-0032211,0.426379666673,False,False,,,0.1
1,cal-logaffine-pooled,-1,2023,10,QB,00-0030565,1.28264175334,False,False,,,0.1
1,cal-logaffine-pooled,-1,2023,10,RB,00-0034184,0.566441440584,False,False,,,0.1
1,cal-logaffine-pooled,-1,2023,11,FLEX,00-0036963,0.495282150991,False,False,,,0.1
1,cal-logaffine-pooled,-1,2023,11,QB,00-0036264,1.1296239488,False,False,,,0.1
1,cal-logaffine-pooled,-1,2023,11,RB,00-0039040,0.668086293715,False,False,,,0.1
1,cal-logaffine-pooled,-1,2023,12,FLEX,00-0036196,0.520403547648,False,False,,,0.1
1,cal-logaffine-pooled,-1,2023,12,QB,00-0036264,1.11802886033,True,True,00-0033949,0.0287555699038,0.1
1,cal-logaffine-pooled,-1,2023,12,RB,00-0034184,0.684321305516,False,False,,,0.1
1,cal-logaffine-pooled,-1,2023,13,FLEX,00-0036261,0.588342804677,False,False,,,0.1
1,cal-logaffine-pooled,-1,2023,13,QB,00-0036212,1.86906063985,False,False,,,0.1
1,cal-logaffine-pooled,-1,2023,13,RB,00-0036893,0.536003213177,False,False,,,0.1
1,cal-logaffine-pooled,-1,2023,14,FLEX,00-0038041,0.499449064349,False,False,,,0.1
1,cal-logaffine-pooled,-1,2023,14,QB,00-0031800,1.05851495481,False,False,,,0.1
1,cal-logaffine-pooled,-1,2023,14,RB,00-0033897,0.647796484845,False,False,,,0.1
1,cal-logaffine-pooled,-1,2023,15,FLEX,00-0035640,0.599827618639,False,False,,,0.1
1,cal-logaffine-pooled,-1,2023,15,QB,00-0026498,1.35279181005,False,False,,,0.1
1,cal-logaffine-pooled,-1,2023,15,RB,00-0036275,0.556189950754,False,False,,,0.1
1,cal-logaffine-pooled,-1,2023,16,FLEX,00-0031408,0.588978347602,False,False,,,0.1
1,cal-logaffine-pooled,-1,2023,16,QB,00-0034855,1.16332440023,False,False,,,0.1
1,cal-logaffine-pooled,-1,2023,16,RB,00-0033293,0.471564858521,False,False,,,0.1
1,cal-logaffine-pooled,-1,2023,17,FLEX,00-0036196,0.442984004139,False,False,,,0.1
1,cal-logaffine-pooled,-1,2023,17,QB,00-0030565,1.0948157862,False,False,,,0.1
1,cal-logaffine-pooled,-1,2023,17,RB,00-0036973,0.705854113981,False,False,,,0.1
1,cal-logaffine-pooled,-1,2023,18,FLEX,00-0039065,0.468185101362,False,False,,,0.1
1,cal-logaffine-pooled,-1,2023,18,QB,00-0036264,1.3707474521,False,False,,,0.1
1,cal-logaffine-pooled,-1,2023,18,RB,00-0033553,0.619141695269,False,False,,,0.1
1,cal-logaffine-position,-1,2023,1,FLEX,00-0035676,0.465521276019,False,False,,,0.1
1,cal-logaffine-position,-1,2023,1,QB,00-0033873,1.80945731101,True,False,00-0031800,0.110073082688,0.1
1,cal-logaffine-position,-1,2023,1,RB,00-0036158,0.451685805419,False,False,,,0.1
1,cal-logaffine-position,-1,2023,2,FLEX,00-0033891,0.41460413338,False,False,,,0.1
1,cal-logaffine-position,-1,2023,2,QB,00-0036971,1.65172209295,False,False,,,0.1
1,cal-logaffine-position,-1,2023,2,RB,00-0034844,0.454047069244,False,False,,,0.1
1,cal-logaffine-position,-1,2023,3,FLEX,00-0036912,0.435976532494,False,False,,,0.1
1,cal-logaffine-position,-1,2023,3,QB,00-0033077,1.48372528232,False,False,,,0.1
1,cal-logaffine-position,-1,2023,3,RB,00-0035261,0.710355154148,False,False,,,0.1
1,cal-logaffine-position,-1,2023,4,FLEX,00-0030279,0.534976667353,False,False,,,0.1
1,cal-logaffine-position,-1,2023,4,QB,00-0037834,1.5233896019,False,False,,,0.1
1,cal-logaffine-position,-1,2023,4,RB,00-0033280,0.815956542116,False,False,,,0.1
1,cal-logaffine-position,-1,2023,5,FLEX,00-0033908,0.506956499741,False,False,,,0.1
1,cal-logaffine-position,-1,2023,5,QB,00-0036442,1.42995378091,False,False,,,0.1
1,cal-logaffine-position,-1,2023,5,RB,00-0037746,0.57172447538,True,True,00-0033897,0.0134629781155,0.1
1,cal-logaffine-position,-1,2023,6,FLEX,00-0034827,0.493691137228,False,False,,,0.1
1,cal-logaffine-position,-1,2023,6,QB,00-0029263,1.40038276952,True,True,00-0033077,0.0412567471874,0.1
1,cal-logaffine-position,-1,2023,6,RB,00-0037840,0.621650879168,False,False,,,0.1
1,cal-logaffine-position,-1,2023,7,FLEX,00-0036613,0.39186847319,False,False,,,0.1
1,cal-logaffine-position,-1,2023,7,QB,00-0034796,1.39856111422,False,False,,,0.1
1,cal-logaffine-position,-1,2023,7,RB,00-0038134,0.832134604953,False,False,,,0.1
1,cal-logaffine-position,-1,2023,8,FLEX,00-0034960,0.425935999179,False,False,,,0.1
1,cal-logaffine-position,-1,2023,8,QB,00-0034796,1.51166412079,False,False,,,0.1
1,cal-logaffine-position,-1,2023,8,RB,00-0037197,0.546725912265,False,False,,,0.1
1,cal-logaffine-position,-1,2023,9,FLEX,00-0038994,0.434068728531,False,False,,,0.1
1,cal-logaffine-position,-1,2023,9,QB,00-0031280,1.22607929987,False,False,,,0.1
1,cal-logaffine-position,-1,2023,9,RB,00-0034184,0.488160312267,False,False,,,0.1
1,cal-logaffine-position,-1,2023,10,FLEX,00-0032211,0.377727516892,False,False,,,0.1
1,cal-logaffine-position,-1,2023,10,QB,00-0030565,1.37358873477,False,False,,,0.1
1,cal-logaffine-position,-1,2023,10,RB,00-0034184,0.503371493344,False,False,,,0.1
1,cal-logaffine-position,-1,2023,11,FLEX,00-0036963,0.432869884722,False,False,,,0.1
1,cal-logaffine-position,-1,2023,11,QB,00-0036264,1.240415016,False,False,,,0.1
1,cal-logaffine-position,-1,2023,11,RB,00-0039040,0.586216263046,False,False,,,0.1
1,cal-logaffine-position,-1,2023,12,FLEX,00-0036196,0.452797133398,False,False,,,0.1
1,cal-logaffine-position,-1,2023,12,QB,00-0036264,1.23018358121,True,True,00-0033949,0.0253106378046,0.1
1,cal-logaffine-position,-1,2023,12,RB,00-0034184,0.599354853337,False,False,,,0.1
1,cal-logaffine-position,-1,2023,13,FLEX,00-0036261,0.506266757971,False,False,,,0.1
1,cal-logaffine-position,-1,2023,13,QB,00-0036212,1.85833144362,False,False,,,0.1
1,cal-logaffine-position,-1,2023,13,RB,00-0036893,0.478348482048,False,False,,,0.1
1,cal-logaffine-position,-1,2023,14,FLEX,00-0034348,0.422242077007,False,False,,,0.1
1,cal-logaffine-position,-1,2023,14,QB,00-0031800,1.17733333464,False,False,,,0.1
1,cal-logaffine-position,-1,2023,14,RB,00-0033897,0.569761621142,False,False,,,0.1
1,cal-logaffine-position,-1,2023,15,FLEX,00-0035640,0.51524868748,False,False,,,0.1
1,cal-logaffine-position,-1,2023,15,QB,00-0026498,1.43357732792,False,False,,,0.1
1,cal-logaffine-position,-1,2023,15,RB,00-0036275,0.494955652035,False,False,,,0.1
1,cal-logaffine-position,-1,2023,16,FLEX,00-0031408,0.506764208405,False,False,,,0.1
1,cal-logaffine-position,-1,2023,16,QB,00-0034855,1.2700355153,False,False,,,0.1
1,cal-logaffine-position,-1,2023,16,RB,00-0033293,0.425004179964,False,False,,,0.1
1,cal-logaffine-position,-1,2023,17,FLEX,00-0036196,0.3910850667,False,False,,,0.1
1,cal-logaffine-position,-1,2023,17,QB,00-0030565,1.20963728807,False,False,,,0.1
1,cal-logaffine-position,-1,2023,17,RB,00-0036973,0.616743995299,False,False,,,0.1
1,cal-logaffine-position,-1,2023,18,FLEX,00-0036196,0.384142541489,False,False,,,0.1
1,cal-logaffine-position,-1,2023,18,QB,00-0036264,1.44883236918,False,False,,,0.1
1,cal-logaffine-position,-1,2023,18,RB,00-0033553,0.546455263677,False,False,,,0.1
1,shipped,-1,2023,1,FLEX,00-0035676,0.624911282843,False,False,,,0.1
1,shipped,-1,2023,1,QB,00-0033873,2.74026563519,True,False,00-0031800,0.23227919007,0.1
1,shipped,-1,2023,1,RB,00-0036158,0.578759655002,False,False,,,0.1
1,shipped,-1,2023,2,FLEX,00-0033891,0.535219532098,False,False,,,0.1
1,shipped,-1,2023,2,QB,00-0036971,2.3864696362,False,False,,,0.1
1,shipped,-1,2023,2,RB,00-0034844,0.582750631558,False,False,,,0.1
1,shipped,-1,2023,3,FLEX,00-0036912,0.572439866847,False,False,,,0.1
1,shipped,-1,2023,3,QB,00-0033077,2.02839209798,False,False,,,0.1
1,shipped,-1,2023,3,RB,00-0035261,1.05115512657,False,False,,,0.1
1,shipped,-1,2023,4,FLEX,00-0030279,0.752661675403,False,False,,,0.1
1,shipped,-1,2023,4,QB,00-0037834,2.11114174385,False,False,,,0.1
1,shipped,-1,2023,4,RB,00-0033280,1.26182364495,False,False,,,0.1
1,shipped,-1,2023,5,FLEX,00-0033908,0.700404952385,False,False,,,0.1
1,shipped,-1,2023,5,QB,00-0036442,1.91802320889,False,False,,,0.1
1,shipped,-1,2023,5,RB,00-0037746,0.7895780799,True,True,00-0033897,0.0363397474383,0.1
1,shipped,-1,2023,6,FLEX,00-0036900,0.693456643607,False,False,,,0.1
1,shipped,-1,2023,6,QB,00-0029263,1.85822807061,True,True,00-0033077,0.08095349344,0.1
1,shipped,-1,2023,6,RB,00-0037840,0.881692062409,False,False,,,0.1
1,shipped,-1,2023,7,FLEX,00-0036613,0.496330610797,False,False,,,0.1
1,shipped,-1,2023,7,QB,00-0034796,1.85456563381,False,False,,,0.1
1,shipped,-1,2023,7,RB,00-0038134,1.29490105023,False,False,,,0.1
1,shipped,-1,2023,8,FLEX,00-0034960,0.554875523928,False,False,,,0.1
1,shipped,-1,2023,8,QB,00-0034796,2.08656237663,False,False,,,0.1
1,shipped,-1,2023,8,RB,00-0037197,0.744395062635,False,False,,,0.1
1,shipped,-1,2023,9,FLEX,00-0038994,0.569091849349,False,False,,,0.1
1,shipped,-1,2023,9,QB,00-0031280,1.51916022768,False,False,,,0.1
1,shipped,-1,2023,9,RB,00-0034184,0.641134058886,False,False,,,0.1
1,shipped,-1,2023,10,FLEX,00-0032211,0.472521493671,False,False,,,0.1
1,shipped,-1,2023,10,QB,00-0030565,1.80460725889,False,False,,,0.1
1,shipped,-1,2023,10,RB,00-0034184,0.667594259464,False,False,,,0.1
1,shipped,-1,2023,11,FLEX,00-0036963,0.566990529085,False,False,,,0.1
1,shipped,-1,2023,11,QB,00-0036264,1.54616288959,False,False,,,0.1
1,shipped,-1,2023,11,RB,00-0039040,0.816061832951,False,False,,,0.1
1,shipped,-1,2023,12,FLEX,00-0036196,0.60217102483,False,False,,,0.1
1,shipped,-1,2023,12,QB,00-0036264,1.52687448266,True,True,00-0033949,0.0479597015087,0.1
1,shipped,-1,2023,12,RB,00-0034184,0.840253372214,False,False,,,0.1
1,shipped,-1,2023,13,FLEX,00-0036261,0.699130646586,False,False,,,0.1
1,shipped,-1,2023,13,QB,00-0036212,2.85322485865,False,False,,,0.1
1,shipped,-1,2023,13,RB,00-0036893,0.624204239316,False,False,,,0.1
1,shipped,-1,2023,14,FLEX,00-0038041,0.572799751198,False,False,,,0.1
1,shipped,-1,2023,14,QB,00-0031800,1.42856253968,False,False,,,0.1
1,shipped,-1,2023,14,RB,00-0033897,0.786007230859,False,False,,,0.1
1,shipped,-1,2023,15,FLEX,00-0035640,0.715770533401,False,False,,,0.1
1,shipped,-1,2023,15,QB,00-0026498,1.92539455282,False,False,,,0.1
1,shipped,-1,2023,15,RB,00-0036275,0.652922792259,False,False,,,0.1
1,shipped,-1,2023,16,FLEX,00-0031408,0.700049633075,False,False,,,0.1
1,shipped,-1,2023,16,QB,00-0034855,1.60246613753,False,False,,,0.1
1,shipped,-1,2023,16,RB,00-0033293,0.534129166853,False,False,,,0.1
1,shipped,-1,2023,17,FLEX,00-0036196,0.495003889609,False,False,,,0.1
1,shipped,-1,2023,17,QB,00-0030565,1.48839005521,False,False,,,0.1
1,shipped,-1,2023,17,RB,00-0036973,0.872531075709,False,False,,,0.1
1,shipped,-1,2023,18,FLEX,00-0039065,0.529475043834,False,False,,,0.1
1,shipped,-1,2023,18,QB,00-0036264,1.95653302024,False,False,,,0.1
1,shipped,-1,2023,18,RB,00-0033553,0.74390941882,False,False,,,0.1
1,cal-level-pooled,-1,2024,1,FLEX,00-0033040,0.688142043119,False,False,,,0.1
1,cal-level-pooled,-1,2024,1,QB,00-0034855,1.8891859716,False,False,,,0.1
1,cal-level-pooled,-1,2024,1,RB,00-0033897,0.67734205684,False,False,,,0.1
1,cal-level-pooled,-1,2024,2,FLEX,00-0031588,0.733844293674,False,False,,,0.1
1,cal-level-pooled,-1,2024,2,QB,00-0026498,1.81698420243,False,False,,,0.1
1,cal-level-pooled,-1,2024,2,RB,00-0034184,0.764774801093,False,False,,,0.1
1,cal-level-pooled,-1,2024,3,FLEX,00-0037545,0.562321113086,False,False,,,0.1
1,cal-level-pooled,-1,2024,3,QB,00-0036442,1.73643274198,False,False,,,0.1
1,cal-level-pooled,-1,2024,3,RB,00-0035685,0.963101497463,False,False,,,0.1
1,cal-level-pooled,-1,2024,4,FLEX,00-0033921,0.603515472336,False,False,,,0.1
1,cal-level-pooled,-1,2024,4,QB,00-0035228,2.05161339055,False,False,,,0.1
1,cal-level-pooled,-1,2024,4,RB,00-0036251,0.745397216149,False,False,,,0.1
1,cal-level-pooled,-1,2024,5,FLEX,00-0039146,0.651652514082,False,False,,,0.1
1,cal-level-pooled,-1,2024,5,QB,00-0037834,2.16378906754,False,False,,,0.1
1,cal-level-pooled,-1,2024,5,RB,00-0037525,0.652381702594,False,False,,,0.1
1,cal-level-pooled,-1,2024,6,FLEX,00-0034827,0.480411225149,False,False,,,0.1
1,cal-level-pooled,-1,2024,6,QB,00-0034796,2.55543705089,False,False,,,0.1
1,cal-level-pooled,-1,2024,6,RB,00-0036973,0.526316714099,False,False,,,0.1
1,cal-level-pooled,-1,2024,7,FLEX,00-0038994,0.460064119223,False,False,,,0.1
1,cal-level-pooled,-1,2024,7,QB,00-0036264,2.36433910056,False,False,,,0.1
1,cal-level-pooled,-1,2024,7,RB,00-0037746,0.990918879064,False,False,,,0.1
1,cal-level-pooled,-1,2024,8,FLEX,00-0030279,0.574448283801,False,False,,,0.1
1,cal-level-pooled,-1,2024,8,QB,00-0036442,2.0477326072,False,False,,,0.1
1,cal-level-pooled,-1,2024,8,RB,00-0037248,0.753398453857,False,False,,,0.1
1,cal-level-pooled,-1,2024,9,FLEX,00-0035676,0.628374489058,False,False,,,0.1
1,cal-level-pooled,-1,2024,9,QB,00-0033873,1.79598170416,False,False,,,0.1
1,cal-level-pooled,-1,2024,9,RB,00-0033906,0.892298697953,False,False,,,0.1
1,cal-level-pooled,-1,2024,10,FLEX,00-0038994,0.468904977852,False,False,,,0.1
1,cal-level-pooled,-1,2024,10,QB,00-0029263,1.73853197643,False,False,,,0.1
1,cal-level-pooled,-1,2024,10,RB,00-0036158,0.654137868633,False,False,,,0.1
1,cal-level-pooled,-1,2024,11,FLEX,00-0036912,0.50843612361,True,True,00-0036554,0.0293149188427,0.1
1,cal-level-pooled,-1,2024,11,QB,00-0036212,1.41013057576,False,False,,,0.1
1,cal-level-pooled,-1,2024,11,RB,00-0033280,1.23082825552,False,False,,,0.1
1,cal-level-pooled,-1,2024,12,FLEX,00-0033908,0.551738275991,False,False,,,0.1
1,cal-level-pooled,-1,2024,12,QB,00-0037077,1.53245920443,False,False,,,0.1
1,cal-level-pooled,-1,2024,12,RB,00-0038134,0.901122727124,False,False,,,0.1
1,cal-level-pooled,-1,2024,13,FLEX,00-0036554,0.592922920645,False,False,,,0.1
1,cal-level-pooled,-1,2024,13,QB,00-0039163,1.53112353483,False,False,,,0.1
1,cal-level-pooled,-1,2024,13,RB,00-0037197,0.642924859882,True,True,00-0037256,0.0839197916948,0.1
1,cal-level-pooled,-1,2024,14,FLEX,00-0039065,0.526044125489,True,True,00-0038994,0.0544523771705,0.1
1,cal-level-pooled,-1,2024,14,QB,00-0037077,1.41154308681,False,False,,,0.1
1,cal-level-pooled,-1,2024,14,RB,00-0038597,0.557804851047,False,False,,,0.1
1,cal-level-pooled,-1,2024,15,FLEX,00-0038994,0.516284730388,False,False,,,0.1
1,cal-level-pooled,-1,2024,15,QB,00-0034869,1.48060750363,False,False,,,0.1
1,cal-level-pooled,-1,2024,15,RB,00-0035700,0.80901568276,False,False,,,0.1
1,cal-level-pooled,-1,2024,16,FLEX,00-0036410,0.570880207582,False,False,,,0.1
1,cal-level-pooled,-1,2024,16,QB,00-0023459,1.50094772705,False,False,,,0.1
1,cal-level-pooled,-1,2024,16,RB,00-0033553,0.729014972035,False,False,,,0.1
1,cal-level-pooled,-1,2024,17,FLEX,00-0030279,0.478531714814,True,True,00-0037238,0.0411775665775,0.1
1,cal-level-pooled,-1,2024,17,QB,00-0039910,1.68626754237,False,False,,,0.1
1,cal-level-pooled,-1,2024,17,RB,00-0036223,0.645778416656,False,False,,,0.1
1,cal-level-pooled,-1,2024,18,FLEX,00-0036410,0.469986184608,True,True,00-0037240,0.0138811761853,0.1
1,cal-level-pooled,-1,2024,18,QB,00-0032950,1.42731937264,False,False,,,0.1
1,cal-level-pooled,-1,2024,18,RB,00-0036223,0.803736862734,False,False,,,0.1
1,cal-level-position,-1,2024,1,FLEX,00-0033040,0.733140561567,False,False,,,0.1
1,cal-level-position,-1,2024,1,QB,00-0034855,1.84175728484,False,False,,,0.1
1,cal-level-position,-1,2024,1,RB,00-0033897,0.685646592757,False,False,,,0.1
1,cal-level-position,-1,2024,2,FLEX,00-0031588,0.781831342739,False,False,,,0.1
1,cal-level-position,-1,2024,2,QB,00-0026498,1.7713681668,False,False,,,0.1
1,cal-level-position,-1,2024,2,RB,00-0034184,0.774151304059,False,False,,,0.1
1,cal-level-position,-1,2024,3,FLEX,00-0037545,0.599092034488,False,False,,,0.1
1,cal-level-position,-1,2024,3,QB,00-0036442,1.69283897946,False,False,,,0.1
1,cal-level-position,-1,2024,3,RB,00-0035685,0.974909580096,False,False,,,0.1
1,cal-level-position,-1,2024,4,FLEX,00-0033921,0.64298014738,False,False,,,0.1
1,cal-level-position,-1,2024,4,QB,00-0035228,2.00010690558,False,False,,,0.1
1,cal-level-position,-1,2024,4,RB,00-0036251,0.754536140703,False,False,,,0.1
1,cal-level-position,-1,2024,5,FLEX,00-0039146,0.694264933959,False,False,,,0.1
1,cal-level-position,-1,2024,5,QB,00-0037834,2.10946637224,False,False,,,0.1
1,cal-level-position,-1,2024,5,RB,00-0037525,0.660380212692,False,False,,,0.1
1,cal-level-position,-1,2024,6,FLEX,00-0034827,0.511825950632,False,False,,,0.1
1,cal-level-position,-1,2024,6,QB,00-0034796,2.49128189345,False,False,,,0.1
1,cal-level-position,-1,2024,6,RB,00-0036973,0.532769607452,False,False,,,0.1
1,cal-level-position,-1,2024,7,FLEX,00-0038994,0.490148320534,False,False,,,0.1
1,cal-level-position,-1,2024,7,QB,00-0036264,2.30498152525,False,False,,,0.1
1,cal-level-position,-1,2024,7,RB,00-0037746,1.00306801603,False,False,,,0.1
1,cal-level-position,-1,2024,8,FLEX,00-0030279,0.612012216938,False,False,,,0.1
1,cal-level-position,-1,2024,8,QB,00-0036442,1.99632355067,False,False,,,0.1
1,cal-level-position,-1,2024,8,RB,00-0037248,0.762635477392,False,False,,,0.1
1,cal-level-position,-1,2024,9,FLEX,00-0035676,0.669464728088,False,False,,,0.1
1,cal-level-position,-1,2024,9,QB,00-0033873,1.75089294373,False,False,,,0.1
1,cal-level-position,-1,2024,9,RB,00-0033906,0.903238704573,False,False,,,0.1
1,cal-level-position,-1,2024,10,FLEX,00-0033288,0.605001509373,False,False,,,0.1
1,cal-level-position,-1,2024,10,QB,00-0029263,1.69488551188,False,False,,,0.1
1,cal-level-position,-1,2024,10,RB,00-0036158,0.662157910162,False,False,,,0.1
1,cal-level-position,-1,2024,11,FLEX,00-0036912,0.541683434273,True,True,00-0036554,0.0312318601625,0.1
1,cal-level-position,-1,2024,11,QB,00-0036212,1.37472874536,False,False,,,0.1
1,cal-level-position,-1,2024,11,RB,00-0033280,1.2459187956,False,False,,,0.1
1,cal-level-position,-1,2024,12,FLEX,00-0033908,0.587817171677,False,False,,,0.1
1,cal-level-position,-1,2024,12,QB,00-0037077,1.49398627023,False,False,,,0.1
1,cal-level-position,-1,2024,12,RB,00-0038134,0.912170920541,False,False,,,0.1
1,cal-level-position,-1,2024,13,FLEX,00-0036554,0.631694934722,False,False,,,0.1
1,cal-level-position,-1,2024,13,QB,00-0039163,1.49268413309,False,False,,,0.1
1,cal-level-position,-1,2024,13,RB,00-0037197,0.650807424588,True,True,00-0037256,0.0849486882726,0.1
1,cal-level-position,-1,2024,14,FLEX,00-0039065,0.49200081825,True,True,00-0038994,0.0101410454089,0.1
1,cal-level-position,-1,2024,14,QB,00-0037077,1.37610579482,False,False,,,0.1
1,cal-level-position,-1,2024,14,RB,00-0038597,0.564643803942,False,False,,,0.1
1,cal-level-position,-1,2024,15,FLEX,00-0038994,0.550045271831,False,False,,,0.1
1,cal-level-position,-1,2024,15,QB,00-0034869,1.44343632484,False,False,,,0.1
1,cal-level-position,-1,2024,15,RB,00-0035700,0.818934599986,False,False,,,0.1
1,cal-level-position,-1,2024,16,FLEX,00-0036410,0.608210819495,False,False,,,0.1
1,cal-level-position,-1,2024,16,QB,00-0023459,1.46326589971,False,False,,,0.1
1,cal-level-position,-1,2024,16,RB,00-0033553,0.737953042481,False,False,,,0.1
1,cal-level-position,-1,2024,17,FLEX,00-0030279,0.50982353663,True,True,00-0037238,0.0438702221241,0.1
1,cal-level-position,-1,2024,17,QB,00-0039910,1.64393319505,False,False,,,0.1
1,cal-level-position,-1,2024,17,RB,00-0036223,0.653695967326,False,False,,,0.1
1,cal-level-position,-1,2024,18,FLEX,00-0036410,0.5007192029,True,True,00-0037240,0.0147888846576,0.1
1,cal-level-position,-1,2024,18,QB,00-0032950,1.39148601137,False,False,,,0.1
1,cal-level-position,-1,2024,18,RB,00-0036223,0.813591059114,False,False,,,0.1
1,cal-logaffine-pooled,-1,2024,1,FLEX,00-0033040,0.637975870173,False,False,,,0.1
1,cal-logaffine-pooled,-1,2024,1,QB,00-0034855,1.45965802947,False,False,,,0.1
1,cal-logaffine-pooled,-1,2024,1,RB,00-0033897,0.629758417905,False,False,,,0.1
1,cal-logaffine-pooled,-1,2024,2,FLEX,00-0031588,0.672497304972,False,False,,,0.1
1,cal-logaffine-pooled,-1,2024,2,QB,00-0026498,1.41377926924,False,False,,,0.1
1,cal-logaffine-pooled,-1,2024,2,RB,00-0034184,0.695640065597,False,False,,,0.1
1,cal-logaffine-pooled,-1,2024,3,FLEX,00-0037545,0.540674487243,False,False,,,0.1
1,cal-logaffine-pooled,-1,2024,3,QB,00-0036442,1.3622044146,False,False,,,0.1
1,cal-logaffine-pooled,-1,2024,3,RB,00-0035685,0.840334019974,False,False,,,0.1
1,cal-logaffine-pooled,-1,2024,4,FLEX,00-0033921,0.572926626105,False,False,,,0.1
1,cal-logaffine-pooled,-1,2024,4,QB,00-0035228,1.56173613941,False,False,,,0.1
1,cal-logaffine-pooled,-1,2024,4,RB,00-0036251,0.681161622272,False,False,,,0.1
1,cal-logaffine-pooled,-1,2024,5,FLEX,00-0039146,0.610115861671,False,False,,,0.1
1,cal-logaffine-pooled,-1,2024,5,QB,00-0037834,1.63137911858,False,False,,,0.1
1,cal-logaffine-pooled,-1,2024,5,RB,00-0037525,0.61067531215,False,False,,,0.1
1,cal-logaffine-pooled,-1,2024,6,FLEX,00-0034827,0.475229074122,False,False,,,0.1
1,cal-logaffine-pooled,-1,2024,6,QB,00-0034796,1.86967784371,False,False,,,0.1
1,cal-logaffine-pooled,-1,2024,6,RB,00-0036973,0.512135179021,False,False,,,0.1
1,cal-logaffine-pooled,-1,2024,7,FLEX,00-0038994,0.458669595305,False,False,,,0.1
1,cal-logaffine-pooled,-1,2024,7,QB,00-0036264,1.75429614475,False,False,,,0.1
1,cal-logaffine-pooled,-1,2024,7,RB,00-0037746,0.860174169703,False,False,,,0.1
1,cal-logaffine-pooled,-1,2024,8,FLEX,00-0030279,0.550212141384,False,False,,,0.1
1,cal-logaffine-pooled,-1,2024,8,QB,00-0036442,1.5593146915,False,False,,,0.1
1,cal-logaffine-pooled,-1,2024,8,RB,00-0037248,0.687148080106,False,False,,,0.1
1,cal-logaffine-pooled,-1,2024,9,FLEX,00-0035676,0.592196218592,False,False,,,0.1
1,cal-logaffine-pooled,-1,2024,9,QB,00-0033873,1.40037245375,False,False,,,0.1
1,cal-logaffine-pooled,-1,2024,9,RB,00-0033906,0.789359010874,False,False,,,0.1
1,cal-logaffine-pooled,-1,2024,10,FLEX,00-0038994,0.465880627178,False,False,,,0.1
1,cal-logaffine-pooled,-1,2024,10,QB,00-0029263,1.36355389733,False,False,,,0.1
1,cal-logaffine-pooled,-1,2024,10,RB,00-0036158,0.61202222098,False,False,,,0.1
1,cal-logaffine-pooled,-1,2024,11,FLEX,00-0036912,0.497831885184,True,True,00-0036554,0.0221314553622,0.1
1,cal-logaffine-pooled,-1,2024,11,QB,00-0036212,1.14856905031,False,False,,,0.1
1,cal-logaffine-pooled,-1,2024,11,RB,00-0033280,1.02743326944,False,False,,,0.1
1,cal-logaffine-pooled,-1,2024,12,FLEX,00-0033908,0.532321046523,False,False,,,0.1
1,cal-logaffine-pooled,-1,2024,12,QB,00-0037077,1.2296080729,False,False,,,0.1
1,cal-logaffine-pooled,-1,2024,12,RB,00-0038134,0.795750682834,False,False,,,0.1
1,cal-logaffine-pooled,-1,2024,13,FLEX,00-0036554,0.56467247074,False,False,,,0.1
1,cal-logaffine-pooled,-1,2024,13,QB,00-0039163,1.228729697,False,False,,,0.1
1,cal-logaffine-pooled,-1,2024,13,RB,00-0037197,0.603410989652,True,True,00-0037256,0.063893940179,0.1
1,cal-logaffine-pooled,-1,2024,14,FLEX,00-0039065,0.511917791367,True,True,00-0038994,0.0436910490845,0.1
1,cal-logaffine-pooled,-1,2024,14,QB,00-0037077,1.14951185084,False,False,,,0.1
1,cal-logaffine-pooled,-1,2024,14,RB,00-0038597,0.537113129071,False,False,,,0.1
1,cal-logaffine-pooled,-1,2024,15,FLEX,00-0038994,0.504121247529,False,False,,,0.1
1,cal-logaffine-pooled,-1,2024,15,QB,00-0034869,1.19540603136,False,False,,,0.1
1,cal-logaffine-pooled,-1,2024,15,RB,00-0035700,0.728451233268,False,False,,,0.1
1,cal-logaffine-pooled,-1,2024,16,FLEX,00-0036410,0.547409763424,False,False,,,0.1
1,cal-logaffine-pooled,-1,2024,16,QB,00-0023459,1.20884806135,False,False,,,0.1
1,cal-logaffine-pooled,-1,2024,16,RB,00-0033553,0.668868190591,False,False,,,0.1
1,cal-logaffine-pooled,-1,2024,17,FLEX,00-0030279,0.473704819513,True,True,00-0037238,0.0336748031293,0.1
1,cal-logaffine-pooled,-1,2024,17,QB,00-0039910,1.32986739799,False,False,,,0.1
1,cal-logaffine-pooled,-1,2024,17,RB,00-0036223,0.605604982866,False,False,,,0.1
1,cal-logaffine-pooled,-1,2024,18,FLEX,00-0036410,0.466760819748,True,True,00-0037240,0.0113285539607,0.1
1,cal-logaffine-pooled,-1,2024,18,QB,00-0032950,1.16003043349,False,False,,,0.1
1,cal-logaffine-pooled,-1,2024,18,RB,00-0036223,0.724553554014,False,False,,,0.1
1,cal-logaffine-position,-1,2024,1,FLEX,00-0033040,0.547931101369,False,False,,,0.1
1,cal-logaffine-position,-1,2024,1,QB,00-0034855,1.51410561169,False,False,,,0.1
1,cal-logaffine-position,-1,2024,1,RB,00-0033897,0.560626126172,False,False,,,0.1
1,cal-logaffine-position,-1,2024,2,FLEX,00-0031588,0.575045589905,False,False,,,0.1
1,cal-logaffine-position,-1,2024,2,QB,00-0026498,1.47640749005,False,False,,,0.1
1,cal-logaffine-position,-1,2024,2,RB,00-0034184,0.615534716891,False,False,,,0.1
1,cal-logaffine-position,-1,2024,3,FLEX,00-0037545,0.470820468493,False,False,,,0.1
1,cal-logaffine-position,-1,2024,3,QB,00-0036442,1.43371985714,False,False,,,0.1
1,cal-logaffine-position,-1,2024,3,RB,00-0035685,0.735059127109,False,False,,,0.1
1,cal-logaffine-position,-1,2024,4,FLEX,00-0033921,0.496499117651,False,False,,,0.1
1,cal-logaffine-position,-1,2024,4,QB,00-0035228,1.5971034624,False,False,,,0.1
1,cal-logaffine-position,-1,2024,4,RB,00-0036251,0.603495995732,False,False,,,0.1
1,cal-logaffine-position,-1,2024,5,FLEX,00-0039146,0.525959573892,False,False,,,0.1
1,cal-logaffine-position,-1,2024,5,QB,00-0037834,1.65307222139,False,False,,,0.1
1,cal-logaffine-position,-1,2024,5,RB,00-0037525,0.544657534251,False,False,,,0.1
1,cal-logaffine-position,-1,2024,6,FLEX,00-0034827,0.41831040881,False,False,,,0.1
1,cal-logaffine-position,-1,2024,6,QB,00-0034796,1.84093898865,False,False,,,0.1
1,cal-logaffine-position,-1,2024,6,RB,00-0036973,0.46169146132,False,False,,,0.1
1,cal-logaffine-position,-1,2024,7,FLEX,00-0038994,0.404931049319,False,False,,,0.1
1,cal-logaffine-position,-1,2024,7,QB,00-0036264,1.75064814519,False,False,,,0.1
1,cal-logaffine-position,-1,2024,7,RB,00-0037746,0.751345293576,False,False,,,0.1
1,cal-logaffine-position,-1,2024,8,FLEX,00-0030279,0.478427183668,False,False,,,0.1
1,cal-logaffine-position,-1,2024,8,QB,00-0036442,1.59514812555,False,False,,,0.1
1,cal-logaffine-position,-1,2024,8,RB,00-0037248,0.608475563118,False,False,,,0.1
1,cal-logaffine-position,-1,2024,9,FLEX,00-0035676,0.511783336883,False,False,,,0.1
1,cal-logaffine-position,-1,2024,9,QB,00-0033873,1.46534289989,False,False,,,0.1
1,cal-logaffine-position,-1,2024,9,RB,00-0033906,0.693106407721,False,False,,,0.1
1,cal-logaffine-position,-1,2024,10,FLEX,00-0033288,0.422441130307,False,False,,,0.1
1,cal-logaffine-position,-1,2024,10,QB,00-0029263,1.4348410859,False,False,,,0.1
1,cal-logaffine-position,-1,2024,10,RB,00-0036158,0.54578560294,False,False,,,0.1
1,cal-logaffine-position,-1,2024,11,FLEX,00-0036912,0.436510087905,True,True,00-0034348,0.0437718329656,0.1
1,cal-logaffine-position,-1,2024,11,QB,00-0036212,1.25306708609,False,False,,,0.1
1,cal-logaffine-position,-1,2024,11,RB,00-0033280,0.88778451052,False,False,,,0.1
1,cal-logaffine-position,-1,2024,12,FLEX,00-0033908,0.464149018669,False,False,,,0.1
1,cal-logaffine-position,-1,2024,12,QB,00-0037077,1.32236392296,False,False,,,0.1
1,cal-logaffine-position,-1,2024,12,RB,00-0038134,0.69837562824,False,False,,,0.1
1,cal-logaffine-position,-1,2024,13,FLEX,00-0036554,0.48993904893,False,False,,,0.1
1,cal-logaffine-position,-1,2024,13,QB,00-0039163,1.3216180798,False,False,,,0.1
1,cal-logaffine-position,-1,2024,13,RB,00-0037197,0.538570867221,True,True,00-0037256,0.0534080439405,0.1
1,cal-logaffine-position,-1,2024,14,FLEX,00-0038994,0.399776690471,False,False,,,0.1
1,cal-logaffine-position,-1,2024,14,QB,00-0037077,1.2538790742,False,False,,,0.1
1,cal-logaffine-position,-1,2024,14,RB,00-0038597,0.482807031347,False,False,,,0.1
1,cal-logaffine-position,-1,2024,15,FLEX,00-0038994,0.441561864402,False,False,,,0.1
1,cal-logaffine-position,-1,2024,15,QB,00-0034869,1.29323861607,False,False,,,0.1
1,cal-logaffine-position,-1,2024,15,RB,00-0035700,0.642761040228,False,False,,,0.1
1,cal-logaffine-position,-1,2024,16,FLEX,00-0036410,0.476193309277,False,False,,,0.1
1,cal-logaffine-position,-1,2024,16,QB,00-0023459,1.30470605003,False,False,,,0.1
1,cal-logaffine-position,-1,2024,16,RB,00-0033553,0.593261868377,False,False,,,0.1
1,cal-logaffine-position,-1,2024,17,FLEX,00-0030279,0.417080521626,True,True,00-0037238,0.0272578548919,0.1
1,cal-logaffine-position,-1,2024,17,QB,00-0039910,1.40678179353,False,False,,,0.1
1,cal-logaffine-position,-1,2024,17,RB,00-0036223,0.540409649193,False,False,,,0.1
1,cal-logaffine-position,-1,2024,18,FLEX,00-0036410,0.411473364996,True,True,00-0037240,0.00916261045141,0.1
1,cal-logaffine-position,-1,2024,18,QB,00-0032950,1.26292874209,False,False,,,0.1
1,cal-logaffine-position,-1,2024,18,RB,00-0036223,0.639530766098,False,False,,,0.1
1,shipped,-1,2024,1,FLEX,00-0033040,0.774460215056,False,False,,,0.1
1,shipped,-1,2024,1,QB,00-0034855,2.12615896453,False,False,,,0.1
1,shipped,-1,2024,1,RB,00-0033897,0.762305515631,False,False,,,0.1
1,shipped,-1,2024,2,FLEX,00-0031588,0.82589519879,False,False,,,0.1
1,shipped,-1,2024,2,QB,00-0026498,2.04490045368,False,False,,,0.1
1,shipped,-1,2024,2,RB,00-0034184,0.860705522715,False,False,,,0.1
1,shipped,-1,2024,3,FLEX,00-0037545,0.632856740154,False,False,,,0.1
1,shipped,-1,2024,3,QB,00-0036442,1.95424489498,False,False,,,0.1
1,shipped,-1,2024,3,RB,00-0035685,1.083909638,False,False,,,0.1
1,shipped,-1,2024,4,FLEX,00-0033921,0.679218378196,False,False,,,0.1
1,shipped,-1,2024,4,QB,00-0035228,2.30896072046,False,False,,,0.1
1,shipped,-1,2024,4,RB,00-0036251,0.838897280139,False,False,,,0.1
1,shipped,-1,2024,5,FLEX,00-0039146,0.733393564955,False,False,,,0.1
1,shipped,-1,2024,5,QB,00-0037834,2.43520732869,False,False,,,0.1
1,shipped,-1,2024,5,RB,00-0037525,0.734214220367,False,False,,,0.1
1,shipped,-1,2024,6,FLEX,00-0034827,0.540672357495,False,False,,,0.1
1,shipped,-1,2024,6,QB,00-0034796,2.87598228852,False,False,,,0.1
1,shipped,-1,2024,6,RB,00-0036973,0.592336073148,False,False,,,0.1
1,shipped,-1,2024,7,FLEX,00-0038994,0.517772980558,False,False,,,0.1
1,shipped,-1,2024,7,QB,00-0036264,2.66091366833,False,False,,,0.1
1,shipped,-1,2024,7,RB,00-0037746,1.1152163363,False,False,,,0.1
1,shipped,-1,2024,8,FLEX,00-0030279,0.646505101469,False,False,,,0.1
1,shipped,-1,2024,8,QB,00-0036442,2.30459314499,False,False,,,0.1
1,shipped,-1,2024,8,RB,00-0037248,0.847902165595,False,False,,,0.1
1,shipped,-1,2024,9,FLEX,00-0035676,0.707195624505,False,False,,,0.1
1,shipped,-1,2024,9,QB,00-0033873,2.02126347423,False,False,,,0.1
1,shipped,-1,2024,9,RB,00-0033906,1.00422557875,False,False,,,0.1
1,shipped,-1,2024,10,FLEX,00-0038994,0.527722806098,False,False,,,0.1
1,shipped,-1,2024,10,QB,00-0029263,1.95660745018,False,False,,,0.1
1,shipped,-1,2024,10,RB,00-0036158,0.736190673836,False,False,,,0.1
1,shipped,-1,2024,11,FLEX,00-0036912,0.572212602864,True,True,00-0036554,0.0329920814725,0.1
1,shipped,-1,2024,11,QB,00-0036212,1.58701250692,False,False,,,0.1
1,shipped,-1,2024,11,RB,00-0033280,1.3852191201,False,False,,,0.1
1,shipped,-1,2024,12,FLEX,00-0033908,0.62094642836,False,False,,,0.1
1,shipped,-1,2024,12,QB,00-0037077,1.72468561817,False,False,,,0.1
1,shipped,-1,2024,12,RB,00-0038134,1.0141564638,False,False,,,0.1
1,shipped,-1,2024,13,FLEX,00-0036554,0.66729713324,False,False,,,0.1
1,shipped,-1,2024,13,QB,00-0039163,1.72318240677,False,False,,,0.1
1,shipped,-1,2024,13,RB,00-0037197,0.723571143819,True,True,00-0037256,0.0944464018342,0.1
1,shipped,-1,2024,14,FLEX,00-0039065,0.592029291959,True,True,00-0038994,0.0612826961462,0.1
1,shipped,-1,2024,14,QB,00-0037077,1.5886021985,False,False,,,0.1
1,shipped,-1,2024,14,RB,00-0038597,0.627773973733,False,False,,,0.1
1,shipped,-1,2024,15,FLEX,00-0038994,0.581045711892,False,False,,,0.1
1,shipped,-1,2024,15,QB,00-0034869,1.6663298183,False,False,,,0.1
1,shipped,-1,2024,15,RB,00-0035700,0.91049582847,False,False,,,0.1
1,shipped,-1,2024,16,FLEX,00-0036410,0.642489458037,False,False,,,0.1
1,shipped,-1,2024,16,QB,00-0023459,1.68922144941,False,False,,,0.1
1,shipped,-1,2024,16,RB,00-0033553,0.820460103648,False,False,,,0.1
1,shipped,-1,2024,17,FLEX,00-0030279,0.538557087846,True,True,00-0037238,0.0463427389534,0.1
1,shipped,-1,2024,17,QB,00-0039910,1.89778714521,False,False,,,0.1
1,shipped,-1,2024,17,RB,00-0036223,0.726782640944,False,False,,,0.1
1,shipped,-1,2024,18,FLEX,00-0036410,0.528939635712,True,True,00-0037240,0.0156223832001,0.1
1,shipped,-1,2024,18,QB,00-0032950,1.60635740738,False,False,,,0.1
1,shipped,-1,2024,18,RB,00-0036223,0.904554851409,False,False,,,0.1
1,cal-level-pooled,-1,2025,1,FLEX,00-0036900,0.892539554378,False,False,,,0.1
1,cal-level-pooled,-1,2025,1,QB,00-0036389,2.12647482925,True,False,00-0026158,0.126053480575,0.1
1,cal-level-pooled,-1,2025,1,RB,00-0036158,0.756160905075,False,False,,,0.1
1,cal-level-pooled,-1,2025,2,FLEX,00-0034753,0.612696437455,False,False,,,0.1
1,cal-level-pooled,-1,2025,2,QB,00-0035228,1.92251235994,False,False,,,0.1
1,cal-level-pooled,-1,2025,2,RB,00-0039139,0.944577892575,False,False,,,0.1
1,cal-level-pooled,-1,2025,3,FLEX,00-0035659,0.526898012381,False,False,,,0.1
1,cal-level-pooled,-1,2025,3,QB,00-0036971,1.65508199144,False,False,,,0.1
1,cal-level-pooled,-1,2025,3,RB,00-0036997,0.580544216828,False,False,,,0.1
1,cal-level-pooled,-1,2025,4,FLEX,00-0037240,0.478491509927,False,False,,,0.1
1,cal-level-pooled,-1,2025,4,QB,00-0036264,2.06724961885,False,False,,,0.1
1,cal-level-pooled,-1,2025,4,RB,00-0036158,0.870070645624,False,False,,,0.1
1,cal-level-pooled,-1,2025,5,FLEX,00-0038544,0.613594445407,False,False,,,0.1
1,cal-level-pooled,-1,2025,5,QB,00-0036212,1.59657939307,False,False,,,0.1
1,cal-level-pooled,-1,2025,5,RB,00-0035685,0.742550553899,False,False,,,0.1
1,cal-level-pooled,-1,2025,6,FLEX,00-0035640,0.555372933931,False,False,,,0.1
1,cal-level-pooled,-1,2025,6,QB,00-0033077,1.79203558851,False,False,,,0.1
1,cal-level-pooled,-1,2025,6,RB,00-0035700,1.22019344889,False,False,,,0.1
1,cal-level-pooled,-1,2025,7,FLEX,00-0037247,0.494237466236,False,False,,,0.1
1,cal-level-pooled,-1,2025,7,QB,00-0039910,2.06387882093,False,False,,,0.1
1,cal-level-pooled,-1,2025,7,RB,00-0036158,0.641702746592,False,False,,,0.1
1,cal-level-pooled,-1,2025,8,FLEX,00-0039067,0.684820474861,False,False,,,0.1
1,cal-level-pooled,-1,2025,8,QB,00-0039732,2.42559955586,False,False,,,0.1
1,cal-level-pooled,-1,2025,8,RB,00-0036158,0.64280356324,False,False,,,0.1
1,cal-level-pooled,-1,2025,9,FLEX,00-0038996,0.719768038491,False,False,,,0.1
1,cal-level-pooled,-1,2025,9,QB,00-0039851,1.83254112268,False,False,,,0.1
1,cal-level-pooled,-1,2025,9,RB,00-0036997,0.802128742512,False,False,,,0.1
1,cal-level-pooled,-1,2025,10,FLEX,00-0037238,0.564181520975,False,False,,,0.1
1,cal-level-pooled,-1,2025,10,QB,00-0035710,1.94188533804,False,False,,,0.1
1,cal-level-pooled,-1,2025,10,RB,00-0036158,0.555420615834,True,True,00-0039040,0.0211708581194,0.1
1,cal-level-pooled,-1,2025,11,FLEX,00-0035640,0.525469658064,False,False,,,0.1
1,cal-level-pooled,-1,2025,11,QB,00-0023459,1.97908582384,False,False,,,0.1
1,cal-level-pooled,-1,2025,11,RB,00-0040122,0.53545646194,False,False,,,0.1
1,cal-level-pooled,-1,2025,12,FLEX,00-0034351,0.591711484003,False,False,,,0.1
1,cal-level-pooled,-1,2025,12,QB,00-0031345,1.62575611629,False,False,,,0.1
1,cal-level-pooled,-1,2025,12,RB,00-0039165,0.609105969671,False,False,,,0.1
1,cal-level-pooled,-1,2025,13,FLEX,00-0033288,0.618964406818,False,False,,,0.1
1,cal-level-pooled,-1,2025,13,QB,00-0033077,1.83057738986,True,True,00-0031345,0.0210906446099,0.1
1,cal-level-pooled,-1,2025,13,RB,00-0036973,0.583875076815,False,False,,,0.1
1,cal-level-pooled,-1,2025,14,FLEX,00-0037240,0.573679520319,True,True,00-0037744,0.0998946956719,0.1
1,cal-level-pooled,-1,2025,14,QB,00-0034869,1.70289703689,False,False,,,0.1
1,cal-level-pooled,-1,2025,14,RB,00-0040784,0.501294560665,False,False,,,0.1
1,cal-level-pooled,-1,2025,15,FLEX,00-0039075,0.587522796035,False,False,,,0.1
1,cal-level-pooled,-1,2025,15,QB,00-0026498,2.56968318981,False,False,,,0.1
1,cal-level-pooled,-1,2025,15,RB,00-0036875,0.506786324158,False,False,,,0.1
1,cal-level-pooled,-1,2025,16,FLEX,00-0038543,0.581284261951,True,True,00-0037744,0.0475571919683,0.1
1,cal-level-pooled,-1,2025,16,QB,00-0036355,2.04978300397,False,False,,,0.1
1,cal-level-pooled,-1,2025,16,RB,00-0040730,0.532067464473,False,False,,,0.1
1,cal-level-pooled,-1,2025,17,FLEX,00-0035659,0.571244093644,True,True,00-0036259,0.0207414944414,0.1
1,cal-level-pooled,-1,2025,17,QB,00-0039918,1.50547211439,False,False,,,0.1
1,cal-level-pooled,-1,2025,17,RB,00-0038597,0.639691139013,False,False,,,0.1
1,cal-level-pooled,-1,2025,18,FLEX,00-0035676,0.55182682382,False,False,,,0.1
1,cal-level-pooled,-1,2025,18,QB,00-0039918,1.60280906348,False,False,,,0.1
1,cal-level-pooled,-1,2025,18,RB,00-0039165,0.526366700284,True,True,00-0036275,0.0271114755938,0.1
1,cal-level-position,-1,2025,1,FLEX,00-0036900,0.94987639312,False,False,,,0.1
1,cal-level-position,-1,2025,1,QB,00-0036389,2.08058168056,True,False,00-0026158,0.123333019911,0.1
1,cal-level-position,-1,2025,1,RB,00-0036158,0.756360656868,False,False,,,0.1
1,cal-level-position,-1,2025,2,FLEX,00-0039849,0.696458004482,False,False,,,0.1
1,cal-level-position,-1,2025,2,QB,00-0035228,1.88102108792,False,False,,,0.1
1,cal-level-position,-1,2025,2,RB,00-0039139,0.944827417677,False,False,,,0.1
1,cal-level-position,-1,2025,3,FLEX,00-0039893,0.611123515745,False,False,,,0.1
1,cal-level-position,-1,2025,3,QB,00-0036971,1.61936234742,False,False,,,0.1
1,cal-level-position,-1,2025,3,RB,00-0036997,0.580697576711,False,False,,,0.1
1,cal-level-position,-1,2025,4,FLEX,00-0037240,0.509229856939,False,False,,,0.1
1,cal-level-position,-1,2025,4,QB,00-0036264,2.02263465665,False,False,,,0.1
1,cal-level-position,-1,2025,4,RB,00-0036158,0.870300488465,False,False,,,0.1
1,cal-level-position,-1,2025,5,FLEX,00-0038544,0.653011819794,False,False,,,0.1
1,cal-level-position,-1,2025,5,QB,00-0036212,1.56212234027,False,False,,,0.1
1,cal-level-position,-1,2025,5,RB,00-0035685,0.742746710303,False,False,,,0.1
1,cal-level-position,-1,2025,6,FLEX,00-0035640,0.591050152043,False,False,,,0.1
1,cal-level-position,-1,2025,6,QB,00-0033077,1.75336023972,False,False,,,0.1
1,cal-level-position,-1,2025,6,RB,00-0035700,1.22051578217,False,False,,,0.1
1,cal-level-position,-1,2025,7,FLEX,00-0037247,0.525987335206,False,False,,,0.1
1,cal-level-position,-1,2025,7,QB,00-0039910,2.0193366066,False,False,,,0.1
1,cal-level-position,-1,2025,7,RB,00-0036158,0.641872262462,False,False,,,0.1
1,cal-level-position,-1,2025,8,FLEX,00-0039067,0.728813417181,False,False,,,0.1
1,cal-level-position,-1,2025,8,QB,00-0039732,2.37325075796,False,False,,,0.1
1,cal-level-position,-1,2025,8,RB,00-0036158,0.642973369909,False,False,,,0.1
1,cal-level-position,-1,2025,9,FLEX,00-0038996,0.680274919112,False,False,,,0.1
1,cal-level-position,-1,2025,9,QB,00-0039851,1.79299159166,False,False,,,0.1
1,cal-level-position,-1,2025,9,RB,00-0036997,0.802340637431,False,False,,,0.1
1,cal-level-position,-1,2025,10,FLEX,00-0037238,0.600424603683,False,False,,,0.1
1,cal-level-position,-1,2025,10,QB,00-0035710,1.89997596233,False,False,,,0.1
1,cal-level-position,-1,2025,10,RB,00-0036158,0.555567338922,True,True,00-0039040,0.0211764507344,0.1
1,cal-level-position,-1,2025,11,FLEX,00-0035640,0.559225886459,False,False,,,0.1
1,cal-level-position,-1,2025,11,QB,00-0023459,1.93637359479,False,False,,,0.1
1,cal-level-position,-1,2025,11,RB,00-0040122,0.535597911183,False,False,,,0.1
1,cal-level-position,-1,2025,12,FLEX,00-0034351,0.559244729401,False,False,,,0.1
1,cal-level-position,-1,2025,12,QB,00-0031345,1.59066937736,False,False,,,0.1
1,cal-level-position,-1,2025,12,RB,00-0039165,0.60926687459,False,False,,,0.1
1,cal-level-position,-1,2025,13,FLEX,00-0033288,0.585002305276,False,False,,,0.1
1,cal-level-position,-1,2025,13,QB,00-0033077,1.79107023972,True,True,00-0031345,0.0206354705935,0.1
1,cal-level-position,-1,2025,13,RB,00-0036973,0.584029316597,False,False,,,0.1
1,cal-level-position,-1,2025,14,FLEX,00-0037240,0.610532755545,True,False,00-0036252,0.120309117533,0.1
1,cal-level-position,-1,2025,14,QB,00-0034869,1.66614545825,False,False,,,0.1
1,cal-level-position,-1,2025,14,RB,00-0040784,0.501426985505,False,False,,,0.1
1,cal-level-position,-1,2025,15,FLEX,00-0039075,0.62526532481,False,False,,,0.1
1,cal-level-position,-1,2025,15,QB,00-0026498,2.51422480813,False,False,,,0.1
1,cal-level-position,-1,2025,15,RB,00-0036875,0.506920199734,False,False,,,0.1
1,cal-level-position,-1,2025,16,FLEX,00-0038543,0.618626026613,True,True,00-0036554,0.0852966081738,0.1
1,cal-level-position,-1,2025,16,QB,00-0036355,2.00554500271,False,False,,,0.1
1,cal-level-position,-1,2025,16,RB,00-0040730,0.53220801846,False,False,,,0.1
1,cal-level-position,-1,2025,17,FLEX,00-0035659,0.607940876794,True,True,00-0036259,0.0220739303163,0.1
1,cal-level-position,-1,2025,17,QB,00-0039918,1.47298132041,False,False,,,0.1
1,cal-level-position,-1,2025,17,RB,00-0038597,0.639860123486,False,False,,,0.1
1,cal-level-position,-1,2025,18,FLEX,00-0035676,0.587276239429,False,False,,,0.1
1,cal-level-position,-1,2025,18,QB,00-0039918,1.56821756319,False,False,,,0.1
1,cal-level-position,-1,2025,18,RB,00-0039165,0.526505748324,True,True,00-0036275,0.0271186375164,0.1
1,cal-logaffine-pooled,-1,2025,1,FLEX,00-0036900,0.786556775344,False,False,,,0.1
1,cal-logaffine-pooled,-1,2025,1,QB,00-0036389,1.59484425195,True,True,00-0026158,0.0772023146066,0.1
1,cal-logaffine-pooled,-1,2025,1,RB,00-0036158,0.687219282174,False,False,,,0.1
1,cal-logaffine-pooled,-1,2025,2,FLEX,00-0034753,0.579029699622,False,False,,,0.1
1,cal-logaffine-pooled,-1,2025,2,QB,00-0035228,1.46913808237,False,False,,,0.1
1,cal-logaffine-pooled,-1,2025,2,RB,00-0039139,0.823698578762,False,False,,,0.1
1,cal-logaffine-pooled,-1,2025,3,FLEX,00-0035659,0.51209911708,False,False,,,0.1
1,cal-logaffine-pooled,-1,2025,3,QB,00-0036971,1.30046242878,False,False,,,0.1
1,cal-logaffine-pooled,-1,2025,3,RB,00-0036997,0.554165993763,False,False,,,0.1
1,cal-logaffine-pooled,-1,2025,4,FLEX,00-0037240,0.473453099432,False,False,,,0.1
1,cal-logaffine-pooled,-1,2025,4,QB,00-0036264,1.55858307806,False,False,,,0.1
1,cal-logaffine-pooled,-1,2025,4,RB,00-0036158,0.770396388277,False,False,,,0.1
1,cal-logaffine-pooled,-1,2025,5,FLEX,00-0038544,0.579720605918,False,False,,,0.1
1,cal-logaffine-pooled,-1,2025,5,QB,00-0036212,1.26290983853,False,False,,,0.1
1,cal-logaffine-pooled,-1,2025,5,RB,00-0035685,0.677130848485,False,False,,,0.1
1,cal-logaffine-pooled,-1,2025,6,FLEX,00-0035640,0.53452204969,False,False,,,0.1
1,cal-logaffine-pooled,-1,2025,6,QB,00-0033077,1.38742824484,False,False,,,0.1
1,cal-logaffine-pooled,-1,2025,6,RB,00-0035700,1.01461750472,False,False,,,0.1
1,cal-logaffine-pooled,-1,2025,7,FLEX,00-0037247,0.486100515341,False,False,,,0.1
1,cal-logaffine-pooled,-1,2025,7,QB,00-0039910,1.55651351745,False,False,,,0.1
1,cal-logaffine-pooled,-1,2025,7,RB,00-0036158,0.601253149482,False,False,,,0.1
1,cal-logaffine-pooled,-1,2025,8,FLEX,00-0039067,0.633947496629,False,False,,,0.1
1,cal-logaffine-pooled,-1,2025,8,QB,00-0039732,1.77524480354,False,False,,,0.1
1,cal-logaffine-pooled,-1,2025,8,RB,00-0036158,0.602092825737,False,False,,,0.1
1,cal-logaffine-pooled,-1,2025,9,FLEX,00-0038996,0.660166311269,False,False,,,0.1
1,cal-logaffine-pooled,-1,2025,9,QB,00-0039851,1.41290922401,False,False,,,0.1
1,cal-logaffine-pooled,-1,2025,9,RB,00-0036997,0.721047240812,False,False,,,0.1
1,cal-logaffine-pooled,-1,2025,10,FLEX,00-0037238,0.541414813793,False,False,,,0.1
1,cal-logaffine-pooled,-1,2025,10,QB,00-0035710,1.48118087891,False,False,,,0.1
1,cal-logaffine-pooled,-1,2025,10,RB,00-0036158,0.534559415432,True,True,00-0039040,0.0190806487532,0.1
1,cal-logaffine-pooled,-1,2025,11,FLEX,00-0035640,0.510968500208,False,False,,,0.1
1,cal-logaffine-pooled,-1,2025,11,QB,00-0023459,1.50424346501,False,False,,,0.1
1,cal-logaffine-pooled,-1,2025,11,RB,00-0040122,0.518861714841,False,False,,,0.1
1,cal-logaffine-pooled,-1,2025,12,FLEX,00-0034351,0.56283008887,False,False,,,0.1
1,cal-logaffine-pooled,-1,2025,12,QB,00-0031345,1.28166964525,False,False,,,0.1
1,cal-logaffine-pooled,-1,2025,12,RB,00-0039165,0.576265394438,False,False,,,0.1
1,cal-logaffine-pooled,-1,2025,13,FLEX,00-0033288,0.583848219974,False,False,,,0.1
1,cal-logaffine-pooled,-1,2025,13,QB,00-0033077,1.41167632145,True,True,00-0031345,0.017217750924,0.1
1,cal-logaffine-pooled,-1,2025,13,RB,00-0036973,0.556753447125,False,False,,,0.1
1,cal-logaffine-pooled,-1,2025,14,FLEX,00-0037240,0.548824687395,True,True,00-0037744,0.0791669975727,0.1
1,cal-logaffine-pooled,-1,2025,14,QB,00-0034869,1.33097168123,False,False,,,0.1
1,cal-logaffine-pooled,-1,2025,14,RB,00-0040784,0.49174449903,False,False,,,0.1
1,cal-logaffine-pooled,-1,2025,15,FLEX,00-0039075,0.559583897053,False,False,,,0.1
1,cal-logaffine-pooled,-1,2025,15,QB,00-0026498,1.86064290639,False,False,,,0.1
1,cal-logaffine-pooled,-1,2025,15,RB,00-0036875,0.49612638082,False,False,,,0.1
1,cal-logaffine-pooled,-1,2025,16,FLEX,00-0038543,0.554741107773,True,True,00-0037744,0.0372442711922,0.1
1,cal-logaffine-pooled,-1,2025,16,QB,00-0036355,1.5478523245,False,False,,,0.1
1,cal-logaffine-pooled,-1,2025,16,RB,00-0040730,0.516186262747,False,False,,,0.1
1,cal-logaffine-pooled,-1,2025,17,FLEX,00-0035659,0.546926874276,True,True,00-0036259,0.0162245941511,0.1
1,cal-logaffine-pooled,-1,2025,17,QB,00-0039918,1.20391326951,False,False,,,0.1
1,cal-logaffine-pooled,-1,2025,17,RB,00-0038597,0.599718052177,False,False,,,0.1
1,cal-logaffine-pooled,-1,2025,18,FLEX,00-0035676,0.531741479454,False,False,,,0.1
1,cal-logaffine-pooled,-1,2025,18,QB,00-0039918,1.26692065033,False,False,,,0.1
1,cal-logaffine-pooled,-1,2025,18,RB,00-0039165,0.511678622459,True,True,00-0036275,0.0215635778828,0.1
1,cal-logaffine-position,-1,2025,1,FLEX,00-0036900,0.66403073919,False,False,,,0.1
1,cal-logaffine-position,-1,2025,1,QB,00-0036389,1.61068041299,True,True,00-0026158,0.0598754186725,0.1
1,cal-logaffine-position,-1,2025,1,RB,00-0036158,0.612206126359,False,False,,,0.1
1,cal-logaffine-position,-1,2025,2,FLEX,00-0039849,0.526253924763,False,False,,,0.1
1,cal-logaffine-position,-1,2025,2,QB,00-0035228,1.51238081563,False,False,,,0.1
1,cal-logaffine-position,-1,2025,2,RB,00-0039139,0.728204122015,False,False,,,0.1
1,cal-logaffine-position,-1,2025,3,FLEX,00-0039893,0.477152536146,False,False,,,0.1
1,cal-logaffine-position,-1,2025,3,QB,00-0036971,1.37732575699,False,False,,,0.1
1,cal-logaffine-position,-1,2025,3,RB,00-0036997,0.498176319407,False,False,,,0.1
1,cal-logaffine-position,-1,2025,4,FLEX,00-0037240,0.416194751713,False,False,,,0.1
1,cal-logaffine-position,-1,2025,4,QB,00-0036264,1.58251649002,False,False,,,0.1
1,cal-logaffine-position,-1,2025,4,RB,00-0036158,0.683005530247,False,False,,,0.1
1,cal-logaffine-position,-1,2025,5,FLEX,00-0038544,0.501456007223,False,False,,,0.1
1,cal-logaffine-position,-1,2025,5,QB,00-0036212,1.34671631901,False,False,,,0.1
1,cal-logaffine-position,-1,2025,5,RB,00-0035685,0.603595191503,False,False,,,0.1
1,cal-logaffine-position,-1,2025,6,FLEX,00-0035640,0.465358902042,False,False,,,0.1
1,cal-logaffine-position,-1,2025,6,QB,00-0033077,1.44743604525,False,False,,,0.1
1,cal-logaffine-position,-1,2025,6,RB,00-0035700,0.889138644235,False,False,,,0.1
1,cal-logaffine-position,-1,2025,7,FLEX,00-0037247,0.42641617297,False,False,,,0.1
1,cal-logaffine-position,-1,2025,7,QB,00-0039910,1.58090449318,False,False,,,0.1
1,cal-logaffine-position,-1,2025,7,RB,00-0036158,0.538650504537,False,False,,,0.1
1,cal-logaffine-position,-1,2025,8,FLEX,00-0039067,0.544469793368,False,False,,,0.1
1,cal-logaffine-position,-1,2025,8,QB,00-0039732,1.74866235792,False,False,,,0.1
1,cal-logaffine-position,-1,2025,8,RB,00-0036158,0.539371011083,False,False,,,0.1
1,cal-logaffine-position,-1,2025,9,FLEX,00-0038996,0.461918337786,False,False,,,0.1
1,cal-logaffine-position,-1,2025,9,QB,00-0039851,1.46778219725,False,False,,,0.1
1,cal-logaffine-position,-1,2025,9,RB,00-0036997,0.641041382666,False,False,,,0.1
1,cal-logaffine-position,-1,2025,10,FLEX,00-0037238,0.47087893314,False,False,,,0.1
1,cal-logaffine-position,-1,2025,10,QB,00-0035710,1.52188058144,False,False,,,0.1
1,cal-logaffine-position,-1,2025,10,RB,00-0036158,0.481281169444,True,True,00-0039040,0.0168446276941,0.1
1,cal-logaffine-position,-1,2025,11,FLEX,00-0035640,0.446452865805,False,False,,,0.1
1,cal-logaffine-position,-1,2025,11,QB,00-0023459,1.540023099,False,False,,,0.1
1,cal-logaffine-position,-1,2025,11,RB,00-0040122,0.467735525493,False,False,,,0.1
1,cal-logaffine-position,-1,2025,12,FLEX,00-0039075,0.413339479238,False,False,,,0.1
1,cal-logaffine-position,-1,2025,12,QB,00-0031345,1.36203371865,False,False,,,0.1
1,cal-logaffine-position,-1,2025,12,RB,00-0039165,0.517189399882,False,False,,,0.1
1,cal-logaffine-position,-1,2025,13,FLEX,00-0033288,0.413541425031,False,False,,,0.1
1,cal-logaffine-position,-1,2025,13,QB,00-0033077,1.46679972383,True,True,00-0031345,0.0170408635241,0.1
1,cal-logaffine-position,-1,2025,13,RB,00-0036973,0.500404047519,False,False,,,0.1
1,cal-logaffine-position,-1,2025,14,FLEX,00-0037240,0.476806849599,True,True,00-0036252,0.0720939709942,0.1
1,cal-logaffine-position,-1,2025,14,QB,00-0034869,1.40204264154,False,False,,,0.1
1,cal-logaffine-position,-1,2025,14,RB,00-0040784,0.444294847192,False,False,,,0.1
1,cal-logaffine-position,-1,2025,15,FLEX,00-0039075,0.485402923485,False,False,,,0.1
1,cal-logaffine-position,-1,2025,15,QB,00-0026498,1.8128280615,False,False,,,0.1
1,cal-logaffine-position,-1,2025,15,RB,00-0036875,0.448086252432,False,False,,,0.1
1,cal-logaffine-position,-1,2025,16,FLEX,00-0038543,0.481535420151,True,True,00-0036554,0.0506666636009,0.1
1,cal-logaffine-position,-1,2025,16,QB,00-0036355,1.57415279428,False,False,,,0.1
1,cal-logaffine-position,-1,2025,16,RB,00-0040730,0.465425151215,False,False,,,0.1
1,cal-logaffine-position,-1,2025,17,FLEX,00-0035659,0.475289205359,True,True,00-0036259,0.0129917822933,0.1
1,cal-logaffine-position,-1,2025,17,QB,00-0039918,1.29819479208,False,False,,,0.1
1,cal-logaffine-position,-1,2025,17,RB,00-0038597,0.53733316372,False,False,,,0.1
1,cal-logaffine-position,-1,2025,18,FLEX,00-0035676,0.463130496578,False,False,,,0.1
1,cal-logaffine-position,-1,2025,18,QB,00-0039918,1.34999558087,False,False,,,0.1
1,cal-logaffine-position,-1,2025,18,RB,00-0039165,0.461531455674,True,True,00-0036275,0.0186468500153,0.1
1,shipped,-1,2025,1,FLEX,00-0036900,0.997409193434,False,False,,,0.1
1,shipped,-1,2025,1,QB,00-0036389,2.37632666686,True,False,00-0026158,0.140864233718,0.1
1,shipped,-1,2025,1,RB,00-0036158,0.845006627144,False,False,,,0.1
1,shipped,-1,2025,2,FLEX,00-0034753,0.684685688724,False,False,,,0.1
1,shipped,-1,2025,2,QB,00-0035228,2.14839946632,False,False,,,0.1
1,shipped,-1,2025,2,RB,00-0039139,1.05556181723,False,False,,,0.1
1,shipped,-1,2025,3,FLEX,00-0035659,0.58880631001,False,False,,,0.1
1,shipped,-1,2025,3,QB,00-0036971,1.84954715571,False,False,,,0.1
1,shipped,-1,2025,3,RB,00-0036997,0.648755717569,False,False,,,0.1
1,shipped,-1,2025,4,FLEX,00-0037240,0.534712247363,False,False,,,0.1
1,shipped,-1,2025,4,QB,00-0036264,2.31014274365,False,False,,,0.1
1,shipped,-1,2025,4,RB,00-0036158,0.972300282521,False,False,,,0.1
1,shipped,-1,2025,5,FLEX,00-0038544,0.685689208829,False,False,,,0.1
1,shipped,-1,2025,5,QB,00-0036212,1.78417074838,False,False,,,0.1
1,shipped,-1,2025,5,RB,00-0035685,0.82979711702,False,False,,,0.1
1,shipped,-1,2025,6,FLEX,00-0035640,0.620626914931,False,False,,,0.1
1,shipped,-1,2025,6,QB,00-0033077,2.0025922237,False,False,,,0.1
1,shipped,-1,2025,6,RB,00-0035700,1.36356104076,False,False,,,0.1
1,shipped,-1,2025,7,FLEX,00-0037247,0.55230828723,False,False,,,0.1
1,shipped,-1,2025,7,QB,00-0039910,2.30637589116,False,False,,,0.1
1,shipped,-1,2025,7,RB,00-0036158,0.717100117035,False,False,,,0.1
1,shipped,-1,2025,8,FLEX,00-0039067,0.765283996802,False,False,,,0.1
1,shipped,-1,2025,8,QB,00-0039732,2.7105972892,False,False,,,0.1
1,shipped,-1,2025,8,RB,00-0036158,0.718330275004,False,False,,,0.1
1,shipped,-1,2025,9,FLEX,00-0038996,0.804337751991,False,False,,,0.1
1,shipped,-1,2025,9,QB,00-0039851,2.04785698756,False,False,,,0.1
1,shipped,-1,2025,9,RB,00-0036997,0.896375491904,False,False,,,0.1
1,shipped,-1,2025,10,FLEX,00-0037238,0.630470473859,False,False,,,0.1
1,shipped,-1,2025,10,QB,00-0035710,2.17004868777,False,False,,,0.1
1,shipped,-1,2025,10,RB,00-0036158,0.620680199256,True,True,00-0039040,0.0236583447956,0.1
1,shipped,-1,2025,11,FLEX,00-0035640,0.587210130076,False,False,,,0.1
1,shipped,-1,2025,11,QB,00-0023459,2.21162007399,False,False,,,0.1
1,shipped,-1,2025,11,RB,00-0040122,0.598370341351,False,False,,,0.1
1,shipped,-1,2025,12,FLEX,00-0034351,0.661235091611,False,False,,,0.1
1,shipped,-1,2025,12,QB,00-0031345,1.81677561371,False,False,,,0.1
1,shipped,-1,2025,12,RB,00-0039165,0.680673356094,False,False,,,0.1
1,shipped,-1,2025,13,FLEX,00-0033288,0.691690118092,False,False,,,0.1
1,shipped,-1,2025,13,QB,00-0033077,2.0456625244,True,True,00-0031345,0.0235687065366,0.1
1,shipped,-1,2025,13,RB,00-0036973,0.652477939579,False,False,,,0.1
1,shipped,-1,2025,14,FLEX,00-0037240,0.641084448128,True,False,00-0037744,0.111631901746,0.1
1,shipped,-1,2025,14,QB,00-0034869,1.90298026764,False,False,,,0.1
1,shipped,-1,2025,14,RB,00-0040784,0.560194560536,False,False,,,0.1
1,shipped,-1,2025,15,FLEX,00-0039075,0.656554250445,False,False,,,0.1
1,shipped,-1,2025,15,QB,00-0026498,2.87161014339,False,False,,,0.1
1,shipped,-1,2025,15,RB,00-0036875,0.566331583113,False,False,,,0.1
1,shipped,-1,2025,16,FLEX,00-0038543,0.649582714878,True,True,00-0037744,0.053144961756,0.1
1,shipped,-1,2025,16,QB,00-0036355,2.29062387508,False,False,,,0.1
1,shipped,-1,2025,16,RB,00-0040730,0.594583150954,False,False,,,0.1
1,shipped,-1,2025,17,FLEX,00-0035659,0.638362869075,True,True,00-0036259,0.0231785326935,0.1
1,shipped,-1,2025,17,QB,00-0039918,1.68235874812,False,False,,,0.1
1,shipped,-1,2025,17,RB,00-0038597,0.714852154037,False,False,,,0.1
1,shipped,-1,2025,18,FLEX,00-0035676,0.616664151815,False,False,,,0.1
1,shipped,-1,2025,18,QB,00-0039918,1.79113237883,False,False,,,0.1
1,shipped,-1,2025,18,RB,00-0039165,0.588212570979,True,True,00-0036275,0.0302969598066,0.1
