schema_version,model,seed,season,k,rank,delta,covered_cells,jointly_empty_cells,total_cells
1,base-rate-only,-1,2011,1,rank_available,0.137254901961,51,0,51
1,base-rate-only,-1,2011,3,rank_available,-0.0392156862745,51,0,51
1,base-rate-only,-1,2011,5,rank_available,-0.0235294117647,51,0,51
1,base-rate-only,-1,2011,10,rank_available,-0.0156862745098,51,0,51
1,base-rate-only,-1,2011,1,rank_in_slot,0.0196078431373,51,0,51
1,base-rate-only,-1,2011,3,rank_in_slot,4.35381578284e-18,51,0,51
1,base-rate-only,-1,2011,5,rank_in_slot,0.0156862745098,51,0,51
1,base-rate-only,-1,2011,10,rank_in_slot,0.0117647058824,51,0,51
1,current-season-rate,-1,2011,1,rank_available,0.137254901961,51,0,51
1,current-season-rate,-1,2011,3,rank_available,-0.150326797386,51,0,51
1,current-season-rate,-1,2011,5,rank_available,-0.160784313725,51,0,51
1,current-season-rate,-1,2011,10,rank_available,-0.166666666667,51,0,51
1,current-season-rate,-1,2011,1,rank_in_slot,0,51,0,51
1,current-season-rate,-1,2011,3,rank_in_slot,-0.0392156862745,51,0,51
1,current-season-rate,-1,2011,5,rank_in_slot,0.0235294117647,51,0,51
1,current-season-rate,-1,2011,10,rank_in_slot,-0.0509803921569,51,0,51
1,historical-rate,-1,2011,1,rank_available,-0.176470588235,51,0,51
1,historical-rate,-1,2011,3,rank_available,-0.183006535948,51,0,51
1,historical-rate,-1,2011,5,rank_available,-0.113725490196,51,0,51
1,historical-rate,-1,2011,10,rank_available,-0.0960784313725,51,0,51
1,historical-rate,-1,2011,1,rank_in_slot,-0.647058823529,51,0,51
1,historical-rate,-1,2011,3,rank_in_slot,-0.222222222222,51,0,51
1,historical-rate,-1,2011,5,rank_in_slot,-0.0274509803922,51,0,51
1,historical-rate,-1,2011,10,rank_in_slot,-0.0529411764706,51,0,51
1,no-vegas,-1,2011,1,rank_available,0,51,0,51
1,no-vegas,-1,2011,3,rank_available,-0.0326797385621,51,0,51
1,no-vegas,-1,2011,5,rank_available,-0.0274509803922,51,0,51
1,no-vegas,-1,2011,10,rank_available,-0.021568627451,51,0,51
1,no-vegas,-1,2011,1,rank_in_slot,0.0196078431373,51,0,51
1,no-vegas,-1,2011,3,rank_in_slot,-0.124183006536,51,0,51
1,no-vegas,-1,2011,5,rank_in_slot,-0.0235294117647,51,0,51
1,no-vegas,-1,2011,10,rank_in_slot,-0.0274509803922,51,0,51
1,player-vegas,-1,2011,1,rank_available,0.196078431373,51,0,51
1,player-vegas,-1,2011,3,rank_available,-0.0653594771242,51,0,51
1,player-vegas,-1,2011,5,rank_available,-0.0509803921569,51,0,51
1,player-vegas,-1,2011,10,rank_available,-0.0803921568627,51,0,51
1,player-vegas,-1,2011,1,rank_in_slot,0.0392156862745,51,0,51
1,player-vegas,-1,2011,3,rank_in_slot,0.0261437908497,51,0,51
1,player-vegas,-1,2011,5,rank_in_slot,0.043137254902,51,0,51
1,player-vegas,-1,2011,10,rank_in_slot,0.00588235294118,51,0,51
1,random,0,2011,1,rank_available,-0.588235294118,51,0,51
1,random,0,2011,3,rank_available,-0.686274509804,51,0,51
1,random,0,2011,5,rank_available,-0.607843137255,51,0,51
1,random,0,2011,10,rank_available,-0.478431372549,51,0,51
1,random,0,2011,1,rank_in_slot,-1.11764705882,51,0,51
1,random,0,2011,3,rank_in_slot,-1.07189542484,51,0,51
1,random,0,2011,5,rank_in_slot,-0.909803921569,51,0,51
1,random,0,2011,10,rank_in_slot,-0.688235294118,51,0,51
1,random,1,2011,1,rank_available,-0.549019607843,51,0,51
1,random,1,2011,3,rank_available,-0.633986928105,51,0,51
1,random,1,2011,5,rank_available,-0.564705882353,51,0,51
1,random,1,2011,10,rank_available,-0.452941176471,51,0,51
1,random,1,2011,1,rank_in_slot,-1.11764705882,51,0,51
1,random,1,2011,3,rank_in_slot,-0.967320261438,51,0,51
1,random,1,2011,5,rank_in_slot,-0.866666666667,51,0,51
1,random,1,2011,10,rank_in_slot,-0.643137254902,51,0,51
1,random,2,2011,1,rank_available,-0.43137254902,51,0,51
1,random,2,2011,3,rank_available,-0.588235294118,51,0,51
1,random,2,2011,5,rank_available,-0.525490196078,51,0,51
1,random,2,2011,10,rank_available,-0.443137254902,51,0,51
1,random,2,2011,1,rank_in_slot,-0.960784313725,51,0,51
1,random,2,2011,3,rank_in_slot,-0.960784313725,51,0,51
1,random,2,2011,5,rank_in_slot,-0.81568627451,51,0,51
1,random,2,2011,10,rank_in_slot,-0.672549019608,51,0,51
1,random,3,2011,1,rank_available,-0.549019607843,51,0,51
1,random,3,2011,3,rank_available,-0.712418300654,51,0,51
1,random,3,2011,5,rank_available,-0.654901960784,51,0,51
1,random,3,2011,10,rank_available,-0.519607843137,51,0,51
1,random,3,2011,1,rank_in_slot,-1.11764705882,51,0,51
1,random,3,2011,3,rank_in_slot,-1.1045751634,51,0,51
1,random,3,2011,5,rank_in_slot,-0.980392156863,51,0,51
1,random,3,2011,10,rank_in_slot,-0.758823529412,51,0,51
1,random,4,2011,1,rank_available,-0.588235294118,51,0,51
1,random,4,2011,3,rank_available,-0.732026143791,51,0,51
1,random,4,2011,5,rank_available,-0.623529411765,51,0,51
1,random,4,2011,10,rank_available,-0.488235294118,51,0,51
1,random,4,2011,1,rank_in_slot,-1.1568627451,51,0,51
1,random,4,2011,3,rank_in_slot,-1.02614379085,51,0,51
1,random,4,2011,5,rank_in_slot,-0.882352941176,51,0,51
1,random,4,2011,10,rank_in_slot,-0.760784313725,51,0,51
1,random,5,2011,1,rank_available,-0.725490196078,51,0,51
1,random,5,2011,3,rank_available,-0.686274509804,51,0,51
1,random,5,2011,5,rank_available,-0.537254901961,51,0,51
1,random,5,2011,10,rank_available,-0.486274509804,51,0,51
1,random,5,2011,1,rank_in_slot,-1.19607843137,51,0,51
1,random,5,2011,3,rank_in_slot,-1.04575163399,51,0,51
1,random,5,2011,5,rank_in_slot,-0.847058823529,51,0,51
1,random,5,2011,10,rank_in_slot,-0.741176470588,51,0,51
1,random,6,2011,1,rank_available,-0.666666666667,51,0,51
1,random,6,2011,3,rank_available,-0.758169934641,51,0,51
1,random,6,2011,5,rank_available,-0.63137254902,51,0,51
1,random,6,2011,10,rank_available,-0.498039215686,51,0,51
1,random,6,2011,1,rank_in_slot,-1.23529411765,51,0,51
1,random,6,2011,3,rank_in_slot,-1.0522875817,51,0,51
1,random,6,2011,5,rank_in_slot,-0.839215686275,51,0,51
1,random,6,2011,10,rank_in_slot,-0.707843137255,51,0,51
1,random,7,2011,1,rank_available,-0.686274509804,51,0,51
1,random,7,2011,3,rank_available,-0.640522875817,51,0,51
1,random,7,2011,5,rank_available,-0.552941176471,51,0,51
1,random,7,2011,10,rank_available,-0.439215686275,51,0,51
1,random,7,2011,1,rank_in_slot,-0.960784313725,51,0,51
1,random,7,2011,3,rank_in_slot,-0.856209150327,51,0,51
1,random,7,2011,5,rank_in_slot,-0.76862745098,51,0,51
1,random,7,2011,10,rank_in_slot,-0.670588235294,51,0,51
1,random,8,2011,1,rank_available,-0.607843137255,51,0,51
1,random,8,2011,3,rank_available,-0.732026143791,51,0,51
1,random,8,2011,5,rank_available,-0.639215686275,51,0,51
1,random,8,2011,10,rank_available,-0.507843137255,51,0,51
1,random,8,2011,1,rank_in_slot,-0.960784313725,51,0,51
1,random,8,2011,3,rank_in_slot,-1.00653594771,51,0,51
1,random,8,2011,5,rank_in_slot,-0.874509803922,51,0,51
1,random,8,2011,10,rank_in_slot,-0.756862745098,51,0,51
1,random,9,2011,1,rank_available,-0.705882352941,51,0,51
1,random,9,2011,3,rank_available,-0.771241830065,51,0,51
1,random,9,2011,5,rank_available,-0.6,51,0,51
1,random,9,2011,10,rank_available,-0.474509803922,51,0,51
1,random,9,2011,1,rank_in_slot,-1.17647058824,51,0,51
1,random,9,2011,3,rank_in_slot,-1,51,0,51
1,random,9,2011,5,rank_in_slot,-0.827450980392,51,0,51
1,random,9,2011,10,rank_in_slot,-0.682352941176,51,0,51
1,random,10,2011,1,rank_available,-0.764705882353,51,0,51
1,random,10,2011,3,rank_available,-0.758169934641,51,0,51
1,random,10,2011,5,rank_available,-0.635294117647,51,0,51
1,random,10,2011,10,rank_available,-0.503921568627,51,0,51
1,random,10,2011,1,rank_in_slot,-1.33333333333,51,0,51
1,random,10,2011,3,rank_in_slot,-1.15032679739,51,0,51
1,random,10,2011,5,rank_in_slot,-0.827450980392,51,0,51
1,random,10,2011,10,rank_in_slot,-0.676470588235,51,0,51
1,random,11,2011,1,rank_available,-0.56862745098,51,0,51
1,random,11,2011,3,rank_available,-0.718954248366,51,0,51
1,random,11,2011,5,rank_available,-0.627450980392,51,0,51
1,random,11,2011,10,rank_available,-0.511764705882,51,0,51
1,random,11,2011,1,rank_in_slot,-1.07843137255,51,0,51
1,random,11,2011,3,rank_in_slot,-1.09150326797,51,0,51
1,random,11,2011,5,rank_in_slot,-0.898039215686,51,0,51
1,random,11,2011,10,rank_in_slot,-0.752941176471,51,0,51
1,random,12,2011,1,rank_available,-0.647058823529,51,0,51
1,random,12,2011,3,rank_available,-0.692810457516,51,0,51
1,random,12,2011,5,rank_available,-0.61568627451,51,0,51
1,random,12,2011,10,rank_available,-0.509803921569,51,0,51
1,random,12,2011,1,rank_in_slot,-1.21568627451,51,0,51
1,random,12,2011,3,rank_in_slot,-0.967320261438,51,0,51
1,random,12,2011,5,rank_in_slot,-0.854901960784,51,0,51
1,random,12,2011,10,rank_in_slot,-0.750980392157,51,0,51
1,random,13,2011,1,rank_available,-0.607843137255,51,0,51
1,random,13,2011,3,rank_available,-0.627450980392,51,0,51
1,random,13,2011,5,rank_available,-0.525490196078,51,0,51
1,random,13,2011,10,rank_available,-0.437254901961,51,0,51
1,random,13,2011,1,rank_in_slot,-1.13725490196,51,0,51
1,random,13,2011,3,rank_in_slot,-0.954248366013,51,0,51
1,random,13,2011,5,rank_in_slot,-0.8,51,0,51
1,random,13,2011,10,rank_in_slot,-0.676470588235,51,0,51
1,random,14,2011,1,rank_available,-0.647058823529,51,0,51
1,random,14,2011,3,rank_available,-0.666666666667,51,0,51
1,random,14,2011,5,rank_available,-0.521568627451,51,0,51
1,random,14,2011,10,rank_available,-0.454901960784,51,0,51
1,random,14,2011,1,rank_in_slot,-1.21568627451,51,0,51
1,random,14,2011,3,rank_in_slot,-0.901960784314,51,0,51
1,random,14,2011,5,rank_in_slot,-0.733333333333,51,0,51
1,random,14,2011,10,rank_in_slot,-0.658823529412,51,0,51
1,random,15,2011,1,rank_available,-0.725490196078,51,0,51
1,random,15,2011,3,rank_available,-0.738562091503,51,0,51
1,random,15,2011,5,rank_available,-0.572549019608,51,0,51
1,random,15,2011,10,rank_available,-0.460784313725,51,0,51
1,random,15,2011,1,rank_in_slot,-1.27450980392,51,0,51
1,random,15,2011,3,rank_in_slot,-1.13071895425,51,0,51
1,random,15,2011,5,rank_in_slot,-0.894117647059,51,0,51
1,random,15,2011,10,rank_in_slot,-0.774509803922,51,0,51
1,random,16,2011,1,rank_available,-0.509803921569,51,0,51
1,random,16,2011,3,rank_available,-0.686274509804,51,0,51
1,random,16,2011,5,rank_available,-0.556862745098,51,0,51
1,random,16,2011,10,rank_available,-0.466666666667,51,0,51
1,random,16,2011,1,rank_in_slot,-0.921568627451,51,0,51
1,random,16,2011,3,rank_in_slot,-0.934640522876,51,0,51
1,random,16,2011,5,rank_in_slot,-0.756862745098,51,0,51
1,random,16,2011,10,rank_in_slot,-0.68431372549,51,0,51
1,random,17,2011,1,rank_available,-0.666666666667,51,0,51
1,random,17,2011,3,rank_available,-0.764705882353,51,0,51
1,random,17,2011,5,rank_available,-0.678431372549,51,0,51
1,random,17,2011,10,rank_available,-0.521568627451,51,0,51
1,random,17,2011,1,rank_in_slot,-0.980392156863,51,0,51
1,random,17,2011,3,rank_in_slot,-1.01307189542,51,0,51
1,random,17,2011,5,rank_in_slot,-0.929411764706,51,0,51
1,random,17,2011,10,rank_in_slot,-0.737254901961,51,0,51
1,random,18,2011,1,rank_available,-0.470588235294,51,0,51
1,random,18,2011,3,rank_available,-0.647058823529,51,0,51
1,random,18,2011,5,rank_available,-0.607843137255,51,0,51
1,random,18,2011,10,rank_available,-0.511764705882,51,0,51
1,random,18,2011,1,rank_in_slot,-1.03921568627,51,0,51
1,random,18,2011,3,rank_in_slot,-0.895424836601,51,0,51
1,random,18,2011,5,rank_in_slot,-0.76862745098,51,0,51
1,random,18,2011,10,rank_in_slot,-0.733333333333,51,0,51
1,random,19,2011,1,rank_available,-0.509803921569,51,0,51
1,random,19,2011,3,rank_available,-0.601307189542,51,0,51
1,random,19,2011,5,rank_available,-0.517647058824,51,0,51
1,random,19,2011,10,rank_available,-0.405882352941,51,0,51
1,random,19,2011,1,rank_in_slot,-0.686274509804,51,0,51
1,random,19,2011,3,rank_in_slot,-0.888888888889,51,0,51
1,random,19,2011,5,rank_in_slot,-0.788235294118,51,0,51
1,random,19,2011,10,rank_in_slot,-0.654901960784,51,0,51
1,regressed-rate,-1,2011,1,rank_available,-0.0980392156863,51,0,51
1,regressed-rate,-1,2011,3,rank_available,-0.169934640523,51,0,51
1,regressed-rate,-1,2011,5,rank_available,-0.121568627451,51,0,51
1,regressed-rate,-1,2011,10,rank_available,-0.105882352941,51,0,51
1,regressed-rate,-1,2011,1,rank_in_slot,-0.666666666667,51,0,51
1,regressed-rate,-1,2011,3,rank_in_slot,-0.202614379085,51,0,51
1,regressed-rate,-1,2011,5,rank_in_slot,-0.0823529411765,51,0,51
1,regressed-rate,-1,2011,10,rank_in_slot,-0.021568627451,51,0,51
1,vegas-environment,-1,2011,1,rank_available,-0.274509803922,51,0,51
1,vegas-environment,-1,2011,3,rank_available,-0.21568627451,51,0,51
1,vegas-environment,-1,2011,5,rank_available,-0.164705882353,51,0,51
1,vegas-environment,-1,2011,10,rank_available,-0.111764705882,51,0,51
1,vegas-environment,-1,2011,1,rank_in_slot,-0.137254901961,51,0,51
1,vegas-environment,-1,2011,3,rank_in_slot,-0.0915032679739,51,0,51
1,vegas-environment,-1,2011,5,rank_in_slot,-0.0549019607843,51,0,51
1,vegas-environment,-1,2011,10,rank_in_slot,-0.078431372549,51,0,51
1,within-player,0,2011,1,rank_available,0.078431372549,51,0,51
1,within-player,0,2011,3,rank_available,-0.0588235294118,51,0,51
1,within-player,0,2011,5,rank_available,-0.0313725490196,51,0,51
1,within-player,0,2011,10,rank_available,0.00980392156863,51,0,51
1,within-player,0,2011,1,rank_in_slot,-0.0392156862745,51,0,51
1,within-player,0,2011,3,rank_in_slot,-0.0326797385621,51,0,51
1,within-player,0,2011,5,rank_in_slot,0.0117647058824,51,0,51
1,within-player,0,2011,10,rank_in_slot,-0.0176470588235,51,0,51
1,within-player,1,2011,1,rank_available,0.0980392156863,51,0,51
1,within-player,1,2011,3,rank_available,-0.078431372549,51,0,51
1,within-player,1,2011,5,rank_available,-0.0470588235294,51,0,51
1,within-player,1,2011,10,rank_available,-0.00980392156863,51,0,51
1,within-player,1,2011,1,rank_in_slot,-0.0980392156863,51,0,51
1,within-player,1,2011,3,rank_in_slot,0.0457516339869,51,0,51
1,within-player,1,2011,5,rank_in_slot,0.00392156862745,51,0,51
1,within-player,1,2011,10,rank_in_slot,-0.00980392156863,51,0,51
1,within-player,2,2011,1,rank_available,0.078431372549,51,0,51
1,within-player,2,2011,3,rank_available,-0.0522875816993,51,0,51
1,within-player,2,2011,5,rank_available,-0.0156862745098,51,0,51
1,within-player,2,2011,10,rank_available,0.0235294117647,51,0,51
1,within-player,2,2011,1,rank_in_slot,0,51,0,51
1,within-player,2,2011,3,rank_in_slot,-0.0196078431373,51,0,51
1,within-player,2,2011,5,rank_in_slot,-0.0117647058824,51,0,51
1,within-player,2,2011,10,rank_in_slot,-0.00980392156863,51,0,51
1,within-player,3,2011,1,rank_available,0,51,0,51
1,within-player,3,2011,3,rank_available,-0.0915032679739,51,0,51
1,within-player,3,2011,5,rank_available,-0.0823529411765,51,0,51
1,within-player,3,2011,10,rank_available,-0.00588235294118,51,0,51
1,within-player,3,2011,1,rank_in_slot,-0.0588235294118,51,0,51
1,within-player,3,2011,3,rank_in_slot,0.0457516339869,51,0,51
1,within-player,3,2011,5,rank_in_slot,-0.0078431372549,51,0,51
1,within-player,3,2011,10,rank_in_slot,-0.0411764705882,51,0,51
1,within-player,4,2011,1,rank_available,0.078431372549,51,0,51
1,within-player,4,2011,3,rank_available,-0.0392156862745,51,0,51
1,within-player,4,2011,5,rank_available,-0.043137254902,51,0,51
1,within-player,4,2011,10,rank_available,3.26536183713e-18,51,0,51
1,within-player,4,2011,1,rank_in_slot,-0.0392156862745,51,0,51
1,within-player,4,2011,3,rank_in_slot,0.00653594771242,51,0,51
1,within-player,4,2011,5,rank_in_slot,-0.00392156862745,51,0,51
1,within-player,4,2011,10,rank_in_slot,-0.00980392156863,51,0,51
1,within-player,5,2011,1,rank_available,0.0588235294118,51,0,51
1,within-player,5,2011,3,rank_available,-0.0588235294118,51,0,51
1,within-player,5,2011,5,rank_available,-0.0549019607843,51,0,51
1,within-player,5,2011,10,rank_available,-0.0117647058824,51,0,51
1,within-player,5,2011,1,rank_in_slot,-0.117647058824,51,0,51
1,within-player,5,2011,3,rank_in_slot,4.35381578284e-18,51,0,51
1,within-player,5,2011,5,rank_in_slot,-0.0156862745098,51,0,51
1,within-player,5,2011,10,rank_in_slot,-0.021568627451,51,0,51
1,within-player,6,2011,1,rank_available,0.0392156862745,51,0,51
1,within-player,6,2011,3,rank_available,-0.104575163399,51,0,51
1,within-player,6,2011,5,rank_available,-0.043137254902,51,0,51
1,within-player,6,2011,10,rank_available,0.00392156862745,51,0,51
1,within-player,6,2011,1,rank_in_slot,0.0196078431373,51,0,51
1,within-player,6,2011,3,rank_in_slot,0.0522875816993,51,0,51
1,within-player,6,2011,5,rank_in_slot,0.0078431372549,51,0,51
1,within-player,6,2011,10,rank_in_slot,-0.0254901960784,51,0,51
1,within-player,7,2011,1,rank_available,0.156862745098,51,0,51
1,within-player,7,2011,3,rank_available,-0.0653594771242,51,0,51
1,within-player,7,2011,5,rank_available,-0.0078431372549,51,0,51
1,within-player,7,2011,10,rank_available,-0.0176470588235,51,0,51
1,within-player,7,2011,1,rank_in_slot,-0.0980392156863,51,0,51
1,within-player,7,2011,3,rank_in_slot,-0.0196078431373,51,0,51
1,within-player,7,2011,5,rank_in_slot,-0.0156862745098,51,0,51
1,within-player,7,2011,10,rank_in_slot,-8.70763156569e-18,51,0,51
1,within-player,8,2011,1,rank_available,0.0392156862745,51,0,51
1,within-player,8,2011,3,rank_available,-0.0653594771242,51,0,51
1,within-player,8,2011,5,rank_available,-0.0274509803922,51,0,51
1,within-player,8,2011,10,rank_available,-0.00392156862745,51,0,51
1,within-player,8,2011,1,rank_in_slot,-0.0392156862745,51,0,51
1,within-player,8,2011,3,rank_in_slot,-1.30614473485e-17,51,0,51
1,within-player,8,2011,5,rank_in_slot,0.0196078431373,51,0,51
1,within-player,8,2011,10,rank_in_slot,-0.0196078431373,51,0,51
1,within-player,9,2011,1,rank_available,0.0980392156863,51,0,51
1,within-player,9,2011,3,rank_available,-0.0980392156863,51,0,51
1,within-player,9,2011,5,rank_available,-0.078431372549,51,0,51
1,within-player,9,2011,10,rank_available,-0.0235294117647,51,0,51
1,within-player,9,2011,1,rank_in_slot,-0.0392156862745,51,0,51
1,within-player,9,2011,3,rank_in_slot,-0.00653594771242,51,0,51
1,within-player,9,2011,5,rank_in_slot,-0.0117647058824,51,0,51
1,within-player,9,2011,10,rank_in_slot,-0.0196078431373,51,0,51
1,within-player,10,2011,1,rank_available,0.137254901961,51,0,51
1,within-player,10,2011,3,rank_available,-0.0849673202614,51,0,51
1,within-player,10,2011,5,rank_available,-0.0235294117647,51,0,51
1,within-player,10,2011,10,rank_available,-0.00588235294118,51,0,51
1,within-player,10,2011,1,rank_in_slot,-0.137254901961,51,0,51
1,within-player,10,2011,3,rank_in_slot,-0.0196078431373,51,0,51
1,within-player,10,2011,5,rank_in_slot,0.0274509803922,51,0,51
1,within-player,10,2011,10,rank_in_slot,-0.0137254901961,51,0,51
1,within-player,11,2011,1,rank_available,0.0980392156863,51,0,51
1,within-player,11,2011,3,rank_available,-0.117647058824,51,0,51
1,within-player,11,2011,5,rank_available,-0.0313725490196,51,0,51
1,within-player,11,2011,10,rank_available,0.00196078431373,51,0,51
1,within-player,11,2011,1,rank_in_slot,-0.0196078431373,51,0,51
1,within-player,11,2011,3,rank_in_slot,0.0392156862745,51,0,51
1,within-player,11,2011,5,rank_in_slot,0.0078431372549,51,0,51
1,within-player,11,2011,10,rank_in_slot,-0.0078431372549,51,0,51
1,within-player,12,2011,1,rank_available,0.078431372549,51,0,51
1,within-player,12,2011,3,rank_available,-0.0653594771242,51,0,51
1,within-player,12,2011,5,rank_available,-0.0078431372549,51,0,51
1,within-player,12,2011,10,rank_available,-0.00588235294118,51,0,51
1,within-player,12,2011,1,rank_in_slot,-0.078431372549,51,0,51
1,within-player,12,2011,3,rank_in_slot,-0.078431372549,51,0,51
1,within-player,12,2011,5,rank_in_slot,0,51,0,51
1,within-player,12,2011,10,rank_in_slot,-0.0078431372549,51,0,51
1,within-player,13,2011,1,rank_available,0.078431372549,51,0,51
1,within-player,13,2011,3,rank_available,-0.0196078431373,51,0,51
1,within-player,13,2011,5,rank_available,-0.0352941176471,51,0,51
1,within-player,13,2011,10,rank_available,0.00196078431373,51,0,51
1,within-player,13,2011,1,rank_in_slot,-0.078431372549,51,0,51
1,within-player,13,2011,3,rank_in_slot,0.0261437908497,51,0,51
1,within-player,13,2011,5,rank_in_slot,0.0117647058824,51,0,51
1,within-player,13,2011,10,rank_in_slot,-1.85037170771e-17,51,0,51
1,within-player,14,2011,1,rank_available,-0.078431372549,51,0,51
1,within-player,14,2011,3,rank_available,-0.111111111111,51,0,51
1,within-player,14,2011,5,rank_available,-0.00392156862745,51,0,51
1,within-player,14,2011,10,rank_available,0.00980392156863,51,0,51
1,within-player,14,2011,1,rank_in_slot,-0.078431372549,51,0,51
1,within-player,14,2011,3,rank_in_slot,-0.00653594771242,51,0,51
1,within-player,14,2011,5,rank_in_slot,-0.0352941176471,51,0,51
1,within-player,14,2011,10,rank_in_slot,-8.70763156569e-18,51,0,51
1,within-player,15,2011,1,rank_available,0,51,0,51
1,within-player,15,2011,3,rank_available,-0.0849673202614,51,0,51
1,within-player,15,2011,5,rank_available,-0.0392156862745,51,0,51
1,within-player,15,2011,10,rank_available,-0.00392156862745,51,0,51
1,within-player,15,2011,1,rank_in_slot,0.0588235294118,51,0,51
1,within-player,15,2011,3,rank_in_slot,-2.17690789142e-18,51,0,51
1,within-player,15,2011,5,rank_in_slot,-0.0274509803922,51,0,51
1,within-player,15,2011,10,rank_in_slot,-0.00980392156863,51,0,51
1,within-player,16,2011,1,rank_available,0.0588235294118,51,0,51
1,within-player,16,2011,3,rank_available,-0.0849673202614,51,0,51
1,within-player,16,2011,5,rank_available,-0.0274509803922,51,0,51
1,within-player,16,2011,10,rank_available,-0.00196078431373,51,0,51
1,within-player,16,2011,1,rank_in_slot,-0.0392156862745,51,0,51
1,within-player,16,2011,3,rank_in_slot,0.0130718954248,51,0,51
1,within-player,16,2011,5,rank_in_slot,-0.0470588235294,51,0,51
1,within-player,16,2011,10,rank_in_slot,-0.0117647058824,51,0,51
1,within-player,17,2011,1,rank_available,-0.0588235294118,51,0,51
1,within-player,17,2011,3,rank_available,-0.0718954248366,51,0,51
1,within-player,17,2011,5,rank_available,-0.0117647058824,51,0,51
1,within-player,17,2011,10,rank_available,-0.0156862745098,51,0,51
1,within-player,17,2011,1,rank_in_slot,0.0196078431373,51,0,51
1,within-player,17,2011,3,rank_in_slot,0.00653594771242,51,0,51
1,within-player,17,2011,5,rank_in_slot,-0.0235294117647,51,0,51
1,within-player,17,2011,10,rank_in_slot,0.00196078431373,51,0,51
1,within-player,18,2011,1,rank_available,0.0588235294118,51,0,51
1,within-player,18,2011,3,rank_available,-0.0849673202614,51,0,51
1,within-player,18,2011,5,rank_available,-5.44226972855e-18,51,0,51
1,within-player,18,2011,10,rank_available,-0.00980392156863,51,0,51
1,within-player,18,2011,1,rank_in_slot,0.0980392156863,51,0,51
1,within-player,18,2011,3,rank_in_slot,0.0326797385621,51,0,51
1,within-player,18,2011,5,rank_in_slot,0.0313725490196,51,0,51
1,within-player,18,2011,10,rank_in_slot,-0.0313725490196,51,0,51
1,within-player,19,2011,1,rank_available,0.0980392156863,51,0,51
1,within-player,19,2011,3,rank_available,-0.0980392156863,51,0,51
1,within-player,19,2011,5,rank_available,-0.0274509803922,51,0,51
1,within-player,19,2011,10,rank_available,-0.00196078431373,51,0,51
1,within-player,19,2011,1,rank_in_slot,-0.0588235294118,51,0,51
1,within-player,19,2011,3,rank_in_slot,6.53072367427e-18,51,0,51
1,within-player,19,2011,5,rank_in_slot,-0.0274509803922,51,0,51
1,within-player,19,2011,10,rank_in_slot,-0.0078431372549,51,0,51
1,base-rate-only,-1,2012,1,rank_available,0.0392156862745,51,0,51
1,base-rate-only,-1,2012,3,rank_available,0.0849673202614,51,0,51
1,base-rate-only,-1,2012,5,rank_available,0.0549019607843,51,0,51
1,base-rate-only,-1,2012,10,rank_available,0.0490196078431,51,0,51
1,base-rate-only,-1,2012,1,rank_in_slot,0.078431372549,51,0,51
1,base-rate-only,-1,2012,3,rank_in_slot,0.0849673202614,51,0,51
1,base-rate-only,-1,2012,5,rank_in_slot,1.08845394571e-17,51,0,51
1,base-rate-only,-1,2012,10,rank_in_slot,-0.0235294117647,51,0,51
1,current-season-rate,-1,2012,1,rank_available,0.0980392156863,51,0,51
1,current-season-rate,-1,2012,3,rank_available,0.0915032679739,51,0,51
1,current-season-rate,-1,2012,5,rank_available,0.0313725490196,51,0,51
1,current-season-rate,-1,2012,10,rank_available,-0.0921568627451,51,0,51
1,current-season-rate,-1,2012,1,rank_in_slot,-0.156862745098,51,0,51
1,current-season-rate,-1,2012,3,rank_in_slot,-0.137254901961,51,0,51
1,current-season-rate,-1,2012,5,rank_in_slot,-0.0588235294118,51,0,51
1,current-season-rate,-1,2012,10,rank_in_slot,-0.0705882352941,51,0,51
1,historical-rate,-1,2012,1,rank_available,-0.254901960784,51,0,51
1,historical-rate,-1,2012,3,rank_available,-0.0718954248366,51,0,51
1,historical-rate,-1,2012,5,rank_available,-0.0705882352941,51,0,51
1,historical-rate,-1,2012,10,rank_available,-0.0588235294118,51,0,51
1,historical-rate,-1,2012,1,rank_in_slot,-0.0392156862745,51,0,51
1,historical-rate,-1,2012,3,rank_in_slot,-0.0130718954248,51,0,51
1,historical-rate,-1,2012,5,rank_in_slot,-0.0470588235294,51,0,51
1,historical-rate,-1,2012,10,rank_in_slot,-0.0529411764706,51,0,51
1,no-vegas,-1,2012,1,rank_available,0,51,0,51
1,no-vegas,-1,2012,3,rank_available,0.0849673202614,51,0,51
1,no-vegas,-1,2012,5,rank_available,0.0313725490196,51,0,51
1,no-vegas,-1,2012,10,rank_available,0.0137254901961,51,0,51
1,no-vegas,-1,2012,1,rank_in_slot,-0.0588235294118,51,0,51
1,no-vegas,-1,2012,3,rank_in_slot,-0.0718954248366,51,0,51
1,no-vegas,-1,2012,5,rank_in_slot,0.0274509803922,51,0,51
1,no-vegas,-1,2012,10,rank_in_slot,0.00392156862745,51,0,51
1,player-vegas,-1,2012,1,rank_available,0.0588235294118,51,0,51
1,player-vegas,-1,2012,3,rank_available,0.124183006536,51,0,51
1,player-vegas,-1,2012,5,rank_available,0.0549019607843,51,0,51
1,player-vegas,-1,2012,10,rank_available,0.0274509803922,51,0,51
1,player-vegas,-1,2012,1,rank_in_slot,0.137254901961,51,0,51
1,player-vegas,-1,2012,3,rank_in_slot,0.0653594771242,51,0,51
1,player-vegas,-1,2012,5,rank_in_slot,0.0117647058824,51,0,51
1,player-vegas,-1,2012,10,rank_in_slot,-0.0176470588235,51,0,51
1,random,0,2012,1,rank_available,-0.21568627451,51,0,51
1,random,0,2012,3,rank_available,-0.326797385621,51,0,51
1,random,0,2012,5,rank_available,-0.435294117647,51,0,51
1,random,0,2012,10,rank_available,-0.364705882353,51,0,51
1,random,0,2012,1,rank_in_slot,-0.529411764706,51,0,51
1,random,0,2012,3,rank_in_slot,-0.660130718954,51,0,51
1,random,0,2012,5,rank_in_slot,-0.647058823529,51,0,51
1,random,0,2012,10,rank_in_slot,-0.552941176471,51,0,51
1,random,1,2012,1,rank_available,-0.666666666667,51,0,51
1,random,1,2012,3,rank_available,-0.444444444444,51,0,51
1,random,1,2012,5,rank_available,-0.505882352941,51,0,51
1,random,1,2012,10,rank_available,-0.427450980392,51,0,51
1,random,1,2012,1,rank_in_slot,-0.960784313725,51,0,51
1,random,1,2012,3,rank_in_slot,-0.686274509804,51,0,51
1,random,1,2012,5,rank_in_slot,-0.717647058824,51,0,51
1,random,1,2012,10,rank_in_slot,-0.594117647059,51,0,51
1,random,2,2012,1,rank_available,-0.529411764706,51,0,51
1,random,2,2012,3,rank_available,-0.385620915033,51,0,51
1,random,2,2012,5,rank_available,-0.43137254902,51,0,51
1,random,2,2012,10,rank_available,-0.396078431373,51,0,51
1,random,2,2012,1,rank_in_slot,-0.725490196078,51,0,51
1,random,2,2012,3,rank_in_slot,-0.718954248366,51,0,51
1,random,2,2012,5,rank_in_slot,-0.611764705882,51,0,51
1,random,2,2012,10,rank_in_slot,-0.580392156863,51,0,51
1,random,3,2012,1,rank_available,-0.745098039216,51,0,51
1,random,3,2012,3,rank_available,-0.607843137255,51,0,51
1,random,3,2012,5,rank_available,-0.623529411765,51,0,51
1,random,3,2012,10,rank_available,-0.466666666667,51,0,51
1,random,3,2012,1,rank_in_slot,-1.05882352941,51,0,51
1,random,3,2012,3,rank_in_slot,-0.947712418301,51,0,51
1,random,3,2012,5,rank_in_slot,-0.862745098039,51,0,51
1,random,3,2012,10,rank_in_slot,-0.660784313725,51,0,51
1,random,4,2012,1,rank_available,-0.588235294118,51,0,51
1,random,4,2012,3,rank_available,-0.529411764706,51,0,51
1,random,4,2012,5,rank_available,-0.529411764706,51,0,51
1,random,4,2012,10,rank_available,-0.435294117647,51,0,51
1,random,4,2012,1,rank_in_slot,-0.901960784314,51,0,51
1,random,4,2012,3,rank_in_slot,-0.803921568627,51,0,51
1,random,4,2012,5,rank_in_slot,-0.760784313725,51,0,51
1,random,4,2012,10,rank_in_slot,-0.664705882353,51,0,51
1,random,5,2012,1,rank_available,-0.588235294118,51,0,51
1,random,5,2012,3,rank_available,-0.464052287582,51,0,51
1,random,5,2012,5,rank_available,-0.388235294118,51,0,51
1,random,5,2012,10,rank_available,-0.350980392157,51,0,51
1,random,5,2012,1,rank_in_slot,-0.843137254902,51,0,51
1,random,5,2012,3,rank_in_slot,-0.705882352941,51,0,51
1,random,5,2012,5,rank_in_slot,-0.623529411765,51,0,51
1,random,5,2012,10,rank_in_slot,-0.574509803922,51,0,51
1,random,6,2012,1,rank_available,-0.607843137255,51,0,51
1,random,6,2012,3,rank_available,-0.56862745098,51,0,51
1,random,6,2012,5,rank_available,-0.486274509804,51,0,51
1,random,6,2012,10,rank_available,-0.403921568627,51,0,51
1,random,6,2012,1,rank_in_slot,-0.921568627451,51,0,51
1,random,6,2012,3,rank_in_slot,-0.882352941176,51,0,51
1,random,6,2012,5,rank_in_slot,-0.666666666667,51,0,51
1,random,6,2012,10,rank_in_slot,-0.558823529412,51,0,51
1,random,7,2012,1,rank_available,-0.529411764706,51,0,51
1,random,7,2012,3,rank_available,-0.464052287582,51,0,51
1,random,7,2012,5,rank_available,-0.498039215686,51,0,51
1,random,7,2012,10,rank_available,-0.407843137255,51,0,51
1,random,7,2012,1,rank_in_slot,-0.686274509804,51,0,51
1,random,7,2012,3,rank_in_slot,-0.686274509804,51,0,51
1,random,7,2012,5,rank_in_slot,-0.705882352941,51,0,51
1,random,7,2012,10,rank_in_slot,-0.619607843137,51,0,51
1,random,8,2012,1,rank_available,-0.627450980392,51,0,51
1,random,8,2012,3,rank_available,-0.581699346405,51,0,51
1,random,8,2012,5,rank_available,-0.552941176471,51,0,51
1,random,8,2012,10,rank_available,-0.435294117647,51,0,51
1,random,8,2012,1,rank_in_slot,-0.745098039216,51,0,51
1,random,8,2012,3,rank_in_slot,-0.823529411765,51,0,51
1,random,8,2012,5,rank_in_slot,-0.756862745098,51,0,51
1,random,8,2012,10,rank_in_slot,-0.660784313725,51,0,51
1,random,9,2012,1,rank_available,-0.450980392157,51,0,51
1,random,9,2012,3,rank_available,-0.366013071895,51,0,51
1,random,9,2012,5,rank_available,-0.462745098039,51,0,51
1,random,9,2012,10,rank_available,-0.423529411765,51,0,51
1,random,9,2012,1,rank_in_slot,-0.725490196078,51,0,51
1,random,9,2012,3,rank_in_slot,-0.679738562092,51,0,51
1,random,9,2012,5,rank_in_slot,-0.686274509804,51,0,51
1,random,9,2012,10,rank_in_slot,-0.625490196078,51,0,51
1,random,10,2012,1,rank_available,-0.705882352941,51,0,51
1,random,10,2012,3,rank_available,-0.555555555556,51,0,51
1,random,10,2012,5,rank_available,-0.525490196078,51,0,51
1,random,10,2012,10,rank_available,-0.401960784314,51,0,51
1,random,10,2012,1,rank_in_slot,-1.01960784314,51,0,51
1,random,10,2012,3,rank_in_slot,-0.908496732026,51,0,51
1,random,10,2012,5,rank_in_slot,-0.705882352941,51,0,51
1,random,10,2012,10,rank_in_slot,-0.574509803922,51,0,51
1,random,11,2012,1,rank_available,-0.529411764706,51,0,51
1,random,11,2012,3,rank_available,-0.509803921569,51,0,51
1,random,11,2012,5,rank_available,-0.505882352941,51,0,51
1,random,11,2012,10,rank_available,-0.439215686275,51,0,51
1,random,11,2012,1,rank_in_slot,-0.725490196078,51,0,51
1,random,11,2012,3,rank_in_slot,-0.78431372549,51,0,51
1,random,11,2012,5,rank_in_slot,-0.682352941176,51,0,51
1,random,11,2012,10,rank_in_slot,-0.621568627451,51,0,51
1,random,12,2012,1,rank_available,-0.56862745098,51,0,51
1,random,12,2012,3,rank_available,-0.359477124183,51,0,51
1,random,12,2012,5,rank_available,-0.41568627451,51,0,51
1,random,12,2012,10,rank_available,-0.407843137255,51,0,51
1,random,12,2012,1,rank_in_slot,-0.882352941176,51,0,51
1,random,12,2012,3,rank_in_slot,-0.647058823529,51,0,51
1,random,12,2012,5,rank_in_slot,-0.63137254902,51,0,51
1,random,12,2012,10,rank_in_slot,-0.623529411765,51,0,51
1,random,13,2012,1,rank_available,-0.666666666667,51,0,51
1,random,13,2012,3,rank_available,-0.418300653595,51,0,51
1,random,13,2012,5,rank_available,-0.443137254902,51,0,51
1,random,13,2012,10,rank_available,-0.378431372549,51,0,51
1,random,13,2012,1,rank_in_slot,-0.882352941176,51,0,51
1,random,13,2012,3,rank_in_slot,-0.699346405229,51,0,51
1,random,13,2012,5,rank_in_slot,-0.639215686275,51,0,51
1,random,13,2012,10,rank_in_slot,-0.503921568627,51,0,51
1,random,14,2012,1,rank_available,-0.78431372549,51,0,51
1,random,14,2012,3,rank_available,-0.588235294118,51,0,51
1,random,14,2012,5,rank_available,-0.494117647059,51,0,51
1,random,14,2012,10,rank_available,-0.466666666667,51,0,51
1,random,14,2012,1,rank_in_slot,-1.05882352941,51,0,51
1,random,14,2012,3,rank_in_slot,-0.849673202614,51,0,51
1,random,14,2012,5,rank_in_slot,-0.709803921569,51,0,51
1,random,14,2012,10,rank_in_slot,-0.656862745098,51,0,51
1,random,15,2012,1,rank_available,-0.686274509804,51,0,51
1,random,15,2012,3,rank_available,-0.509803921569,51,0,51
1,random,15,2012,5,rank_available,-0.529411764706,51,0,51
1,random,15,2012,10,rank_available,-0.456862745098,51,0,51
1,random,15,2012,1,rank_in_slot,-1,51,0,51
1,random,15,2012,3,rank_in_slot,-0.869281045752,51,0,51
1,random,15,2012,5,rank_in_slot,-0.780392156863,51,0,51
1,random,15,2012,10,rank_in_slot,-0.692156862745,51,0,51
1,random,16,2012,1,rank_available,-0.509803921569,51,0,51
1,random,16,2012,3,rank_available,-0.43137254902,51,0,51
1,random,16,2012,5,rank_available,-0.470588235294,51,0,51
1,random,16,2012,10,rank_available,-0.429411764706,51,0,51
1,random,16,2012,1,rank_in_slot,-0.705882352941,51,0,51
1,random,16,2012,3,rank_in_slot,-0.660130718954,51,0,51
1,random,16,2012,5,rank_in_slot,-0.592156862745,51,0,51
1,random,16,2012,10,rank_in_slot,-0.592156862745,51,0,51
1,random,17,2012,1,rank_available,-0.470588235294,51,0,51
1,random,17,2012,3,rank_available,-0.575163398693,51,0,51
1,random,17,2012,5,rank_available,-0.588235294118,51,0,51
1,random,17,2012,10,rank_available,-0.507843137255,51,0,51
1,random,17,2012,1,rank_in_slot,-0.549019607843,51,0,51
1,random,17,2012,3,rank_in_slot,-0.797385620915,51,0,51
1,random,17,2012,5,rank_in_slot,-0.811764705882,51,0,51
1,random,17,2012,10,rank_in_slot,-0.692156862745,51,0,51
1,random,18,2012,1,rank_available,-0.56862745098,51,0,51
1,random,18,2012,3,rank_available,-0.385620915033,51,0,51
1,random,18,2012,5,rank_available,-0.490196078431,51,0,51
1,random,18,2012,10,rank_available,-0.439215686275,51,0,51
1,random,18,2012,1,rank_in_slot,-0.78431372549,51,0,51
1,random,18,2012,3,rank_in_slot,-0.614379084967,51,0,51
1,random,18,2012,5,rank_in_slot,-0.623529411765,51,0,51
1,random,18,2012,10,rank_in_slot,-0.592156862745,51,0,51
1,random,19,2012,1,rank_available,-0.392156862745,51,0,51
1,random,19,2012,3,rank_available,-0.457516339869,51,0,51
1,random,19,2012,5,rank_available,-0.498039215686,51,0,51
1,random,19,2012,10,rank_available,-0.445098039216,51,0,51
1,random,19,2012,1,rank_in_slot,-0.647058823529,51,0,51
1,random,19,2012,3,rank_in_slot,-0.797385620915,51,0,51
1,random,19,2012,5,rank_in_slot,-0.729411764706,51,0,51
1,random,19,2012,10,rank_in_slot,-0.650980392157,51,0,51
1,regressed-rate,-1,2012,1,rank_available,-0.078431372549,51,0,51
1,regressed-rate,-1,2012,3,rank_available,-0.0457516339869,51,0,51
1,regressed-rate,-1,2012,5,rank_available,-0.0666666666667,51,0,51
1,regressed-rate,-1,2012,10,rank_available,-0.043137254902,51,0,51
1,regressed-rate,-1,2012,1,rank_in_slot,-0.0196078431373,51,0,51
1,regressed-rate,-1,2012,3,rank_in_slot,0.117647058824,51,0,51
1,regressed-rate,-1,2012,5,rank_in_slot,0.0156862745098,51,0,51
1,regressed-rate,-1,2012,10,rank_in_slot,-0.0411764705882,51,0,51
1,vegas-environment,-1,2012,1,rank_available,-0.294117647059,51,0,51
1,vegas-environment,-1,2012,3,rank_available,-0.16339869281,51,0,51
1,vegas-environment,-1,2012,5,rank_available,-0.160784313725,51,0,51
1,vegas-environment,-1,2012,10,rank_available,-0.0686274509804,51,0,51
1,vegas-environment,-1,2012,1,rank_in_slot,0.137254901961,51,0,51
1,vegas-environment,-1,2012,3,rank_in_slot,0.0392156862745,51,0,51
1,vegas-environment,-1,2012,5,rank_in_slot,-0.113725490196,51,0,51
1,vegas-environment,-1,2012,10,rank_in_slot,-0.145098039216,51,0,51
1,within-player,0,2012,1,rank_available,-0.137254901961,51,0,51
1,within-player,0,2012,3,rank_available,0.0588235294118,51,0,51
1,within-player,0,2012,5,rank_available,0.0274509803922,51,0,51
1,within-player,0,2012,10,rank_available,0.0294117647059,51,0,51
1,within-player,0,2012,1,rank_in_slot,0.0196078431373,51,0,51
1,within-player,0,2012,3,rank_in_slot,0.0196078431373,51,0,51
1,within-player,0,2012,5,rank_in_slot,-0.0313725490196,51,0,51
1,within-player,0,2012,10,rank_in_slot,-0.0529411764706,51,0,51
1,within-player,1,2012,1,rank_available,0.0196078431373,51,0,51
1,within-player,1,2012,3,rank_available,0.0849673202614,51,0,51
1,within-player,1,2012,5,rank_available,0.00392156862745,51,0,51
1,within-player,1,2012,10,rank_available,0.0254901960784,51,0,51
1,within-player,1,2012,1,rank_in_slot,0,51,0,51
1,within-player,1,2012,3,rank_in_slot,0.00653594771242,51,0,51
1,within-player,1,2012,5,rank_in_slot,0.0352941176471,51,0,51
1,within-player,1,2012,10,rank_in_slot,-0.00588235294118,51,0,51
1,within-player,2,2012,1,rank_available,-0.0392156862745,51,0,51
1,within-player,2,2012,3,rank_available,0.0130718954248,51,0,51
1,within-player,2,2012,5,rank_available,0.0274509803922,51,0,51
1,within-player,2,2012,10,rank_available,0.00392156862745,51,0,51
1,within-player,2,2012,1,rank_in_slot,0.0196078431373,51,0,51
1,within-player,2,2012,3,rank_in_slot,0.0261437908497,51,0,51
1,within-player,2,2012,5,rank_in_slot,-0.0313725490196,51,0,51
1,within-player,2,2012,10,rank_in_slot,-0.0176470588235,51,0,51
1,within-player,3,2012,1,rank_available,-0.078431372549,51,0,51
1,within-player,3,2012,3,rank_available,-0.0849673202614,51,0,51
1,within-player,3,2012,5,rank_available,-0.043137254902,51,0,51
1,within-player,3,2012,10,rank_available,0.00588235294118,51,0,51
1,within-player,3,2012,1,rank_in_slot,0.078431372549,51,0,51
1,within-player,3,2012,3,rank_in_slot,-0.0522875816993,51,0,51
1,within-player,3,2012,5,rank_in_slot,-0.0627450980392,51,0,51
1,within-player,3,2012,10,rank_in_slot,-0.0333333333333,51,0,51
1,within-player,4,2012,1,rank_available,-0.117647058824,51,0,51
1,within-player,4,2012,3,rank_available,0.0392156862745,51,0,51
1,within-player,4,2012,5,rank_available,0.0078431372549,51,0,51
1,within-player,4,2012,10,rank_available,0.00392156862745,51,0,51
1,within-player,4,2012,1,rank_in_slot,-0.0392156862745,51,0,51
1,within-player,4,2012,3,rank_in_slot,-0.0196078431373,51,0,51
1,within-player,4,2012,5,rank_in_slot,-0.0235294117647,51,0,51
1,within-player,4,2012,10,rank_in_slot,-0.0235294117647,51,0,51
1,within-player,5,2012,1,rank_available,0,51,0,51
1,within-player,5,2012,3,rank_available,0.0653594771242,51,0,51
1,within-player,5,2012,5,rank_available,-0.0352941176471,51,0,51
1,within-player,5,2012,10,rank_available,0.021568627451,51,0,51
1,within-player,5,2012,1,rank_in_slot,0.176470588235,51,0,51
1,within-player,5,2012,3,rank_in_slot,0.0261437908497,51,0,51
1,within-player,5,2012,5,rank_in_slot,-0.0235294117647,51,0,51
1,within-player,5,2012,10,rank_in_slot,-0.0333333333333,51,0,51
1,within-player,6,2012,1,rank_available,-0.117647058824,51,0,51
1,within-player,6,2012,3,rank_available,0.0326797385621,51,0,51
1,within-player,6,2012,5,rank_available,-0.0117647058824,51,0,51
1,within-player,6,2012,10,rank_available,-0.00588235294118,51,0,51
1,within-player,6,2012,1,rank_in_slot,0.0588235294118,51,0,51
1,within-player,6,2012,3,rank_in_slot,0.0261437908497,51,0,51
1,within-player,6,2012,5,rank_in_slot,-0.0196078431373,51,0,51
1,within-player,6,2012,10,rank_in_slot,-0.0372549019608,51,0,51
1,within-player,7,2012,1,rank_available,-0.156862745098,51,0,51
1,within-player,7,2012,3,rank_available,0.0130718954248,51,0,51
1,within-player,7,2012,5,rank_available,-0.0235294117647,51,0,51
1,within-player,7,2012,10,rank_available,0.00392156862745,51,0,51
1,within-player,7,2012,1,rank_in_slot,0,51,0,51
1,within-player,7,2012,3,rank_in_slot,-0.0849673202614,51,0,51
1,within-player,7,2012,5,rank_in_slot,-0.0235294117647,51,0,51
1,within-player,7,2012,10,rank_in_slot,-0.0549019607843,51,0,51
1,within-player,8,2012,1,rank_available,-0.196078431373,51,0,51
1,within-player,8,2012,3,rank_available,0.00653594771242,51,0,51
1,within-player,8,2012,5,rank_available,0.0196078431373,51,0,51
1,within-player,8,2012,10,rank_available,0.0156862745098,51,0,51
1,within-player,8,2012,1,rank_in_slot,0.0392156862745,51,0,51
1,within-player,8,2012,3,rank_in_slot,-0.0261437908497,51,0,51
1,within-player,8,2012,5,rank_in_slot,-0.0352941176471,51,0,51
1,within-player,8,2012,10,rank_in_slot,-0.0313725490196,51,0,51
1,within-player,9,2012,1,rank_available,-0.274509803922,51,0,51
1,within-player,9,2012,3,rank_available,-0.0261437908497,51,0,51
1,within-player,9,2012,5,rank_available,-0.043137254902,51,0,51
1,within-player,9,2012,10,rank_available,-0.0235294117647,51,0,51
1,within-player,9,2012,1,rank_in_slot,-0.0392156862745,51,0,51
1,within-player,9,2012,3,rank_in_slot,-0.0653594771242,51,0,51
1,within-player,9,2012,5,rank_in_slot,-0.0549019607843,51,0,51
1,within-player,9,2012,10,rank_in_slot,-0.0588235294118,51,0,51
1,within-player,10,2012,1,rank_available,-0.0588235294118,51,0,51
1,within-player,10,2012,3,rank_available,-0.0261437908497,51,0,51
1,within-player,10,2012,5,rank_available,-0.00392156862745,51,0,51
1,within-player,10,2012,10,rank_available,0.00392156862745,51,0,51
1,within-player,10,2012,1,rank_in_slot,0.117647058824,51,0,51
1,within-player,10,2012,3,rank_in_slot,0.00653594771242,51,0,51
1,within-player,10,2012,5,rank_in_slot,-0.0156862745098,51,0,51
1,within-player,10,2012,10,rank_in_slot,-0.0333333333333,51,0,51
1,within-player,11,2012,1,rank_available,-0.313725490196,51,0,51
1,within-player,11,2012,3,rank_available,-0.0457516339869,51,0,51
1,within-player,11,2012,5,rank_available,-0.0352941176471,51,0,51
1,within-player,11,2012,10,rank_available,-0.00980392156863,51,0,51
1,within-player,11,2012,1,rank_in_slot,0.0392156862745,51,0,51
1,within-player,11,2012,3,rank_in_slot,-0.078431372549,51,0,51
1,within-player,11,2012,5,rank_in_slot,-0.0588235294118,51,0,51
1,within-player,11,2012,10,rank_in_slot,-0.0470588235294,51,0,51
1,within-player,12,2012,1,rank_available,0.078431372549,51,0,51
1,within-player,12,2012,3,rank_available,0.0196078431373,51,0,51
1,within-player,12,2012,5,rank_available,-0.0117647058824,51,0,51
1,within-player,12,2012,10,rank_available,0.0196078431373,51,0,51
1,within-player,12,2012,1,rank_in_slot,0.0196078431373,51,0,51
1,within-player,12,2012,3,rank_in_slot,-0.00653594771242,51,0,51
1,within-player,12,2012,5,rank_in_slot,-0.00392156862745,51,0,51
1,within-player,12,2012,10,rank_in_slot,-0.0156862745098,51,0,51
1,within-player,13,2012,1,rank_available,-0.117647058824,51,0,51
1,within-player,13,2012,3,rank_available,-0.0457516339869,51,0,51
1,within-player,13,2012,5,rank_available,-0.0078431372549,51,0,51
1,within-player,13,2012,10,rank_available,-0.0078431372549,51,0,51
1,within-player,13,2012,1,rank_in_slot,0,51,0,51
1,within-player,13,2012,3,rank_in_slot,-0.0130718954248,51,0,51
1,within-player,13,2012,5,rank_in_slot,-0.0509803921569,51,0,51
1,within-player,13,2012,10,rank_in_slot,-0.0313725490196,51,0,51
1,within-player,14,2012,1,rank_available,0.0392156862745,51,0,51
1,within-player,14,2012,3,rank_available,0.078431372549,51,0,51
1,within-player,14,2012,5,rank_available,-0.0117647058824,51,0,51
1,within-player,14,2012,10,rank_available,0.00588235294118,51,0,51
1,within-player,14,2012,1,rank_in_slot,0.078431372549,51,0,51
1,within-player,14,2012,3,rank_in_slot,-0.0261437908497,51,0,51
1,within-player,14,2012,5,rank_in_slot,-0.0509803921569,51,0,51
1,within-player,14,2012,10,rank_in_slot,-0.0607843137255,51,0,51
1,within-player,15,2012,1,rank_available,-0.117647058824,51,0,51
1,within-player,15,2012,3,rank_available,0.0457516339869,51,0,51
1,within-player,15,2012,5,rank_available,0.0078431372549,51,0,51
1,within-player,15,2012,10,rank_available,0.0156862745098,51,0,51
1,within-player,15,2012,1,rank_in_slot,-0.0196078431373,51,0,51
1,within-player,15,2012,3,rank_in_slot,-0.0261437908497,51,0,51
1,within-player,15,2012,5,rank_in_slot,-0.0196078431373,51,0,51
1,within-player,15,2012,10,rank_in_slot,0.00196078431373,51,0,51
1,within-player,16,2012,1,rank_available,-0.117647058824,51,0,51
1,within-player,16,2012,3,rank_available,0,51,0,51
1,within-player,16,2012,5,rank_available,-0.0156862745098,51,0,51
1,within-player,16,2012,10,rank_available,0.00588235294118,51,0,51
1,within-player,16,2012,1,rank_in_slot,0,51,0,51
1,within-player,16,2012,3,rank_in_slot,0.0130718954248,51,0,51
1,within-player,16,2012,5,rank_in_slot,-0.0549019607843,51,0,51
1,within-player,16,2012,10,rank_in_slot,-0.0411764705882,51,0,51
1,within-player,17,2012,1,rank_available,-0.0392156862745,51,0,51
1,within-player,17,2012,3,rank_available,0.0457516339869,51,0,51
1,within-player,17,2012,5,rank_available,-0.00392156862745,51,0,51
1,within-player,17,2012,10,rank_available,-0.00196078431373,51,0,51
1,within-player,17,2012,1,rank_in_slot,0.156862745098,51,0,51
1,within-player,17,2012,3,rank_in_slot,0.0261437908497,51,0,51
1,within-player,17,2012,5,rank_in_slot,-0.0156862745098,51,0,51
1,within-player,17,2012,10,rank_in_slot,-0.0333333333333,51,0,51
1,within-player,18,2012,1,rank_available,0,51,0,51
1,within-player,18,2012,3,rank_available,0.0653594771242,51,0,51
1,within-player,18,2012,5,rank_available,0.0156862745098,51,0,51
1,within-player,18,2012,10,rank_available,-0.00392156862745,51,0,51
1,within-player,18,2012,1,rank_in_slot,0.0980392156863,51,0,51
1,within-player,18,2012,3,rank_in_slot,0.0261437908497,51,0,51
1,within-player,18,2012,5,rank_in_slot,0.0196078431373,51,0,51
1,within-player,18,2012,10,rank_in_slot,-0.043137254902,51,0,51
1,within-player,19,2012,1,rank_available,-0.078431372549,51,0,51
1,within-player,19,2012,3,rank_available,0.0196078431373,51,0,51
1,within-player,19,2012,5,rank_available,0.0156862745098,51,0,51
1,within-player,19,2012,10,rank_available,0.0274509803922,51,0,51
1,within-player,19,2012,1,rank_in_slot,0.137254901961,51,0,51
1,within-player,19,2012,3,rank_in_slot,0.0130718954248,51,0,51
1,within-player,19,2012,5,rank_in_slot,0.0392156862745,51,0,51
1,within-player,19,2012,10,rank_in_slot,-0.0372549019608,51,0,51
1,base-rate-only,-1,2013,1,rank_available,-0.0392156862745,51,0,51
1,base-rate-only,-1,2013,3,rank_available,-0.0392156862745,51,0,51
1,base-rate-only,-1,2013,5,rank_available,0.0156862745098,51,0,51
1,base-rate-only,-1,2013,10,rank_available,-0.0843137254902,51,0,51
1,base-rate-only,-1,2013,1,rank_in_slot,0.078431372549,51,0,51
1,base-rate-only,-1,2013,3,rank_in_slot,-0.0522875816993,51,0,51
1,base-rate-only,-1,2013,5,rank_in_slot,-0.0588235294118,51,0,51
1,base-rate-only,-1,2013,10,rank_in_slot,-0.0196078431373,51,0,51
1,current-season-rate,-1,2013,1,rank_available,-0.0588235294118,51,0,51
1,current-season-rate,-1,2013,3,rank_available,-0.130718954248,51,0,51
1,current-season-rate,-1,2013,5,rank_available,-0.0549019607843,51,0,51
1,current-season-rate,-1,2013,10,rank_available,-0.221568627451,51,0,51
1,current-season-rate,-1,2013,1,rank_in_slot,0.0196078431373,51,0,51
1,current-season-rate,-1,2013,3,rank_in_slot,-0.0980392156863,51,0,51
1,current-season-rate,-1,2013,5,rank_in_slot,-0.0862745098039,51,0,51
1,current-season-rate,-1,2013,10,rank_in_slot,-0.0882352941176,51,0,51
1,historical-rate,-1,2013,1,rank_available,-0.549019607843,51,0,51
1,historical-rate,-1,2013,3,rank_available,-0.261437908497,51,0,51
1,historical-rate,-1,2013,5,rank_available,-0.113725490196,51,0,51
1,historical-rate,-1,2013,10,rank_available,-0.117647058824,51,0,51
1,historical-rate,-1,2013,1,rank_in_slot,-0.352941176471,51,0,51
1,historical-rate,-1,2013,3,rank_in_slot,-0.287581699346,51,0,51
1,historical-rate,-1,2013,5,rank_in_slot,-0.203921568627,51,0,51
1,historical-rate,-1,2013,10,rank_in_slot,-0.111764705882,51,0,51
1,no-vegas,-1,2013,1,rank_available,-0.137254901961,51,0,51
1,no-vegas,-1,2013,3,rank_available,0.0392156862745,51,0,51
1,no-vegas,-1,2013,5,rank_available,0.0274509803922,51,0,51
1,no-vegas,-1,2013,10,rank_available,0.00196078431373,51,0,51
1,no-vegas,-1,2013,1,rank_in_slot,-0.117647058824,51,0,51
1,no-vegas,-1,2013,3,rank_in_slot,0.00653594771242,51,0,51
1,no-vegas,-1,2013,5,rank_in_slot,8.70763156569e-18,51,0,51
1,no-vegas,-1,2013,10,rank_in_slot,-0.00588235294118,51,0,51
1,player-vegas,-1,2013,1,rank_available,0.0980392156863,51,0,51
1,player-vegas,-1,2013,3,rank_available,-0.0392156862745,51,0,51
1,player-vegas,-1,2013,5,rank_available,-0.0509803921569,51,0,51
1,player-vegas,-1,2013,10,rank_available,-0.0921568627451,51,0,51
1,player-vegas,-1,2013,1,rank_in_slot,0.0196078431373,51,0,51
1,player-vegas,-1,2013,3,rank_in_slot,-0.0457516339869,51,0,51
1,player-vegas,-1,2013,5,rank_in_slot,-0.0392156862745,51,0,51
1,player-vegas,-1,2013,10,rank_in_slot,-0.0176470588235,51,0,51
1,random,0,2013,1,rank_available,-0.666666666667,51,0,51
1,random,0,2013,3,rank_available,-0.686274509804,51,0,51
1,random,0,2013,5,rank_available,-0.627450980392,51,0,51
1,random,0,2013,10,rank_available,-0.574509803922,51,0,51
1,random,0,2013,1,rank_in_slot,-0.980392156863,51,0,51
1,random,0,2013,3,rank_in_slot,-0.97385620915,51,0,51
1,random,0,2013,5,rank_in_slot,-0.894117647059,51,0,51
1,random,0,2013,10,rank_in_slot,-0.696078431373,51,0,51
1,random,1,2013,1,rank_available,-0.882352941176,51,0,51
1,random,1,2013,3,rank_available,-0.712418300654,51,0,51
1,random,1,2013,5,rank_available,-0.654901960784,51,0,51
1,random,1,2013,10,rank_available,-0.552941176471,51,0,51
1,random,1,2013,1,rank_in_slot,-1.19607843137,51,0,51
1,random,1,2013,3,rank_in_slot,-0.986928104575,51,0,51
1,random,1,2013,5,rank_in_slot,-0.949019607843,51,0,51
1,random,1,2013,10,rank_in_slot,-0.674509803922,51,0,51
1,random,2,2013,1,rank_available,-0.549019607843,51,0,51
1,random,2,2013,3,rank_available,-0.614379084967,51,0,51
1,random,2,2013,5,rank_available,-0.549019607843,51,0,51
1,random,2,2013,10,rank_available,-0.535294117647,51,0,51
1,random,2,2013,1,rank_in_slot,-0.862745098039,51,0,51
1,random,2,2013,3,rank_in_slot,-0.941176470588,51,0,51
1,random,2,2013,5,rank_in_slot,-0.823529411765,51,0,51
1,random,2,2013,10,rank_in_slot,-0.682352941176,51,0,51
1,random,3,2013,1,rank_available,-0.980392156863,51,0,51
1,random,3,2013,3,rank_available,-0.81045751634,51,0,51
1,random,3,2013,5,rank_available,-0.670588235294,51,0,51
1,random,3,2013,10,rank_available,-0.592156862745,51,0,51
1,random,3,2013,1,rank_in_slot,-1.29411764706,51,0,51
1,random,3,2013,3,rank_in_slot,-1.09803921569,51,0,51
1,random,3,2013,5,rank_in_slot,-0.980392156863,51,0,51
1,random,3,2013,10,rank_in_slot,-0.733333333333,51,0,51
1,random,4,2013,1,rank_available,-0.627450980392,51,0,51
1,random,4,2013,3,rank_available,-0.653594771242,51,0,51
1,random,4,2013,5,rank_available,-0.564705882353,51,0,51
1,random,4,2013,10,rank_available,-0.51568627451,51,0,51
1,random,4,2013,1,rank_in_slot,-0.941176470588,51,0,51
1,random,4,2013,3,rank_in_slot,-0.941176470588,51,0,51
1,random,4,2013,5,rank_in_slot,-0.866666666667,51,0,51
1,random,4,2013,10,rank_in_slot,-0.688235294118,51,0,51
1,random,5,2013,1,rank_available,-0.882352941176,51,0,51
1,random,5,2013,3,rank_available,-0.607843137255,51,0,51
1,random,5,2013,5,rank_available,-0.482352941176,51,0,51
1,random,5,2013,10,rank_available,-0.48431372549,51,0,51
1,random,5,2013,1,rank_in_slot,-1.05882352941,51,0,51
1,random,5,2013,3,rank_in_slot,-0.78431372549,51,0,51
1,random,5,2013,5,rank_in_slot,-0.701960784314,51,0,51
1,random,5,2013,10,rank_in_slot,-0.619607843137,51,0,51
1,random,6,2013,1,rank_available,-0.843137254902,51,0,51
1,random,6,2013,3,rank_available,-0.679738562092,51,0,51
1,random,6,2013,5,rank_available,-0.58431372549,51,0,51
1,random,6,2013,10,rank_available,-0.498039215686,51,0,51
1,random,6,2013,1,rank_in_slot,-1.11764705882,51,0,51
1,random,6,2013,3,rank_in_slot,-0.960784313725,51,0,51
1,random,6,2013,5,rank_in_slot,-0.835294117647,51,0,51
1,random,6,2013,10,rank_in_slot,-0.6,51,0,51
1,random,7,2013,1,rank_available,-0.803921568627,51,0,51
1,random,7,2013,3,rank_available,-0.640522875817,51,0,51
1,random,7,2013,5,rank_available,-0.6,51,0,51
1,random,7,2013,10,rank_available,-0.58431372549,51,0,51
1,random,7,2013,1,rank_in_slot,-0.882352941176,51,0,51
1,random,7,2013,3,rank_in_slot,-0.888888888889,51,0,51
1,random,7,2013,5,rank_in_slot,-0.839215686275,51,0,51
1,random,7,2013,10,rank_in_slot,-0.725490196078,51,0,51
1,random,8,2013,1,rank_available,-0.745098039216,51,0,51
1,random,8,2013,3,rank_available,-0.633986928105,51,0,51
1,random,8,2013,5,rank_available,-0.580392156863,51,0,51
1,random,8,2013,10,rank_available,-0.513725490196,51,0,51
1,random,8,2013,1,rank_in_slot,-1.03921568627,51,0,51
1,random,8,2013,3,rank_in_slot,-0.888888888889,51,0,51
1,random,8,2013,5,rank_in_slot,-0.847058823529,51,0,51
1,random,8,2013,10,rank_in_slot,-0.656862745098,51,0,51
1,random,9,2013,1,rank_available,-0.666666666667,51,0,51
1,random,9,2013,3,rank_available,-0.601307189542,51,0,51
1,random,9,2013,5,rank_available,-0.572549019608,51,0,51
1,random,9,2013,10,rank_available,-0.529411764706,51,0,51
1,random,9,2013,1,rank_in_slot,-0.823529411765,51,0,51
1,random,9,2013,3,rank_in_slot,-0.758169934641,51,0,51
1,random,9,2013,5,rank_in_slot,-0.776470588235,51,0,51
1,random,9,2013,10,rank_in_slot,-0.662745098039,51,0,51
1,random,10,2013,1,rank_available,-0.823529411765,51,0,51
1,random,10,2013,3,rank_available,-0.738562091503,51,0,51
1,random,10,2013,5,rank_available,-0.588235294118,51,0,51
1,random,10,2013,10,rank_available,-0.521568627451,51,0,51
1,random,10,2013,1,rank_in_slot,-1.13725490196,51,0,51
1,random,10,2013,3,rank_in_slot,-1.06535947712,51,0,51
1,random,10,2013,5,rank_in_slot,-0.858823529412,51,0,51
1,random,10,2013,10,rank_in_slot,-0.650980392157,51,0,51
1,random,11,2013,1,rank_available,-0.549019607843,51,0,51
1,random,11,2013,3,rank_available,-0.673202614379,51,0,51
1,random,11,2013,5,rank_available,-0.541176470588,51,0,51
1,random,11,2013,10,rank_available,-0.509803921569,51,0,51
1,random,11,2013,1,rank_in_slot,-0.882352941176,51,0,51
1,random,11,2013,3,rank_in_slot,-0.97385620915,51,0,51
1,random,11,2013,5,rank_in_slot,-0.807843137255,51,0,51
1,random,11,2013,10,rank_in_slot,-0.637254901961,51,0,51
1,random,12,2013,1,rank_available,-0.882352941176,51,0,51
1,random,12,2013,3,rank_available,-0.725490196078,51,0,51
1,random,12,2013,5,rank_available,-0.58431372549,51,0,51
1,random,12,2013,10,rank_available,-0.523529411765,51,0,51
1,random,12,2013,1,rank_in_slot,-1.19607843137,51,0,51
1,random,12,2013,3,rank_in_slot,-0.934640522876,51,0,51
1,random,12,2013,5,rank_in_slot,-0.847058823529,51,0,51
1,random,12,2013,10,rank_in_slot,-0.698039215686,51,0,51
1,random,13,2013,1,rank_available,-0.862745098039,51,0,51
1,random,13,2013,3,rank_available,-0.607843137255,51,0,51
1,random,13,2013,5,rank_available,-0.498039215686,51,0,51
1,random,13,2013,10,rank_available,-0.521568627451,51,0,51
1,random,13,2013,1,rank_in_slot,-1.17647058824,51,0,51
1,random,13,2013,3,rank_in_slot,-0.849673202614,51,0,51
1,random,13,2013,5,rank_in_slot,-0.745098039216,51,0,51
1,random,13,2013,10,rank_in_slot,-0.605882352941,51,0,51
1,random,14,2013,1,rank_available,-0.980392156863,51,0,51
1,random,14,2013,3,rank_available,-0.59477124183,51,0,51
1,random,14,2013,5,rank_available,-0.529411764706,51,0,51
1,random,14,2013,10,rank_available,-0.513725490196,51,0,51
1,random,14,2013,1,rank_in_slot,-1.29411764706,51,0,51
1,random,14,2013,3,rank_in_slot,-0.882352941176,51,0,51
1,random,14,2013,5,rank_in_slot,-0.780392156863,51,0,51
1,random,14,2013,10,rank_in_slot,-0.639215686275,51,0,51
1,random,15,2013,1,rank_available,-0.901960784314,51,0,51
1,random,15,2013,3,rank_available,-0.738562091503,51,0,51
1,random,15,2013,5,rank_available,-0.623529411765,51,0,51
1,random,15,2013,10,rank_available,-0.527450980392,51,0,51
1,random,15,2013,1,rank_in_slot,-1.21568627451,51,0,51
1,random,15,2013,3,rank_in_slot,-1.06535947712,51,0,51
1,random,15,2013,5,rank_in_slot,-0.933333333333,51,0,51
1,random,15,2013,10,rank_in_slot,-0.705882352941,51,0,51
1,random,16,2013,1,rank_available,-0.509803921569,51,0,51
1,random,16,2013,3,rank_available,-0.633986928105,51,0,51
1,random,16,2013,5,rank_available,-0.517647058824,51,0,51
1,random,16,2013,10,rank_available,-0.541176470588,51,0,51
1,random,16,2013,1,rank_in_slot,-0.745098039216,51,0,51
1,random,16,2013,3,rank_in_slot,-0.862745098039,51,0,51
1,random,16,2013,5,rank_in_slot,-0.717647058824,51,0,51
1,random,16,2013,10,rank_in_slot,-0.66862745098,51,0,51
1,random,17,2013,1,rank_available,-0.745098039216,51,0,51
1,random,17,2013,3,rank_available,-0.712418300654,51,0,51
1,random,17,2013,5,rank_available,-0.643137254902,51,0,51
1,random,17,2013,10,rank_available,-0.58431372549,51,0,51
1,random,17,2013,1,rank_in_slot,-0.843137254902,51,0,51
1,random,17,2013,3,rank_in_slot,-0.941176470588,51,0,51
1,random,17,2013,5,rank_in_slot,-0.925490196078,51,0,51
1,random,17,2013,10,rank_in_slot,-0.721568627451,51,0,51
1,random,18,2013,1,rank_available,-0.647058823529,51,0,51
1,random,18,2013,3,rank_available,-0.62091503268,51,0,51
1,random,18,2013,5,rank_available,-0.592156862745,51,0,51
1,random,18,2013,10,rank_available,-0.53137254902,51,0,51
1,random,18,2013,1,rank_in_slot,-0.901960784314,51,0,51
1,random,18,2013,3,rank_in_slot,-0.882352941176,51,0,51
1,random,18,2013,5,rank_in_slot,-0.827450980392,51,0,51
1,random,18,2013,10,rank_in_slot,-0.676470588235,51,0,51
1,random,19,2013,1,rank_available,-0.627450980392,51,0,51
1,random,19,2013,3,rank_available,-0.745098039216,51,0,51
1,random,19,2013,5,rank_available,-0.58431372549,51,0,51
1,random,19,2013,10,rank_available,-0.492156862745,51,0,51
1,random,19,2013,1,rank_in_slot,-0.647058823529,51,0,51
1,random,19,2013,3,rank_in_slot,-0.980392156863,51,0,51
1,random,19,2013,5,rank_in_slot,-0.882352941176,51,0,51
1,random,19,2013,10,rank_in_slot,-0.650980392157,51,0,51
1,regressed-rate,-1,2013,1,rank_available,-0.0588235294118,51,0,51
1,regressed-rate,-1,2013,3,rank_available,-0.130718954248,51,0,51
1,regressed-rate,-1,2013,5,rank_available,-0.0666666666667,51,0,51
1,regressed-rate,-1,2013,10,rank_available,-0.137254901961,51,0,51
1,regressed-rate,-1,2013,1,rank_in_slot,-0.21568627451,51,0,51
1,regressed-rate,-1,2013,3,rank_in_slot,-0.183006535948,51,0,51
1,regressed-rate,-1,2013,5,rank_in_slot,-0.0941176470588,51,0,51
1,regressed-rate,-1,2013,10,rank_in_slot,-0.0666666666667,51,0,51
1,vegas-environment,-1,2013,1,rank_available,-0.392156862745,51,0,51
1,vegas-environment,-1,2013,3,rank_available,-0.176470588235,51,0,51
1,vegas-environment,-1,2013,5,rank_available,-0.0588235294118,51,0,51
1,vegas-environment,-1,2013,10,rank_available,-0.021568627451,51,0,51
1,vegas-environment,-1,2013,1,rank_in_slot,0.0980392156863,51,0,51
1,vegas-environment,-1,2013,3,rank_in_slot,-0.117647058824,51,0,51
1,vegas-environment,-1,2013,5,rank_in_slot,-0.192156862745,51,0,51
1,vegas-environment,-1,2013,10,rank_in_slot,-0.0843137254902,51,0,51
1,within-player,0,2013,1,rank_available,-0.0196078431373,51,0,51
1,within-player,0,2013,3,rank_available,0.0457516339869,51,0,51
1,within-player,0,2013,5,rank_available,0.0274509803922,51,0,51
1,within-player,0,2013,10,rank_available,-0.0117647058824,51,0,51
1,within-player,0,2013,1,rank_in_slot,0,51,0,51
1,within-player,0,2013,3,rank_in_slot,-0.0718954248366,51,0,51
1,within-player,0,2013,5,rank_in_slot,-0.0549019607843,51,0,51
1,within-player,0,2013,10,rank_in_slot,0.0117647058824,51,0,51
1,within-player,1,2013,1,rank_available,0.0392156862745,51,0,51
1,within-player,1,2013,3,rank_available,-0.0392156862745,51,0,51
1,within-player,1,2013,5,rank_available,0.0313725490196,51,0,51
1,within-player,1,2013,10,rank_available,-0.0333333333333,51,0,51
1,within-player,1,2013,1,rank_in_slot,0.0588235294118,51,0,51
1,within-player,1,2013,3,rank_in_slot,-0.143790849673,51,0,51
1,within-player,1,2013,5,rank_in_slot,-0.121568627451,51,0,51
1,within-player,1,2013,10,rank_in_slot,-0.0137254901961,51,0,51
1,within-player,2,2013,1,rank_available,-0.0588235294118,51,0,51
1,within-player,2,2013,3,rank_available,-0.0261437908497,51,0,51
1,within-player,2,2013,5,rank_available,0.0196078431373,51,0,51
1,within-player,2,2013,10,rank_available,-0.021568627451,51,0,51
1,within-player,2,2013,1,rank_in_slot,0.0588235294118,51,0,51
1,within-player,2,2013,3,rank_in_slot,-0.0392156862745,51,0,51
1,within-player,2,2013,5,rank_in_slot,-0.0823529411765,51,0,51
1,within-player,2,2013,10,rank_in_slot,6.53072367427e-18,51,0,51
1,within-player,3,2013,1,rank_available,0.156862745098,51,0,51
1,within-player,3,2013,3,rank_available,-0.0457516339869,51,0,51
1,within-player,3,2013,5,rank_available,0.0196078431373,51,0,51
1,within-player,3,2013,10,rank_available,-0.0196078431373,51,0,51
1,within-player,3,2013,1,rank_in_slot,-0.0588235294118,51,0,51
1,within-player,3,2013,3,rank_in_slot,-0.0457516339869,51,0,51
1,within-player,3,2013,5,rank_in_slot,-0.0078431372549,51,0,51
1,within-player,3,2013,10,rank_in_slot,-0.00196078431373,51,0,51
1,within-player,4,2013,1,rank_available,-0.176470588235,51,0,51
1,within-player,4,2013,3,rank_available,-0.104575163399,51,0,51
1,within-player,4,2013,5,rank_available,-0.0117647058824,51,0,51
1,within-player,4,2013,10,rank_available,-0.0392156862745,51,0,51
1,within-player,4,2013,1,rank_in_slot,0.0196078431373,51,0,51
1,within-player,4,2013,3,rank_in_slot,-0.209150326797,51,0,51
1,within-player,4,2013,5,rank_in_slot,-0.117647058824,51,0,51
1,within-player,4,2013,10,rank_in_slot,-0.0156862745098,51,0,51
1,within-player,5,2013,1,rank_available,-0.117647058824,51,0,51
1,within-player,5,2013,3,rank_available,-0.0130718954248,51,0,51
1,within-player,5,2013,5,rank_available,-0.0235294117647,51,0,51
1,within-player,5,2013,10,rank_available,-0.0333333333333,51,0,51
1,within-player,5,2013,1,rank_in_slot,-0.137254901961,51,0,51
1,within-player,5,2013,3,rank_in_slot,-0.137254901961,51,0,51
1,within-player,5,2013,5,rank_in_slot,-0.078431372549,51,0,51
1,within-player,5,2013,10,rank_in_slot,-0.0372549019608,51,0,51
1,within-player,6,2013,1,rank_available,0.235294117647,51,0,51
1,within-player,6,2013,3,rank_available,-0.0261437908497,51,0,51
1,within-player,6,2013,5,rank_available,0.0352941176471,51,0,51
1,within-player,6,2013,10,rank_available,-0.0294117647059,51,0,51
1,within-player,6,2013,1,rank_in_slot,0.0392156862745,51,0,51
1,within-player,6,2013,3,rank_in_slot,-0.0915032679739,51,0,51
1,within-player,6,2013,5,rank_in_slot,-0.0470588235294,51,0,51
1,within-player,6,2013,10,rank_in_slot,-0.0137254901961,51,0,51
1,within-player,7,2013,1,rank_available,-0.117647058824,51,0,51
1,within-player,7,2013,3,rank_available,0.0653594771242,51,0,51
1,within-player,7,2013,5,rank_available,0.0196078431373,51,0,51
1,within-player,7,2013,10,rank_available,-0.0156862745098,51,0,51
1,within-player,7,2013,1,rank_in_slot,0,51,0,51
1,within-player,7,2013,3,rank_in_slot,-0.0718954248366,51,0,51
1,within-player,7,2013,5,rank_in_slot,-0.0745098039216,51,0,51
1,within-player,7,2013,10,rank_in_slot,-0.0235294117647,51,0,51
1,within-player,8,2013,1,rank_available,0.156862745098,51,0,51
1,within-player,8,2013,3,rank_available,-0.0588235294118,51,0,51
1,within-player,8,2013,5,rank_available,-0.0235294117647,51,0,51
1,within-player,8,2013,10,rank_available,-0.0352941176471,51,0,51
1,within-player,8,2013,1,rank_in_slot,0.0588235294118,51,0,51
1,within-player,8,2013,3,rank_in_slot,-0.00653594771242,51,0,51
1,within-player,8,2013,5,rank_in_slot,-0.0549019607843,51,0,51
1,within-player,8,2013,10,rank_in_slot,-0.0392156862745,51,0,51
1,within-player,9,2013,1,rank_available,-0.117647058824,51,0,51
1,within-player,9,2013,3,rank_available,-0.0392156862745,51,0,51
1,within-player,9,2013,5,rank_available,0.043137254902,51,0,51
1,within-player,9,2013,10,rank_available,-0.0235294117647,51,0,51
1,within-player,9,2013,1,rank_in_slot,-0.0196078431373,51,0,51
1,within-player,9,2013,3,rank_in_slot,-0.117647058824,51,0,51
1,within-player,9,2013,5,rank_in_slot,-0.0666666666667,51,0,51
1,within-player,9,2013,10,rank_in_slot,-0.0235294117647,51,0,51
1,within-player,10,2013,1,rank_available,0.0392156862745,51,0,51
1,within-player,10,2013,3,rank_available,0.0653594771242,51,0,51
1,within-player,10,2013,5,rank_available,0.00392156862745,51,0,51
1,within-player,10,2013,10,rank_available,-0.0313725490196,51,0,51
1,within-player,10,2013,1,rank_in_slot,-0.078431372549,51,0,51
1,within-player,10,2013,3,rank_in_slot,-0.0457516339869,51,0,51
1,within-player,10,2013,5,rank_in_slot,-0.0352941176471,51,0,51
1,within-player,10,2013,10,rank_in_slot,-0.00196078431373,51,0,51
1,within-player,11,2013,1,rank_available,-0.078431372549,51,0,51
1,within-player,11,2013,3,rank_available,0.00653594771242,51,0,51
1,within-player,11,2013,5,rank_available,0.0588235294118,51,0,51
1,within-player,11,2013,10,rank_available,-0.0254901960784,51,0,51
1,within-player,11,2013,1,rank_in_slot,-0.117647058824,51,0,51
1,within-player,11,2013,3,rank_in_slot,0.0196078431373,51,0,51
1,within-player,11,2013,5,rank_in_slot,-0.0941176470588,51,0,51
1,within-player,11,2013,10,rank_in_slot,-0.00980392156863,51,0,51
1,within-player,12,2013,1,rank_available,-0.078431372549,51,0,51
1,within-player,12,2013,3,rank_available,0.0849673202614,51,0,51
1,within-player,12,2013,5,rank_available,0.0352941176471,51,0,51
1,within-player,12,2013,10,rank_available,-0.0450980392157,51,0,51
1,within-player,12,2013,1,rank_in_slot,-0.117647058824,51,0,51
1,within-player,12,2013,3,rank_in_slot,-0.111111111111,51,0,51
1,within-player,12,2013,5,rank_in_slot,-0.078431372549,51,0,51
1,within-player,12,2013,10,rank_in_slot,-0.0078431372549,51,0,51
1,within-player,13,2013,1,rank_available,0,51,0,51
1,within-player,13,2013,3,rank_available,-0.0457516339869,51,0,51
1,within-player,13,2013,5,rank_available,-0.0117647058824,51,0,51
1,within-player,13,2013,10,rank_available,-0.0274509803922,51,0,51
1,within-player,13,2013,1,rank_in_slot,-0.0392156862745,51,0,51
1,within-player,13,2013,3,rank_in_slot,-0.0326797385621,51,0,51
1,within-player,13,2013,5,rank_in_slot,-0.00392156862745,51,0,51
1,within-player,13,2013,10,rank_in_slot,-0.0176470588235,51,0,51
1,within-player,14,2013,1,rank_available,-0.156862745098,51,0,51
1,within-player,14,2013,3,rank_available,0.00653594771242,51,0,51
1,within-player,14,2013,5,rank_available,0.0392156862745,51,0,51
1,within-player,14,2013,10,rank_available,-0.0372549019608,51,0,51
1,within-player,14,2013,1,rank_in_slot,-0.078431372549,51,0,51
1,within-player,14,2013,3,rank_in_slot,-0.0522875816993,51,0,51
1,within-player,14,2013,5,rank_in_slot,-0.0274509803922,51,0,51
1,within-player,14,2013,10,rank_in_slot,-0.0254901960784,51,0,51
1,within-player,15,2013,1,rank_available,0.0196078431373,51,0,51
1,within-player,15,2013,3,rank_available,-0.0196078431373,51,0,51
1,within-player,15,2013,5,rank_available,0.0156862745098,51,0,51
1,within-player,15,2013,10,rank_available,-0.0294117647059,51,0,51
1,within-player,15,2013,1,rank_in_slot,0.0196078431373,51,0,51
1,within-player,15,2013,3,rank_in_slot,-0.0392156862745,51,0,51
1,within-player,15,2013,5,rank_in_slot,-0.00392156862745,51,0,51
1,within-player,15,2013,10,rank_in_slot,0.0078431372549,51,0,51
1,within-player,16,2013,1,rank_available,0,51,0,51
1,within-player,16,2013,3,rank_available,-0.0326797385621,51,0,51
1,within-player,16,2013,5,rank_available,0.0274509803922,51,0,51
1,within-player,16,2013,10,rank_available,-0.00392156862745,51,0,51
1,within-player,16,2013,1,rank_in_slot,0.0196078431373,51,0,51
1,within-player,16,2013,3,rank_in_slot,-0.078431372549,51,0,51
1,within-player,16,2013,5,rank_in_slot,-0.0549019607843,51,0,51
1,within-player,16,2013,10,rank_in_slot,-0.00588235294118,51,0,51
1,within-player,17,2013,1,rank_available,-0.0196078431373,51,0,51
1,within-player,17,2013,3,rank_available,-0.0915032679739,51,0,51
1,within-player,17,2013,5,rank_available,0.0313725490196,51,0,51
1,within-player,17,2013,10,rank_available,-0.0254901960784,51,0,51
1,within-player,17,2013,1,rank_in_slot,-0.078431372549,51,0,51
1,within-player,17,2013,3,rank_in_slot,-0.0653594771242,51,0,51
1,within-player,17,2013,5,rank_in_slot,-0.0392156862745,51,0,51
1,within-player,17,2013,10,rank_in_slot,-0.0509803921569,51,0,51
1,within-player,18,2013,1,rank_available,-0.0980392156863,51,0,51
1,within-player,18,2013,3,rank_available,-0.00653594771242,51,0,51
1,within-player,18,2013,5,rank_available,-0.0078431372549,51,0,51
1,within-player,18,2013,10,rank_available,-0.0176470588235,51,0,51
1,within-player,18,2013,1,rank_in_slot,-0.078431372549,51,0,51
1,within-player,18,2013,3,rank_in_slot,-0.16339869281,51,0,51
1,within-player,18,2013,5,rank_in_slot,-0.0549019607843,51,0,51
1,within-player,18,2013,10,rank_in_slot,-0.0274509803922,51,0,51
1,within-player,19,2013,1,rank_available,-0.156862745098,51,0,51
1,within-player,19,2013,3,rank_available,-0.0588235294118,51,0,51
1,within-player,19,2013,5,rank_available,-0.043137254902,51,0,51
1,within-player,19,2013,10,rank_available,-0.0196078431373,51,0,51
1,within-player,19,2013,1,rank_in_slot,0.0196078431373,51,0,51
1,within-player,19,2013,3,rank_in_slot,-0.0915032679739,51,0,51
1,within-player,19,2013,5,rank_in_slot,-0.101960784314,51,0,51
1,within-player,19,2013,10,rank_in_slot,-0.021568627451,51,0,51
1,base-rate-only,-1,2014,1,rank_available,0.0588235294118,51,0,51
1,base-rate-only,-1,2014,3,rank_available,-0.0392156862745,51,0,51
1,base-rate-only,-1,2014,5,rank_available,-0.0352941176471,51,0,51
1,base-rate-only,-1,2014,10,rank_available,-0.0117647058824,51,0,51
1,base-rate-only,-1,2014,1,rank_in_slot,0.0392156862745,51,0,51
1,base-rate-only,-1,2014,3,rank_in_slot,-0.0196078431373,51,0,51
1,base-rate-only,-1,2014,5,rank_in_slot,0.0392156862745,51,0,51
1,base-rate-only,-1,2014,10,rank_in_slot,-0.0333333333333,51,0,51
1,current-season-rate,-1,2014,1,rank_available,-0.196078431373,51,0,51
1,current-season-rate,-1,2014,3,rank_available,-0.176470588235,51,0,51
1,current-season-rate,-1,2014,5,rank_available,-0.16862745098,51,0,51
1,current-season-rate,-1,2014,10,rank_available,-0.178431372549,51,0,51
1,current-season-rate,-1,2014,1,rank_in_slot,-0.137254901961,51,0,51
1,current-season-rate,-1,2014,3,rank_in_slot,-0.0915032679739,51,0,51
1,current-season-rate,-1,2014,5,rank_in_slot,-0.105882352941,51,0,51
1,current-season-rate,-1,2014,10,rank_in_slot,-0.0725490196078,51,0,51
1,historical-rate,-1,2014,1,rank_available,-0.117647058824,51,0,51
1,historical-rate,-1,2014,3,rank_available,-0.130718954248,51,0,51
1,historical-rate,-1,2014,5,rank_available,-0.105882352941,51,0,51
1,historical-rate,-1,2014,10,rank_available,-0.0745098039216,51,0,51
1,historical-rate,-1,2014,1,rank_in_slot,-0.0196078431373,51,0,51
1,historical-rate,-1,2014,3,rank_in_slot,-0.078431372549,51,0,51
1,historical-rate,-1,2014,5,rank_in_slot,-0.043137254902,51,0,51
1,historical-rate,-1,2014,10,rank_in_slot,-0.0862745098039,51,0,51
1,no-vegas,-1,2014,1,rank_available,-0.0196078431373,51,0,51
1,no-vegas,-1,2014,3,rank_available,-0.111111111111,51,0,51
1,no-vegas,-1,2014,5,rank_available,-0.0509803921569,51,0,51
1,no-vegas,-1,2014,10,rank_available,-0.0176470588235,51,0,51
1,no-vegas,-1,2014,1,rank_in_slot,-0.0588235294118,51,0,51
1,no-vegas,-1,2014,3,rank_in_slot,0.0457516339869,51,0,51
1,no-vegas,-1,2014,5,rank_in_slot,0.0235294117647,51,0,51
1,no-vegas,-1,2014,10,rank_in_slot,-0.00392156862745,51,0,51
1,player-vegas,-1,2014,1,rank_available,0.137254901961,51,0,51
1,player-vegas,-1,2014,3,rank_available,-0.0457516339869,51,0,51
1,player-vegas,-1,2014,5,rank_available,-0.0196078431373,51,0,51
1,player-vegas,-1,2014,10,rank_available,-0.021568627451,51,0,51
1,player-vegas,-1,2014,1,rank_in_slot,-0.078431372549,51,0,51
1,player-vegas,-1,2014,3,rank_in_slot,0.0196078431373,51,0,51
1,player-vegas,-1,2014,5,rank_in_slot,0.043137254902,51,0,51
1,player-vegas,-1,2014,10,rank_in_slot,-0.0078431372549,51,0,51
1,random,0,2014,1,rank_available,-0.803921568627,51,0,51
1,random,0,2014,3,rank_available,-0.764705882353,51,0,51
1,random,0,2014,5,rank_available,-0.698039215686,51,0,51
1,random,0,2014,10,rank_available,-0.58431372549,51,0,51
1,random,0,2014,1,rank_in_slot,-0.921568627451,51,0,51
1,random,0,2014,3,rank_in_slot,-0.921568627451,51,0,51
1,random,0,2014,5,rank_in_slot,-0.874509803922,51,0,51
1,random,0,2014,10,rank_in_slot,-0.721568627451,51,0,51
1,random,1,2014,1,rank_available,-0.803921568627,51,0,51
1,random,1,2014,3,rank_available,-0.699346405229,51,0,51
1,random,1,2014,5,rank_available,-0.694117647059,51,0,51
1,random,1,2014,10,rank_available,-0.527450980392,51,0,51
1,random,1,2014,1,rank_in_slot,-0.980392156863,51,0,51
1,random,1,2014,3,rank_in_slot,-0.823529411765,51,0,51
1,random,1,2014,5,rank_in_slot,-0.854901960784,51,0,51
1,random,1,2014,10,rank_in_slot,-0.682352941176,51,0,51
1,random,2,2014,1,rank_available,-0.823529411765,51,0,51
1,random,2,2014,3,rank_available,-0.745098039216,51,0,51
1,random,2,2014,5,rank_available,-0.623529411765,51,0,51
1,random,2,2014,10,rank_available,-0.498039215686,51,0,51
1,random,2,2014,1,rank_in_slot,-0.901960784314,51,0,51
1,random,2,2014,3,rank_in_slot,-0.856209150327,51,0,51
1,random,2,2014,5,rank_in_slot,-0.686274509804,51,0,51
1,random,2,2014,10,rank_in_slot,-0.6,51,0,51
1,random,3,2014,1,rank_available,-1,51,0,51
1,random,3,2014,3,rank_available,-0.862745098039,51,0,51
1,random,3,2014,5,rank_available,-0.756862745098,51,0,51
1,random,3,2014,10,rank_available,-0.566666666667,51,0,51
1,random,3,2014,1,rank_in_slot,-1.17647058824,51,0,51
1,random,3,2014,3,rank_in_slot,-1.01960784314,51,0,51
1,random,3,2014,5,rank_in_slot,-0.921568627451,51,0,51
1,random,3,2014,10,rank_in_slot,-0.723529411765,51,0,51
1,random,4,2014,1,rank_available,-0.843137254902,51,0,51
1,random,4,2014,3,rank_available,-0.764705882353,51,0,51
1,random,4,2014,5,rank_available,-0.643137254902,51,0,51
1,random,4,2014,10,rank_available,-0.535294117647,51,0,51
1,random,4,2014,1,rank_in_slot,-1.01960784314,51,0,51
1,random,4,2014,3,rank_in_slot,-0.921568627451,51,0,51
1,random,4,2014,5,rank_in_slot,-0.847058823529,51,0,51
1,random,4,2014,10,rank_in_slot,-0.737254901961,51,0,51
1,random,5,2014,1,rank_available,-0.921568627451,51,0,51
1,random,5,2014,3,rank_available,-0.607843137255,51,0,51
1,random,5,2014,5,rank_available,-0.541176470588,51,0,51
1,random,5,2014,10,rank_available,-0.492156862745,51,0,51
1,random,5,2014,1,rank_in_slot,-0.980392156863,51,0,51
1,random,5,2014,3,rank_in_slot,-0.751633986928,51,0,51
1,random,5,2014,5,rank_in_slot,-0.682352941176,51,0,51
1,random,5,2014,10,rank_in_slot,-0.652941176471,51,0,51
1,random,6,2014,1,rank_available,-0.960784313725,51,0,51
1,random,6,2014,3,rank_available,-0.797385620915,51,0,51
1,random,6,2014,5,rank_available,-0.705882352941,51,0,51
1,random,6,2014,10,rank_available,-0.494117647059,51,0,51
1,random,6,2014,1,rank_in_slot,-1.1568627451,51,0,51
1,random,6,2014,3,rank_in_slot,-0.921568627451,51,0,51
1,random,6,2014,5,rank_in_slot,-0.8,51,0,51
1,random,6,2014,10,rank_in_slot,-0.613725490196,51,0,51
1,random,7,2014,1,rank_available,-0.901960784314,51,0,51
1,random,7,2014,3,rank_available,-0.738562091503,51,0,51
1,random,7,2014,5,rank_available,-0.643137254902,51,0,51
1,random,7,2014,10,rank_available,-0.519607843137,51,0,51
1,random,7,2014,1,rank_in_slot,-0.921568627451,51,0,51
1,random,7,2014,3,rank_in_slot,-0.843137254902,51,0,51
1,random,7,2014,5,rank_in_slot,-0.8,51,0,51
1,random,7,2014,10,rank_in_slot,-0.680392156863,51,0,51
1,random,8,2014,1,rank_available,-0.803921568627,51,0,51
1,random,8,2014,3,rank_available,-0.738562091503,51,0,51
1,random,8,2014,5,rank_available,-0.588235294118,51,0,51
1,random,8,2014,10,rank_available,-0.490196078431,51,0,51
1,random,8,2014,1,rank_in_slot,-0.941176470588,51,0,51
1,random,8,2014,3,rank_in_slot,-0.928104575163,51,0,51
1,random,8,2014,5,rank_in_slot,-0.776470588235,51,0,51
1,random,8,2014,10,rank_in_slot,-0.701960784314,51,0,51
1,random,9,2014,1,rank_available,-0.764705882353,51,0,51
1,random,9,2014,3,rank_available,-0.679738562092,51,0,51
1,random,9,2014,5,rank_available,-0.592156862745,51,0,51
1,random,9,2014,10,rank_available,-0.494117647059,51,0,51
1,random,9,2014,1,rank_in_slot,-0.803921568627,51,0,51
1,random,9,2014,3,rank_in_slot,-0.738562091503,51,0,51
1,random,9,2014,5,rank_in_slot,-0.737254901961,51,0,51
1,random,9,2014,10,rank_in_slot,-0.627450980392,51,0,51
1,random,10,2014,1,rank_available,-0.862745098039,51,0,51
1,random,10,2014,3,rank_available,-0.803921568627,51,0,51
1,random,10,2014,5,rank_available,-0.643137254902,51,0,51
1,random,10,2014,10,rank_available,-0.521568627451,51,0,51
1,random,10,2014,1,rank_in_slot,-1.03921568627,51,0,51
1,random,10,2014,3,rank_in_slot,-1,51,0,51
1,random,10,2014,5,rank_in_slot,-0.745098039216,51,0,51
1,random,10,2014,10,rank_in_slot,-0.666666666667,51,0,51
1,random,11,2014,1,rank_available,-0.666666666667,51,0,51
1,random,11,2014,3,rank_available,-0.627450980392,51,0,51
1,random,11,2014,5,rank_available,-0.58431372549,51,0,51
1,random,11,2014,10,rank_available,-0.476470588235,51,0,51
1,random,11,2014,1,rank_in_slot,-0.607843137255,51,0,51
1,random,11,2014,3,rank_in_slot,-0.797385620915,51,0,51
1,random,11,2014,5,rank_in_slot,-0.713725490196,51,0,51
1,random,11,2014,10,rank_in_slot,-0.603921568627,51,0,51
1,random,12,2014,1,rank_available,-0.823529411765,51,0,51
1,random,12,2014,3,rank_available,-0.712418300654,51,0,51
1,random,12,2014,5,rank_available,-0.58431372549,51,0,51
1,random,12,2014,10,rank_available,-0.503921568627,51,0,51
1,random,12,2014,1,rank_in_slot,-1,51,0,51
1,random,12,2014,3,rank_in_slot,-0.78431372549,51,0,51
1,random,12,2014,5,rank_in_slot,-0.705882352941,51,0,51
1,random,12,2014,10,rank_in_slot,-0.629411764706,51,0,51
1,random,13,2014,1,rank_available,-0.980392156863,51,0,51
1,random,13,2014,3,rank_available,-0.738562091503,51,0,51
1,random,13,2014,5,rank_available,-0.694117647059,51,0,51
1,random,13,2014,10,rank_available,-0.539215686275,51,0,51
1,random,13,2014,1,rank_in_slot,-1.11764705882,51,0,51
1,random,13,2014,3,rank_in_slot,-0.81045751634,51,0,51
1,random,13,2014,5,rank_in_slot,-0.78431372549,51,0,51
1,random,13,2014,10,rank_in_slot,-0.645098039216,51,0,51
1,random,14,2014,1,rank_available,-0.941176470588,51,0,51
1,random,14,2014,3,rank_available,-0.712418300654,51,0,51
1,random,14,2014,5,rank_available,-0.635294117647,51,0,51
1,random,14,2014,10,rank_available,-0.53137254902,51,0,51
1,random,14,2014,1,rank_in_slot,-1.09803921569,51,0,51
1,random,14,2014,3,rank_in_slot,-0.823529411765,51,0,51
1,random,14,2014,5,rank_in_slot,-0.76862745098,51,0,51
1,random,14,2014,10,rank_in_slot,-0.692156862745,51,0,51
1,random,15,2014,1,rank_available,-1.01960784314,51,0,51
1,random,15,2014,3,rank_available,-0.771241830065,51,0,51
1,random,15,2014,5,rank_available,-0.698039215686,51,0,51
1,random,15,2014,10,rank_available,-0.543137254902,51,0,51
1,random,15,2014,1,rank_in_slot,-1.19607843137,51,0,51
1,random,15,2014,3,rank_in_slot,-0.960784313725,51,0,51
1,random,15,2014,5,rank_in_slot,-0.858823529412,51,0,51
1,random,15,2014,10,rank_in_slot,-0.747058823529,51,0,51
1,random,16,2014,1,rank_available,-0.745098039216,51,0,51
1,random,16,2014,3,rank_available,-0.692810457516,51,0,51
1,random,16,2014,5,rank_available,-0.58431372549,51,0,51
1,random,16,2014,10,rank_available,-0.488235294118,51,0,51
1,random,16,2014,1,rank_in_slot,-0.764705882353,51,0,51
1,random,16,2014,3,rank_in_slot,-0.81045751634,51,0,51
1,random,16,2014,5,rank_in_slot,-0.686274509804,51,0,51
1,random,16,2014,10,rank_in_slot,-0.633333333333,51,0,51
1,random,17,2014,1,rank_available,-0.745098039216,51,0,51
1,random,17,2014,3,rank_available,-0.803921568627,51,0,51
1,random,17,2014,5,rank_available,-0.772549019608,51,0,51
1,random,17,2014,10,rank_available,-0.61568627451,51,0,51
1,random,17,2014,1,rank_in_slot,-0.901960784314,51,0,51
1,random,17,2014,3,rank_in_slot,-0.941176470588,51,0,51
1,random,17,2014,5,rank_in_slot,-0.960784313725,51,0,51
1,random,17,2014,10,rank_in_slot,-0.796078431373,51,0,51
1,random,18,2014,1,rank_available,-0.705882352941,51,0,51
1,random,18,2014,3,rank_available,-0.745098039216,51,0,51
1,random,18,2014,5,rank_available,-0.678431372549,51,0,51
1,random,18,2014,10,rank_available,-0.570588235294,51,0,51
1,random,18,2014,1,rank_in_slot,-0.686274509804,51,0,51
1,random,18,2014,3,rank_in_slot,-0.758169934641,51,0,51
1,random,18,2014,5,rank_in_slot,-0.764705882353,51,0,51
1,random,18,2014,10,rank_in_slot,-0.735294117647,51,0,51
1,random,19,2014,1,rank_available,-0.627450980392,51,0,51
1,random,19,2014,3,rank_available,-0.633986928105,51,0,51
1,random,19,2014,5,rank_available,-0.572549019608,51,0,51
1,random,19,2014,10,rank_available,-0.513725490196,51,0,51
1,random,19,2014,1,rank_in_slot,-0.490196078431,51,0,51
1,random,19,2014,3,rank_in_slot,-0.732026143791,51,0,51
1,random,19,2014,5,rank_in_slot,-0.760784313725,51,0,51
1,random,19,2014,10,rank_in_slot,-0.68431372549,51,0,51
1,regressed-rate,-1,2014,1,rank_available,-0.137254901961,51,0,51
1,regressed-rate,-1,2014,3,rank_available,-0.156862745098,51,0,51
1,regressed-rate,-1,2014,5,rank_available,-0.109803921569,51,0,51
1,regressed-rate,-1,2014,10,rank_available,-0.0705882352941,51,0,51
1,regressed-rate,-1,2014,1,rank_in_slot,-0.0196078431373,51,0,51
1,regressed-rate,-1,2014,3,rank_in_slot,-0.0718954248366,51,0,51
1,regressed-rate,-1,2014,5,rank_in_slot,-0.0549019607843,51,0,51
1,regressed-rate,-1,2014,10,rank_in_slot,-0.0803921568627,51,0,51
1,vegas-environment,-1,2014,1,rank_available,-0.313725490196,51,0,51
1,vegas-environment,-1,2014,3,rank_available,-0.111111111111,51,0,51
1,vegas-environment,-1,2014,5,rank_available,-0.109803921569,51,0,51
1,vegas-environment,-1,2014,10,rank_available,-0.103921568627,51,0,51
1,vegas-environment,-1,2014,1,rank_in_slot,-0.313725490196,51,0,51
1,vegas-environment,-1,2014,3,rank_in_slot,-0.16339869281,51,0,51
1,vegas-environment,-1,2014,5,rank_in_slot,-0.156862745098,51,0,51
1,vegas-environment,-1,2014,10,rank_in_slot,-0.105882352941,51,0,51
1,within-player,0,2014,1,rank_available,-0.078431372549,51,0,51
1,within-player,0,2014,3,rank_available,0.0457516339869,51,0,51
1,within-player,0,2014,5,rank_available,-0.0117647058824,51,0,51
1,within-player,0,2014,10,rank_available,-0.0176470588235,51,0,51
1,within-player,0,2014,1,rank_in_slot,0.078431372549,51,0,51
1,within-player,0,2014,3,rank_in_slot,-0.0588235294118,51,0,51
1,within-player,0,2014,5,rank_in_slot,0.0078431372549,51,0,51
1,within-player,0,2014,10,rank_in_slot,0.0196078431373,51,0,51
1,within-player,1,2014,1,rank_available,-0.0392156862745,51,0,51
1,within-player,1,2014,3,rank_available,-0.0261437908497,51,0,51
1,within-player,1,2014,5,rank_available,0.0274509803922,51,0,51
1,within-player,1,2014,10,rank_available,-0.021568627451,51,0,51
1,within-player,1,2014,1,rank_in_slot,-0.078431372549,51,0,51
1,within-player,1,2014,3,rank_in_slot,0.0130718954248,51,0,51
1,within-player,1,2014,5,rank_in_slot,0.00392156862745,51,0,51
1,within-player,1,2014,10,rank_in_slot,-0.00980392156863,51,0,51
1,within-player,2,2014,1,rank_available,0.078431372549,51,0,51
1,within-player,2,2014,3,rank_available,-0.0718954248366,51,0,51
1,within-player,2,2014,5,rank_available,-0.0196078431373,51,0,51
1,within-player,2,2014,10,rank_available,-0.0254901960784,51,0,51
1,within-player,2,2014,1,rank_in_slot,-0.0980392156863,51,0,51
1,within-player,2,2014,3,rank_in_slot,-0.00653594771242,51,0,51
1,within-player,2,2014,5,rank_in_slot,-0.0078431372549,51,0,51
1,within-player,2,2014,10,rank_in_slot,-0.00980392156863,51,0,51
1,within-player,3,2014,1,rank_available,0.078431372549,51,0,51
1,within-player,3,2014,3,rank_available,0.00653594771242,51,0,51
1,within-player,3,2014,5,rank_available,0.0117647058824,51,0,51
1,within-player,3,2014,10,rank_available,-0.0392156862745,51,0,51
1,within-player,3,2014,1,rank_in_slot,0.0392156862745,51,0,51
1,within-player,3,2014,3,rank_in_slot,-0.0196078431373,51,0,51
1,within-player,3,2014,5,rank_in_slot,0.0392156862745,51,0,51
1,within-player,3,2014,10,rank_in_slot,-0.0196078431373,51,0,51
1,within-player,4,2014,1,rank_available,0.0196078431373,51,0,51
1,within-player,4,2014,3,rank_available,0.00653594771242,51,0,51
1,within-player,4,2014,5,rank_available,-0.0078431372549,51,0,51
1,within-player,4,2014,10,rank_available,-4.35381578284e-18,51,0,51
1,within-player,4,2014,1,rank_in_slot,0.0196078431373,51,0,51
1,within-player,4,2014,3,rank_in_slot,-0.078431372549,51,0,51
1,within-player,4,2014,5,rank_in_slot,-0.0117647058824,51,0,51
1,within-player,4,2014,10,rank_in_slot,-0.00588235294118,51,0,51
1,within-player,5,2014,1,rank_available,-0.0196078431373,51,0,51
1,within-player,5,2014,3,rank_available,0.0196078431373,51,0,51
1,within-player,5,2014,5,rank_available,0,51,0,51
1,within-player,5,2014,10,rank_available,-0.043137254902,51,0,51
1,within-player,5,2014,1,rank_in_slot,0,51,0,51
1,within-player,5,2014,3,rank_in_slot,0.0457516339869,51,0,51
1,within-player,5,2014,5,rank_in_slot,0.0392156862745,51,0,51
1,within-player,5,2014,10,rank_in_slot,-0.0078431372549,51,0,51
1,within-player,6,2014,1,rank_available,-0.0980392156863,51,0,51
1,within-player,6,2014,3,rank_available,-0.0457516339869,51,0,51
1,within-player,6,2014,5,rank_available,-0.043137254902,51,0,51
1,within-player,6,2014,10,rank_available,-0.0254901960784,51,0,51
1,within-player,6,2014,1,rank_in_slot,0.0980392156863,51,0,51
1,within-player,6,2014,3,rank_in_slot,0.0588235294118,51,0,51
1,within-player,6,2014,5,rank_in_slot,-0.00392156862745,51,0,51
1,within-player,6,2014,10,rank_in_slot,-0.021568627451,51,0,51
1,within-player,7,2014,1,rank_available,-0.0392156862745,51,0,51
1,within-player,7,2014,3,rank_available,-0.00653594771242,51,0,51
1,within-player,7,2014,5,rank_available,-0.0196078431373,51,0,51
1,within-player,7,2014,10,rank_available,-0.0588235294118,51,0,51
1,within-player,7,2014,1,rank_in_slot,0.0980392156863,51,0,51
1,within-player,7,2014,3,rank_in_slot,0.0130718954248,51,0,51
1,within-player,7,2014,5,rank_in_slot,0.0078431372549,51,0,51
1,within-player,7,2014,10,rank_in_slot,-0.0235294117647,51,0,51
1,within-player,8,2014,1,rank_available,-0.078431372549,51,0,51
1,within-player,8,2014,3,rank_available,-0.0326797385621,51,0,51
1,within-player,8,2014,5,rank_available,-0.0235294117647,51,0,51
1,within-player,8,2014,10,rank_available,-0.0176470588235,51,0,51
1,within-player,8,2014,1,rank_in_slot,-0.0392156862745,51,0,51
1,within-player,8,2014,3,rank_in_slot,0.0130718954248,51,0,51
1,within-player,8,2014,5,rank_in_slot,0.0392156862745,51,0,51
1,within-player,8,2014,10,rank_in_slot,-0.0137254901961,51,0,51
1,within-player,9,2014,1,rank_available,0.196078431373,51,0,51
1,within-player,9,2014,3,rank_available,0.0588235294118,51,0,51
1,within-player,9,2014,5,rank_available,0.0235294117647,51,0,51
1,within-player,9,2014,10,rank_available,-0.0274509803922,51,0,51
1,within-player,9,2014,1,rank_in_slot,-0.078431372549,51,0,51
1,within-player,9,2014,3,rank_in_slot,0.0457516339869,51,0,51
1,within-player,9,2014,5,rank_in_slot,0.0588235294118,51,0,51
1,within-player,9,2014,10,rank_in_slot,0.0137254901961,51,0,51
1,within-player,10,2014,1,rank_available,0,51,0,51
1,within-player,10,2014,3,rank_available,0.00653594771242,51,0,51
1,within-player,10,2014,5,rank_available,-0.0274509803922,51,0,51
1,within-player,10,2014,10,rank_available,-0.0196078431373,51,0,51
1,within-player,10,2014,1,rank_in_slot,0.0392156862745,51,0,51
1,within-player,10,2014,3,rank_in_slot,0.0261437908497,51,0,51
1,within-player,10,2014,5,rank_in_slot,-0.00392156862745,51,0,51
1,within-player,10,2014,10,rank_in_slot,-0.00980392156863,51,0,51
1,within-player,11,2014,1,rank_available,0,51,0,51
1,within-player,11,2014,3,rank_available,0.00653594771242,51,0,51
1,within-player,11,2014,5,rank_available,0.0352941176471,51,0,51
1,within-player,11,2014,10,rank_available,-0.0392156862745,51,0,51
1,within-player,11,2014,1,rank_in_slot,0.0196078431373,51,0,51
1,within-player,11,2014,3,rank_in_slot,-0.104575163399,51,0,51
1,within-player,11,2014,5,rank_in_slot,-1.08845394571e-17,51,0,51
1,within-player,11,2014,10,rank_in_slot,-0.0274509803922,51,0,51
1,within-player,12,2014,1,rank_available,0.176470588235,51,0,51
1,within-player,12,2014,3,rank_available,0.0588235294118,51,0,51
1,within-player,12,2014,5,rank_available,0.0392156862745,51,0,51
1,within-player,12,2014,10,rank_available,-0.00392156862745,51,0,51
1,within-player,12,2014,1,rank_in_slot,0.078431372549,51,0,51
1,within-player,12,2014,3,rank_in_slot,0.00653594771242,51,0,51
1,within-player,12,2014,5,rank_in_slot,0.0666666666667,51,0,51
1,within-player,12,2014,10,rank_in_slot,0.0117647058824,51,0,51
1,within-player,13,2014,1,rank_available,0.117647058824,51,0,51
1,within-player,13,2014,3,rank_available,-0.0457516339869,51,0,51
1,within-player,13,2014,5,rank_available,-0.0156862745098,51,0,51
1,within-player,13,2014,10,rank_available,-0.00196078431373,51,0,51
1,within-player,13,2014,1,rank_in_slot,0.0196078431373,51,0,51
1,within-player,13,2014,3,rank_in_slot,-8.70763156569e-18,51,0,51
1,within-player,13,2014,5,rank_in_slot,0.043137254902,51,0,51
1,within-player,13,2014,10,rank_in_slot,-0.00980392156863,51,0,51
1,within-player,14,2014,1,rank_available,0.117647058824,51,0,51
1,within-player,14,2014,3,rank_available,-4.35381578284e-18,51,0,51
1,within-player,14,2014,5,rank_available,0.0078431372549,51,0,51
1,within-player,14,2014,10,rank_available,-0.0078431372549,51,0,51
1,within-player,14,2014,1,rank_in_slot,0.0588235294118,51,0,51
1,within-player,14,2014,3,rank_in_slot,0.0326797385621,51,0,51
1,within-player,14,2014,5,rank_in_slot,0.0549019607843,51,0,51
1,within-player,14,2014,10,rank_in_slot,-0.0176470588235,51,0,51
1,within-player,15,2014,1,rank_available,0.0588235294118,51,0,51
1,within-player,15,2014,3,rank_available,-0.078431372549,51,0,51
1,within-player,15,2014,5,rank_available,-0.0196078431373,51,0,51
1,within-player,15,2014,10,rank_available,-0.0254901960784,51,0,51
1,within-player,15,2014,1,rank_in_slot,-0.0588235294118,51,0,51
1,within-player,15,2014,3,rank_in_slot,0.0326797385621,51,0,51
1,within-player,15,2014,5,rank_in_slot,-8.70763156569e-18,51,0,51
1,within-player,15,2014,10,rank_in_slot,-0.0156862745098,51,0,51
1,within-player,16,2014,1,rank_available,0,51,0,51
1,within-player,16,2014,3,rank_available,-0.0261437908497,51,0,51
1,within-player,16,2014,5,rank_available,0.0117647058824,51,0,51
1,within-player,16,2014,10,rank_available,-0.0176470588235,51,0,51
1,within-player,16,2014,1,rank_in_slot,0.0392156862745,51,0,51
1,within-player,16,2014,3,rank_in_slot,-0.0457516339869,51,0,51
1,within-player,16,2014,5,rank_in_slot,0.0156862745098,51,0,51
1,within-player,16,2014,10,rank_in_slot,-0.00588235294118,51,0,51
1,within-player,17,2014,1,rank_available,0.274509803922,51,0,51
1,within-player,17,2014,3,rank_available,0.0457516339869,51,0,51
1,within-player,17,2014,5,rank_available,0.0235294117647,51,0,51
1,within-player,17,2014,10,rank_available,-0.0313725490196,51,0,51
1,within-player,17,2014,1,rank_in_slot,0,51,0,51
1,within-player,17,2014,3,rank_in_slot,0.0196078431373,51,0,51
1,within-player,17,2014,5,rank_in_slot,0.0509803921569,51,0,51
1,within-player,17,2014,10,rank_in_slot,-0.0078431372549,51,0,51
1,within-player,18,2014,1,rank_available,0,51,0,51
1,within-player,18,2014,3,rank_available,-0.0522875816993,51,0,51
1,within-player,18,2014,5,rank_available,-0.0588235294118,51,0,51
1,within-player,18,2014,10,rank_available,-0.0196078431373,51,0,51
1,within-player,18,2014,1,rank_in_slot,-0.0196078431373,51,0,51
1,within-player,18,2014,3,rank_in_slot,-1.08845394571e-18,51,0,51
1,within-player,18,2014,5,rank_in_slot,0.0313725490196,51,0,51
1,within-player,18,2014,10,rank_in_slot,-0.00196078431373,51,0,51
1,within-player,19,2014,1,rank_available,0.0588235294118,51,0,51
1,within-player,19,2014,3,rank_available,-0.0718954248366,51,0,51
1,within-player,19,2014,5,rank_available,-0.0627450980392,51,0,51
1,within-player,19,2014,10,rank_available,-0.0411764705882,51,0,51
1,within-player,19,2014,1,rank_in_slot,-0.0196078431373,51,0,51
1,within-player,19,2014,3,rank_in_slot,0.0130718954248,51,0,51
1,within-player,19,2014,5,rank_in_slot,-0.0274509803922,51,0,51
1,within-player,19,2014,10,rank_in_slot,-0.021568627451,51,0,51
1,base-rate-only,-1,2015,1,rank_available,-0.372549019608,51,0,51
1,base-rate-only,-1,2015,3,rank_available,-0.0522875816993,51,0,51
1,base-rate-only,-1,2015,5,rank_available,-0.0470588235294,51,0,51
1,base-rate-only,-1,2015,10,rank_available,-0.0156862745098,51,0,51
1,base-rate-only,-1,2015,1,rank_in_slot,-0.0588235294118,51,0,51
1,base-rate-only,-1,2015,3,rank_in_slot,-0.0196078431373,51,0,51
1,base-rate-only,-1,2015,5,rank_in_slot,1.95921710228e-17,51,0,51
1,base-rate-only,-1,2015,10,rank_in_slot,-0.0176470588235,51,0,51
1,current-season-rate,-1,2015,1,rank_available,-0.137254901961,51,0,51
1,current-season-rate,-1,2015,3,rank_available,-0.117647058824,51,0,51
1,current-season-rate,-1,2015,5,rank_available,-0.141176470588,51,0,51
1,current-season-rate,-1,2015,10,rank_available,-0.109803921569,51,0,51
1,current-season-rate,-1,2015,1,rank_in_slot,0.156862745098,51,0,51
1,current-season-rate,-1,2015,3,rank_in_slot,-0.130718954248,51,0,51
1,current-season-rate,-1,2015,5,rank_in_slot,0.0235294117647,51,0,51
1,current-season-rate,-1,2015,10,rank_in_slot,-0.0294117647059,51,0,51
1,historical-rate,-1,2015,1,rank_available,-0.627450980392,51,0,51
1,historical-rate,-1,2015,3,rank_available,-0.241830065359,51,0,51
1,historical-rate,-1,2015,5,rank_available,-0.207843137255,51,0,51
1,historical-rate,-1,2015,10,rank_available,-0.143137254902,51,0,51
1,historical-rate,-1,2015,1,rank_in_slot,-0.137254901961,51,0,51
1,historical-rate,-1,2015,3,rank_in_slot,-0.21568627451,51,0,51
1,historical-rate,-1,2015,5,rank_in_slot,-0.0705882352941,51,0,51
1,historical-rate,-1,2015,10,rank_in_slot,-0.13137254902,51,0,51
1,no-vegas,-1,2015,1,rank_available,0,51,0,51
1,no-vegas,-1,2015,3,rank_available,0.0588235294118,51,0,51
1,no-vegas,-1,2015,5,rank_available,-0.0156862745098,51,0,51
1,no-vegas,-1,2015,10,rank_available,0.00392156862745,51,0,51
1,no-vegas,-1,2015,1,rank_in_slot,0.196078431373,51,0,51
1,no-vegas,-1,2015,3,rank_in_slot,-0.0196078431373,51,0,51
1,no-vegas,-1,2015,5,rank_in_slot,0.0666666666667,51,0,51
1,no-vegas,-1,2015,10,rank_in_slot,0.0274509803922,51,0,51
1,player-vegas,-1,2015,1,rank_available,-0.313725490196,51,0,51
1,player-vegas,-1,2015,3,rank_available,-0.111111111111,51,0,51
1,player-vegas,-1,2015,5,rank_available,-0.0862745098039,51,0,51
1,player-vegas,-1,2015,10,rank_available,-0.00980392156863,51,0,51
1,player-vegas,-1,2015,1,rank_in_slot,0,51,0,51
1,player-vegas,-1,2015,3,rank_in_slot,-0.130718954248,51,0,51
1,player-vegas,-1,2015,5,rank_in_slot,-0.0117647058824,51,0,51
1,player-vegas,-1,2015,10,rank_in_slot,0.00392156862745,51,0,51
1,random,0,2015,1,rank_available,-0.901960784314,51,0,51
1,random,0,2015,3,rank_available,-0.712418300654,51,0,51
1,random,0,2015,5,rank_available,-0.690196078431,51,0,51
1,random,0,2015,10,rank_available,-0.547058823529,51,0,51
1,random,0,2015,1,rank_in_slot,-0.78431372549,51,0,51
1,random,0,2015,3,rank_in_slot,-0.712418300654,51,0,51
1,random,0,2015,5,rank_in_slot,-0.6,51,0,51
1,random,0,2015,10,rank_in_slot,-0.558823529412,51,0,51
1,random,1,2015,1,rank_available,-0.980392156863,51,0,51
1,random,1,2015,3,rank_available,-0.869281045752,51,0,51
1,random,1,2015,5,rank_available,-0.807843137255,51,0,51
1,random,1,2015,10,rank_available,-0.574509803922,51,0,51
1,random,1,2015,1,rank_in_slot,-0.78431372549,51,0,51
1,random,1,2015,3,rank_in_slot,-0.758169934641,51,0,51
1,random,1,2015,5,rank_in_slot,-0.690196078431,51,0,51
1,random,1,2015,10,rank_in_slot,-0.601960784314,51,0,51
1,random,2,2015,1,rank_available,-0.764705882353,51,0,51
1,random,2,2015,3,rank_available,-0.718954248366,51,0,51
1,random,2,2015,5,rank_available,-0.701960784314,51,0,51
1,random,2,2015,10,rank_available,-0.53137254902,51,0,51
1,random,2,2015,1,rank_in_slot,-0.647058823529,51,0,51
1,random,2,2015,3,rank_in_slot,-0.712418300654,51,0,51
1,random,2,2015,5,rank_in_slot,-0.572549019608,51,0,51
1,random,2,2015,10,rank_in_slot,-0.598039215686,51,0,51
1,random,3,2015,1,rank_available,-1.11764705882,51,0,51
1,random,3,2015,3,rank_available,-0.921568627451,51,0,51
1,random,3,2015,5,rank_available,-0.819607843137,51,0,51
1,random,3,2015,10,rank_available,-0.586274509804,51,0,51
1,random,3,2015,1,rank_in_slot,-1.01960784314,51,0,51
1,random,3,2015,3,rank_in_slot,-0.928104575163,51,0,51
1,random,3,2015,5,rank_in_slot,-0.717647058824,51,0,51
1,random,3,2015,10,rank_in_slot,-0.61568627451,51,0,51
1,random,4,2015,1,rank_available,-0.803921568627,51,0,51
1,random,4,2015,3,rank_available,-0.862745098039,51,0,51
1,random,4,2015,5,rank_available,-0.772549019608,51,0,51
1,random,4,2015,10,rank_available,-0.552941176471,51,0,51
1,random,4,2015,1,rank_in_slot,-0.686274509804,51,0,51
1,random,4,2015,3,rank_in_slot,-0.83660130719,51,0,51
1,random,4,2015,5,rank_in_slot,-0.682352941176,51,0,51
1,random,4,2015,10,rank_in_slot,-0.656862745098,51,0,51
1,random,5,2015,1,rank_available,-0.960784313725,51,0,51
1,random,5,2015,3,rank_available,-0.777777777778,51,0,51
1,random,5,2015,5,rank_available,-0.713725490196,51,0,51
1,random,5,2015,10,rank_available,-0.574509803922,51,0,51
1,random,5,2015,1,rank_in_slot,-0.862745098039,51,0,51
1,random,5,2015,3,rank_in_slot,-0.718954248366,51,0,51
1,random,5,2015,5,rank_in_slot,-0.545098039216,51,0,51
1,random,5,2015,10,rank_in_slot,-0.576470588235,51,0,51
1,random,6,2015,1,rank_available,-0.960784313725,51,0,51
1,random,6,2015,3,rank_available,-0.849673202614,51,0,51
1,random,6,2015,5,rank_available,-0.729411764706,51,0,51
1,random,6,2015,10,rank_available,-0.519607843137,51,0,51
1,random,6,2015,1,rank_in_slot,-0.803921568627,51,0,51
1,random,6,2015,3,rank_in_slot,-0.777777777778,51,0,51
1,random,6,2015,5,rank_in_slot,-0.61568627451,51,0,51
1,random,6,2015,10,rank_in_slot,-0.56862745098,51,0,51
1,random,7,2015,1,rank_available,-0.843137254902,51,0,51
1,random,7,2015,3,rank_available,-0.758169934641,51,0,51
1,random,7,2015,5,rank_available,-0.690196078431,51,0,51
1,random,7,2015,10,rank_available,-0.507843137255,51,0,51
1,random,7,2015,1,rank_in_slot,-0.529411764706,51,0,51
1,random,7,2015,3,rank_in_slot,-0.679738562092,51,0,51
1,random,7,2015,5,rank_in_slot,-0.545098039216,51,0,51
1,random,7,2015,10,rank_in_slot,-0.552941176471,51,0,51
1,random,8,2015,1,rank_available,-0.745098039216,51,0,51
1,random,8,2015,3,rank_available,-0.823529411765,51,0,51
1,random,8,2015,5,rank_available,-0.733333333333,51,0,51
1,random,8,2015,10,rank_available,-0.496078431373,51,0,51
1,random,8,2015,1,rank_in_slot,-0.588235294118,51,0,51
1,random,8,2015,3,rank_in_slot,-0.777777777778,51,0,51
1,random,8,2015,5,rank_in_slot,-0.623529411765,51,0,51
1,random,8,2015,10,rank_in_slot,-0.582352941176,51,0,51
1,random,9,2015,1,rank_available,-0.803921568627,51,0,51
1,random,9,2015,3,rank_available,-0.78431372549,51,0,51
1,random,9,2015,5,rank_available,-0.745098039216,51,0,51
1,random,9,2015,10,rank_available,-0.580392156863,51,0,51
1,random,9,2015,1,rank_in_slot,-0.549019607843,51,0,51
1,random,9,2015,3,rank_in_slot,-0.633986928105,51,0,51
1,random,9,2015,5,rank_in_slot,-0.61568627451,51,0,51
1,random,9,2015,10,rank_in_slot,-0.611764705882,51,0,51
1,random,10,2015,1,rank_available,-1.05882352941,51,0,51
1,random,10,2015,3,rank_available,-0.941176470588,51,0,51
1,random,10,2015,5,rank_available,-0.839215686275,51,0,51
1,random,10,2015,10,rank_available,-0.582352941176,51,0,51
1,random,10,2015,1,rank_in_slot,-0.882352941176,51,0,51
1,random,10,2015,3,rank_in_slot,-0.908496732026,51,0,51
1,random,10,2015,5,rank_in_slot,-0.690196078431,51,0,51
1,random,10,2015,10,rank_in_slot,-0.609803921569,51,0,51
1,random,11,2015,1,rank_available,-0.78431372549,51,0,51
1,random,11,2015,3,rank_available,-0.633986928105,51,0,51
1,random,11,2015,5,rank_available,-0.611764705882,51,0,51
1,random,11,2015,10,rank_available,-0.509803921569,51,0,51
1,random,11,2015,1,rank_in_slot,-0.607843137255,51,0,51
1,random,11,2015,3,rank_in_slot,-0.647058823529,51,0,51
1,random,11,2015,5,rank_in_slot,-0.501960784314,51,0,51
1,random,11,2015,10,rank_in_slot,-0.53137254902,51,0,51
1,random,12,2015,1,rank_available,-0.882352941176,51,0,51
1,random,12,2015,3,rank_available,-0.738562091503,51,0,51
1,random,12,2015,5,rank_available,-0.729411764706,51,0,51
1,random,12,2015,10,rank_available,-0.560784313725,51,0,51
1,random,12,2015,1,rank_in_slot,-0.725490196078,51,0,51
1,random,12,2015,3,rank_in_slot,-0.601307189542,51,0,51
1,random,12,2015,5,rank_in_slot,-0.564705882353,51,0,51
1,random,12,2015,10,rank_in_slot,-0.603921568627,51,0,51
1,random,13,2015,1,rank_available,-0.882352941176,51,0,51
1,random,13,2015,3,rank_available,-0.699346405229,51,0,51
1,random,13,2015,5,rank_available,-0.654901960784,51,0,51
1,random,13,2015,10,rank_available,-0.529411764706,51,0,51
1,random,13,2015,1,rank_in_slot,-0.686274509804,51,0,51
1,random,13,2015,3,rank_in_slot,-0.640522875817,51,0,51
1,random,13,2015,5,rank_in_slot,-0.478431372549,51,0,51
1,random,13,2015,10,rank_in_slot,-0.503921568627,51,0,51
1,random,14,2015,1,rank_available,-1.05882352941,51,0,51
1,random,14,2015,3,rank_available,-0.790849673203,51,0,51
1,random,14,2015,5,rank_available,-0.686274509804,51,0,51
1,random,14,2015,10,rank_available,-0.550980392157,51,0,51
1,random,14,2015,1,rank_in_slot,-0.941176470588,51,0,51
1,random,14,2015,3,rank_in_slot,-0.712418300654,51,0,51
1,random,14,2015,5,rank_in_slot,-0.564705882353,51,0,51
1,random,14,2015,10,rank_in_slot,-0.605882352941,51,0,51
1,random,15,2015,1,rank_available,-0.901960784314,51,0,51
1,random,15,2015,3,rank_available,-0.81045751634,51,0,51
1,random,15,2015,5,rank_available,-0.733333333333,51,0,51
1,random,15,2015,10,rank_available,-0.607843137255,51,0,51
1,random,15,2015,1,rank_in_slot,-0.78431372549,51,0,51
1,random,15,2015,3,rank_in_slot,-0.777777777778,51,0,51
1,random,15,2015,5,rank_in_slot,-0.627450980392,51,0,51
1,random,15,2015,10,rank_in_slot,-0.672549019608,51,0,51
1,random,16,2015,1,rank_available,-0.78431372549,51,0,51
1,random,16,2015,3,rank_available,-0.758169934641,51,0,51
1,random,16,2015,5,rank_available,-0.647058823529,51,0,51
1,random,16,2015,10,rank_available,-0.503921568627,51,0,51
1,random,16,2015,1,rank_in_slot,-0.607843137255,51,0,51
1,random,16,2015,3,rank_in_slot,-0.699346405229,51,0,51
1,random,16,2015,5,rank_in_slot,-0.533333333333,51,0,51
1,random,16,2015,10,rank_in_slot,-0.537254901961,51,0,51
1,random,17,2015,1,rank_available,-0.803921568627,51,0,51
1,random,17,2015,3,rank_available,-0.856209150327,51,0,51
1,random,17,2015,5,rank_available,-0.819607843137,51,0,51
1,random,17,2015,10,rank_available,-0.576470588235,51,0,51
1,random,17,2015,1,rank_in_slot,-0.43137254902,51,0,51
1,random,17,2015,3,rank_in_slot,-0.732026143791,51,0,51
1,random,17,2015,5,rank_in_slot,-0.694117647059,51,0,51
1,random,17,2015,10,rank_in_slot,-0.629411764706,51,0,51
1,random,18,2015,1,rank_available,-0.823529411765,51,0,51
1,random,18,2015,3,rank_available,-0.856209150327,51,0,51
1,random,18,2015,5,rank_available,-0.8,51,0,51
1,random,18,2015,10,rank_available,-0.554901960784,51,0,51
1,random,18,2015,1,rank_in_slot,-0.725490196078,51,0,51
1,random,18,2015,3,rank_in_slot,-0.764705882353,51,0,51
1,random,18,2015,5,rank_in_slot,-0.666666666667,51,0,51
1,random,18,2015,10,rank_in_slot,-0.6,51,0,51
1,random,19,2015,1,rank_available,-0.686274509804,51,0,51
1,random,19,2015,3,rank_available,-0.78431372549,51,0,51
1,random,19,2015,5,rank_available,-0.690196078431,51,0,51
1,random,19,2015,10,rank_available,-0.527450980392,51,0,51
1,random,19,2015,1,rank_in_slot,-0.392156862745,51,0,51
1,random,19,2015,3,rank_in_slot,-0.771241830065,51,0,51
1,random,19,2015,5,rank_in_slot,-0.58431372549,51,0,51
1,random,19,2015,10,rank_in_slot,-0.558823529412,51,0,51
1,regressed-rate,-1,2015,1,rank_available,-0.627450980392,51,0,51
1,regressed-rate,-1,2015,3,rank_available,-0.241830065359,51,0,51
1,regressed-rate,-1,2015,5,rank_available,-0.223529411765,51,0,51
1,regressed-rate,-1,2015,10,rank_available,-0.172549019608,51,0,51
1,regressed-rate,-1,2015,1,rank_in_slot,-0.0980392156863,51,0,51
1,regressed-rate,-1,2015,3,rank_in_slot,-0.21568627451,51,0,51
1,regressed-rate,-1,2015,5,rank_in_slot,-0.0901960784314,51,0,51
1,regressed-rate,-1,2015,10,rank_in_slot,-0.137254901961,51,0,51
1,vegas-environment,-1,2015,1,rank_available,-0.156862745098,51,0,51
1,vegas-environment,-1,2015,3,rank_available,-0.261437908497,51,0,51
1,vegas-environment,-1,2015,5,rank_available,-0.254901960784,51,0,51
1,vegas-environment,-1,2015,10,rank_available,-0.0921568627451,51,0,51
1,vegas-environment,-1,2015,1,rank_in_slot,-0.196078431373,51,0,51
1,vegas-environment,-1,2015,3,rank_in_slot,-0.366013071895,51,0,51
1,vegas-environment,-1,2015,5,rank_in_slot,-0.219607843137,51,0,51
1,vegas-environment,-1,2015,10,rank_in_slot,-0.0764705882353,51,0,51
1,within-player,0,2015,1,rank_available,-0.196078431373,51,0,51
1,within-player,0,2015,3,rank_available,-0.150326797386,51,0,51
1,within-player,0,2015,5,rank_available,-0.125490196078,51,0,51
1,within-player,0,2015,10,rank_available,-0.0470588235294,51,0,51
1,within-player,0,2015,1,rank_in_slot,-0.078431372549,51,0,51
1,within-player,0,2015,3,rank_in_slot,-0.0130718954248,51,0,51
1,within-player,0,2015,5,rank_in_slot,0.0196078431373,51,0,51
1,within-player,0,2015,10,rank_in_slot,-0.0803921568627,51,0,51
1,within-player,1,2015,1,rank_available,-0.0392156862745,51,0,51
1,within-player,1,2015,3,rank_available,-0.156862745098,51,0,51
1,within-player,1,2015,5,rank_available,-0.0705882352941,51,0,51
1,within-player,1,2015,10,rank_available,-0.0274509803922,51,0,51
1,within-player,1,2015,1,rank_in_slot,0.0588235294118,51,0,51
1,within-player,1,2015,3,rank_in_slot,-0.078431372549,51,0,51
1,within-player,1,2015,5,rank_in_slot,-0.0196078431373,51,0,51
1,within-player,1,2015,10,rank_in_slot,-0.0411764705882,51,0,51
1,within-player,2,2015,1,rank_available,-0.254901960784,51,0,51
1,within-player,2,2015,3,rank_available,-0.18954248366,51,0,51
1,within-player,2,2015,5,rank_available,-0.078431372549,51,0,51
1,within-player,2,2015,10,rank_available,-0.0294117647059,51,0,51
1,within-player,2,2015,1,rank_in_slot,-0.0588235294118,51,0,51
1,within-player,2,2015,3,rank_in_slot,0.0130718954248,51,0,51
1,within-player,2,2015,5,rank_in_slot,1.30614473485e-17,51,0,51
1,within-player,2,2015,10,rank_in_slot,-0.0490196078431,51,0,51
1,within-player,3,2015,1,rank_available,-0.137254901961,51,0,51
1,within-player,3,2015,3,rank_available,-0.0653594771242,51,0,51
1,within-player,3,2015,5,rank_available,-0.141176470588,51,0,51
1,within-player,3,2015,10,rank_available,-0.0254901960784,51,0,51
1,within-player,3,2015,1,rank_in_slot,-0.117647058824,51,0,51
1,within-player,3,2015,3,rank_in_slot,-0.150326797386,51,0,51
1,within-player,3,2015,5,rank_in_slot,-0.0078431372549,51,0,51
1,within-player,3,2015,10,rank_in_slot,-0.0509803921569,51,0,51
1,within-player,4,2015,1,rank_available,0,51,0,51
1,within-player,4,2015,3,rank_available,-0.0588235294118,51,0,51
1,within-player,4,2015,5,rank_available,-0.0352941176471,51,0,51
1,within-player,4,2015,10,rank_available,-0.0333333333333,51,0,51
1,within-player,4,2015,1,rank_in_slot,0.0392156862745,51,0,51
1,within-player,4,2015,3,rank_in_slot,-0.0522875816993,51,0,51
1,within-player,4,2015,5,rank_in_slot,4.35381578284e-18,51,0,51
1,within-player,4,2015,10,rank_in_slot,-0.021568627451,51,0,51
1,within-player,5,2015,1,rank_available,-0.411764705882,51,0,51
1,within-player,5,2015,3,rank_available,-0.16339869281,51,0,51
1,within-player,5,2015,5,rank_available,-0.0901960784314,51,0,51
1,within-player,5,2015,10,rank_available,0.0078431372549,51,0,51
1,within-player,5,2015,1,rank_in_slot,-0.0196078431373,51,0,51
1,within-player,5,2015,3,rank_in_slot,-0.176470588235,51,0,51
1,within-player,5,2015,5,rank_in_slot,-0.0196078431373,51,0,51
1,within-player,5,2015,10,rank_in_slot,-0.0313725490196,51,0,51
1,within-player,6,2015,1,rank_available,-0.0588235294118,51,0,51
1,within-player,6,2015,3,rank_available,-0.111111111111,51,0,51
1,within-player,6,2015,5,rank_available,-0.0274509803922,51,0,51
1,within-player,6,2015,10,rank_available,-0.021568627451,51,0,51
1,within-player,6,2015,1,rank_in_slot,-0.137254901961,51,0,51
1,within-player,6,2015,3,rank_in_slot,-0.0588235294118,51,0,51
1,within-player,6,2015,5,rank_in_slot,0.0078431372549,51,0,51
1,within-player,6,2015,10,rank_in_slot,-0.0137254901961,51,0,51
1,within-player,7,2015,1,rank_available,-0.078431372549,51,0,51
1,within-player,7,2015,3,rank_available,-0.124183006536,51,0,51
1,within-player,7,2015,5,rank_available,-0.078431372549,51,0,51
1,within-player,7,2015,10,rank_available,-0.00588235294118,51,0,51
1,within-player,7,2015,1,rank_in_slot,-0.137254901961,51,0,51
1,within-player,7,2015,3,rank_in_slot,-0.0130718954248,51,0,51
1,within-player,7,2015,5,rank_in_slot,0.00392156862745,51,0,51
1,within-player,7,2015,10,rank_in_slot,-0.0647058823529,51,0,51
1,within-player,8,2015,1,rank_available,0.0588235294118,51,0,51
1,within-player,8,2015,3,rank_available,-0.0522875816993,51,0,51
1,within-player,8,2015,5,rank_available,-0.0941176470588,51,0,51
1,within-player,8,2015,10,rank_available,0,51,0,51
1,within-player,8,2015,1,rank_in_slot,0.0588235294118,51,0,51
1,within-player,8,2015,3,rank_in_slot,-0.0457516339869,51,0,51
1,within-player,8,2015,5,rank_in_slot,-0.0196078431373,51,0,51
1,within-player,8,2015,10,rank_in_slot,-0.0490196078431,51,0,51
1,within-player,9,2015,1,rank_available,-0.156862745098,51,0,51
1,within-player,9,2015,3,rank_available,-0.0392156862745,51,0,51
1,within-player,9,2015,5,rank_available,-0.0313725490196,51,0,51
1,within-player,9,2015,10,rank_available,-0.0117647058824,51,0,51
1,within-player,9,2015,1,rank_in_slot,-0.117647058824,51,0,51
1,within-player,9,2015,3,rank_in_slot,-0.0588235294118,51,0,51
1,within-player,9,2015,5,rank_in_slot,-0.0352941176471,51,0,51
1,within-player,9,2015,10,rank_in_slot,-0.056862745098,51,0,51
1,within-player,10,2015,1,rank_available,-0.0196078431373,51,0,51
1,within-player,10,2015,3,rank_available,-0.130718954248,51,0,51
1,within-player,10,2015,5,rank_available,-0.0392156862745,51,0,51
1,within-player,10,2015,10,rank_available,-0.0156862745098,51,0,51
1,within-player,10,2015,1,rank_in_slot,-0.0588235294118,51,0,51
1,within-player,10,2015,3,rank_in_slot,-0.0718954248366,51,0,51
1,within-player,10,2015,5,rank_in_slot,-0.0117647058824,51,0,51
1,within-player,10,2015,10,rank_in_slot,-0.0392156862745,51,0,51
1,within-player,11,2015,1,rank_available,-0.0980392156863,51,0,51
1,within-player,11,2015,3,rank_available,-0.137254901961,51,0,51
1,within-player,11,2015,5,rank_available,-0.113725490196,51,0,51
1,within-player,11,2015,10,rank_available,-0.0254901960784,51,0,51
1,within-player,11,2015,1,rank_in_slot,-0.0196078431373,51,0,51
1,within-player,11,2015,3,rank_in_slot,-0.0980392156863,51,0,51
1,within-player,11,2015,5,rank_in_slot,-0.00392156862745,51,0,51
1,within-player,11,2015,10,rank_in_slot,-0.0627450980392,51,0,51
1,within-player,12,2015,1,rank_available,-0.0588235294118,51,0,51
1,within-player,12,2015,3,rank_available,-0.137254901961,51,0,51
1,within-player,12,2015,5,rank_available,-0.0823529411765,51,0,51
1,within-player,12,2015,10,rank_available,-0.0176470588235,51,0,51
1,within-player,12,2015,1,rank_in_slot,-0.0392156862745,51,0,51
1,within-player,12,2015,3,rank_in_slot,-0.0326797385621,51,0,51
1,within-player,12,2015,5,rank_in_slot,1.95921710228e-17,51,0,51
1,within-player,12,2015,10,rank_in_slot,-0.0294117647059,51,0,51
1,within-player,13,2015,1,rank_available,0,51,0,51
1,within-player,13,2015,3,rank_available,-0.0718954248366,51,0,51
1,within-player,13,2015,5,rank_available,-0.0901960784314,51,0,51
1,within-player,13,2015,10,rank_available,-0.0156862745098,51,0,51
1,within-player,13,2015,1,rank_in_slot,-0.078431372549,51,0,51
1,within-player,13,2015,3,rank_in_slot,-0.0588235294118,51,0,51
1,within-player,13,2015,5,rank_in_slot,0.0156862745098,51,0,51
1,within-player,13,2015,10,rank_in_slot,-0.021568627451,51,0,51
1,within-player,14,2015,1,rank_available,-0.0392156862745,51,0,51
1,within-player,14,2015,3,rank_available,-0.169934640523,51,0,51
1,within-player,14,2015,5,rank_available,-0.0745098039216,51,0,51
1,within-player,14,2015,10,rank_available,-0.0509803921569,51,0,51
1,within-player,14,2015,1,rank_in_slot,0.0392156862745,51,0,51
1,within-player,14,2015,3,rank_in_slot,-0.0326797385621,51,0,51
1,within-player,14,2015,5,rank_in_slot,0.0078431372549,51,0,51
1,within-player,14,2015,10,rank_in_slot,-0.0529411764706,51,0,51
1,within-player,15,2015,1,rank_available,-0.0196078431373,51,0,51
1,within-player,15,2015,3,rank_available,-0.0653594771242,51,0,51
1,within-player,15,2015,5,rank_available,-0.0666666666667,51,0,51
1,within-player,15,2015,10,rank_available,-0.0117647058824,51,0,51
1,within-player,15,2015,1,rank_in_slot,-0.0588235294118,51,0,51
1,within-player,15,2015,3,rank_in_slot,-0.0392156862745,51,0,51
1,within-player,15,2015,5,rank_in_slot,0.0196078431373,51,0,51
1,within-player,15,2015,10,rank_in_slot,-0.0392156862745,51,0,51
1,within-player,16,2015,1,rank_available,-0.0392156862745,51,0,51
1,within-player,16,2015,3,rank_available,-0.0980392156863,51,0,51
1,within-player,16,2015,5,rank_available,-0.0666666666667,51,0,51
1,within-player,16,2015,10,rank_available,-0.0176470588235,51,0,51
1,within-player,16,2015,1,rank_in_slot,-0.078431372549,51,0,51
1,within-player,16,2015,3,rank_in_slot,-0.0915032679739,51,0,51
1,within-player,16,2015,5,rank_in_slot,-2.17690789142e-18,51,0,51
1,within-player,16,2015,10,rank_in_slot,-0.0392156862745,51,0,51
1,within-player,17,2015,1,rank_available,-0.235294117647,51,0,51
1,within-player,17,2015,3,rank_available,-0.156862745098,51,0,51
1,within-player,17,2015,5,rank_available,-0.0823529411765,51,0,51
1,within-player,17,2015,10,rank_available,-0.0078431372549,51,0,51
1,within-player,17,2015,1,rank_in_slot,0.0980392156863,51,0,51
1,within-player,17,2015,3,rank_in_slot,-0.0588235294118,51,0,51
1,within-player,17,2015,5,rank_in_slot,0.0117647058824,51,0,51
1,within-player,17,2015,10,rank_in_slot,-0.0549019607843,51,0,51
1,within-player,18,2015,1,rank_available,-0.0392156862745,51,0,51
1,within-player,18,2015,3,rank_available,-0.0130718954248,51,0,51
1,within-player,18,2015,5,rank_available,-0.0509803921569,51,0,51
1,within-player,18,2015,10,rank_available,-0.0078431372549,51,0,51
1,within-player,18,2015,1,rank_in_slot,0.0196078431373,51,0,51
1,within-player,18,2015,3,rank_in_slot,-0.0522875816993,51,0,51
1,within-player,18,2015,5,rank_in_slot,0.0156862745098,51,0,51
1,within-player,18,2015,10,rank_in_slot,-0.0235294117647,51,0,51
1,within-player,19,2015,1,rank_available,0.0196078431373,51,0,51
1,within-player,19,2015,3,rank_available,-0.117647058824,51,0,51
1,within-player,19,2015,5,rank_available,-0.0980392156863,51,0,51
1,within-player,19,2015,10,rank_available,-0.00588235294118,51,0,51
1,within-player,19,2015,1,rank_in_slot,-0.0980392156863,51,0,51
1,within-player,19,2015,3,rank_in_slot,-0.117647058824,51,0,51
1,within-player,19,2015,5,rank_in_slot,-0.0313725490196,51,0,51
1,within-player,19,2015,10,rank_in_slot,-0.056862745098,51,0,51
1,base-rate-only,-1,2016,1,rank_available,0.137254901961,51,0,51
1,base-rate-only,-1,2016,3,rank_available,0.0196078431373,51,0,51
1,base-rate-only,-1,2016,5,rank_available,0.0235294117647,51,0,51
1,base-rate-only,-1,2016,10,rank_available,-0.0352941176471,51,0,51
1,base-rate-only,-1,2016,1,rank_in_slot,-0.0392156862745,51,0,51
1,base-rate-only,-1,2016,3,rank_in_slot,0.0849673202614,51,0,51
1,base-rate-only,-1,2016,5,rank_in_slot,-0.0392156862745,51,0,51
1,base-rate-only,-1,2016,10,rank_in_slot,-0.0313725490196,51,0,51
1,current-season-rate,-1,2016,1,rank_available,-0.0392156862745,51,0,51
1,current-season-rate,-1,2016,3,rank_available,0.0522875816993,51,0,51
1,current-season-rate,-1,2016,5,rank_available,-0.0549019607843,51,0,51
1,current-season-rate,-1,2016,10,rank_available,-0.180392156863,51,0,51
1,current-season-rate,-1,2016,1,rank_in_slot,-0.137254901961,51,0,51
1,current-season-rate,-1,2016,3,rank_in_slot,0.0915032679739,51,0,51
1,current-season-rate,-1,2016,5,rank_in_slot,-0.0588235294118,51,0,51
1,current-season-rate,-1,2016,10,rank_in_slot,-0.043137254902,51,0,51
1,historical-rate,-1,2016,1,rank_available,0.294117647059,51,0,51
1,historical-rate,-1,2016,3,rank_available,0.0392156862745,51,0,51
1,historical-rate,-1,2016,5,rank_available,-0.0745098039216,51,0,51
1,historical-rate,-1,2016,10,rank_available,-0.101960784314,51,0,51
1,historical-rate,-1,2016,1,rank_in_slot,-0.0392156862745,51,0,51
1,historical-rate,-1,2016,3,rank_in_slot,0.0196078431373,51,0,51
1,historical-rate,-1,2016,5,rank_in_slot,-0.0627450980392,51,0,51
1,historical-rate,-1,2016,10,rank_in_slot,-0.109803921569,51,0,51
1,no-vegas,-1,2016,1,rank_available,0.0980392156863,51,0,51
1,no-vegas,-1,2016,3,rank_available,0.0718954248366,51,0,51
1,no-vegas,-1,2016,5,rank_available,-0.0313725490196,51,0,51
1,no-vegas,-1,2016,10,rank_available,-0.0274509803922,51,0,51
1,no-vegas,-1,2016,1,rank_in_slot,0.078431372549,51,0,51
1,no-vegas,-1,2016,3,rank_in_slot,0.0196078431373,51,0,51
1,no-vegas,-1,2016,5,rank_in_slot,0.043137254902,51,0,51
1,no-vegas,-1,2016,10,rank_in_slot,-0.0509803921569,51,0,51
1,player-vegas,-1,2016,1,rank_available,0.196078431373,51,0,51
1,player-vegas,-1,2016,3,rank_available,0.0522875816993,51,0,51
1,player-vegas,-1,2016,5,rank_available,0.0117647058824,51,0,51
1,player-vegas,-1,2016,10,rank_available,-0.0333333333333,51,0,51
1,player-vegas,-1,2016,1,rank_in_slot,-0.078431372549,51,0,51
1,player-vegas,-1,2016,3,rank_in_slot,0.111111111111,51,0,51
1,player-vegas,-1,2016,5,rank_in_slot,-0.00392156862745,51,0,51
1,player-vegas,-1,2016,10,rank_in_slot,-0.0137254901961,51,0,51
1,random,0,2016,1,rank_available,-0.509803921569,51,0,51
1,random,0,2016,3,rank_available,-0.581699346405,51,0,51
1,random,0,2016,5,rank_available,-0.647058823529,51,0,51
1,random,0,2016,10,rank_available,-0.592156862745,51,0,51
1,random,0,2016,1,rank_in_slot,-0.705882352941,51,0,51
1,random,0,2016,3,rank_in_slot,-0.718954248366,51,0,51
1,random,0,2016,5,rank_in_slot,-0.749019607843,51,0,51
1,random,0,2016,10,rank_in_slot,-0.674509803922,51,0,51
1,random,1,2016,1,rank_available,-0.588235294118,51,0,51
1,random,1,2016,3,rank_available,-0.56862745098,51,0,51
1,random,1,2016,5,rank_available,-0.670588235294,51,0,51
1,random,1,2016,10,rank_available,-0.527450980392,51,0,51
1,random,1,2016,1,rank_in_slot,-0.862745098039,51,0,51
1,random,1,2016,3,rank_in_slot,-0.699346405229,51,0,51
1,random,1,2016,5,rank_in_slot,-0.807843137255,51,0,51
1,random,1,2016,10,rank_in_slot,-0.643137254902,51,0,51
1,random,2,2016,1,rank_available,-0.647058823529,51,0,51
1,random,2,2016,3,rank_available,-0.59477124183,51,0,51
1,random,2,2016,5,rank_available,-0.662745098039,51,0,51
1,random,2,2016,10,rank_available,-0.61568627451,51,0,51
1,random,2,2016,1,rank_in_slot,-0.901960784314,51,0,51
1,random,2,2016,3,rank_in_slot,-0.751633986928,51,0,51
1,random,2,2016,5,rank_in_slot,-0.78431372549,51,0,51
1,random,2,2016,10,rank_in_slot,-0.729411764706,51,0,51
1,random,3,2016,1,rank_available,-0.666666666667,51,0,51
1,random,3,2016,3,rank_available,-0.627450980392,51,0,51
1,random,3,2016,5,rank_available,-0.635294117647,51,0,51
1,random,3,2016,10,rank_available,-0.611764705882,51,0,51
1,random,3,2016,1,rank_in_slot,-0.901960784314,51,0,51
1,random,3,2016,3,rank_in_slot,-0.751633986928,51,0,51
1,random,3,2016,5,rank_in_slot,-0.749019607843,51,0,51
1,random,3,2016,10,rank_in_slot,-0.703921568627,51,0,51
1,random,4,2016,1,rank_available,-0.666666666667,51,0,51
1,random,4,2016,3,rank_available,-0.705882352941,51,0,51
1,random,4,2016,5,rank_available,-0.701960784314,51,0,51
1,random,4,2016,10,rank_available,-0.576470588235,51,0,51
1,random,4,2016,1,rank_in_slot,-0.941176470588,51,0,51
1,random,4,2016,3,rank_in_slot,-0.81045751634,51,0,51
1,random,4,2016,5,rank_in_slot,-0.81568627451,51,0,51
1,random,4,2016,10,rank_in_slot,-0.705882352941,51,0,51
1,random,5,2016,1,rank_available,-0.333333333333,51,0,51
1,random,5,2016,3,rank_available,-0.444444444444,51,0,51
1,random,5,2016,5,rank_available,-0.56862745098,51,0,51
1,random,5,2016,10,rank_available,-0.562745098039,51,0,51
1,random,5,2016,1,rank_in_slot,-0.549019607843,51,0,51
1,random,5,2016,3,rank_in_slot,-0.56862745098,51,0,51
1,random,5,2016,5,rank_in_slot,-0.670588235294,51,0,51
1,random,5,2016,10,rank_in_slot,-0.690196078431,51,0,51
1,random,6,2016,1,rank_available,-0.274509803922,51,0,51
1,random,6,2016,3,rank_available,-0.470588235294,51,0,51
1,random,6,2016,5,rank_available,-0.549019607843,51,0,51
1,random,6,2016,10,rank_available,-0.541176470588,51,0,51
1,random,6,2016,1,rank_in_slot,-0.352941176471,51,0,51
1,random,6,2016,3,rank_in_slot,-0.555555555556,51,0,51
1,random,6,2016,5,rank_in_slot,-0.623529411765,51,0,51
1,random,6,2016,10,rank_in_slot,-0.650980392157,51,0,51
1,random,7,2016,1,rank_available,-0.235294117647,51,0,51
1,random,7,2016,3,rank_available,-0.424836601307,51,0,51
1,random,7,2016,5,rank_available,-0.560784313725,51,0,51
1,random,7,2016,10,rank_available,-0.586274509804,51,0,51
1,random,7,2016,1,rank_in_slot,-0.235294117647,51,0,51
1,random,7,2016,3,rank_in_slot,-0.464052287582,51,0,51
1,random,7,2016,5,rank_in_slot,-0.647058823529,51,0,51
1,random,7,2016,10,rank_in_slot,-0.694117647059,51,0,51
1,random,8,2016,1,rank_available,-0.56862745098,51,0,51
1,random,8,2016,3,rank_available,-0.575163398693,51,0,51
1,random,8,2016,5,rank_available,-0.635294117647,51,0,51
1,random,8,2016,10,rank_available,-0.586274509804,51,0,51
1,random,8,2016,1,rank_in_slot,-0.843137254902,51,0,51
1,random,8,2016,3,rank_in_slot,-0.666666666667,51,0,51
1,random,8,2016,5,rank_in_slot,-0.733333333333,51,0,51
1,random,8,2016,10,rank_in_slot,-0.694117647059,51,0,51
1,random,9,2016,1,rank_available,-0.43137254902,51,0,51
1,random,9,2016,3,rank_available,-0.529411764706,51,0,51
1,random,9,2016,5,rank_available,-0.560784313725,51,0,51
1,random,9,2016,10,rank_available,-0.519607843137,51,0,51
1,random,9,2016,1,rank_in_slot,-0.627450980392,51,0,51
1,random,9,2016,3,rank_in_slot,-0.614379084967,51,0,51
1,random,9,2016,5,rank_in_slot,-0.647058823529,51,0,51
1,random,9,2016,10,rank_in_slot,-0.601960784314,51,0,51
1,random,10,2016,1,rank_available,-0.705882352941,51,0,51
1,random,10,2016,3,rank_available,-0.679738562092,51,0,51
1,random,10,2016,5,rank_available,-0.627450980392,51,0,51
1,random,10,2016,10,rank_available,-0.6,51,0,51
1,random,10,2016,1,rank_in_slot,-0.980392156863,51,0,51
1,random,10,2016,3,rank_in_slot,-0.830065359477,51,0,51
1,random,10,2016,5,rank_in_slot,-0.756862745098,51,0,51
1,random,10,2016,10,rank_in_slot,-0.737254901961,51,0,51
1,random,11,2016,1,rank_available,-0.549019607843,51,0,51
1,random,11,2016,3,rank_available,-0.601307189542,51,0,51
1,random,11,2016,5,rank_available,-0.666666666667,51,0,51
1,random,11,2016,10,rank_available,-0.623529411765,51,0,51
1,random,11,2016,1,rank_in_slot,-0.78431372549,51,0,51
1,random,11,2016,3,rank_in_slot,-0.673202614379,51,0,51
1,random,11,2016,5,rank_in_slot,-0.698039215686,51,0,51
1,random,11,2016,10,rank_in_slot,-0.717647058824,51,0,51
1,random,12,2016,1,rank_available,-0.43137254902,51,0,51
1,random,12,2016,3,rank_available,-0.555555555556,51,0,51
1,random,12,2016,5,rank_available,-0.674509803922,51,0,51
1,random,12,2016,10,rank_available,-0.582352941176,51,0,51
1,random,12,2016,1,rank_in_slot,-0.705882352941,51,0,51
1,random,12,2016,3,rank_in_slot,-0.679738562092,51,0,51
1,random,12,2016,5,rank_in_slot,-0.788235294118,51,0,51
1,random,12,2016,10,rank_in_slot,-0.692156862745,51,0,51
1,random,13,2016,1,rank_available,-0.333333333333,51,0,51
1,random,13,2016,3,rank_available,-0.457516339869,51,0,51
1,random,13,2016,5,rank_available,-0.607843137255,51,0,51
1,random,13,2016,10,rank_available,-0.588235294118,51,0,51
1,random,13,2016,1,rank_in_slot,-0.607843137255,51,0,51
1,random,13,2016,3,rank_in_slot,-0.503267973856,51,0,51
1,random,13,2016,5,rank_in_slot,-0.670588235294,51,0,51
1,random,13,2016,10,rank_in_slot,-0.692156862745,51,0,51
1,random,14,2016,1,rank_available,-0.333333333333,51,0,51
1,random,14,2016,3,rank_available,-0.366013071895,51,0,51
1,random,14,2016,5,rank_available,-0.545098039216,51,0,51
1,random,14,2016,10,rank_available,-0.511764705882,51,0,51
1,random,14,2016,1,rank_in_slot,-0.549019607843,51,0,51
1,random,14,2016,3,rank_in_slot,-0.43137254902,51,0,51
1,random,14,2016,5,rank_in_slot,-0.596078431373,51,0,51
1,random,14,2016,10,rank_in_slot,-0.603921568627,51,0,51
1,random,15,2016,1,rank_available,-0.43137254902,51,0,51
1,random,15,2016,3,rank_available,-0.542483660131,51,0,51
1,random,15,2016,5,rank_available,-0.596078431373,51,0,51
1,random,15,2016,10,rank_available,-0.58431372549,51,0,51
1,random,15,2016,1,rank_in_slot,-0.666666666667,51,0,51
1,random,15,2016,3,rank_in_slot,-0.640522875817,51,0,51
1,random,15,2016,5,rank_in_slot,-0.654901960784,51,0,51
1,random,15,2016,10,rank_in_slot,-0.688235294118,51,0,51
1,random,16,2016,1,rank_available,-0.490196078431,51,0,51
1,random,16,2016,3,rank_available,-0.581699346405,51,0,51
1,random,16,2016,5,rank_available,-0.564705882353,51,0,51
1,random,16,2016,10,rank_available,-0.564705882353,51,0,51
1,random,16,2016,1,rank_in_slot,-0.647058823529,51,0,51
1,random,16,2016,3,rank_in_slot,-0.660130718954,51,0,51
1,random,16,2016,5,rank_in_slot,-0.662745098039,51,0,51
1,random,16,2016,10,rank_in_slot,-0.698039215686,51,0,51
1,random,17,2016,1,rank_available,-0.686274509804,51,0,51
1,random,17,2016,3,rank_available,-0.660130718954,51,0,51
1,random,17,2016,5,rank_available,-0.733333333333,51,0,51
1,random,17,2016,10,rank_available,-0.637254901961,51,0,51
1,random,17,2016,1,rank_in_slot,-0.862745098039,51,0,51
1,random,17,2016,3,rank_in_slot,-0.751633986928,51,0,51
1,random,17,2016,5,rank_in_slot,-0.847058823529,51,0,51
1,random,17,2016,10,rank_in_slot,-0.754901960784,51,0,51
1,random,18,2016,1,rank_available,-0.549019607843,51,0,51
1,random,18,2016,3,rank_available,-0.588235294118,51,0,51
1,random,18,2016,5,rank_available,-0.596078431373,51,0,51
1,random,18,2016,10,rank_available,-0.517647058824,51,0,51
1,random,18,2016,1,rank_in_slot,-0.803921568627,51,0,51
1,random,18,2016,3,rank_in_slot,-0.692810457516,51,0,51
1,random,18,2016,5,rank_in_slot,-0.678431372549,51,0,51
1,random,18,2016,10,rank_in_slot,-0.603921568627,51,0,51
1,random,19,2016,1,rank_available,-0.450980392157,51,0,51
1,random,19,2016,3,rank_available,-0.503267973856,51,0,51
1,random,19,2016,5,rank_available,-0.552941176471,51,0,51
1,random,19,2016,10,rank_available,-0.558823529412,51,0,51
1,random,19,2016,1,rank_in_slot,-0.392156862745,51,0,51
1,random,19,2016,3,rank_in_slot,-0.562091503268,51,0,51
1,random,19,2016,5,rank_in_slot,-0.61568627451,51,0,51
1,random,19,2016,10,rank_in_slot,-0.66862745098,51,0,51
1,regressed-rate,-1,2016,1,rank_available,0.294117647059,51,0,51
1,regressed-rate,-1,2016,3,rank_available,0.0326797385621,51,0,51
1,regressed-rate,-1,2016,5,rank_available,-0.0627450980392,51,0,51
1,regressed-rate,-1,2016,10,rank_available,-0.113725490196,51,0,51
1,regressed-rate,-1,2016,1,rank_in_slot,-0.0588235294118,51,0,51
1,regressed-rate,-1,2016,3,rank_in_slot,0.0392156862745,51,0,51
1,regressed-rate,-1,2016,5,rank_in_slot,-0.0627450980392,51,0,51
1,regressed-rate,-1,2016,10,rank_in_slot,-0.129411764706,51,0,51
1,vegas-environment,-1,2016,1,rank_available,0,51,0,51
1,vegas-environment,-1,2016,3,rank_available,0.0196078431373,51,0,51
1,vegas-environment,-1,2016,5,rank_available,-0.121568627451,51,0,51
1,vegas-environment,-1,2016,10,rank_available,-0.119607843137,51,0,51
1,vegas-environment,-1,2016,1,rank_in_slot,-0.078431372549,51,0,51
1,vegas-environment,-1,2016,3,rank_in_slot,0.0326797385621,51,0,51
1,vegas-environment,-1,2016,5,rank_in_slot,-0.0274509803922,51,0,51
1,vegas-environment,-1,2016,10,rank_in_slot,-0.103921568627,51,0,51
1,within-player,0,2016,1,rank_available,0,51,0,51
1,within-player,0,2016,3,rank_available,0.00653594771242,51,0,51
1,within-player,0,2016,5,rank_available,-0.0666666666667,51,0,51
1,within-player,0,2016,10,rank_available,-0.0745098039216,51,0,51
1,within-player,0,2016,1,rank_in_slot,-0.0980392156863,51,0,51
1,within-player,0,2016,3,rank_in_slot,0.0588235294118,51,0,51
1,within-player,0,2016,5,rank_in_slot,0.0156862745098,51,0,51
1,within-player,0,2016,10,rank_in_slot,-0.0392156862745,51,0,51
1,within-player,1,2016,1,rank_available,0.117647058824,51,0,51
1,within-player,1,2016,3,rank_available,0.0196078431373,51,0,51
1,within-player,1,2016,5,rank_available,-0.0627450980392,51,0,51
1,within-player,1,2016,10,rank_available,-0.0686274509804,51,0,51
1,within-player,1,2016,1,rank_in_slot,0.0392156862745,51,0,51
1,within-player,1,2016,3,rank_in_slot,0.16339869281,51,0,51
1,within-player,1,2016,5,rank_in_slot,-0.0117647058824,51,0,51
1,within-player,1,2016,10,rank_in_slot,-0.0588235294118,51,0,51
1,within-player,2,2016,1,rank_available,-0.0196078431373,51,0,51
1,within-player,2,2016,3,rank_available,0.0457516339869,51,0,51
1,within-player,2,2016,5,rank_available,-0.0313725490196,51,0,51
1,within-player,2,2016,10,rank_available,-0.0411764705882,51,0,51
1,within-player,2,2016,1,rank_in_slot,-0.21568627451,51,0,51
1,within-player,2,2016,3,rank_in_slot,0.0653594771242,51,0,51
1,within-player,2,2016,5,rank_in_slot,0.0156862745098,51,0,51
1,within-player,2,2016,10,rank_in_slot,-0.043137254902,51,0,51
1,within-player,3,2016,1,rank_available,0.0588235294118,51,0,51
1,within-player,3,2016,3,rank_available,0.00653594771242,51,0,51
1,within-player,3,2016,5,rank_available,-0.0627450980392,51,0,51
1,within-player,3,2016,10,rank_available,-0.0313725490196,51,0,51
1,within-player,3,2016,1,rank_in_slot,-0.21568627451,51,0,51
1,within-player,3,2016,3,rank_in_slot,0.0718954248366,51,0,51
1,within-player,3,2016,5,rank_in_slot,0.0196078431373,51,0,51
1,within-player,3,2016,10,rank_in_slot,-0.0588235294118,51,0,51
1,within-player,4,2016,1,rank_available,0.0392156862745,51,0,51
1,within-player,4,2016,3,rank_available,0.0130718954248,51,0,51
1,within-player,4,2016,5,rank_available,1.08845394571e-17,51,0,51
1,within-player,4,2016,10,rank_available,-0.00392156862745,51,0,51
1,within-player,4,2016,1,rank_in_slot,-0.078431372549,51,0,51
1,within-player,4,2016,3,rank_in_slot,0.0718954248366,51,0,51
1,within-player,4,2016,5,rank_in_slot,0.0352941176471,51,0,51
1,within-player,4,2016,10,rank_in_slot,-0.0372549019608,51,0,51
1,within-player,5,2016,1,rank_available,0.0196078431373,51,0,51
1,within-player,5,2016,3,rank_available,0.0653594771242,51,0,51
1,within-player,5,2016,5,rank_available,-0.0549019607843,51,0,51
1,within-player,5,2016,10,rank_available,-0.0607843137255,51,0,51
1,within-player,5,2016,1,rank_in_slot,-0.21568627451,51,0,51
1,within-player,5,2016,3,rank_in_slot,0.0718954248366,51,0,51
1,within-player,5,2016,5,rank_in_slot,-0.00392156862745,51,0,51
1,within-player,5,2016,10,rank_in_slot,-0.021568627451,51,0,51
1,within-player,6,2016,1,rank_available,0.078431372549,51,0,51
1,within-player,6,2016,3,rank_available,0.0522875816993,51,0,51
1,within-player,6,2016,5,rank_available,-0.0274509803922,51,0,51
1,within-player,6,2016,10,rank_available,-0.0627450980392,51,0,51
1,within-player,6,2016,1,rank_in_slot,-0.0588235294118,51,0,51
1,within-player,6,2016,3,rank_in_slot,0.00653594771242,51,0,51
1,within-player,6,2016,5,rank_in_slot,-0.0117647058824,51,0,51
1,within-player,6,2016,10,rank_in_slot,-0.0470588235294,51,0,51
1,within-player,7,2016,1,rank_available,0.078431372549,51,0,51
1,within-player,7,2016,3,rank_available,0.0326797385621,51,0,51
1,within-player,7,2016,5,rank_available,-0.0627450980392,51,0,51
1,within-player,7,2016,10,rank_available,-0.043137254902,51,0,51
1,within-player,7,2016,1,rank_in_slot,-0.0980392156863,51,0,51
1,within-player,7,2016,3,rank_in_slot,0.0653594771242,51,0,51
1,within-player,7,2016,5,rank_in_slot,0.0156862745098,51,0,51
1,within-player,7,2016,10,rank_in_slot,-0.0411764705882,51,0,51
1,within-player,8,2016,1,rank_available,0.137254901961,51,0,51
1,within-player,8,2016,3,rank_available,0.0130718954248,51,0,51
1,within-player,8,2016,5,rank_available,-0.0509803921569,51,0,51
1,within-player,8,2016,10,rank_available,-0.0450980392157,51,0,51
1,within-player,8,2016,1,rank_in_slot,-0.137254901961,51,0,51
1,within-player,8,2016,3,rank_in_slot,0.150326797386,51,0,51
1,within-player,8,2016,5,rank_in_slot,-0.0235294117647,51,0,51
1,within-player,8,2016,10,rank_in_slot,-0.0450980392157,51,0,51
1,within-player,9,2016,1,rank_available,0.0196078431373,51,0,51
1,within-player,9,2016,3,rank_available,-0.0588235294118,51,0,51
1,within-player,9,2016,5,rank_available,-0.0549019607843,51,0,51
1,within-player,9,2016,10,rank_available,-0.0137254901961,51,0,51
1,within-player,9,2016,1,rank_in_slot,-0.0980392156863,51,0,51
1,within-player,9,2016,3,rank_in_slot,0.104575163399,51,0,51
1,within-player,9,2016,5,rank_in_slot,-0.0196078431373,51,0,51
1,within-player,9,2016,10,rank_in_slot,-0.056862745098,51,0,51
1,within-player,10,2016,1,rank_available,0,51,0,51
1,within-player,10,2016,3,rank_available,-1.30614473485e-17,51,0,51
1,within-player,10,2016,5,rank_available,-0.0352941176471,51,0,51
1,within-player,10,2016,10,rank_available,-0.0274509803922,51,0,51
1,within-player,10,2016,1,rank_in_slot,0.0196078431373,51,0,51
1,within-player,10,2016,3,rank_in_slot,0.0588235294118,51,0,51
1,within-player,10,2016,5,rank_in_slot,-0.0549019607843,51,0,51
1,within-player,10,2016,10,rank_in_slot,-0.00392156862745,51,0,51
1,within-player,11,2016,1,rank_available,0.0588235294118,51,0,51
1,within-player,11,2016,3,rank_available,0.0130718954248,51,0,51
1,within-player,11,2016,5,rank_available,-0.0352941176471,51,0,51
1,within-player,11,2016,10,rank_available,-0.056862745098,51,0,51
1,within-player,11,2016,1,rank_in_slot,0,51,0,51
1,within-player,11,2016,3,rank_in_slot,-8.70763156569e-18,51,0,51
1,within-player,11,2016,5,rank_in_slot,-0.0117647058824,51,0,51
1,within-player,11,2016,10,rank_in_slot,-0.0294117647059,51,0,51
1,within-player,12,2016,1,rank_available,-0.156862745098,51,0,51
1,within-player,12,2016,3,rank_available,0.0326797385621,51,0,51
1,within-player,12,2016,5,rank_available,-0.0352941176471,51,0,51
1,within-player,12,2016,10,rank_available,-0.0666666666667,51,0,51
1,within-player,12,2016,1,rank_in_slot,-0.117647058824,51,0,51
1,within-player,12,2016,3,rank_in_slot,0.0392156862745,51,0,51
1,within-player,12,2016,5,rank_in_slot,-0.0470588235294,51,0,51
1,within-player,12,2016,10,rank_in_slot,-0.0627450980392,51,0,51
1,within-player,13,2016,1,rank_available,-0.0980392156863,51,0,51
1,within-player,13,2016,3,rank_available,-2.17690789142e-18,51,0,51
1,within-player,13,2016,5,rank_available,-0.0352941176471,51,0,51
1,within-player,13,2016,10,rank_available,-0.0509803921569,51,0,51
1,within-player,13,2016,1,rank_in_slot,0,51,0,51
1,within-player,13,2016,3,rank_in_slot,0.0718954248366,51,0,51
1,within-player,13,2016,5,rank_in_slot,-0.0117647058824,51,0,51
1,within-player,13,2016,10,rank_in_slot,-0.0333333333333,51,0,51
1,within-player,14,2016,1,rank_available,0.078431372549,51,0,51
1,within-player,14,2016,3,rank_available,-0.00653594771242,51,0,51
1,within-player,14,2016,5,rank_available,-0.0392156862745,51,0,51
1,within-player,14,2016,10,rank_available,-0.0647058823529,51,0,51
1,within-player,14,2016,1,rank_in_slot,-0.196078431373,51,0,51
1,within-player,14,2016,3,rank_in_slot,0.0588235294118,51,0,51
1,within-player,14,2016,5,rank_in_slot,0.0274509803922,51,0,51
1,within-player,14,2016,10,rank_in_slot,-0.0392156862745,51,0,51
1,within-player,15,2016,1,rank_available,0.0588235294118,51,0,51
1,within-player,15,2016,3,rank_available,0.0522875816993,51,0,51
1,within-player,15,2016,5,rank_available,-0.0745098039216,51,0,51
1,within-player,15,2016,10,rank_available,-0.0490196078431,51,0,51
1,within-player,15,2016,1,rank_in_slot,-0.137254901961,51,0,51
1,within-player,15,2016,3,rank_in_slot,0.0196078431373,51,0,51
1,within-player,15,2016,5,rank_in_slot,-0.0235294117647,51,0,51
1,within-player,15,2016,10,rank_in_slot,-0.0313725490196,51,0,51
1,within-player,16,2016,1,rank_available,0.0392156862745,51,0,51
1,within-player,16,2016,3,rank_available,-0.0196078431373,51,0,51
1,within-player,16,2016,5,rank_available,-0.00392156862745,51,0,51
1,within-player,16,2016,10,rank_available,-0.043137254902,51,0,51
1,within-player,16,2016,1,rank_in_slot,0.0196078431373,51,0,51
1,within-player,16,2016,3,rank_in_slot,0.0849673202614,51,0,51
1,within-player,16,2016,5,rank_in_slot,0.0117647058824,51,0,51
1,within-player,16,2016,10,rank_in_slot,-0.0254901960784,51,0,51
1,within-player,17,2016,1,rank_available,0.117647058824,51,0,51
1,within-player,17,2016,3,rank_available,0.0588235294118,51,0,51
1,within-player,17,2016,5,rank_available,0.0078431372549,51,0,51
1,within-player,17,2016,10,rank_available,-0.0725490196078,51,0,51
1,within-player,17,2016,1,rank_in_slot,0.196078431373,51,0,51
1,within-player,17,2016,3,rank_in_slot,0.104575163399,51,0,51
1,within-player,17,2016,5,rank_in_slot,0.0352941176471,51,0,51
1,within-player,17,2016,10,rank_in_slot,-0.0352941176471,51,0,51
1,within-player,18,2016,1,rank_available,-0.0392156862745,51,0,51
1,within-player,18,2016,3,rank_available,0.0457516339869,51,0,51
1,within-player,18,2016,5,rank_available,-0.0196078431373,51,0,51
1,within-player,18,2016,10,rank_available,-0.0470588235294,51,0,51
1,within-player,18,2016,1,rank_in_slot,-0.0392156862745,51,0,51
1,within-player,18,2016,3,rank_in_slot,0.0980392156863,51,0,51
1,within-player,18,2016,5,rank_in_slot,0.00392156862745,51,0,51
1,within-player,18,2016,10,rank_in_slot,-0.0196078431373,51,0,51
1,within-player,19,2016,1,rank_available,-0.0588235294118,51,0,51
1,within-player,19,2016,3,rank_available,0.0915032679739,51,0,51
1,within-player,19,2016,5,rank_available,-0.078431372549,51,0,51
1,within-player,19,2016,10,rank_available,-0.0509803921569,51,0,51
1,within-player,19,2016,1,rank_in_slot,-0.0196078431373,51,0,51
1,within-player,19,2016,3,rank_in_slot,0.137254901961,51,0,51
1,within-player,19,2016,5,rank_in_slot,-0.00392156862745,51,0,51
1,within-player,19,2016,10,rank_in_slot,-0.0529411764706,51,0,51
1,base-rate-only,-1,2017,1,rank_available,0,51,0,51
1,base-rate-only,-1,2017,3,rank_available,-0.196078431373,51,0,51
1,base-rate-only,-1,2017,5,rank_available,-0.164705882353,51,0,51
1,base-rate-only,-1,2017,10,rank_available,-0.0470588235294,51,0,51
1,base-rate-only,-1,2017,1,rank_in_slot,0.0588235294118,51,0,51
1,base-rate-only,-1,2017,3,rank_in_slot,5.44226972855e-18,51,0,51
1,base-rate-only,-1,2017,5,rank_in_slot,-0.0078431372549,51,0,51
1,base-rate-only,-1,2017,10,rank_in_slot,-0.0980392156863,51,0,51
1,current-season-rate,-1,2017,1,rank_available,-0.078431372549,51,0,51
1,current-season-rate,-1,2017,3,rank_available,-0.196078431373,51,0,51
1,current-season-rate,-1,2017,5,rank_available,-0.176470588235,51,0,51
1,current-season-rate,-1,2017,10,rank_available,-0.205882352941,51,0,51
1,current-season-rate,-1,2017,1,rank_in_slot,0.078431372549,51,0,51
1,current-season-rate,-1,2017,3,rank_in_slot,-0.0392156862745,51,0,51
1,current-season-rate,-1,2017,5,rank_in_slot,-0.0588235294118,51,0,51
1,current-season-rate,-1,2017,10,rank_in_slot,-0.107843137255,51,0,51
1,historical-rate,-1,2017,1,rank_available,-0.196078431373,51,0,51
1,historical-rate,-1,2017,3,rank_available,-0.287581699346,51,0,51
1,historical-rate,-1,2017,5,rank_available,-0.243137254902,51,0,51
1,historical-rate,-1,2017,10,rank_available,-0.121568627451,51,0,51
1,historical-rate,-1,2017,1,rank_in_slot,-0.21568627451,51,0,51
1,historical-rate,-1,2017,3,rank_in_slot,-0.261437908497,51,0,51
1,historical-rate,-1,2017,5,rank_in_slot,-0.137254901961,51,0,51
1,historical-rate,-1,2017,10,rank_in_slot,-0.166666666667,51,0,51
1,no-vegas,-1,2017,1,rank_available,-0.078431372549,51,0,51
1,no-vegas,-1,2017,3,rank_available,-0.0718954248366,51,0,51
1,no-vegas,-1,2017,5,rank_available,-0.0823529411765,51,0,51
1,no-vegas,-1,2017,10,rank_available,-0.0137254901961,51,0,51
1,no-vegas,-1,2017,1,rank_in_slot,0.0588235294118,51,0,51
1,no-vegas,-1,2017,3,rank_in_slot,0.0196078431373,51,0,51
1,no-vegas,-1,2017,5,rank_in_slot,0.0274509803922,51,0,51
1,no-vegas,-1,2017,10,rank_in_slot,5.44226972855e-19,51,0,51
1,player-vegas,-1,2017,1,rank_available,0.078431372549,51,0,51
1,player-vegas,-1,2017,3,rank_available,-0.117647058824,51,0,51
1,player-vegas,-1,2017,5,rank_available,-0.117647058824,51,0,51
1,player-vegas,-1,2017,10,rank_available,-0.133333333333,51,0,51
1,player-vegas,-1,2017,1,rank_in_slot,-0.0588235294118,51,0,51
1,player-vegas,-1,2017,3,rank_in_slot,-0.0457516339869,51,0,51
1,player-vegas,-1,2017,5,rank_in_slot,-0.0352941176471,51,0,51
1,player-vegas,-1,2017,10,rank_in_slot,-0.0509803921569,51,0,51
1,random,0,2017,1,rank_available,-0.705882352941,51,0,51
1,random,0,2017,3,rank_available,-0.718954248366,51,0,51
1,random,0,2017,5,rank_available,-0.635294117647,51,0,51
1,random,0,2017,10,rank_available,-0.525490196078,51,0,51
1,random,0,2017,1,rank_in_slot,-0.725490196078,51,0,51
1,random,0,2017,3,rank_in_slot,-0.705882352941,51,0,51
1,random,0,2017,5,rank_in_slot,-0.560784313725,51,0,51
1,random,0,2017,10,rank_in_slot,-0.56862745098,51,0,51
1,random,1,2017,1,rank_available,-0.705882352941,51,0,51
1,random,1,2017,3,rank_available,-0.699346405229,51,0,51
1,random,1,2017,5,rank_available,-0.698039215686,51,0,51
1,random,1,2017,10,rank_available,-0.488235294118,51,0,51
1,random,1,2017,1,rank_in_slot,-0.745098039216,51,0,51
1,random,1,2017,3,rank_in_slot,-0.718954248366,51,0,51
1,random,1,2017,5,rank_in_slot,-0.690196078431,51,0,51
1,random,1,2017,10,rank_in_slot,-0.550980392157,51,0,51
1,random,2,2017,1,rank_available,-0.549019607843,51,0,51
1,random,2,2017,3,rank_available,-0.633986928105,51,0,51
1,random,2,2017,5,rank_available,-0.6,51,0,51
1,random,2,2017,10,rank_available,-0.488235294118,51,0,51
1,random,2,2017,1,rank_in_slot,-0.549019607843,51,0,51
1,random,2,2017,3,rank_in_slot,-0.666666666667,51,0,51
1,random,2,2017,5,rank_in_slot,-0.592156862745,51,0,51
1,random,2,2017,10,rank_in_slot,-0.570588235294,51,0,51
1,random,3,2017,1,rank_available,-0.745098039216,51,0,51
1,random,3,2017,3,rank_available,-0.686274509804,51,0,51
1,random,3,2017,5,rank_available,-0.596078431373,51,0,51
1,random,3,2017,10,rank_available,-0.511764705882,51,0,51
1,random,3,2017,1,rank_in_slot,-0.78431372549,51,0,51
1,random,3,2017,3,rank_in_slot,-0.705882352941,51,0,51
1,random,3,2017,5,rank_in_slot,-0.560784313725,51,0,51
1,random,3,2017,10,rank_in_slot,-0.596078431373,51,0,51
1,random,4,2017,1,rank_available,-0.686274509804,51,0,51
1,random,4,2017,3,rank_available,-0.797385620915,51,0,51
1,random,4,2017,5,rank_available,-0.674509803922,51,0,51
1,random,4,2017,10,rank_available,-0.501960784314,51,0,51
1,random,4,2017,1,rank_in_slot,-0.725490196078,51,0,51
1,random,4,2017,3,rank_in_slot,-0.771241830065,51,0,51
1,random,4,2017,5,rank_in_slot,-0.647058823529,51,0,51
1,random,4,2017,10,rank_in_slot,-0.594117647059,51,0,51
1,random,5,2017,1,rank_available,-0.392156862745,51,0,51
1,random,5,2017,3,rank_available,-0.607843137255,51,0,51
1,random,5,2017,5,rank_available,-0.556862745098,51,0,51
1,random,5,2017,10,rank_available,-0.456862745098,51,0,51
1,random,5,2017,1,rank_in_slot,-0.411764705882,51,0,51
1,random,5,2017,3,rank_in_slot,-0.588235294118,51,0,51
1,random,5,2017,5,rank_in_slot,-0.533333333333,51,0,51
1,random,5,2017,10,rank_in_slot,-0.539215686275,51,0,51
1,random,6,2017,1,rank_available,-0.607843137255,51,0,51
1,random,6,2017,3,rank_available,-0.647058823529,51,0,51
1,random,6,2017,5,rank_available,-0.654901960784,51,0,51
1,random,6,2017,10,rank_available,-0.478431372549,51,0,51
1,random,6,2017,1,rank_in_slot,-0.372549019608,51,0,51
1,random,6,2017,3,rank_in_slot,-0.555555555556,51,0,51
1,random,6,2017,5,rank_in_slot,-0.545098039216,51,0,51
1,random,6,2017,10,rank_in_slot,-0.53137254902,51,0,51
1,random,7,2017,1,rank_available,-0.333333333333,51,0,51
1,random,7,2017,3,rank_available,-0.477124183007,51,0,51
1,random,7,2017,5,rank_available,-0.541176470588,51,0,51
1,random,7,2017,10,rank_available,-0.470588235294,51,0,51
1,random,7,2017,1,rank_in_slot,-0.137254901961,51,0,51
1,random,7,2017,3,rank_in_slot,-0.411764705882,51,0,51
1,random,7,2017,5,rank_in_slot,-0.486274509804,51,0,51
1,random,7,2017,10,rank_in_slot,-0.521568627451,51,0,51
1,random,8,2017,1,rank_available,-0.686274509804,51,0,51
1,random,8,2017,3,rank_available,-0.660130718954,51,0,51
1,random,8,2017,5,rank_available,-0.639215686275,51,0,51
1,random,8,2017,10,rank_available,-0.501960784314,51,0,51
1,random,8,2017,1,rank_in_slot,-0.725490196078,51,0,51
1,random,8,2017,3,rank_in_slot,-0.647058823529,51,0,51
1,random,8,2017,5,rank_in_slot,-0.627450980392,51,0,51
1,random,8,2017,10,rank_in_slot,-0.56862745098,51,0,51
1,random,9,2017,1,rank_available,-0.411764705882,51,0,51
1,random,9,2017,3,rank_available,-0.496732026144,51,0,51
1,random,9,2017,5,rank_available,-0.509803921569,51,0,51
1,random,9,2017,10,rank_available,-0.46862745098,51,0,51
1,random,9,2017,1,rank_in_slot,-0.450980392157,51,0,51
1,random,9,2017,3,rank_in_slot,-0.522875816993,51,0,51
1,random,9,2017,5,rank_in_slot,-0.494117647059,51,0,51
1,random,9,2017,10,rank_in_slot,-0.549019607843,51,0,51
1,random,10,2017,1,rank_available,-0.823529411765,51,0,51
1,random,10,2017,3,rank_available,-0.771241830065,51,0,51
1,random,10,2017,5,rank_available,-0.639215686275,51,0,51
1,random,10,2017,10,rank_available,-0.539215686275,51,0,51
1,random,10,2017,1,rank_in_slot,-0.803921568627,51,0,51
1,random,10,2017,3,rank_in_slot,-0.78431372549,51,0,51
1,random,10,2017,5,rank_in_slot,-0.619607843137,51,0,51
1,random,10,2017,10,rank_in_slot,-0.650980392157,51,0,51
1,random,11,2017,1,rank_available,-0.647058823529,51,0,51
1,random,11,2017,3,rank_available,-0.725490196078,51,0,51
1,random,11,2017,5,rank_available,-0.670588235294,51,0,51
1,random,11,2017,10,rank_available,-0.562745098039,51,0,51
1,random,11,2017,1,rank_in_slot,-0.607843137255,51,0,51
1,random,11,2017,3,rank_in_slot,-0.738562091503,51,0,51
1,random,11,2017,5,rank_in_slot,-0.607843137255,51,0,51
1,random,11,2017,10,rank_in_slot,-0.629411764706,51,0,51
1,random,12,2017,1,rank_available,-0.56862745098,51,0,51
1,random,12,2017,3,rank_available,-0.640522875817,51,0,51
1,random,12,2017,5,rank_available,-0.654901960784,51,0,51
1,random,12,2017,10,rank_available,-0.474509803922,51,0,51
1,random,12,2017,1,rank_in_slot,-0.588235294118,51,0,51
1,random,12,2017,3,rank_in_slot,-0.62091503268,51,0,51
1,random,12,2017,5,rank_in_slot,-0.63137254902,51,0,51
1,random,12,2017,10,rank_in_slot,-0.562745098039,51,0,51
1,random,13,2017,1,rank_available,-0.686274509804,51,0,51
1,random,13,2017,3,rank_available,-0.607843137255,51,0,51
1,random,13,2017,5,rank_available,-0.650980392157,51,0,51
1,random,13,2017,10,rank_available,-0.507843137255,51,0,51
1,random,13,2017,1,rank_in_slot,-0.725490196078,51,0,51
1,random,13,2017,3,rank_in_slot,-0.627450980392,51,0,51
1,random,13,2017,5,rank_in_slot,-0.619607843137,51,0,51
1,random,13,2017,10,rank_in_slot,-0.6,51,0,51
1,random,14,2017,1,rank_available,-0.549019607843,51,0,51
1,random,14,2017,3,rank_available,-0.607843137255,51,0,51
1,random,14,2017,5,rank_available,-0.61568627451,51,0,51
1,random,14,2017,10,rank_available,-0.478431372549,51,0,51
1,random,14,2017,1,rank_in_slot,-0.56862745098,51,0,51
1,random,14,2017,3,rank_in_slot,-0.529411764706,51,0,51
1,random,14,2017,5,rank_in_slot,-0.525490196078,51,0,51
1,random,14,2017,10,rank_in_slot,-0.521568627451,51,0,51
1,random,15,2017,1,rank_available,-0.627450980392,51,0,51
1,random,15,2017,3,rank_available,-0.640522875817,51,0,51
1,random,15,2017,5,rank_available,-0.58431372549,51,0,51
1,random,15,2017,10,rank_available,-0.478431372549,51,0,51
1,random,15,2017,1,rank_in_slot,-0.627450980392,51,0,51
1,random,15,2017,3,rank_in_slot,-0.62091503268,51,0,51
1,random,15,2017,5,rank_in_slot,-0.509803921569,51,0,51
1,random,15,2017,10,rank_in_slot,-0.558823529412,51,0,51
1,random,16,2017,1,rank_available,-0.705882352941,51,0,51
1,random,16,2017,3,rank_available,-0.673202614379,51,0,51
1,random,16,2017,5,rank_available,-0.580392156863,51,0,51
1,random,16,2017,10,rank_available,-0.466666666667,51,0,51
1,random,16,2017,1,rank_in_slot,-0.529411764706,51,0,51
1,random,16,2017,3,rank_in_slot,-0.673202614379,51,0,51
1,random,16,2017,5,rank_in_slot,-0.541176470588,51,0,51
1,random,16,2017,10,rank_in_slot,-0.537254901961,51,0,51
1,random,17,2017,1,rank_available,-0.588235294118,51,0,51
1,random,17,2017,3,rank_available,-0.718954248366,51,0,51
1,random,17,2017,5,rank_available,-0.698039215686,51,0,51
1,random,17,2017,10,rank_available,-0.521568627451,51,0,51
1,random,17,2017,1,rank_in_slot,-0.607843137255,51,0,51
1,random,17,2017,3,rank_in_slot,-0.758169934641,51,0,51
1,random,17,2017,5,rank_in_slot,-0.709803921569,51,0,51
1,random,17,2017,10,rank_in_slot,-0.617647058824,51,0,51
1,random,18,2017,1,rank_available,-0.705882352941,51,0,51
1,random,18,2017,3,rank_available,-0.705882352941,51,0,51
1,random,18,2017,5,rank_available,-0.654901960784,51,0,51
1,random,18,2017,10,rank_available,-0.456862745098,51,0,51
1,random,18,2017,1,rank_in_slot,-0.745098039216,51,0,51
1,random,18,2017,3,rank_in_slot,-0.660130718954,51,0,51
1,random,18,2017,5,rank_in_slot,-0.6,51,0,51
1,random,18,2017,10,rank_in_slot,-0.5,51,0,51
1,random,19,2017,1,rank_available,-0.372549019608,51,0,51
1,random,19,2017,3,rank_available,-0.535947712418,51,0,51
1,random,19,2017,5,rank_available,-0.572549019608,51,0,51
1,random,19,2017,10,rank_available,-0.443137254902,51,0,51
1,random,19,2017,1,rank_in_slot,-0.313725490196,51,0,51
1,random,19,2017,3,rank_in_slot,-0.503267973856,51,0,51
1,random,19,2017,5,rank_in_slot,-0.537254901961,51,0,51
1,random,19,2017,10,rank_in_slot,-0.5,51,0,51
1,regressed-rate,-1,2017,1,rank_available,0.156862745098,51,0,51
1,regressed-rate,-1,2017,3,rank_available,-0.0915032679739,51,0,51
1,regressed-rate,-1,2017,5,rank_available,-0.125490196078,51,0,51
1,regressed-rate,-1,2017,10,rank_available,-0.133333333333,51,0,51
1,regressed-rate,-1,2017,1,rank_in_slot,-0.21568627451,51,0,51
1,regressed-rate,-1,2017,3,rank_in_slot,-0.143790849673,51,0,51
1,regressed-rate,-1,2017,5,rank_in_slot,-0.0196078431373,51,0,51
1,regressed-rate,-1,2017,10,rank_in_slot,-0.103921568627,51,0,51
1,vegas-environment,-1,2017,1,rank_available,-0.0588235294118,51,0,51
1,vegas-environment,-1,2017,3,rank_available,-0.111111111111,51,0,51
1,vegas-environment,-1,2017,5,rank_available,-0.0705882352941,51,0,51
1,vegas-environment,-1,2017,10,rank_available,-0.0156862745098,51,0,51
1,vegas-environment,-1,2017,1,rank_in_slot,0.0588235294118,51,0,51
1,vegas-environment,-1,2017,3,rank_in_slot,-0.143790849673,51,0,51
1,vegas-environment,-1,2017,5,rank_in_slot,-0.0156862745098,51,0,51
1,vegas-environment,-1,2017,10,rank_in_slot,-0.0196078431373,51,0,51
1,within-player,0,2017,1,rank_available,0.0980392156863,51,0,51
1,within-player,0,2017,3,rank_available,0.0392156862745,51,0,51
1,within-player,0,2017,5,rank_available,-0.0392156862745,51,0,51
1,within-player,0,2017,10,rank_available,0.0235294117647,51,0,51
1,within-player,0,2017,1,rank_in_slot,0.0980392156863,51,0,51
1,within-player,0,2017,3,rank_in_slot,-0.0130718954248,51,0,51
1,within-player,0,2017,5,rank_in_slot,0.0352941176471,51,0,51
1,within-player,0,2017,10,rank_in_slot,0.0137254901961,51,0,51
1,within-player,1,2017,1,rank_available,-0.078431372549,51,0,51
1,within-player,1,2017,3,rank_available,-0.0261437908497,51,0,51
1,within-player,1,2017,5,rank_available,-0.0313725490196,51,0,51
1,within-player,1,2017,10,rank_available,0.0196078431373,51,0,51
1,within-player,1,2017,1,rank_in_slot,0.0196078431373,51,0,51
1,within-player,1,2017,3,rank_in_slot,-0.0915032679739,51,0,51
1,within-player,1,2017,5,rank_in_slot,-0.0470588235294,51,0,51
1,within-player,1,2017,10,rank_in_slot,0.0176470588235,51,0,51
1,within-player,2,2017,1,rank_available,0.0588235294118,51,0,51
1,within-player,2,2017,3,rank_available,-0.0980392156863,51,0,51
1,within-player,2,2017,5,rank_available,-0.043137254902,51,0,51
1,within-player,2,2017,10,rank_available,0.0235294117647,51,0,51
1,within-player,2,2017,1,rank_in_slot,-0.078431372549,51,0,51
1,within-player,2,2017,3,rank_in_slot,0.0326797385621,51,0,51
1,within-player,2,2017,5,rank_in_slot,-0.043137254902,51,0,51
1,within-player,2,2017,10,rank_in_slot,-0.0196078431373,51,0,51
1,within-player,3,2017,1,rank_available,-0.0392156862745,51,0,51
1,within-player,3,2017,3,rank_available,-0.0457516339869,51,0,51
1,within-player,3,2017,5,rank_available,-0.0274509803922,51,0,51
1,within-player,3,2017,10,rank_available,0.0352941176471,51,0,51
1,within-player,3,2017,1,rank_in_slot,-0.0392156862745,51,0,51
1,within-player,3,2017,3,rank_in_slot,-0.0392156862745,51,0,51
1,within-player,3,2017,5,rank_in_slot,-0.0352941176471,51,0,51
1,within-player,3,2017,10,rank_in_slot,0.00980392156863,51,0,51
1,within-player,4,2017,1,rank_available,0.117647058824,51,0,51
1,within-player,4,2017,3,rank_available,-0.0261437908497,51,0,51
1,within-player,4,2017,5,rank_available,0.0117647058824,51,0,51
1,within-player,4,2017,10,rank_available,0.0117647058824,51,0,51
1,within-player,4,2017,1,rank_in_slot,0.0196078431373,51,0,51
1,within-player,4,2017,3,rank_in_slot,-0.0718954248366,51,0,51
1,within-player,4,2017,5,rank_in_slot,-0.00392156862745,51,0,51
1,within-player,4,2017,10,rank_in_slot,-0.0235294117647,51,0,51
1,within-player,5,2017,1,rank_available,0,51,0,51
1,within-player,5,2017,3,rank_available,-0.0261437908497,51,0,51
1,within-player,5,2017,5,rank_available,-2.17690789142e-18,51,0,51
1,within-player,5,2017,10,rank_available,0.0117647058824,51,0,51
1,within-player,5,2017,1,rank_in_slot,0.0196078431373,51,0,51
1,within-player,5,2017,3,rank_in_slot,0.0130718954248,51,0,51
1,within-player,5,2017,5,rank_in_slot,-0.0156862745098,51,0,51
1,within-player,5,2017,10,rank_in_slot,0.0078431372549,51,0,51
1,within-player,6,2017,1,rank_available,-0.0588235294118,51,0,51
1,within-player,6,2017,3,rank_available,-0.0653594771242,51,0,51
1,within-player,6,2017,5,rank_available,0.0196078431373,51,0,51
1,within-player,6,2017,10,rank_available,0.00196078431373,51,0,51
1,within-player,6,2017,1,rank_in_slot,0.0392156862745,51,0,51
1,within-player,6,2017,3,rank_in_slot,-0.117647058824,51,0,51
1,within-player,6,2017,5,rank_in_slot,0.0078431372549,51,0,51
1,within-player,6,2017,10,rank_in_slot,-0.00392156862745,51,0,51
1,within-player,7,2017,1,rank_available,0.0980392156863,51,0,51
1,within-player,7,2017,3,rank_available,-0.0588235294118,51,0,51
1,within-player,7,2017,5,rank_available,-0.0117647058824,51,0,51
1,within-player,7,2017,10,rank_available,0.00196078431373,51,0,51
1,within-player,7,2017,1,rank_in_slot,0.0392156862745,51,0,51
1,within-player,7,2017,3,rank_in_slot,-0.0457516339869,51,0,51
1,within-player,7,2017,5,rank_in_slot,0.0274509803922,51,0,51
1,within-player,7,2017,10,rank_in_slot,0.0078431372549,51,0,51
1,within-player,8,2017,1,rank_available,-0.0588235294118,51,0,51
1,within-player,8,2017,3,rank_available,-0.0653594771242,51,0,51
1,within-player,8,2017,5,rank_available,-0.0549019607843,51,0,51
1,within-player,8,2017,10,rank_available,0.0078431372549,51,0,51
1,within-player,8,2017,1,rank_in_slot,0.0588235294118,51,0,51
1,within-player,8,2017,3,rank_in_slot,-0.0718954248366,51,0,51
1,within-player,8,2017,5,rank_in_slot,0.0117647058824,51,0,51
1,within-player,8,2017,10,rank_in_slot,-0.0352941176471,51,0,51
1,within-player,9,2017,1,rank_available,0.117647058824,51,0,51
1,within-player,9,2017,3,rank_available,-0.0196078431373,51,0,51
1,within-player,9,2017,5,rank_available,-0.0235294117647,51,0,51
1,within-player,9,2017,10,rank_available,0.021568627451,51,0,51
1,within-player,9,2017,1,rank_in_slot,-0.0196078431373,51,0,51
1,within-player,9,2017,3,rank_in_slot,-0.0261437908497,51,0,51
1,within-player,9,2017,5,rank_in_slot,0.0078431372549,51,0,51
1,within-player,9,2017,10,rank_in_slot,0.00392156862745,51,0,51
1,within-player,10,2017,1,rank_available,0.176470588235,51,0,51
1,within-player,10,2017,3,rank_available,-0.0653594771242,51,0,51
1,within-player,10,2017,5,rank_available,-0.0666666666667,51,0,51
1,within-player,10,2017,10,rank_available,0.0117647058824,51,0,51
1,within-player,10,2017,1,rank_in_slot,0,51,0,51
1,within-player,10,2017,3,rank_in_slot,-0.104575163399,51,0,51
1,within-player,10,2017,5,rank_in_slot,-0.0823529411765,51,0,51
1,within-player,10,2017,10,rank_in_slot,-8.70763156569e-18,51,0,51
1,within-player,11,2017,1,rank_available,0.0980392156863,51,0,51
1,within-player,11,2017,3,rank_available,-0.0522875816993,51,0,51
1,within-player,11,2017,5,rank_available,-0.0666666666667,51,0,51
1,within-player,11,2017,10,rank_available,-0.00392156862745,51,0,51
1,within-player,11,2017,1,rank_in_slot,-0.0196078431373,51,0,51
1,within-player,11,2017,3,rank_in_slot,-0.0392156862745,51,0,51
1,within-player,11,2017,5,rank_in_slot,0.0274509803922,51,0,51
1,within-player,11,2017,10,rank_in_slot,-0.0137254901961,51,0,51
1,within-player,12,2017,1,rank_available,0.0588235294118,51,0,51
1,within-player,12,2017,3,rank_available,-0.0326797385621,51,0,51
1,within-player,12,2017,5,rank_available,-0.0117647058824,51,0,51
1,within-player,12,2017,10,rank_available,0.00980392156863,51,0,51
1,within-player,12,2017,1,rank_in_slot,0.0392156862745,51,0,51
1,within-player,12,2017,3,rank_in_slot,0.0196078431373,51,0,51
1,within-player,12,2017,5,rank_in_slot,0.0235294117647,51,0,51
1,within-player,12,2017,10,rank_in_slot,-0.0078431372549,51,0,51
1,within-player,13,2017,1,rank_available,0.196078431373,51,0,51
1,within-player,13,2017,3,rank_available,-1.41499012942e-17,51,0,51
1,within-player,13,2017,5,rank_available,-0.0117647058824,51,0,51
1,within-player,13,2017,10,rank_available,0.0313725490196,51,0,51
1,within-player,13,2017,1,rank_in_slot,0.0588235294118,51,0,51
1,within-player,13,2017,3,rank_in_slot,0.0130718954248,51,0,51
1,within-player,13,2017,5,rank_in_slot,-0.0078431372549,51,0,51
1,within-player,13,2017,10,rank_in_slot,-0.0156862745098,51,0,51
1,within-player,14,2017,1,rank_available,0.078431372549,51,0,51
1,within-player,14,2017,3,rank_available,-0.0196078431373,51,0,51
1,within-player,14,2017,5,rank_available,-0.0117647058824,51,0,51
1,within-player,14,2017,10,rank_available,0.0235294117647,51,0,51
1,within-player,14,2017,1,rank_in_slot,0.0392156862745,51,0,51
1,within-player,14,2017,3,rank_in_slot,-0.078431372549,51,0,51
1,within-player,14,2017,5,rank_in_slot,-0.0196078431373,51,0,51
1,within-player,14,2017,10,rank_in_slot,-0.0137254901961,51,0,51
1,within-player,15,2017,1,rank_available,-0.078431372549,51,0,51
1,within-player,15,2017,3,rank_available,-0.0392156862745,51,0,51
1,within-player,15,2017,5,rank_available,-0.043137254902,51,0,51
1,within-player,15,2017,10,rank_available,0.0392156862745,51,0,51
1,within-player,15,2017,1,rank_in_slot,-0.0392156862745,51,0,51
1,within-player,15,2017,3,rank_in_slot,-0.137254901961,51,0,51
1,within-player,15,2017,5,rank_in_slot,-0.0156862745098,51,0,51
1,within-player,15,2017,10,rank_in_slot,-0.0274509803922,51,0,51
1,within-player,16,2017,1,rank_available,0.078431372549,51,0,51
1,within-player,16,2017,3,rank_available,0.0130718954248,51,0,51
1,within-player,16,2017,5,rank_available,0.0117647058824,51,0,51
1,within-player,16,2017,10,rank_available,0.0450980392157,51,0,51
1,within-player,16,2017,1,rank_in_slot,0.137254901961,51,0,51
1,within-player,16,2017,3,rank_in_slot,-0.0261437908497,51,0,51
1,within-player,16,2017,5,rank_in_slot,-0.00392156862745,51,0,51
1,within-player,16,2017,10,rank_in_slot,0.00588235294118,51,0,51
1,within-player,17,2017,1,rank_available,0.0392156862745,51,0,51
1,within-player,17,2017,3,rank_available,-0.143790849673,51,0,51
1,within-player,17,2017,5,rank_available,-0.0196078431373,51,0,51
1,within-player,17,2017,10,rank_available,0.0294117647059,51,0,51
1,within-player,17,2017,1,rank_in_slot,0.117647058824,51,0,51
1,within-player,17,2017,3,rank_in_slot,-0.0196078431373,51,0,51
1,within-player,17,2017,5,rank_in_slot,-0.0156862745098,51,0,51
1,within-player,17,2017,10,rank_in_slot,0.00196078431373,51,0,51
1,within-player,18,2017,1,rank_available,0.176470588235,51,0,51
1,within-player,18,2017,3,rank_available,0.0261437908497,51,0,51
1,within-player,18,2017,5,rank_available,-0.0392156862745,51,0,51
1,within-player,18,2017,10,rank_available,-0.00588235294118,51,0,51
1,within-player,18,2017,1,rank_in_slot,0.117647058824,51,0,51
1,within-player,18,2017,3,rank_in_slot,-0.0196078431373,51,0,51
1,within-player,18,2017,5,rank_in_slot,0.0117647058824,51,0,51
1,within-player,18,2017,10,rank_in_slot,0.00392156862745,51,0,51
1,within-player,19,2017,1,rank_available,0.078431372549,51,0,51
1,within-player,19,2017,3,rank_available,-0.0653594771242,51,0,51
1,within-player,19,2017,5,rank_available,0.0117647058824,51,0,51
1,within-player,19,2017,10,rank_available,0.0254901960784,51,0,51
1,within-player,19,2017,1,rank_in_slot,-0.078431372549,51,0,51
1,within-player,19,2017,3,rank_in_slot,-0.0915032679739,51,0,51
1,within-player,19,2017,5,rank_in_slot,-0.0117647058824,51,0,51
1,within-player,19,2017,10,rank_in_slot,-0.00392156862745,51,0,51
1,base-rate-only,-1,2018,1,rank_available,-0.392156862745,51,0,51
1,base-rate-only,-1,2018,3,rank_available,-0.130718954248,51,0,51
1,base-rate-only,-1,2018,5,rank_available,-0.0549019607843,51,0,51
1,base-rate-only,-1,2018,10,rank_available,-0.0627450980392,51,0,51
1,base-rate-only,-1,2018,1,rank_in_slot,0,51,0,51
1,base-rate-only,-1,2018,3,rank_in_slot,-0.137254901961,51,0,51
1,base-rate-only,-1,2018,5,rank_in_slot,-0.141176470588,51,0,51
1,base-rate-only,-1,2018,10,rank_in_slot,-0.0666666666667,51,0,51
1,current-season-rate,-1,2018,1,rank_available,-0.352941176471,51,0,51
1,current-season-rate,-1,2018,3,rank_available,-0.137254901961,51,0,51
1,current-season-rate,-1,2018,5,rank_available,-0.0509803921569,51,0,51
1,current-season-rate,-1,2018,10,rank_available,-0.043137254902,51,0,51
1,current-season-rate,-1,2018,1,rank_in_slot,0.117647058824,51,0,51
1,current-season-rate,-1,2018,3,rank_in_slot,-0.18954248366,51,0,51
1,current-season-rate,-1,2018,5,rank_in_slot,-0.117647058824,51,0,51
1,current-season-rate,-1,2018,10,rank_in_slot,-0.127450980392,51,0,51
1,historical-rate,-1,2018,1,rank_available,-0.450980392157,51,0,51
1,historical-rate,-1,2018,3,rank_available,-0.313725490196,51,0,51
1,historical-rate,-1,2018,5,rank_available,-0.247058823529,51,0,51
1,historical-rate,-1,2018,10,rank_available,-0.172549019608,51,0,51
1,historical-rate,-1,2018,1,rank_in_slot,-0.509803921569,51,0,51
1,historical-rate,-1,2018,3,rank_in_slot,-0.320261437908,51,0,51
1,historical-rate,-1,2018,5,rank_in_slot,-0.313725490196,51,0,51
1,historical-rate,-1,2018,10,rank_in_slot,-0.288235294118,51,0,51
1,no-vegas,-1,2018,1,rank_available,-0.137254901961,51,0,51
1,no-vegas,-1,2018,3,rank_available,-0.0588235294118,51,0,51
1,no-vegas,-1,2018,5,rank_available,-0.0235294117647,51,0,51
1,no-vegas,-1,2018,10,rank_available,-0.0254901960784,51,0,51
1,no-vegas,-1,2018,1,rank_in_slot,-0.117647058824,51,0,51
1,no-vegas,-1,2018,3,rank_in_slot,-0.0522875816993,51,0,51
1,no-vegas,-1,2018,5,rank_in_slot,-0.0627450980392,51,0,51
1,no-vegas,-1,2018,10,rank_in_slot,-0.0274509803922,51,0,51
1,player-vegas,-1,2018,1,rank_available,-0.392156862745,51,0,51
1,player-vegas,-1,2018,3,rank_available,-0.18954248366,51,0,51
1,player-vegas,-1,2018,5,rank_available,-0.0862745098039,51,0,51
1,player-vegas,-1,2018,10,rank_available,-0.0823529411765,51,0,51
1,player-vegas,-1,2018,1,rank_in_slot,0.078431372549,51,0,51
1,player-vegas,-1,2018,3,rank_in_slot,-0.150326797386,51,0,51
1,player-vegas,-1,2018,5,rank_in_slot,-0.0509803921569,51,0,51
1,player-vegas,-1,2018,10,rank_in_slot,-0.0745098039216,51,0,51
1,random,0,2018,1,rank_available,-0.882352941176,51,0,51
1,random,0,2018,3,rank_available,-0.725490196078,51,0,51
1,random,0,2018,5,rank_available,-0.670588235294,51,0,51
1,random,0,2018,10,rank_available,-0.547058823529,51,0,51
1,random,0,2018,1,rank_in_slot,-1,51,0,51
1,random,0,2018,3,rank_in_slot,-0.993464052288,51,0,51
1,random,0,2018,5,rank_in_slot,-0.870588235294,51,0,51
1,random,0,2018,10,rank_in_slot,-0.719607843137,51,0,51
1,random,1,2018,1,rank_available,-1.11764705882,51,0,51
1,random,1,2018,3,rank_available,-0.843137254902,51,0,51
1,random,1,2018,5,rank_available,-0.772549019608,51,0,51
1,random,1,2018,10,rank_available,-0.554901960784,51,0,51
1,random,1,2018,1,rank_in_slot,-1.3137254902,51,0,51
1,random,1,2018,3,rank_in_slot,-1.1568627451,51,0,51
1,random,1,2018,5,rank_in_slot,-1.05882352941,51,0,51
1,random,1,2018,10,rank_in_slot,-0.76862745098,51,0,51
1,random,2,2018,1,rank_available,-0.862745098039,51,0,51
1,random,2,2018,3,rank_available,-0.738562091503,51,0,51
1,random,2,2018,5,rank_available,-0.686274509804,51,0,51
1,random,2,2018,10,rank_available,-0.509803921569,51,0,51
1,random,2,2018,1,rank_in_slot,-1.01960784314,51,0,51
1,random,2,2018,3,rank_in_slot,-1.06535947712,51,0,51
1,random,2,2018,5,rank_in_slot,-0.988235294118,51,0,51
1,random,2,2018,10,rank_in_slot,-0.743137254902,51,0,51
1,random,3,2018,1,rank_available,-0.960784313725,51,0,51
1,random,3,2018,3,rank_available,-0.777777777778,51,0,51
1,random,3,2018,5,rank_available,-0.678431372549,51,0,51
1,random,3,2018,10,rank_available,-0.580392156863,51,0,51
1,random,3,2018,1,rank_in_slot,-1.1568627451,51,0,51
1,random,3,2018,3,rank_in_slot,-1.02614379085,51,0,51
1,random,3,2018,5,rank_in_slot,-0.909803921569,51,0,51
1,random,3,2018,10,rank_in_slot,-0.796078431373,51,0,51
1,random,4,2018,1,rank_available,-1.05882352941,51,0,51
1,random,4,2018,3,rank_available,-0.908496732026,51,0,51
1,random,4,2018,5,rank_available,-0.756862745098,51,0,51
1,random,4,2018,10,rank_available,-0.598039215686,51,0,51
1,random,4,2018,1,rank_in_slot,-1.21568627451,51,0,51
1,random,4,2018,3,rank_in_slot,-1.1568627451,51,0,51
1,random,4,2018,5,rank_in_slot,-0.964705882353,51,0,51
1,random,4,2018,10,rank_in_slot,-0.807843137255,51,0,51
1,random,5,2018,1,rank_available,-0.529411764706,51,0,51
1,random,5,2018,3,rank_available,-0.633986928105,51,0,51
1,random,5,2018,5,rank_available,-0.623529411765,51,0,51
1,random,5,2018,10,rank_available,-0.5,51,0,51
1,random,5,2018,1,rank_in_slot,-0.666666666667,51,0,51
1,random,5,2018,3,rank_in_slot,-0.941176470588,51,0,51
1,random,5,2018,5,rank_in_slot,-0.894117647059,51,0,51
1,random,5,2018,10,rank_in_slot,-0.698039215686,51,0,51
1,random,6,2018,1,rank_available,-0.647058823529,51,0,51
1,random,6,2018,3,rank_available,-0.666666666667,51,0,51
1,random,6,2018,5,rank_available,-0.556862745098,51,0,51
1,random,6,2018,10,rank_available,-0.53137254902,51,0,51
1,random,6,2018,1,rank_in_slot,-0.843137254902,51,0,51
1,random,6,2018,3,rank_in_slot,-0.934640522876,51,0,51
1,random,6,2018,5,rank_in_slot,-0.803921568627,51,0,51
1,random,6,2018,10,rank_in_slot,-0.729411764706,51,0,51
1,random,7,2018,1,rank_available,-0.56862745098,51,0,51
1,random,7,2018,3,rank_available,-0.59477124183,51,0,51
1,random,7,2018,5,rank_available,-0.607843137255,51,0,51
1,random,7,2018,10,rank_available,-0.554901960784,51,0,51
1,random,7,2018,1,rank_in_slot,-0.392156862745,51,0,51
1,random,7,2018,3,rank_in_slot,-0.823529411765,51,0,51
1,random,7,2018,5,rank_in_slot,-0.827450980392,51,0,51
1,random,7,2018,10,rank_in_slot,-0.760784313725,51,0,51
1,random,8,2018,1,rank_available,-1.03921568627,51,0,51
1,random,8,2018,3,rank_available,-0.751633986928,51,0,51
1,random,8,2018,5,rank_available,-0.643137254902,51,0,51
1,random,8,2018,10,rank_available,-0.51568627451,51,0,51
1,random,8,2018,1,rank_in_slot,-1.23529411765,51,0,51
1,random,8,2018,3,rank_in_slot,-1,51,0,51
1,random,8,2018,5,rank_in_slot,-0.898039215686,51,0,51
1,random,8,2018,10,rank_in_slot,-0.758823529412,51,0,51
1,random,9,2018,1,rank_available,-0.901960784314,51,0,51
1,random,9,2018,3,rank_available,-0.718954248366,51,0,51
1,random,9,2018,5,rank_available,-0.662745098039,51,0,51
1,random,9,2018,10,rank_available,-0.574509803922,51,0,51
1,random,9,2018,1,rank_in_slot,-1.07843137255,51,0,51
1,random,9,2018,3,rank_in_slot,-0.947712418301,51,0,51
1,random,9,2018,5,rank_in_slot,-0.870588235294,51,0,51
1,random,9,2018,10,rank_in_slot,-0.760784313725,51,0,51
1,random,10,2018,1,rank_available,-1.1568627451,51,0,51
1,random,10,2018,3,rank_available,-0.888888888889,51,0,51
1,random,10,2018,5,rank_available,-0.729411764706,51,0,51
1,random,10,2018,10,rank_available,-0.605882352941,51,0,51
1,random,10,2018,1,rank_in_slot,-1.35294117647,51,0,51
1,random,10,2018,3,rank_in_slot,-1.20261437908,51,0,51
1,random,10,2018,5,rank_in_slot,-0.972549019608,51,0,51
1,random,10,2018,10,rank_in_slot,-0.839215686275,51,0,51
1,random,11,2018,1,rank_available,-0.862745098039,51,0,51
1,random,11,2018,3,rank_available,-0.673202614379,51,0,51
1,random,11,2018,5,rank_available,-0.650980392157,51,0,51
1,random,11,2018,10,rank_available,-0.539215686275,51,0,51
1,random,11,2018,1,rank_in_slot,-0.764705882353,51,0,51
1,random,11,2018,3,rank_in_slot,-0.921568627451,51,0,51
1,random,11,2018,5,rank_in_slot,-0.858823529412,51,0,51
1,random,11,2018,10,rank_in_slot,-0.729411764706,51,0,51
1,random,12,2018,1,rank_available,-0.78431372549,51,0,51
1,random,12,2018,3,rank_available,-0.699346405229,51,0,51
1,random,12,2018,5,rank_available,-0.643137254902,51,0,51
1,random,12,2018,10,rank_available,-0.550980392157,51,0,51
1,random,12,2018,1,rank_in_slot,-1,51,0,51
1,random,12,2018,3,rank_in_slot,-0.986928104575,51,0,51
1,random,12,2018,5,rank_in_slot,-0.917647058824,51,0,51
1,random,12,2018,10,rank_in_slot,-0.774509803922,51,0,51
1,random,13,2018,1,rank_available,-0.921568627451,51,0,51
1,random,13,2018,3,rank_available,-0.647058823529,51,0,51
1,random,13,2018,5,rank_available,-0.635294117647,51,0,51
1,random,13,2018,10,rank_available,-0.578431372549,51,0,51
1,random,13,2018,1,rank_in_slot,-1.11764705882,51,0,51
1,random,13,2018,3,rank_in_slot,-0.830065359477,51,0,51
1,random,13,2018,5,rank_in_slot,-0.835294117647,51,0,51
1,random,13,2018,10,rank_in_slot,-0.776470588235,51,0,51
1,random,14,2018,1,rank_available,-0.666666666667,51,0,51
1,random,14,2018,3,rank_available,-0.56862745098,51,0,51
1,random,14,2018,5,rank_available,-0.560784313725,51,0,51
1,random,14,2018,10,rank_available,-0.482352941176,51,0,51
1,random,14,2018,1,rank_in_slot,-0.823529411765,51,0,51
1,random,14,2018,3,rank_in_slot,-0.758169934641,51,0,51
1,random,14,2018,5,rank_in_slot,-0.8,51,0,51
1,random,14,2018,10,rank_in_slot,-0.682352941176,51,0,51
1,random,15,2018,1,rank_available,-0.823529411765,51,0,51
1,random,15,2018,3,rank_available,-0.699346405229,51,0,51
1,random,15,2018,5,rank_available,-0.647058823529,51,0,51
1,random,15,2018,10,rank_available,-0.564705882353,51,0,51
1,random,15,2018,1,rank_in_slot,-0.980392156863,51,0,51
1,random,15,2018,3,rank_in_slot,-0.941176470588,51,0,51
1,random,15,2018,5,rank_in_slot,-0.839215686275,51,0,51
1,random,15,2018,10,rank_in_slot,-0.754901960784,51,0,51
1,random,16,2018,1,rank_available,-0.882352941176,51,0,51
1,random,16,2018,3,rank_available,-0.745098039216,51,0,51
1,random,16,2018,5,rank_available,-0.56862745098,51,0,51
1,random,16,2018,10,rank_available,-0.517647058824,51,0,51
1,random,16,2018,1,rank_in_slot,-1.01960784314,51,0,51
1,random,16,2018,3,rank_in_slot,-1.02614379085,51,0,51
1,random,16,2018,5,rank_in_slot,-0.823529411765,51,0,51
1,random,16,2018,10,rank_in_slot,-0.725490196078,51,0,51
1,random,17,2018,1,rank_available,-0.705882352941,51,0,51
1,random,17,2018,3,rank_available,-0.758169934641,51,0,51
1,random,17,2018,5,rank_available,-0.717647058824,51,0,51
1,random,17,2018,10,rank_available,-0.617647058824,51,0,51
1,random,17,2018,1,rank_in_slot,-0.78431372549,51,0,51
1,random,17,2018,3,rank_in_slot,-1.01307189542,51,0,51
1,random,17,2018,5,rank_in_slot,-0.992156862745,51,0,51
1,random,17,2018,10,rank_in_slot,-0.862745098039,51,0,51
1,random,18,2018,1,rank_available,-0.941176470588,51,0,51
1,random,18,2018,3,rank_available,-0.718954248366,51,0,51
1,random,18,2018,5,rank_available,-0.670588235294,51,0,51
1,random,18,2018,10,rank_available,-0.51568627451,51,0,51
1,random,18,2018,1,rank_in_slot,-1.13725490196,51,0,51
1,random,18,2018,3,rank_in_slot,-0.928104575163,51,0,51
1,random,18,2018,5,rank_in_slot,-0.83137254902,51,0,51
1,random,18,2018,10,rank_in_slot,-0.711764705882,51,0,51
1,random,19,2018,1,rank_available,-0.78431372549,51,0,51
1,random,19,2018,3,rank_available,-0.705882352941,51,0,51
1,random,19,2018,5,rank_available,-0.61568627451,51,0,51
1,random,19,2018,10,rank_available,-0.507843137255,51,0,51
1,random,19,2018,1,rank_in_slot,-0.607843137255,51,0,51
1,random,19,2018,3,rank_in_slot,-0.915032679739,51,0,51
1,random,19,2018,5,rank_in_slot,-0.811764705882,51,0,51
1,random,19,2018,10,rank_in_slot,-0.729411764706,51,0,51
1,regressed-rate,-1,2018,1,rank_available,-0.294117647059,51,0,51
1,regressed-rate,-1,2018,3,rank_available,-0.196078431373,51,0,51
1,regressed-rate,-1,2018,5,rank_available,-0.101960784314,51,0,51
1,regressed-rate,-1,2018,10,rank_available,-0.166666666667,51,0,51
1,regressed-rate,-1,2018,1,rank_in_slot,-0.0392156862745,51,0,51
1,regressed-rate,-1,2018,3,rank_in_slot,-0.16339869281,51,0,51
1,regressed-rate,-1,2018,5,rank_in_slot,-0.156862745098,51,0,51
1,regressed-rate,-1,2018,10,rank_in_slot,-0.203921568627,51,0,51
1,vegas-environment,-1,2018,1,rank_available,-0.117647058824,51,0,51
1,vegas-environment,-1,2018,3,rank_available,-0.0980392156863,51,0,51
1,vegas-environment,-1,2018,5,rank_available,-0.0745098039216,51,0,51
1,vegas-environment,-1,2018,10,rank_available,-0.0549019607843,51,0,51
1,vegas-environment,-1,2018,1,rank_in_slot,-0.156862745098,51,0,51
1,vegas-environment,-1,2018,3,rank_in_slot,-0.176470588235,51,0,51
1,vegas-environment,-1,2018,5,rank_in_slot,-0.0313725490196,51,0,51
1,vegas-environment,-1,2018,10,rank_in_slot,-0.0647058823529,51,0,51
1,within-player,0,2018,1,rank_available,-0.333333333333,51,0,51
1,within-player,0,2018,3,rank_available,-0.078431372549,51,0,51
1,within-player,0,2018,5,rank_available,-0.0117647058824,51,0,51
1,within-player,0,2018,10,rank_available,0.0117647058824,51,0,51
1,within-player,0,2018,1,rank_in_slot,-0.176470588235,51,0,51
1,within-player,0,2018,3,rank_in_slot,-0.18954248366,51,0,51
1,within-player,0,2018,5,rank_in_slot,-0.129411764706,51,0,51
1,within-player,0,2018,10,rank_in_slot,-0.00588235294118,51,0,51
1,within-player,1,2018,1,rank_available,-0.313725490196,51,0,51
1,within-player,1,2018,3,rank_available,-0.0718954248366,51,0,51
1,within-player,1,2018,5,rank_available,-0.0078431372549,51,0,51
1,within-player,1,2018,10,rank_available,0.021568627451,51,0,51
1,within-player,1,2018,1,rank_in_slot,-0.117647058824,51,0,51
1,within-player,1,2018,3,rank_in_slot,-0.0980392156863,51,0,51
1,within-player,1,2018,5,rank_in_slot,-0.113725490196,51,0,51
1,within-player,1,2018,10,rank_in_slot,-0.0274509803922,51,0,51
1,within-player,2,2018,1,rank_available,-0.078431372549,51,0,51
1,within-player,2,2018,3,rank_available,-0.0326797385621,51,0,51
1,within-player,2,2018,5,rank_available,0.0509803921569,51,0,51
1,within-player,2,2018,10,rank_available,0.00392156862745,51,0,51
1,within-player,2,2018,1,rank_in_slot,-0.117647058824,51,0,51
1,within-player,2,2018,3,rank_in_slot,-0.0980392156863,51,0,51
1,within-player,2,2018,5,rank_in_slot,-0.00392156862745,51,0,51
1,within-player,2,2018,10,rank_in_slot,0.0078431372549,51,0,51
1,within-player,3,2018,1,rank_available,-0.176470588235,51,0,51
1,within-player,3,2018,3,rank_available,0.0326797385621,51,0,51
1,within-player,3,2018,5,rank_available,0.0313725490196,51,0,51
1,within-player,3,2018,10,rank_available,-0.0254901960784,51,0,51
1,within-player,3,2018,1,rank_in_slot,-0.254901960784,51,0,51
1,within-player,3,2018,3,rank_in_slot,-0.0261437908497,51,0,51
1,within-player,3,2018,5,rank_in_slot,-0.0274509803922,51,0,51
1,within-player,3,2018,10,rank_in_slot,-0.0411764705882,51,0,51
1,within-player,4,2018,1,rank_available,-0.0588235294118,51,0,51
1,within-player,4,2018,3,rank_available,-0.104575163399,51,0,51
1,within-player,4,2018,5,rank_available,-0.0274509803922,51,0,51
1,within-player,4,2018,10,rank_available,-0.0294117647059,51,0,51
1,within-player,4,2018,1,rank_in_slot,-0.0588235294118,51,0,51
1,within-player,4,2018,3,rank_in_slot,-0.0849673202614,51,0,51
1,within-player,4,2018,5,rank_in_slot,-0.078431372549,51,0,51
1,within-player,4,2018,10,rank_in_slot,-0.0274509803922,51,0,51
1,within-player,5,2018,1,rank_available,-0.0588235294118,51,0,51
1,within-player,5,2018,3,rank_available,-0.0915032679739,51,0,51
1,within-player,5,2018,5,rank_available,2.06806249685e-17,51,0,51
1,within-player,5,2018,10,rank_available,-0.00196078431373,51,0,51
1,within-player,5,2018,1,rank_in_slot,-0.156862745098,51,0,51
1,within-player,5,2018,3,rank_in_slot,-0.0457516339869,51,0,51
1,within-player,5,2018,5,rank_in_slot,0.0117647058824,51,0,51
1,within-player,5,2018,10,rank_in_slot,-0.0078431372549,51,0,51
1,within-player,6,2018,1,rank_available,-0.21568627451,51,0,51
1,within-player,6,2018,3,rank_available,-0.078431372549,51,0,51
1,within-player,6,2018,5,rank_available,-0.0627450980392,51,0,51
1,within-player,6,2018,10,rank_available,-0.0176470588235,51,0,51
1,within-player,6,2018,1,rank_in_slot,-0.196078431373,51,0,51
1,within-player,6,2018,3,rank_in_slot,-0.150326797386,51,0,51
1,within-player,6,2018,5,rank_in_slot,-0.0666666666667,51,0,51
1,within-player,6,2018,10,rank_in_slot,-0.0352941176471,51,0,51
1,within-player,7,2018,1,rank_available,-0.196078431373,51,0,51
1,within-player,7,2018,3,rank_available,-0.0588235294118,51,0,51
1,within-player,7,2018,5,rank_available,0,51,0,51
1,within-player,7,2018,10,rank_available,0.00392156862745,51,0,51
1,within-player,7,2018,1,rank_in_slot,-0.21568627451,51,0,51
1,within-player,7,2018,3,rank_in_slot,-0.0457516339869,51,0,51
1,within-player,7,2018,5,rank_in_slot,-0.0274509803922,51,0,51
1,within-player,7,2018,10,rank_in_slot,-0.0156862745098,51,0,51
1,within-player,8,2018,1,rank_available,-0.0980392156863,51,0,51
1,within-player,8,2018,3,rank_available,-0.0915032679739,51,0,51
1,within-player,8,2018,5,rank_available,-0.0549019607843,51,0,51
1,within-player,8,2018,10,rank_available,-0.0196078431373,51,0,51
1,within-player,8,2018,1,rank_in_slot,-0.0588235294118,51,0,51
1,within-player,8,2018,3,rank_in_slot,-0.0588235294118,51,0,51
1,within-player,8,2018,5,rank_in_slot,-0.00392156862745,51,0,51
1,within-player,8,2018,10,rank_in_slot,-0.0274509803922,51,0,51
1,within-player,9,2018,1,rank_available,-0.21568627451,51,0,51
1,within-player,9,2018,3,rank_available,-0.0392156862745,51,0,51
1,within-player,9,2018,5,rank_available,-0.00392156862745,51,0,51
1,within-player,9,2018,10,rank_available,-0.0274509803922,51,0,51
1,within-player,9,2018,1,rank_in_slot,-0.21568627451,51,0,51
1,within-player,9,2018,3,rank_in_slot,-0.0915032679739,51,0,51
1,within-player,9,2018,5,rank_in_slot,-0.0666666666667,51,0,51
1,within-player,9,2018,10,rank_in_slot,-0.00392156862745,51,0,51
1,within-player,10,2018,1,rank_available,-0.078431372549,51,0,51
1,within-player,10,2018,3,rank_available,-0.0718954248366,51,0,51
1,within-player,10,2018,5,rank_available,-0.0274509803922,51,0,51
1,within-player,10,2018,10,rank_available,-0.0137254901961,51,0,51
1,within-player,10,2018,1,rank_in_slot,-0.156862745098,51,0,51
1,within-player,10,2018,3,rank_in_slot,-0.137254901961,51,0,51
1,within-player,10,2018,5,rank_in_slot,-0.0274509803922,51,0,51
1,within-player,10,2018,10,rank_in_slot,-0.0372549019608,51,0,51
1,within-player,11,2018,1,rank_available,-0.156862745098,51,0,51
1,within-player,11,2018,3,rank_available,-0.104575163399,51,0,51
1,within-player,11,2018,5,rank_available,-0.0313725490196,51,0,51
1,within-player,11,2018,10,rank_available,-0.00588235294118,51,0,51
1,within-player,11,2018,1,rank_in_slot,0,51,0,51
1,within-player,11,2018,3,rank_in_slot,-0.0849673202614,51,0,51
1,within-player,11,2018,5,rank_in_slot,-0.043137254902,51,0,51
1,within-player,11,2018,10,rank_in_slot,-0.0313725490196,51,0,51
1,within-player,12,2018,1,rank_available,-0.176470588235,51,0,51
1,within-player,12,2018,3,rank_available,-0.0718954248366,51,0,51
1,within-player,12,2018,5,rank_available,-0.0078431372549,51,0,51
1,within-player,12,2018,10,rank_available,-0.0235294117647,51,0,51
1,within-player,12,2018,1,rank_in_slot,0,51,0,51
1,within-player,12,2018,3,rank_in_slot,-0.111111111111,51,0,51
1,within-player,12,2018,5,rank_in_slot,-0.0666666666667,51,0,51
1,within-player,12,2018,10,rank_in_slot,-0.0294117647059,51,0,51
1,within-player,13,2018,1,rank_available,-0.137254901961,51,0,51
1,within-player,13,2018,3,rank_available,-0.117647058824,51,0,51
1,within-player,13,2018,5,rank_available,1.30614473485e-17,51,0,51
1,within-player,13,2018,10,rank_available,0.00196078431373,51,0,51
1,within-player,13,2018,1,rank_in_slot,-0.294117647059,51,0,51
1,within-player,13,2018,3,rank_in_slot,-0.0980392156863,51,0,51
1,within-player,13,2018,5,rank_in_slot,-0.0196078431373,51,0,51
1,within-player,13,2018,10,rank_in_slot,-0.0294117647059,51,0,51
1,within-player,14,2018,1,rank_available,-0.333333333333,51,0,51
1,within-player,14,2018,3,rank_available,-0.104575163399,51,0,51
1,within-player,14,2018,5,rank_available,-0.0509803921569,51,0,51
1,within-player,14,2018,10,rank_available,-0.0117647058824,51,0,51
1,within-player,14,2018,1,rank_in_slot,-0.235294117647,51,0,51
1,within-player,14,2018,3,rank_in_slot,-0.117647058824,51,0,51
1,within-player,14,2018,5,rank_in_slot,-0.0627450980392,51,0,51
1,within-player,14,2018,10,rank_in_slot,-0.0333333333333,51,0,51
1,within-player,15,2018,1,rank_available,-0.254901960784,51,0,51
1,within-player,15,2018,3,rank_available,-0.0196078431373,51,0,51
1,within-player,15,2018,5,rank_available,-0.043137254902,51,0,51
1,within-player,15,2018,10,rank_available,-6.53072367427e-18,51,0,51
1,within-player,15,2018,1,rank_in_slot,-0.196078431373,51,0,51
1,within-player,15,2018,3,rank_in_slot,-0.130718954248,51,0,51
1,within-player,15,2018,5,rank_in_slot,-0.0941176470588,51,0,51
1,within-player,15,2018,10,rank_in_slot,-0.0313725490196,51,0,51
1,within-player,16,2018,1,rank_available,-0.21568627451,51,0,51
1,within-player,16,2018,3,rank_available,-0.00653594771242,51,0,51
1,within-player,16,2018,5,rank_available,0.0117647058824,51,0,51
1,within-player,16,2018,10,rank_available,0.0078431372549,51,0,51
1,within-player,16,2018,1,rank_in_slot,-0.254901960784,51,0,51
1,within-player,16,2018,3,rank_in_slot,-0.104575163399,51,0,51
1,within-player,16,2018,5,rank_in_slot,-0.00392156862745,51,0,51
1,within-player,16,2018,10,rank_in_slot,-0.0196078431373,51,0,51
1,within-player,17,2018,1,rank_available,-0.176470588235,51,0,51
1,within-player,17,2018,3,rank_available,-0.0588235294118,51,0,51
1,within-player,17,2018,5,rank_available,-0.0117647058824,51,0,51
1,within-player,17,2018,10,rank_available,-0.00588235294118,51,0,51
1,within-player,17,2018,1,rank_in_slot,-0.176470588235,51,0,51
1,within-player,17,2018,3,rank_in_slot,-0.104575163399,51,0,51
1,within-player,17,2018,5,rank_in_slot,-0.0156862745098,51,0,51
1,within-player,17,2018,10,rank_in_slot,-0.0352941176471,51,0,51
1,within-player,18,2018,1,rank_available,-0.21568627451,51,0,51
1,within-player,18,2018,3,rank_available,-0.0392156862745,51,0,51
1,within-player,18,2018,5,rank_available,0.0235294117647,51,0,51
1,within-player,18,2018,10,rank_available,0.00196078431373,51,0,51
1,within-player,18,2018,1,rank_in_slot,-0.078431372549,51,0,51
1,within-player,18,2018,3,rank_in_slot,-0.124183006536,51,0,51
1,within-player,18,2018,5,rank_in_slot,-0.0470588235294,51,0,51
1,within-player,18,2018,10,rank_in_slot,-0.0294117647059,51,0,51
1,within-player,19,2018,1,rank_available,0.0196078431373,51,0,51
1,within-player,19,2018,3,rank_available,-0.0261437908497,51,0,51
1,within-player,19,2018,5,rank_available,0.0352941176471,51,0,51
1,within-player,19,2018,10,rank_available,-0.0313725490196,51,0,51
1,within-player,19,2018,1,rank_in_slot,0.156862745098,51,0,51
1,within-player,19,2018,3,rank_in_slot,-0.0392156862745,51,0,51
1,within-player,19,2018,5,rank_in_slot,-0.0274509803922,51,0,51
1,within-player,19,2018,10,rank_in_slot,-0.0294117647059,51,0,51
1,base-rate-only,-1,2019,1,rank_available,0.0196078431373,51,0,51
1,base-rate-only,-1,2019,3,rank_available,0.0261437908497,51,0,51
1,base-rate-only,-1,2019,5,rank_available,0.0352941176471,51,0,51
1,base-rate-only,-1,2019,10,rank_available,-0.0313725490196,51,0,51
1,base-rate-only,-1,2019,1,rank_in_slot,0.196078431373,51,0,51
1,base-rate-only,-1,2019,3,rank_in_slot,0.00653594771242,51,0,51
1,base-rate-only,-1,2019,5,rank_in_slot,-0.0588235294118,51,0,51
1,base-rate-only,-1,2019,10,rank_in_slot,-0.0235294117647,51,0,51
1,current-season-rate,-1,2019,1,rank_available,-0.0588235294118,51,0,51
1,current-season-rate,-1,2019,3,rank_available,-0.0718954248366,51,0,51
1,current-season-rate,-1,2019,5,rank_available,-0.109803921569,51,0,51
1,current-season-rate,-1,2019,10,rank_available,-0.207843137255,51,0,51
1,current-season-rate,-1,2019,1,rank_in_slot,-0.0392156862745,51,0,51
1,current-season-rate,-1,2019,3,rank_in_slot,0.0326797385621,51,0,51
1,current-season-rate,-1,2019,5,rank_in_slot,-0.0705882352941,51,0,51
1,current-season-rate,-1,2019,10,rank_in_slot,-0.0745098039216,51,0,51
1,historical-rate,-1,2019,1,rank_available,-0.196078431373,51,0,51
1,historical-rate,-1,2019,3,rank_available,-0.339869281046,51,0,51
1,historical-rate,-1,2019,5,rank_available,-0.223529411765,51,0,51
1,historical-rate,-1,2019,10,rank_available,-0.103921568627,51,0,51
1,historical-rate,-1,2019,1,rank_in_slot,0.137254901961,51,0,51
1,historical-rate,-1,2019,3,rank_in_slot,-0.00653594771242,51,0,51
1,historical-rate,-1,2019,5,rank_in_slot,-0.2,51,0,51
1,historical-rate,-1,2019,10,rank_in_slot,-0.178431372549,51,0,51
1,no-vegas,-1,2019,1,rank_available,0,51,0,51
1,no-vegas,-1,2019,3,rank_available,0.00653594771242,51,0,51
1,no-vegas,-1,2019,5,rank_available,0.0627450980392,51,0,51
1,no-vegas,-1,2019,10,rank_available,-0.00980392156863,51,0,51
1,no-vegas,-1,2019,1,rank_in_slot,-0.078431372549,51,0,51
1,no-vegas,-1,2019,3,rank_in_slot,0.0326797385621,51,0,51
1,no-vegas,-1,2019,5,rank_in_slot,0.0313725490196,51,0,51
1,no-vegas,-1,2019,10,rank_in_slot,0.00588235294118,51,0,51
1,player-vegas,-1,2019,1,rank_available,-0.0588235294118,51,0,51
1,player-vegas,-1,2019,3,rank_available,-0.0261437908497,51,0,51
1,player-vegas,-1,2019,5,rank_available,-0.0156862745098,51,0,51
1,player-vegas,-1,2019,10,rank_available,-0.0705882352941,51,0,51
1,player-vegas,-1,2019,1,rank_in_slot,0.196078431373,51,0,51
1,player-vegas,-1,2019,3,rank_in_slot,-1.41499012942e-17,51,0,51
1,player-vegas,-1,2019,5,rank_in_slot,-0.0549019607843,51,0,51
1,player-vegas,-1,2019,10,rank_in_slot,-0.0196078431373,51,0,51
1,random,0,2019,1,rank_available,-0.823529411765,51,0,51
1,random,0,2019,3,rank_available,-0.673202614379,51,0,51
1,random,0,2019,5,rank_available,-0.611764705882,51,0,51
1,random,0,2019,10,rank_available,-0.509803921569,51,0,51
1,random,0,2019,1,rank_in_slot,-0.647058823529,51,0,51
1,random,0,2019,3,rank_in_slot,-0.712418300654,51,0,51
1,random,0,2019,5,rank_in_slot,-0.690196078431,51,0,51
1,random,0,2019,10,rank_in_slot,-0.588235294118,51,0,51
1,random,1,2019,1,rank_available,-0.803921568627,51,0,51
1,random,1,2019,3,rank_available,-0.588235294118,51,0,51
1,random,1,2019,5,rank_available,-0.6,51,0,51
1,random,1,2019,10,rank_available,-0.527450980392,51,0,51
1,random,1,2019,1,rank_in_slot,-0.627450980392,51,0,51
1,random,1,2019,3,rank_in_slot,-0.640522875817,51,0,51
1,random,1,2019,5,rank_in_slot,-0.701960784314,51,0,51
1,random,1,2019,10,rank_in_slot,-0.586274509804,51,0,51
1,random,2,2019,1,rank_available,-0.921568627451,51,0,51
1,random,2,2019,3,rank_available,-0.614379084967,51,0,51
1,random,2,2019,5,rank_available,-0.56862745098,51,0,51
1,random,2,2019,10,rank_available,-0.490196078431,51,0,51
1,random,2,2019,1,rank_in_slot,-0.78431372549,51,0,51
1,random,2,2019,3,rank_in_slot,-0.660130718954,51,0,51
1,random,2,2019,5,rank_in_slot,-0.650980392157,51,0,51
1,random,2,2019,10,rank_in_slot,-0.580392156863,51,0,51
1,random,3,2019,1,rank_available,-0.901960784314,51,0,51
1,random,3,2019,3,rank_available,-0.614379084967,51,0,51
1,random,3,2019,5,rank_available,-0.545098039216,51,0,51
1,random,3,2019,10,rank_available,-0.527450980392,51,0,51
1,random,3,2019,1,rank_in_slot,-0.725490196078,51,0,51
1,random,3,2019,3,rank_in_slot,-0.673202614379,51,0,51
1,random,3,2019,5,rank_in_slot,-0.607843137255,51,0,51
1,random,3,2019,10,rank_in_slot,-0.61568627451,51,0,51
1,random,4,2019,1,rank_available,-0.764705882353,51,0,51
1,random,4,2019,3,rank_available,-0.653594771242,51,0,51
1,random,4,2019,5,rank_available,-0.623529411765,51,0,51
1,random,4,2019,10,rank_available,-0.511764705882,51,0,51
1,random,4,2019,1,rank_in_slot,-0.549019607843,51,0,51
1,random,4,2019,3,rank_in_slot,-0.653594771242,51,0,51
1,random,4,2019,5,rank_in_slot,-0.654901960784,51,0,51
1,random,4,2019,10,rank_in_slot,-0.609803921569,51,0,51
1,random,5,2019,1,rank_available,-0.666666666667,51,0,51
1,random,5,2019,3,rank_available,-0.660130718954,51,0,51
1,random,5,2019,5,rank_available,-0.56862745098,51,0,51
1,random,5,2019,10,rank_available,-0.517647058824,51,0,51
1,random,5,2019,1,rank_in_slot,-0.509803921569,51,0,51
1,random,5,2019,3,rank_in_slot,-0.718954248366,51,0,51
1,random,5,2019,5,rank_in_slot,-0.627450980392,51,0,51
1,random,5,2019,10,rank_in_slot,-0.6,51,0,51
1,random,6,2019,1,rank_available,-0.549019607843,51,0,51
1,random,6,2019,3,rank_available,-0.562091503268,51,0,51
1,random,6,2019,5,rank_available,-0.549019607843,51,0,51
1,random,6,2019,10,rank_available,-0.466666666667,51,0,51
1,random,6,2019,1,rank_in_slot,-0.333333333333,51,0,51
1,random,6,2019,3,rank_in_slot,-0.607843137255,51,0,51
1,random,6,2019,5,rank_in_slot,-0.607843137255,51,0,51
1,random,6,2019,10,rank_in_slot,-0.578431372549,51,0,51
1,random,7,2019,1,rank_available,-0.470588235294,51,0,51
1,random,7,2019,3,rank_available,-0.490196078431,51,0,51
1,random,7,2019,5,rank_available,-0.509803921569,51,0,51
1,random,7,2019,10,rank_available,-0.509803921569,51,0,51
1,random,7,2019,1,rank_in_slot,-0.294117647059,51,0,51
1,random,7,2019,3,rank_in_slot,-0.562091503268,51,0,51
1,random,7,2019,5,rank_in_slot,-0.596078431373,51,0,51
1,random,7,2019,10,rank_in_slot,-0.594117647059,51,0,51
1,random,8,2019,1,rank_available,-0.882352941176,51,0,51
1,random,8,2019,3,rank_available,-0.653594771242,51,0,51
1,random,8,2019,5,rank_available,-0.603921568627,51,0,51
1,random,8,2019,10,rank_available,-0.501960784314,51,0,51
1,random,8,2019,1,rank_in_slot,-0.627450980392,51,0,51
1,random,8,2019,3,rank_in_slot,-0.679738562092,51,0,51
1,random,8,2019,5,rank_in_slot,-0.674509803922,51,0,51
1,random,8,2019,10,rank_in_slot,-0.594117647059,51,0,51
1,random,9,2019,1,rank_available,-0.725490196078,51,0,51
1,random,9,2019,3,rank_available,-0.614379084967,51,0,51
1,random,9,2019,5,rank_available,-0.521568627451,51,0,51
1,random,9,2019,10,rank_available,-0.452941176471,51,0,51
1,random,9,2019,1,rank_in_slot,-0.490196078431,51,0,51
1,random,9,2019,3,rank_in_slot,-0.607843137255,51,0,51
1,random,9,2019,5,rank_in_slot,-0.56862745098,51,0,51
1,random,9,2019,10,rank_in_slot,-0.529411764706,51,0,51
1,random,10,2019,1,rank_available,-0.921568627451,51,0,51
1,random,10,2019,3,rank_available,-0.718954248366,51,0,51
1,random,10,2019,5,rank_available,-0.603921568627,51,0,51
1,random,10,2019,10,rank_available,-0.529411764706,51,0,51
1,random,10,2019,1,rank_in_slot,-0.745098039216,51,0,51
1,random,10,2019,3,rank_in_slot,-0.718954248366,51,0,51
1,random,10,2019,5,rank_in_slot,-0.611764705882,51,0,51
1,random,10,2019,10,rank_in_slot,-0.611764705882,51,0,51
1,random,11,2019,1,rank_available,-0.666666666667,51,0,51
1,random,11,2019,3,rank_available,-0.549019607843,51,0,51
1,random,11,2019,5,rank_available,-0.525490196078,51,0,51
1,random,11,2019,10,rank_available,-0.511764705882,51,0,51
1,random,11,2019,1,rank_in_slot,-0.490196078431,51,0,51
1,random,11,2019,3,rank_in_slot,-0.588235294118,51,0,51
1,random,11,2019,5,rank_in_slot,-0.611764705882,51,0,51
1,random,11,2019,10,rank_in_slot,-0.605882352941,51,0,51
1,random,12,2019,1,rank_available,-0.862745098039,51,0,51
1,random,12,2019,3,rank_available,-0.614379084967,51,0,51
1,random,12,2019,5,rank_available,-0.580392156863,51,0,51
1,random,12,2019,10,rank_available,-0.435294117647,51,0,51
1,random,12,2019,1,rank_in_slot,-0.686274509804,51,0,51
1,random,12,2019,3,rank_in_slot,-0.601307189542,51,0,51
1,random,12,2019,5,rank_in_slot,-0.639215686275,51,0,51
1,random,12,2019,10,rank_in_slot,-0.564705882353,51,0,51
1,random,13,2019,1,rank_available,-0.627450980392,51,0,51
1,random,13,2019,3,rank_available,-0.444444444444,51,0,51
1,random,13,2019,5,rank_available,-0.490196078431,51,0,51
1,random,13,2019,10,rank_available,-0.466666666667,51,0,51
1,random,13,2019,1,rank_in_slot,-0.43137254902,51,0,51
1,random,13,2019,3,rank_in_slot,-0.483660130719,51,0,51
1,random,13,2019,5,rank_in_slot,-0.560784313725,51,0,51
1,random,13,2019,10,rank_in_slot,-0.56862745098,51,0,51
1,random,14,2019,1,rank_available,-0.686274509804,51,0,51
1,random,14,2019,3,rank_available,-0.418300653595,51,0,51
1,random,14,2019,5,rank_available,-0.490196078431,51,0,51
1,random,14,2019,10,rank_available,-0.425490196078,51,0,51
1,random,14,2019,1,rank_in_slot,-0.470588235294,51,0,51
1,random,14,2019,3,rank_in_slot,-0.444444444444,51,0,51
1,random,14,2019,5,rank_in_slot,-0.537254901961,51,0,51
1,random,14,2019,10,rank_in_slot,-0.503921568627,51,0,51
1,random,15,2019,1,rank_available,-0.78431372549,51,0,51
1,random,15,2019,3,rank_available,-0.607843137255,51,0,51
1,random,15,2019,5,rank_available,-0.552941176471,51,0,51
1,random,15,2019,10,rank_available,-0.519607843137,51,0,51
1,random,15,2019,1,rank_in_slot,-0.607843137255,51,0,51
1,random,15,2019,3,rank_in_slot,-0.666666666667,51,0,51
1,random,15,2019,5,rank_in_slot,-0.627450980392,51,0,51
1,random,15,2019,10,rank_in_slot,-0.629411764706,51,0,51
1,random,16,2019,1,rank_available,-0.647058823529,51,0,51
1,random,16,2019,3,rank_available,-0.660130718954,51,0,51
1,random,16,2019,5,rank_available,-0.647058823529,51,0,51
1,random,16,2019,10,rank_available,-0.547058823529,51,0,51
1,random,16,2019,1,rank_in_slot,-0.411764705882,51,0,51
1,random,16,2019,3,rank_in_slot,-0.653594771242,51,0,51
1,random,16,2019,5,rank_in_slot,-0.666666666667,51,0,51
1,random,16,2019,10,rank_in_slot,-0.660784313725,51,0,51
1,random,17,2019,1,rank_available,-0.627450980392,51,0,51
1,random,17,2019,3,rank_available,-0.588235294118,51,0,51
1,random,17,2019,5,rank_available,-0.560784313725,51,0,51
1,random,17,2019,10,rank_available,-0.466666666667,51,0,51
1,random,17,2019,1,rank_in_slot,-0.43137254902,51,0,51
1,random,17,2019,3,rank_in_slot,-0.647058823529,51,0,51
1,random,17,2019,5,rank_in_slot,-0.698039215686,51,0,51
1,random,17,2019,10,rank_in_slot,-0.596078431373,51,0,51
1,random,18,2019,1,rank_available,-0.705882352941,51,0,51
1,random,18,2019,3,rank_available,-0.614379084967,51,0,51
1,random,18,2019,5,rank_available,-0.623529411765,51,0,51
1,random,18,2019,10,rank_available,-0.456862745098,51,0,51
1,random,18,2019,1,rank_in_slot,-0.529411764706,51,0,51
1,random,18,2019,3,rank_in_slot,-0.56862745098,51,0,51
1,random,18,2019,5,rank_in_slot,-0.627450980392,51,0,51
1,random,18,2019,10,rank_in_slot,-0.56862745098,51,0,51
1,random,19,2019,1,rank_available,-0.705882352941,51,0,51
1,random,19,2019,3,rank_available,-0.581699346405,51,0,51
1,random,19,2019,5,rank_available,-0.529411764706,51,0,51
1,random,19,2019,10,rank_available,-0.519607843137,51,0,51
1,random,19,2019,1,rank_in_slot,-0.333333333333,51,0,51
1,random,19,2019,3,rank_in_slot,-0.633986928105,51,0,51
1,random,19,2019,5,rank_in_slot,-0.6,51,0,51
1,random,19,2019,10,rank_in_slot,-0.613725490196,51,0,51
1,regressed-rate,-1,2019,1,rank_available,0.0588235294118,51,0,51
1,regressed-rate,-1,2019,3,rank_available,-0.078431372549,51,0,51
1,regressed-rate,-1,2019,5,rank_available,-0.0313725490196,51,0,51
1,regressed-rate,-1,2019,10,rank_available,-0.0725490196078,51,0,51
1,regressed-rate,-1,2019,1,rank_in_slot,0.254901960784,51,0,51
1,regressed-rate,-1,2019,3,rank_in_slot,0.0196078431373,51,0,51
1,regressed-rate,-1,2019,5,rank_in_slot,-0.0705882352941,51,0,51
1,regressed-rate,-1,2019,10,rank_in_slot,-0.0470588235294,51,0,51
1,vegas-environment,-1,2019,1,rank_available,-0.254901960784,51,0,51
1,vegas-environment,-1,2019,3,rank_available,-0.0718954248366,51,0,51
1,vegas-environment,-1,2019,5,rank_available,-0.113725490196,51,0,51
1,vegas-environment,-1,2019,10,rank_available,-0.0392156862745,51,0,51
1,vegas-environment,-1,2019,1,rank_in_slot,-0.0980392156863,51,0,51
1,vegas-environment,-1,2019,3,rank_in_slot,-0.124183006536,51,0,51
1,vegas-environment,-1,2019,5,rank_in_slot,-0.0509803921569,51,0,51
1,vegas-environment,-1,2019,10,rank_in_slot,-0.0588235294118,51,0,51
1,within-player,0,2019,1,rank_available,-0.137254901961,51,0,51
1,within-player,0,2019,3,rank_available,-0.0261437908497,51,0,51
1,within-player,0,2019,5,rank_available,-0.0313725490196,51,0,51
1,within-player,0,2019,10,rank_available,-0.0235294117647,51,0,51
1,within-player,0,2019,1,rank_in_slot,0.156862745098,51,0,51
1,within-player,0,2019,3,rank_in_slot,-0.0130718954248,51,0,51
1,within-player,0,2019,5,rank_in_slot,-0.0745098039216,51,0,51
1,within-player,0,2019,10,rank_in_slot,0.0137254901961,51,0,51
1,within-player,1,2019,1,rank_available,0.0196078431373,51,0,51
1,within-player,1,2019,3,rank_available,0.0196078431373,51,0,51
1,within-player,1,2019,5,rank_available,-0.0078431372549,51,0,51
1,within-player,1,2019,10,rank_available,0.00196078431373,51,0,51
1,within-player,1,2019,1,rank_in_slot,0.0588235294118,51,0,51
1,within-player,1,2019,3,rank_in_slot,0.00653594771242,51,0,51
1,within-player,1,2019,5,rank_in_slot,0.0627450980392,51,0,51
1,within-player,1,2019,10,rank_in_slot,0.0117647058824,51,0,51
1,within-player,2,2019,1,rank_available,-0.176470588235,51,0,51
1,within-player,2,2019,3,rank_available,-0.0261437908497,51,0,51
1,within-player,2,2019,5,rank_available,0.00392156862745,51,0,51
1,within-player,2,2019,10,rank_available,0.00588235294118,51,0,51
1,within-player,2,2019,1,rank_in_slot,0.21568627451,51,0,51
1,within-player,2,2019,3,rank_in_slot,-0.078431372549,51,0,51
1,within-player,2,2019,5,rank_in_slot,-0.0156862745098,51,0,51
1,within-player,2,2019,10,rank_in_slot,0.0176470588235,51,0,51
1,within-player,3,2019,1,rank_available,0.078431372549,51,0,51
1,within-player,3,2019,3,rank_available,-0.0196078431373,51,0,51
1,within-player,3,2019,5,rank_available,-0.0705882352941,51,0,51
1,within-player,3,2019,10,rank_available,-0.00196078431373,51,0,51
1,within-player,3,2019,1,rank_in_slot,0.0980392156863,51,0,51
1,within-player,3,2019,3,rank_in_slot,-0.0196078431373,51,0,51
1,within-player,3,2019,5,rank_in_slot,-0.0509803921569,51,0,51
1,within-player,3,2019,10,rank_in_slot,-0.0196078431373,51,0,51
1,within-player,4,2019,1,rank_available,-0.254901960784,51,0,51
1,within-player,4,2019,3,rank_available,-0.130718954248,51,0,51
1,within-player,4,2019,5,rank_available,-0.133333333333,51,0,51
1,within-player,4,2019,10,rank_available,-0.0411764705882,51,0,51
1,within-player,4,2019,1,rank_in_slot,0,51,0,51
1,within-player,4,2019,3,rank_in_slot,-0.117647058824,51,0,51
1,within-player,4,2019,5,rank_in_slot,-0.0862745098039,51,0,51
1,within-player,4,2019,10,rank_in_slot,-0.043137254902,51,0,51
1,within-player,5,2019,1,rank_available,-0.0980392156863,51,0,51
1,within-player,5,2019,3,rank_available,-0.0522875816993,51,0,51
1,within-player,5,2019,5,rank_available,-0.0313725490196,51,0,51
1,within-player,5,2019,10,rank_available,-0.0254901960784,51,0,51
1,within-player,5,2019,1,rank_in_slot,-0.078431372549,51,0,51
1,within-player,5,2019,3,rank_in_slot,-0.0653594771242,51,0,51
1,within-player,5,2019,5,rank_in_slot,-0.0235294117647,51,0,51
1,within-player,5,2019,10,rank_in_slot,-0.0352941176471,51,0,51
1,within-player,6,2019,1,rank_available,-0.137254901961,51,0,51
1,within-player,6,2019,3,rank_available,-0.0653594771242,51,0,51
1,within-player,6,2019,5,rank_available,-0.0627450980392,51,0,51
1,within-player,6,2019,10,rank_available,-0.0313725490196,51,0,51
1,within-player,6,2019,1,rank_in_slot,0.137254901961,51,0,51
1,within-player,6,2019,3,rank_in_slot,-0.0653594771242,51,0,51
1,within-player,6,2019,5,rank_in_slot,-0.0509803921569,51,0,51
1,within-player,6,2019,10,rank_in_slot,0.021568627451,51,0,51
1,within-player,7,2019,1,rank_available,-0.21568627451,51,0,51
1,within-player,7,2019,3,rank_available,-0.00653594771242,51,0,51
1,within-player,7,2019,5,rank_available,-0.0235294117647,51,0,51
1,within-player,7,2019,10,rank_available,-0.0313725490196,51,0,51
1,within-player,7,2019,1,rank_in_slot,0.078431372549,51,0,51
1,within-player,7,2019,3,rank_in_slot,-0.00653594771242,51,0,51
1,within-player,7,2019,5,rank_in_slot,-0.0117647058824,51,0,51
1,within-player,7,2019,10,rank_in_slot,-0.0235294117647,51,0,51
1,within-player,8,2019,1,rank_available,-0.274509803922,51,0,51
1,within-player,8,2019,3,rank_available,-0.0980392156863,51,0,51
1,within-player,8,2019,5,rank_available,-0.0549019607843,51,0,51
1,within-player,8,2019,10,rank_available,-0.0176470588235,51,0,51
1,within-player,8,2019,1,rank_in_slot,-0.0588235294118,51,0,51
1,within-player,8,2019,3,rank_in_slot,-0.0980392156863,51,0,51
1,within-player,8,2019,5,rank_in_slot,-0.078431372549,51,0,51
1,within-player,8,2019,10,rank_in_slot,-0.0294117647059,51,0,51
1,within-player,9,2019,1,rank_available,-0.196078431373,51,0,51
1,within-player,9,2019,3,rank_available,-1.08845394571e-17,51,0,51
1,within-player,9,2019,5,rank_available,-0.0901960784314,51,0,51
1,within-player,9,2019,10,rank_available,-0.0313725490196,51,0,51
1,within-player,9,2019,1,rank_in_slot,0.0588235294118,51,0,51
1,within-player,9,2019,3,rank_in_slot,-1.30614473485e-17,51,0,51
1,within-player,9,2019,5,rank_in_slot,-0.0196078431373,51,0,51
1,within-player,9,2019,10,rank_in_slot,0.0156862745098,51,0,51
1,within-player,10,2019,1,rank_available,-0.392156862745,51,0,51
1,within-player,10,2019,3,rank_available,-0.078431372549,51,0,51
1,within-player,10,2019,5,rank_available,-0.0901960784314,51,0,51
1,within-player,10,2019,10,rank_available,0.00392156862745,51,0,51
1,within-player,10,2019,1,rank_in_slot,-0.0392156862745,51,0,51
1,within-player,10,2019,3,rank_in_slot,-0.111111111111,51,0,51
1,within-player,10,2019,5,rank_in_slot,-0.133333333333,51,0,51
1,within-player,10,2019,10,rank_in_slot,0,51,0,51
1,within-player,11,2019,1,rank_available,-0.0392156862745,51,0,51
1,within-player,11,2019,3,rank_available,0.0196078431373,51,0,51
1,within-player,11,2019,5,rank_available,0.0274509803922,51,0,51
1,within-player,11,2019,10,rank_available,0.0254901960784,51,0,51
1,within-player,11,2019,1,rank_in_slot,-0.0392156862745,51,0,51
1,within-player,11,2019,3,rank_in_slot,-0.0849673202614,51,0,51
1,within-player,11,2019,5,rank_in_slot,-0.043137254902,51,0,51
1,within-player,11,2019,10,rank_in_slot,-0.00196078431373,51,0,51
1,within-player,12,2019,1,rank_available,-0.21568627451,51,0,51
1,within-player,12,2019,3,rank_available,-0.0130718954248,51,0,51
1,within-player,12,2019,5,rank_available,-0.0078431372549,51,0,51
1,within-player,12,2019,10,rank_available,-0.0274509803922,51,0,51
1,within-player,12,2019,1,rank_in_slot,0.117647058824,51,0,51
1,within-player,12,2019,3,rank_in_slot,-0.078431372549,51,0,51
1,within-player,12,2019,5,rank_in_slot,-0.0470588235294,51,0,51
1,within-player,12,2019,10,rank_in_slot,-0.0078431372549,51,0,51
1,within-player,13,2019,1,rank_available,-0.0980392156863,51,0,51
1,within-player,13,2019,3,rank_available,-0.143790849673,51,0,51
1,within-player,13,2019,5,rank_available,-0.0588235294118,51,0,51
1,within-player,13,2019,10,rank_available,-0.0470588235294,51,0,51
1,within-player,13,2019,1,rank_in_slot,0.0196078431373,51,0,51
1,within-player,13,2019,3,rank_in_slot,-0.104575163399,51,0,51
1,within-player,13,2019,5,rank_in_slot,-0.125490196078,51,0,51
1,within-player,13,2019,10,rank_in_slot,-0.0196078431373,51,0,51
1,within-player,14,2019,1,rank_available,-0.196078431373,51,0,51
1,within-player,14,2019,3,rank_available,-0.0326797385621,51,0,51
1,within-player,14,2019,5,rank_available,-0.0549019607843,51,0,51
1,within-player,14,2019,10,rank_available,-0.0254901960784,51,0,51
1,within-player,14,2019,1,rank_in_slot,0.137254901961,51,0,51
1,within-player,14,2019,3,rank_in_slot,-0.0457516339869,51,0,51
1,within-player,14,2019,5,rank_in_slot,-0.0509803921569,51,0,51
1,within-player,14,2019,10,rank_in_slot,-0.0254901960784,51,0,51
1,within-player,15,2019,1,rank_available,-0.294117647059,51,0,51
1,within-player,15,2019,3,rank_available,-0.0457516339869,51,0,51
1,within-player,15,2019,5,rank_available,-0.0313725490196,51,0,51
1,within-player,15,2019,10,rank_available,-0.0196078431373,51,0,51
1,within-player,15,2019,1,rank_in_slot,0.156862745098,51,0,51
1,within-player,15,2019,3,rank_in_slot,-0.0457516339869,51,0,51
1,within-player,15,2019,5,rank_in_slot,-0.0588235294118,51,0,51
1,within-player,15,2019,10,rank_in_slot,0.00392156862745,51,0,51
1,within-player,16,2019,1,rank_available,-0.078431372549,51,0,51
1,within-player,16,2019,3,rank_available,0.0326797385621,51,0,51
1,within-player,16,2019,5,rank_available,-0.0235294117647,51,0,51
1,within-player,16,2019,10,rank_available,-0.0196078431373,51,0,51
1,within-player,16,2019,1,rank_in_slot,0.137254901961,51,0,51
1,within-player,16,2019,3,rank_in_slot,-8.70763156569e-18,51,0,51
1,within-player,16,2019,5,rank_in_slot,-0.00392156862745,51,0,51
1,within-player,16,2019,10,rank_in_slot,-0.0274509803922,51,0,51
1,within-player,17,2019,1,rank_available,-0.196078431373,51,0,51
1,within-player,17,2019,3,rank_available,-0.078431372549,51,0,51
1,within-player,17,2019,5,rank_available,-0.0156862745098,51,0,51
1,within-player,17,2019,10,rank_available,-0.0078431372549,51,0,51
1,within-player,17,2019,1,rank_in_slot,0.0980392156863,51,0,51
1,within-player,17,2019,3,rank_in_slot,0.0522875816993,51,0,51
1,within-player,17,2019,5,rank_in_slot,-0.0313725490196,51,0,51
1,within-player,17,2019,10,rank_in_slot,-0.00196078431373,51,0,51
1,within-player,18,2019,1,rank_available,-0.294117647059,51,0,51
1,within-player,18,2019,3,rank_available,-0.078431372549,51,0,51
1,within-player,18,2019,5,rank_available,-0.0705882352941,51,0,51
1,within-player,18,2019,10,rank_available,0.0117647058824,51,0,51
1,within-player,18,2019,1,rank_in_slot,0.117647058824,51,0,51
1,within-player,18,2019,3,rank_in_slot,-0.0457516339869,51,0,51
1,within-player,18,2019,5,rank_in_slot,-0.0509803921569,51,0,51
1,within-player,18,2019,10,rank_in_slot,-0.0078431372549,51,0,51
1,within-player,19,2019,1,rank_available,-0.21568627451,51,0,51
1,within-player,19,2019,3,rank_available,0.00653594771242,51,0,51
1,within-player,19,2019,5,rank_available,0.0392156862745,51,0,51
1,within-player,19,2019,10,rank_available,0.00392156862745,51,0,51
1,within-player,19,2019,1,rank_in_slot,0.0392156862745,51,0,51
1,within-player,19,2019,3,rank_in_slot,-0.0261437908497,51,0,51
1,within-player,19,2019,5,rank_in_slot,-0.0235294117647,51,0,51
1,within-player,19,2019,10,rank_in_slot,0.0372549019608,51,0,51
1,base-rate-only,-1,2020,1,rank_available,0.0980392156863,51,0,51
1,base-rate-only,-1,2020,3,rank_available,0.0392156862745,51,0,51
1,base-rate-only,-1,2020,5,rank_available,-0.0313725490196,51,0,51
1,base-rate-only,-1,2020,10,rank_available,-0.0352941176471,51,0,51
1,base-rate-only,-1,2020,1,rank_in_slot,0.137254901961,51,0,51
1,base-rate-only,-1,2020,3,rank_in_slot,0.00653594771242,51,0,51
1,base-rate-only,-1,2020,5,rank_in_slot,-0.0509803921569,51,0,51
1,base-rate-only,-1,2020,10,rank_in_slot,0.0274509803922,51,0,51
1,current-season-rate,-1,2020,1,rank_available,-0.176470588235,51,0,51
1,current-season-rate,-1,2020,3,rank_available,-0.130718954248,51,0,51
1,current-season-rate,-1,2020,5,rank_available,-0.105882352941,51,0,51
1,current-season-rate,-1,2020,10,rank_available,-0.152941176471,51,0,51
1,current-season-rate,-1,2020,1,rank_in_slot,0.0196078431373,51,0,51
1,current-season-rate,-1,2020,3,rank_in_slot,-0.104575163399,51,0,51
1,current-season-rate,-1,2020,5,rank_in_slot,-0.109803921569,51,0,51
1,current-season-rate,-1,2020,10,rank_in_slot,-0.0450980392157,51,0,51
1,historical-rate,-1,2020,1,rank_available,-0.196078431373,51,0,51
1,historical-rate,-1,2020,3,rank_available,-0.261437908497,51,0,51
1,historical-rate,-1,2020,5,rank_available,-0.270588235294,51,0,51
1,historical-rate,-1,2020,10,rank_available,-0.207843137255,51,0,51
1,historical-rate,-1,2020,1,rank_in_slot,-0.156862745098,51,0,51
1,historical-rate,-1,2020,3,rank_in_slot,-0.254901960784,51,0,51
1,historical-rate,-1,2020,5,rank_in_slot,-0.352941176471,51,0,51
1,historical-rate,-1,2020,10,rank_in_slot,-0.266666666667,51,0,51
1,no-vegas,-1,2020,1,rank_available,0,51,0,51
1,no-vegas,-1,2020,3,rank_available,-0.0457516339869,51,0,51
1,no-vegas,-1,2020,5,rank_available,-0.0274509803922,51,0,51
1,no-vegas,-1,2020,10,rank_available,-0.0254901960784,51,0,51
1,no-vegas,-1,2020,1,rank_in_slot,-0.0392156862745,51,0,51
1,no-vegas,-1,2020,3,rank_in_slot,0.0130718954248,51,0,51
1,no-vegas,-1,2020,5,rank_in_slot,-0.0235294117647,51,0,51
1,no-vegas,-1,2020,10,rank_in_slot,-0.00196078431373,51,0,51
1,player-vegas,-1,2020,1,rank_available,0.078431372549,51,0,51
1,player-vegas,-1,2020,3,rank_available,0.0718954248366,51,0,51
1,player-vegas,-1,2020,5,rank_available,-0.00392156862745,51,0,51
1,player-vegas,-1,2020,10,rank_available,-0.0470588235294,51,0,51
1,player-vegas,-1,2020,1,rank_in_slot,-0.0980392156863,51,0,51
1,player-vegas,-1,2020,3,rank_in_slot,-0.0457516339869,51,0,51
1,player-vegas,-1,2020,5,rank_in_slot,-1.30614473485e-17,51,0,51
1,player-vegas,-1,2020,10,rank_in_slot,0.0294117647059,51,0,51
1,random,0,2020,1,rank_available,-0.901960784314,51,0,51
1,random,0,2020,3,rank_available,-0.830065359477,51,0,51
1,random,0,2020,5,rank_available,-0.705882352941,51,0,51
1,random,0,2020,10,rank_available,-0.590196078431,51,0,51
1,random,0,2020,1,rank_in_slot,-0.960784313725,51,0,51
1,random,0,2020,3,rank_in_slot,-0.993464052288,51,0,51
1,random,0,2020,5,rank_in_slot,-0.890196078431,51,0,51
1,random,0,2020,10,rank_in_slot,-0.637254901961,51,0,51
1,random,1,2020,1,rank_available,-1.07843137255,51,0,51
1,random,1,2020,3,rank_available,-0.751633986928,51,0,51
1,random,1,2020,5,rank_available,-0.760784313725,51,0,51
1,random,1,2020,10,rank_available,-0.554901960784,51,0,51
1,random,1,2020,1,rank_in_slot,-1.19607843137,51,0,51
1,random,1,2020,3,rank_in_slot,-0.908496732026,51,0,51
1,random,1,2020,5,rank_in_slot,-1.00392156863,51,0,51
1,random,1,2020,10,rank_in_slot,-0.66862745098,51,0,51
1,random,2,2020,1,rank_available,-1,51,0,51
1,random,2,2020,3,rank_available,-0.830065359477,51,0,51
1,random,2,2020,5,rank_available,-0.752941176471,51,0,51
1,random,2,2020,10,rank_available,-0.66862745098,51,0,51
1,random,2,2020,1,rank_in_slot,-1.11764705882,51,0,51
1,random,2,2020,3,rank_in_slot,-1.01960784314,51,0,51
1,random,2,2020,5,rank_in_slot,-1.00784313725,51,0,51
1,random,2,2020,10,rank_in_slot,-0.794117647059,51,0,51
1,random,3,2020,1,rank_available,-1,51,0,51
1,random,3,2020,3,rank_available,-0.679738562092,51,0,51
1,random,3,2020,5,rank_available,-0.58431372549,51,0,51
1,random,3,2020,10,rank_available,-0.556862745098,51,0,51
1,random,3,2020,1,rank_in_slot,-1.11764705882,51,0,51
1,random,3,2020,3,rank_in_slot,-0.941176470588,51,0,51
1,random,3,2020,5,rank_in_slot,-0.858823529412,51,0,51
1,random,3,2020,10,rank_in_slot,-0.713725490196,51,0,51
1,random,4,2020,1,rank_available,-1.13725490196,51,0,51
1,random,4,2020,3,rank_available,-0.803921568627,51,0,51
1,random,4,2020,5,rank_available,-0.741176470588,51,0,51
1,random,4,2020,10,rank_available,-0.645098039216,51,0,51
1,random,4,2020,1,rank_in_slot,-1.25490196078,51,0,51
1,random,4,2020,3,rank_in_slot,-0.993464052288,51,0,51
1,random,4,2020,5,rank_in_slot,-0.96862745098,51,0,51
1,random,4,2020,10,rank_in_slot,-0.8,51,0,51
1,random,5,2020,1,rank_available,-0.549019607843,51,0,51
1,random,5,2020,3,rank_available,-0.647058823529,51,0,51
1,random,5,2020,5,rank_available,-0.58431372549,51,0,51
1,random,5,2020,10,rank_available,-0.464705882353,51,0,51
1,random,5,2020,1,rank_in_slot,-0.509803921569,51,0,51
1,random,5,2020,3,rank_in_slot,-0.816993464052,51,0,51
1,random,5,2020,5,rank_in_slot,-0.83137254902,51,0,51
1,random,5,2020,10,rank_in_slot,-0.611764705882,51,0,51
1,random,6,2020,1,rank_available,-0.921568627451,51,0,51
1,random,6,2020,3,rank_available,-0.790849673203,51,0,51
1,random,6,2020,5,rank_available,-0.709803921569,51,0,51
1,random,6,2020,10,rank_available,-0.598039215686,51,0,51
1,random,6,2020,1,rank_in_slot,-0.980392156863,51,0,51
1,random,6,2020,3,rank_in_slot,-0.967320261438,51,0,51
1,random,6,2020,5,rank_in_slot,-0.937254901961,51,0,51
1,random,6,2020,10,rank_in_slot,-0.747058823529,51,0,51
1,random,7,2020,1,rank_available,-0.725490196078,51,0,51
1,random,7,2020,3,rank_available,-0.56862745098,51,0,51
1,random,7,2020,5,rank_available,-0.643137254902,51,0,51
1,random,7,2020,10,rank_available,-0.656862745098,51,0,51
1,random,7,2020,1,rank_in_slot,-0.56862745098,51,0,51
1,random,7,2020,3,rank_in_slot,-0.660130718954,51,0,51
1,random,7,2020,5,rank_in_slot,-0.81568627451,51,0,51
1,random,7,2020,10,rank_in_slot,-0.788235294118,51,0,51
1,random,8,2020,1,rank_available,-0.843137254902,51,0,51
1,random,8,2020,3,rank_available,-0.790849673203,51,0,51
1,random,8,2020,5,rank_available,-0.686274509804,51,0,51
1,random,8,2020,10,rank_available,-0.601960784314,51,0,51
1,random,8,2020,1,rank_in_slot,-0.901960784314,51,0,51
1,random,8,2020,3,rank_in_slot,-0.908496732026,51,0,51
1,random,8,2020,5,rank_in_slot,-0.898039215686,51,0,51
1,random,8,2020,10,rank_in_slot,-0.745098039216,51,0,51
1,random,9,2020,1,rank_available,-0.647058823529,51,0,51
1,random,9,2020,3,rank_available,-0.751633986928,51,0,51
1,random,9,2020,5,rank_available,-0.698039215686,51,0,51
1,random,9,2020,10,rank_available,-0.572549019608,51,0,51
1,random,9,2020,1,rank_in_slot,-0.843137254902,51,0,51
1,random,9,2020,3,rank_in_slot,-0.97385620915,51,0,51
1,random,9,2020,5,rank_in_slot,-0.929411764706,51,0,51
1,random,9,2020,10,rank_in_slot,-0.692156862745,51,0,51
1,random,10,2020,1,rank_available,-1.13725490196,51,0,51
1,random,10,2020,3,rank_available,-0.908496732026,51,0,51
1,random,10,2020,5,rank_available,-0.729411764706,51,0,51
1,random,10,2020,10,rank_available,-0.633333333333,51,0,51
1,random,10,2020,1,rank_in_slot,-1.25490196078,51,0,51
1,random,10,2020,3,rank_in_slot,-1.14379084967,51,0,51
1,random,10,2020,5,rank_in_slot,-0.972549019608,51,0,51
1,random,10,2020,10,rank_in_slot,-0.813725490196,51,0,51
1,random,11,2020,1,rank_available,-0.960784313725,51,0,51
1,random,11,2020,3,rank_available,-0.738562091503,51,0,51
1,random,11,2020,5,rank_available,-0.678431372549,51,0,51
1,random,11,2020,10,rank_available,-0.61568627451,51,0,51
1,random,11,2020,1,rank_in_slot,-1,51,0,51
1,random,11,2020,3,rank_in_slot,-0.980392156863,51,0,51
1,random,11,2020,5,rank_in_slot,-0.917647058824,51,0,51
1,random,11,2020,10,rank_in_slot,-0.764705882353,51,0,51
1,random,12,2020,1,rank_available,-0.745098039216,51,0,51
1,random,12,2020,3,rank_available,-0.673202614379,51,0,51
1,random,12,2020,5,rank_available,-0.729411764706,51,0,51
1,random,12,2020,10,rank_available,-0.513725490196,51,0,51
1,random,12,2020,1,rank_in_slot,-0.764705882353,51,0,51
1,random,12,2020,3,rank_in_slot,-0.875816993464,51,0,51
1,random,12,2020,5,rank_in_slot,-0.972549019608,51,0,51
1,random,12,2020,10,rank_in_slot,-0.652941176471,51,0,51
1,random,13,2020,1,rank_available,-0.843137254902,51,0,51
1,random,13,2020,3,rank_available,-0.62091503268,51,0,51
1,random,13,2020,5,rank_available,-0.698039215686,51,0,51
1,random,13,2020,10,rank_available,-0.662745098039,51,0,51
1,random,13,2020,1,rank_in_slot,-0.960784313725,51,0,51
1,random,13,2020,3,rank_in_slot,-0.81045751634,51,0,51
1,random,13,2020,5,rank_in_slot,-0.929411764706,51,0,51
1,random,13,2020,10,rank_in_slot,-0.803921568627,51,0,51
1,random,14,2020,1,rank_available,-0.529411764706,51,0,51
1,random,14,2020,3,rank_available,-0.555555555556,51,0,51
1,random,14,2020,5,rank_available,-0.56862745098,51,0,51
1,random,14,2020,10,rank_available,-0.496078431373,51,0,51
1,random,14,2020,1,rank_in_slot,-0.56862745098,51,0,51
1,random,14,2020,3,rank_in_slot,-0.588235294118,51,0,51
1,random,14,2020,5,rank_in_slot,-0.760784313725,51,0,51
1,random,14,2020,10,rank_in_slot,-0.596078431373,51,0,51
1,random,15,2020,1,rank_available,-0.921568627451,51,0,51
1,random,15,2020,3,rank_available,-0.745098039216,51,0,51
1,random,15,2020,5,rank_available,-0.701960784314,51,0,51
1,random,15,2020,10,rank_available,-0.637254901961,51,0,51
1,random,15,2020,1,rank_in_slot,-0.960784313725,51,0,51
1,random,15,2020,3,rank_in_slot,-0.901960784314,51,0,51
1,random,15,2020,5,rank_in_slot,-0.894117647059,51,0,51
1,random,15,2020,10,rank_in_slot,-0.786274509804,51,0,51
1,random,16,2020,1,rank_available,-1.01960784314,51,0,51
1,random,16,2020,3,rank_available,-0.849673202614,51,0,51
1,random,16,2020,5,rank_available,-0.78431372549,51,0,51
1,random,16,2020,10,rank_available,-0.703921568627,51,0,51
1,random,16,2020,1,rank_in_slot,-1.13725490196,51,0,51
1,random,16,2020,3,rank_in_slot,-1.08496732026,51,0,51
1,random,16,2020,5,rank_in_slot,-0.956862745098,51,0,51
1,random,16,2020,10,rank_in_slot,-0.837254901961,51,0,51
1,random,17,2020,1,rank_available,-0.901960784314,51,0,51
1,random,17,2020,3,rank_available,-0.758169934641,51,0,51
1,random,17,2020,5,rank_available,-0.76862745098,51,0,51
1,random,17,2020,10,rank_available,-0.686274509804,51,0,51
1,random,17,2020,1,rank_in_slot,-0.960784313725,51,0,51
1,random,17,2020,3,rank_in_slot,-0.993464052288,51,0,51
1,random,17,2020,5,rank_in_slot,-1.05490196078,51,0,51
1,random,17,2020,10,rank_in_slot,-0.866666666667,51,0,51
1,random,18,2020,1,rank_available,-0.921568627451,51,0,51
1,random,18,2020,3,rank_available,-0.725490196078,51,0,51
1,random,18,2020,5,rank_available,-0.705882352941,51,0,51
1,random,18,2020,10,rank_available,-0.539215686275,51,0,51
1,random,18,2020,1,rank_in_slot,-1.03921568627,51,0,51
1,random,18,2020,3,rank_in_slot,-0.830065359477,51,0,51
1,random,18,2020,5,rank_in_slot,-0.890196078431,51,0,51
1,random,18,2020,10,rank_in_slot,-0.694117647059,51,0,51
1,random,19,2020,1,rank_available,-0.666666666667,51,0,51
1,random,19,2020,3,rank_available,-0.673202614379,51,0,51
1,random,19,2020,5,rank_available,-0.6,51,0,51
1,random,19,2020,10,rank_available,-0.535294117647,51,0,51
1,random,19,2020,1,rank_in_slot,-0.490196078431,51,0,51
1,random,19,2020,3,rank_in_slot,-0.849673202614,51,0,51
1,random,19,2020,5,rank_in_slot,-0.847058823529,51,0,51
1,random,19,2020,10,rank_in_slot,-0.680392156863,51,0,51
1,regressed-rate,-1,2020,1,rank_available,0.117647058824,51,0,51
1,regressed-rate,-1,2020,3,rank_available,-0.0915032679739,51,0,51
1,regressed-rate,-1,2020,5,rank_available,-0.133333333333,51,0,51
1,regressed-rate,-1,2020,10,rank_available,-0.147058823529,51,0,51
1,regressed-rate,-1,2020,1,rank_in_slot,-0.078431372549,51,0,51
1,regressed-rate,-1,2020,3,rank_in_slot,-0.209150326797,51,0,51
1,regressed-rate,-1,2020,5,rank_in_slot,-0.235294117647,51,0,51
1,regressed-rate,-1,2020,10,rank_in_slot,-0.150980392157,51,0,51
1,vegas-environment,-1,2020,1,rank_available,-0.43137254902,51,0,51
1,vegas-environment,-1,2020,3,rank_available,-0.241830065359,51,0,51
1,vegas-environment,-1,2020,5,rank_available,-0.18431372549,51,0,51
1,vegas-environment,-1,2020,10,rank_available,-0.0843137254902,51,0,51
1,vegas-environment,-1,2020,1,rank_in_slot,-0.254901960784,51,0,51
1,vegas-environment,-1,2020,3,rank_in_slot,-0.300653594771,51,0,51
1,vegas-environment,-1,2020,5,rank_in_slot,-0.333333333333,51,0,51
1,vegas-environment,-1,2020,10,rank_in_slot,-0.203921568627,51,0,51
1,within-player,0,2020,1,rank_available,0.137254901961,51,0,51
1,within-player,0,2020,3,rank_available,0.0457516339869,51,0,51
1,within-player,0,2020,5,rank_available,-0.043137254902,51,0,51
1,within-player,0,2020,10,rank_available,-0.0274509803922,51,0,51
1,within-player,0,2020,1,rank_in_slot,-0.0392156862745,51,0,51
1,within-player,0,2020,3,rank_in_slot,0.0653594771242,51,0,51
1,within-player,0,2020,5,rank_in_slot,0.0078431372549,51,0,51
1,within-player,0,2020,10,rank_in_slot,-0.0254901960784,51,0,51
1,within-player,1,2020,1,rank_available,0.0196078431373,51,0,51
1,within-player,1,2020,3,rank_available,0.0980392156863,51,0,51
1,within-player,1,2020,5,rank_available,0.0313725490196,51,0,51
1,within-player,1,2020,10,rank_available,-1.08845394571e-18,51,0,51
1,within-player,1,2020,1,rank_in_slot,-0.0392156862745,51,0,51
1,within-player,1,2020,3,rank_in_slot,0.0261437908497,51,0,51
1,within-player,1,2020,5,rank_in_slot,-0.0705882352941,51,0,51
1,within-player,1,2020,10,rank_in_slot,2.82998025885e-17,51,0,51
1,within-player,2,2020,1,rank_available,-0.0392156862745,51,0,51
1,within-player,2,2020,3,rank_available,0.0653594771242,51,0,51
1,within-player,2,2020,5,rank_available,0.0274509803922,51,0,51
1,within-player,2,2020,10,rank_available,0.00980392156863,51,0,51
1,within-player,2,2020,1,rank_in_slot,0.0196078431373,51,0,51
1,within-player,2,2020,3,rank_in_slot,-0.0261437908497,51,0,51
1,within-player,2,2020,5,rank_in_slot,-0.0235294117647,51,0,51
1,within-player,2,2020,10,rank_in_slot,0.00196078431373,51,0,51
1,within-player,3,2020,1,rank_available,-0.117647058824,51,0,51
1,within-player,3,2020,3,rank_available,0.0915032679739,51,0,51
1,within-player,3,2020,5,rank_available,0.043137254902,51,0,51
1,within-player,3,2020,10,rank_available,-0.0137254901961,51,0,51
1,within-player,3,2020,1,rank_in_slot,0.0392156862745,51,0,51
1,within-player,3,2020,3,rank_in_slot,-0.0326797385621,51,0,51
1,within-player,3,2020,5,rank_in_slot,-0.0941176470588,51,0,51
1,within-player,3,2020,10,rank_in_slot,0.0196078431373,51,0,51
1,within-player,4,2020,1,rank_available,0.137254901961,51,0,51
1,within-player,4,2020,3,rank_available,0.0522875816993,51,0,51
1,within-player,4,2020,5,rank_available,0.0235294117647,51,0,51
1,within-player,4,2020,10,rank_available,-0.0196078431373,51,0,51
1,within-player,4,2020,1,rank_in_slot,0,51,0,51
1,within-player,4,2020,3,rank_in_slot,-0.00653594771242,51,0,51
1,within-player,4,2020,5,rank_in_slot,-0.0352941176471,51,0,51
1,within-player,4,2020,10,rank_in_slot,0.00588235294118,51,0,51
1,within-player,5,2020,1,rank_available,-0.137254901961,51,0,51
1,within-player,5,2020,3,rank_available,0.117647058824,51,0,51
1,within-player,5,2020,5,rank_available,0.043137254902,51,0,51
1,within-player,5,2020,10,rank_available,-0.00588235294118,51,0,51
1,within-player,5,2020,1,rank_in_slot,0.0980392156863,51,0,51
1,within-player,5,2020,3,rank_in_slot,0.117647058824,51,0,51
1,within-player,5,2020,5,rank_in_slot,-0.0156862745098,51,0,51
1,within-player,5,2020,10,rank_in_slot,0.0235294117647,51,0,51
1,within-player,6,2020,1,rank_available,0.078431372549,51,0,51
1,within-player,6,2020,3,rank_available,0.0653594771242,51,0,51
1,within-player,6,2020,5,rank_available,0.0117647058824,51,0,51
1,within-player,6,2020,10,rank_available,-0.0254901960784,51,0,51
1,within-player,6,2020,1,rank_in_slot,-0.117647058824,51,0,51
1,within-player,6,2020,3,rank_in_slot,0.0261437908497,51,0,51
1,within-player,6,2020,5,rank_in_slot,-0.0078431372549,51,0,51
1,within-player,6,2020,10,rank_in_slot,2.17690789142e-18,51,0,51
1,within-player,7,2020,1,rank_available,-0.0980392156863,51,0,51
1,within-player,7,2020,3,rank_available,0.0849673202614,51,0,51
1,within-player,7,2020,5,rank_available,0.0235294117647,51,0,51
1,within-player,7,2020,10,rank_available,0.0078431372549,51,0,51
1,within-player,7,2020,1,rank_in_slot,0.137254901961,51,0,51
1,within-player,7,2020,3,rank_in_slot,0.0326797385621,51,0,51
1,within-player,7,2020,5,rank_in_slot,-0.00392156862745,51,0,51
1,within-player,7,2020,10,rank_in_slot,-0.00196078431373,51,0,51
1,within-player,8,2020,1,rank_available,0,51,0,51
1,within-player,8,2020,3,rank_available,0.0130718954248,51,0,51
1,within-player,8,2020,5,rank_available,0.0117647058824,51,0,51
1,within-player,8,2020,10,rank_available,0.0078431372549,51,0,51
1,within-player,8,2020,1,rank_in_slot,-0.235294117647,51,0,51
1,within-player,8,2020,3,rank_in_slot,-0.00653594771242,51,0,51
1,within-player,8,2020,5,rank_in_slot,0.0078431372549,51,0,51
1,within-player,8,2020,10,rank_in_slot,0.00196078431373,51,0,51
1,within-player,9,2020,1,rank_available,0.0980392156863,51,0,51
1,within-player,9,2020,3,rank_available,0.104575163399,51,0,51
1,within-player,9,2020,5,rank_available,0.0862745098039,51,0,51
1,within-player,9,2020,10,rank_available,-0.0274509803922,51,0,51
1,within-player,9,2020,1,rank_in_slot,0.0588235294118,51,0,51
1,within-player,9,2020,3,rank_in_slot,0.0326797385621,51,0,51
1,within-player,9,2020,5,rank_in_slot,0.0549019607843,51,0,51
1,within-player,9,2020,10,rank_in_slot,0.0392156862745,51,0,51
1,within-player,10,2020,1,rank_available,0.0196078431373,51,0,51
1,within-player,10,2020,3,rank_available,0.111111111111,51,0,51
1,within-player,10,2020,5,rank_available,0.0509803921569,51,0,51
1,within-player,10,2020,10,rank_available,-0.00588235294118,51,0,51
1,within-player,10,2020,1,rank_in_slot,-0.078431372549,51,0,51
1,within-player,10,2020,3,rank_in_slot,-1.08845394571e-17,51,0,51
1,within-player,10,2020,5,rank_in_slot,4.35381578284e-18,51,0,51
1,within-player,10,2020,10,rank_in_slot,-0.00980392156863,51,0,51
1,within-player,11,2020,1,rank_available,0.0196078431373,51,0,51
1,within-player,11,2020,3,rank_available,0.0392156862745,51,0,51
1,within-player,11,2020,5,rank_available,-0.0196078431373,51,0,51
1,within-player,11,2020,10,rank_available,0.00588235294118,51,0,51
1,within-player,11,2020,1,rank_in_slot,0,51,0,51
1,within-player,11,2020,3,rank_in_slot,-0.0130718954248,51,0,51
1,within-player,11,2020,5,rank_in_slot,-0.0274509803922,51,0,51
1,within-player,11,2020,10,rank_in_slot,0.00980392156863,51,0,51
1,within-player,12,2020,1,rank_available,-0.0980392156863,51,0,51
1,within-player,12,2020,3,rank_available,0.00653594771242,51,0,51
1,within-player,12,2020,5,rank_available,-0.0274509803922,51,0,51
1,within-player,12,2020,10,rank_available,-0.0137254901961,51,0,51
1,within-player,12,2020,1,rank_in_slot,-0.0588235294118,51,0,51
1,within-player,12,2020,3,rank_in_slot,-0.0392156862745,51,0,51
1,within-player,12,2020,5,rank_in_slot,-0.0941176470588,51,0,51
1,within-player,12,2020,10,rank_in_slot,-0.0196078431373,51,0,51
1,within-player,13,2020,1,rank_available,-0.0588235294118,51,0,51
1,within-player,13,2020,3,rank_available,-0.0326797385621,51,0,51
1,within-player,13,2020,5,rank_available,-0.0235294117647,51,0,51
1,within-player,13,2020,10,rank_available,-0.0078431372549,51,0,51
1,within-player,13,2020,1,rank_in_slot,0.117647058824,51,0,51
1,within-player,13,2020,3,rank_in_slot,-0.0392156862745,51,0,51
1,within-player,13,2020,5,rank_in_slot,-0.0549019607843,51,0,51
1,within-player,13,2020,10,rank_in_slot,0.0078431372549,51,0,51
1,within-player,14,2020,1,rank_available,0.078431372549,51,0,51
1,within-player,14,2020,3,rank_available,0,51,0,51
1,within-player,14,2020,5,rank_available,-0.00392156862745,51,0,51
1,within-player,14,2020,10,rank_available,-0.00588235294118,51,0,51
1,within-player,14,2020,1,rank_in_slot,-0.0588235294118,51,0,51
1,within-player,14,2020,3,rank_in_slot,-4.35381578284e-18,51,0,51
1,within-player,14,2020,5,rank_in_slot,-0.0235294117647,51,0,51
1,within-player,14,2020,10,rank_in_slot,-0.0078431372549,51,0,51
1,within-player,15,2020,1,rank_available,0.176470588235,51,0,51
1,within-player,15,2020,3,rank_available,0.117647058824,51,0,51
1,within-player,15,2020,5,rank_available,0.0588235294118,51,0,51
1,within-player,15,2020,10,rank_available,-0.0196078431373,51,0,51
1,within-player,15,2020,1,rank_in_slot,0.0196078431373,51,0,51
1,within-player,15,2020,3,rank_in_slot,-0.0392156862745,51,0,51
1,within-player,15,2020,5,rank_in_slot,-0.043137254902,51,0,51
1,within-player,15,2020,10,rank_in_slot,0.0313725490196,51,0,51
1,within-player,16,2020,1,rank_available,0.0196078431373,51,0,51
1,within-player,16,2020,3,rank_available,0.0522875816993,51,0,51
1,within-player,16,2020,5,rank_available,0.0313725490196,51,0,51
1,within-player,16,2020,10,rank_available,-0.0294117647059,51,0,51
1,within-player,16,2020,1,rank_in_slot,-0.0588235294118,51,0,51
1,within-player,16,2020,3,rank_in_slot,0.0522875816993,51,0,51
1,within-player,16,2020,5,rank_in_slot,-0.0392156862745,51,0,51
1,within-player,16,2020,10,rank_in_slot,0.0137254901961,51,0,51
1,within-player,17,2020,1,rank_available,0.0588235294118,51,0,51
1,within-player,17,2020,3,rank_available,0.00653594771242,51,0,51
1,within-player,17,2020,5,rank_available,0.0627450980392,51,0,51
1,within-player,17,2020,10,rank_available,-0.0254901960784,51,0,51
1,within-player,17,2020,1,rank_in_slot,0.0392156862745,51,0,51
1,within-player,17,2020,3,rank_in_slot,-0.0457516339869,51,0,51
1,within-player,17,2020,5,rank_in_slot,-0.0235294117647,51,0,51
1,within-player,17,2020,10,rank_in_slot,0.021568627451,51,0,51
1,within-player,18,2020,1,rank_available,0.0392156862745,51,0,51
1,within-player,18,2020,3,rank_available,0.0326797385621,51,0,51
1,within-player,18,2020,5,rank_available,0.0392156862745,51,0,51
1,within-player,18,2020,10,rank_available,4.35381578284e-18,51,0,51
1,within-player,18,2020,1,rank_in_slot,-0.0392156862745,51,0,51
1,within-player,18,2020,3,rank_in_slot,0.0261437908497,51,0,51
1,within-player,18,2020,5,rank_in_slot,-0.0392156862745,51,0,51
1,within-player,18,2020,10,rank_in_slot,0.0235294117647,51,0,51
1,within-player,19,2020,1,rank_available,0,51,0,51
1,within-player,19,2020,3,rank_available,0.078431372549,51,0,51
1,within-player,19,2020,5,rank_available,0.0117647058824,51,0,51
1,within-player,19,2020,10,rank_available,0.0117647058824,51,0,51
1,within-player,19,2020,1,rank_in_slot,-0.117647058824,51,0,51
1,within-player,19,2020,3,rank_in_slot,0.130718954248,51,0,51
1,within-player,19,2020,5,rank_in_slot,-2.17690789142e-17,51,0,51
1,within-player,19,2020,10,rank_in_slot,0.0333333333333,51,0,51
1,base-rate-only,-1,2021,1,rank_available,0,54,0,54
1,base-rate-only,-1,2021,3,rank_available,-0.0617283950617,54,0,54
1,base-rate-only,-1,2021,5,rank_available,-0.111111111111,54,0,54
1,base-rate-only,-1,2021,10,rank_available,-0.0592592592593,54,0,54
1,base-rate-only,-1,2021,1,rank_in_slot,-0.0555555555556,54,0,54
1,base-rate-only,-1,2021,3,rank_in_slot,-0.0308641975309,54,0,54
1,base-rate-only,-1,2021,5,rank_in_slot,-0.0407407407407,54,0,54
1,base-rate-only,-1,2021,10,rank_in_slot,-0.0407407407407,54,0,54
1,current-season-rate,-1,2021,1,rank_available,0.185185185185,54,0,54
1,current-season-rate,-1,2021,3,rank_available,-0.0925925925926,54,0,54
1,current-season-rate,-1,2021,5,rank_available,-0.248148148148,54,0,54
1,current-season-rate,-1,2021,10,rank_available,-0.244444444444,54,0,54
1,current-season-rate,-1,2021,1,rank_in_slot,-0.037037037037,54,0,54
1,current-season-rate,-1,2021,3,rank_in_slot,-0.0925925925926,54,0,54
1,current-season-rate,-1,2021,5,rank_in_slot,-0.122222222222,54,0,54
1,current-season-rate,-1,2021,10,rank_in_slot,-0.155555555556,54,0,54
1,historical-rate,-1,2021,1,rank_available,-0.203703703704,54,0,54
1,historical-rate,-1,2021,3,rank_available,-0.197530864198,54,0,54
1,historical-rate,-1,2021,5,rank_available,-0.244444444444,54,0,54
1,historical-rate,-1,2021,10,rank_available,-0.12962962963,54,0,54
1,historical-rate,-1,2021,1,rank_in_slot,-0.037037037037,54,0,54
1,historical-rate,-1,2021,3,rank_in_slot,-0.148148148148,54,0,54
1,historical-rate,-1,2021,5,rank_in_slot,-0.125925925926,54,0,54
1,historical-rate,-1,2021,10,rank_in_slot,-0.162962962963,54,0,54
1,no-vegas,-1,2021,1,rank_available,-0.037037037037,54,0,54
1,no-vegas,-1,2021,3,rank_available,0.0123456790123,54,0,54
1,no-vegas,-1,2021,5,rank_available,-1.02798428206e-18,54,0,54
1,no-vegas,-1,2021,10,rank_available,-0.0203703703704,54,0,54
1,no-vegas,-1,2021,1,rank_in_slot,0,54,0,54
1,no-vegas,-1,2021,3,rank_in_slot,-0.0802469135802,54,0,54
1,no-vegas,-1,2021,5,rank_in_slot,-0.0592592592593,54,0,54
1,no-vegas,-1,2021,10,rank_in_slot,-0.0462962962963,54,0,54
1,player-vegas,-1,2021,1,rank_available,0.0555555555556,54,0,54
1,player-vegas,-1,2021,3,rank_available,-0.123456790123,54,0,54
1,player-vegas,-1,2021,5,rank_available,-0.133333333333,54,0,54
1,player-vegas,-1,2021,10,rank_available,-0.0851851851852,54,0,54
1,player-vegas,-1,2021,1,rank_in_slot,-0.0555555555556,54,0,54
1,player-vegas,-1,2021,3,rank_in_slot,-0.0123456790123,54,0,54
1,player-vegas,-1,2021,5,rank_in_slot,-0.037037037037,54,0,54
1,player-vegas,-1,2021,10,rank_in_slot,-0.0166666666667,54,0,54
1,random,0,2021,1,rank_available,-0.666666666667,54,0,54
1,random,0,2021,3,rank_available,-0.672839506173,54,0,54
1,random,0,2021,5,rank_available,-0.625925925926,54,0,54
1,random,0,2021,10,rank_available,-0.492592592593,54,0,54
1,random,0,2021,1,rank_in_slot,-0.888888888889,54,0,54
1,random,0,2021,3,rank_in_slot,-0.962962962963,54,0,54
1,random,0,2021,5,rank_in_slot,-0.777777777778,54,0,54
1,random,0,2021,10,rank_in_slot,-0.675925925926,54,0,54
1,random,1,2021,1,rank_available,-0.814814814815,54,0,54
1,random,1,2021,3,rank_available,-0.716049382716,54,0,54
1,random,1,2021,5,rank_available,-0.774074074074,54,0,54
1,random,1,2021,10,rank_available,-0.487037037037,54,0,54
1,random,1,2021,1,rank_in_slot,-1.05555555556,54,0,54
1,random,1,2021,3,rank_in_slot,-0.987654320988,54,0,54
1,random,1,2021,5,rank_in_slot,-0.992592592593,54,0,54
1,random,1,2021,10,rank_in_slot,-0.683333333333,54,0,54
1,random,2,2021,1,rank_available,-0.759259259259,54,0,54
1,random,2,2021,3,rank_available,-0.611111111111,54,0,54
1,random,2,2021,5,rank_available,-0.603703703704,54,0,54
1,random,2,2021,10,rank_available,-0.531481481481,54,0,54
1,random,2,2021,1,rank_in_slot,-1.01851851852,54,0,54
1,random,2,2021,3,rank_in_slot,-0.882716049383,54,0,54
1,random,2,2021,5,rank_in_slot,-0.796296296296,54,0,54
1,random,2,2021,10,rank_in_slot,-0.742592592593,54,0,54
1,random,3,2021,1,rank_available,-0.851851851852,54,0,54
1,random,3,2021,3,rank_available,-0.666666666667,54,0,54
1,random,3,2021,5,rank_available,-0.666666666667,54,0,54
1,random,3,2021,10,rank_available,-0.561111111111,54,0,54
1,random,3,2021,1,rank_in_slot,-1.09259259259,54,0,54
1,random,3,2021,3,rank_in_slot,-1.00617283951,54,0,54
1,random,3,2021,5,rank_in_slot,-0.87037037037,54,0,54
1,random,3,2021,10,rank_in_slot,-0.822222222222,54,0,54
1,random,4,2021,1,rank_available,-0.685185185185,54,0,54
1,random,4,2021,3,rank_available,-0.672839506173,54,0,54
1,random,4,2021,5,rank_available,-0.711111111111,54,0,54
1,random,4,2021,10,rank_available,-0.518518518519,54,0,54
1,random,4,2021,1,rank_in_slot,-0.925925925926,54,0,54
1,random,4,2021,3,rank_in_slot,-0.901234567901,54,0,54
1,random,4,2021,5,rank_in_slot,-0.877777777778,54,0,54
1,random,4,2021,10,rank_in_slot,-0.762962962963,54,0,54
1,random,5,2021,1,rank_available,-0.462962962963,54,0,54
1,random,5,2021,3,rank_available,-0.617283950617,54,0,54
1,random,5,2021,5,rank_available,-0.625925925926,54,0,54
1,random,5,2021,10,rank_available,-0.512962962963,54,0,54
1,random,5,2021,1,rank_in_slot,-0.685185185185,54,0,54
1,random,5,2021,3,rank_in_slot,-0.851851851852,54,0,54
1,random,5,2021,5,rank_in_slot,-0.8,54,0,54
1,random,5,2021,10,rank_in_slot,-0.762962962963,54,0,54
1,random,6,2021,1,rank_available,-0.592592592593,54,0,54
1,random,6,2021,3,rank_available,-0.623456790123,54,0,54
1,random,6,2021,5,rank_available,-0.703703703704,54,0,54
1,random,6,2021,10,rank_available,-0.581481481481,54,0,54
1,random,6,2021,1,rank_in_slot,-0.796296296296,54,0,54
1,random,6,2021,3,rank_in_slot,-0.833333333333,54,0,54
1,random,6,2021,5,rank_in_slot,-0.814814814815,54,0,54
1,random,6,2021,10,rank_in_slot,-0.824074074074,54,0,54
1,random,7,2021,1,rank_available,-0.314814814815,54,0,54
1,random,7,2021,3,rank_available,-0.506172839506,54,0,54
1,random,7,2021,5,rank_available,-0.596296296296,54,0,54
1,random,7,2021,10,rank_available,-0.527777777778,54,0,54
1,random,7,2021,1,rank_in_slot,-0.259259259259,54,0,54
1,random,7,2021,3,rank_in_slot,-0.70987654321,54,0,54
1,random,7,2021,5,rank_in_slot,-0.744444444444,54,0,54
1,random,7,2021,10,rank_in_slot,-0.757407407407,54,0,54
1,random,8,2021,1,rank_available,-0.62962962963,54,0,54
1,random,8,2021,3,rank_available,-0.561728395062,54,0,54
1,random,8,2021,5,rank_available,-0.596296296296,54,0,54
1,random,8,2021,10,rank_available,-0.524074074074,54,0,54
1,random,8,2021,1,rank_in_slot,-0.851851851852,54,0,54
1,random,8,2021,3,rank_in_slot,-0.827160493827,54,0,54
1,random,8,2021,5,rank_in_slot,-0.811111111111,54,0,54
1,random,8,2021,10,rank_in_slot,-0.781481481481,54,0,54
1,random,9,2021,1,rank_available,-0.5,54,0,54
1,random,9,2021,3,rank_available,-0.604938271605,54,0,54
1,random,9,2021,5,rank_available,-0.677777777778,54,0,54
1,random,9,2021,10,rank_available,-0.548148148148,54,0,54
1,random,9,2021,1,rank_in_slot,-0.592592592593,54,0,54
1,random,9,2021,3,rank_in_slot,-0.864197530864,54,0,54
1,random,9,2021,5,rank_in_slot,-0.844444444444,54,0,54
1,random,9,2021,10,rank_in_slot,-0.759259259259,54,0,54
1,random,10,2021,1,rank_available,-0.814814814815,54,0,54
1,random,10,2021,3,rank_available,-0.759259259259,54,0,54
1,random,10,2021,5,rank_available,-0.707407407407,54,0,54
1,random,10,2021,10,rank_available,-0.57037037037,54,0,54
1,random,10,2021,1,rank_in_slot,-1.05555555556,54,0,54
1,random,10,2021,3,rank_in_slot,-1.06172839506,54,0,54
1,random,10,2021,5,rank_in_slot,-0.87037037037,54,0,54
1,random,10,2021,10,rank_in_slot,-0.807407407407,54,0,54
1,random,11,2021,1,rank_available,-0.574074074074,54,0,54
1,random,11,2021,3,rank_available,-0.66049382716,54,0,54
1,random,11,2021,5,rank_available,-0.740740740741,54,0,54
1,random,11,2021,10,rank_available,-0.601851851852,54,0,54
1,random,11,2021,1,rank_in_slot,-0.796296296296,54,0,54
1,random,11,2021,3,rank_in_slot,-0.987654320988,54,0,54
1,random,11,2021,5,rank_in_slot,-0.988888888889,54,0,54
1,random,11,2021,10,rank_in_slot,-0.881481481481,54,0,54
1,random,12,2021,1,rank_available,-0.62962962963,54,0,54
1,random,12,2021,3,rank_available,-0.586419753086,54,0,54
1,random,12,2021,5,rank_available,-0.688888888889,54,0,54
1,random,12,2021,10,rank_available,-0.507407407407,54,0,54
1,random,12,2021,1,rank_in_slot,-0.87037037037,54,0,54
1,random,12,2021,3,rank_in_slot,-0.901234567901,54,0,54
1,random,12,2021,5,rank_in_slot,-0.903703703704,54,0,54
1,random,12,2021,10,rank_in_slot,-0.716666666667,54,0,54
1,random,13,2021,1,rank_available,-0.333333333333,54,0,54
1,random,13,2021,3,rank_available,-0.512345679012,54,0,54
1,random,13,2021,5,rank_available,-0.618518518519,54,0,54
1,random,13,2021,10,rank_available,-0.540740740741,54,0,54
1,random,13,2021,1,rank_in_slot,-0.574074074074,54,0,54
1,random,13,2021,3,rank_in_slot,-0.70987654321,54,0,54
1,random,13,2021,5,rank_in_slot,-0.785185185185,54,0,54
1,random,13,2021,10,rank_in_slot,-0.785185185185,54,0,54
1,random,14,2021,1,rank_available,-0.407407407407,54,0,54
1,random,14,2021,3,rank_available,-0.475308641975,54,0,54
1,random,14,2021,5,rank_available,-0.574074074074,54,0,54
1,random,14,2021,10,rank_available,-0.511111111111,54,0,54
1,random,14,2021,1,rank_in_slot,-0.574074074074,54,0,54
1,random,14,2021,3,rank_in_slot,-0.549382716049,54,0,54
1,random,14,2021,5,rank_in_slot,-0.685185185185,54,0,54
1,random,14,2021,10,rank_in_slot,-0.685185185185,54,0,54
1,random,15,2021,1,rank_available,-0.481481481481,54,0,54
1,random,15,2021,3,rank_available,-0.444444444444,54,0,54
1,random,15,2021,5,rank_available,-0.540740740741,54,0,54
1,random,15,2021,10,rank_available,-0.501851851852,54,0,54
1,random,15,2021,1,rank_in_slot,-0.648148148148,54,0,54
1,random,15,2021,3,rank_in_slot,-0.716049382716,54,0,54
1,random,15,2021,5,rank_in_slot,-0.681481481481,54,0,54
1,random,15,2021,10,rank_in_slot,-0.759259259259,54,0,54
1,random,16,2021,1,rank_available,-0.685185185185,54,0,54
1,random,16,2021,3,rank_available,-0.611111111111,54,0,54
1,random,16,2021,5,rank_available,-0.655555555556,54,0,54
1,random,16,2021,10,rank_available,-0.596296296296,54,0,54
1,random,16,2021,1,rank_in_slot,-0.925925925926,54,0,54
1,random,16,2021,3,rank_in_slot,-0.913580246914,54,0,54
1,random,16,2021,5,rank_in_slot,-0.781481481481,54,0,54
1,random,16,2021,10,rank_in_slot,-0.837037037037,54,0,54
1,random,17,2021,1,rank_available,-0.592592592593,54,0,54
1,random,17,2021,3,rank_available,-0.672839506173,54,0,54
1,random,17,2021,5,rank_available,-0.72962962963,54,0,54
1,random,17,2021,10,rank_available,-0.611111111111,54,0,54
1,random,17,2021,1,rank_in_slot,-0.814814814815,54,0,54
1,random,17,2021,3,rank_in_slot,-0.950617283951,54,0,54
1,random,17,2021,5,rank_in_slot,-0.959259259259,54,0,54
1,random,17,2021,10,rank_in_slot,-0.901851851852,54,0,54
1,random,18,2021,1,rank_available,-0.722222222222,54,0,54
1,random,18,2021,3,rank_available,-0.567901234568,54,0,54
1,random,18,2021,5,rank_available,-0.662962962963,54,0,54
1,random,18,2021,10,rank_available,-0.5,54,0,54
1,random,18,2021,1,rank_in_slot,-0.962962962963,54,0,54
1,random,18,2021,3,rank_in_slot,-0.753086419753,54,0,54
1,random,18,2021,5,rank_in_slot,-0.785185185185,54,0,54
1,random,18,2021,10,rank_in_slot,-0.694444444444,54,0,54
1,random,19,2021,1,rank_available,-0.351851851852,54,0,54
1,random,19,2021,3,rank_available,-0.561728395062,54,0,54
1,random,19,2021,5,rank_available,-0.581481481481,54,0,54
1,random,19,2021,10,rank_available,-0.481481481481,54,0,54
1,random,19,2021,1,rank_in_slot,-0.203703703704,54,0,54
1,random,19,2021,3,rank_in_slot,-0.783950617284,54,0,54
1,random,19,2021,5,rank_in_slot,-0.751851851852,54,0,54
1,random,19,2021,10,rank_in_slot,-0.705555555556,54,0,54
1,regressed-rate,-1,2021,1,rank_available,-0.111111111111,54,0,54
1,regressed-rate,-1,2021,3,rank_available,-0.0802469135802,54,0,54
1,regressed-rate,-1,2021,5,rank_available,-0.12962962963,54,0,54
1,regressed-rate,-1,2021,10,rank_available,-0.0981481481481,54,0,54
1,regressed-rate,-1,2021,1,rank_in_slot,0.0185185185185,54,0,54
1,regressed-rate,-1,2021,3,rank_in_slot,-0.0555555555556,54,0,54
1,regressed-rate,-1,2021,5,rank_in_slot,-0.062962962963,54,0,54
1,regressed-rate,-1,2021,10,rank_in_slot,-0.0981481481481,54,0,54
1,vegas-environment,-1,2021,1,rank_available,0.0925925925926,54,0,54
1,vegas-environment,-1,2021,3,rank_available,-0.0740740740741,54,0,54
1,vegas-environment,-1,2021,5,rank_available,-0.174074074074,54,0,54
1,vegas-environment,-1,2021,10,rank_available,-0.0574074074074,54,0,54
1,vegas-environment,-1,2021,1,rank_in_slot,-0.0185185185185,54,0,54
1,vegas-environment,-1,2021,3,rank_in_slot,-0.111111111111,54,0,54
1,vegas-environment,-1,2021,5,rank_in_slot,-0.137037037037,54,0,54
1,vegas-environment,-1,2021,10,rank_in_slot,-0.153703703704,54,0,54
1,within-player,0,2021,1,rank_available,0.0185185185185,54,0,54
1,within-player,0,2021,3,rank_available,-0.0432098765432,54,0,54
1,within-player,0,2021,5,rank_available,-0.0148148148148,54,0,54
1,within-player,0,2021,10,rank_available,0.00185185185185,54,0,54
1,within-player,0,2021,1,rank_in_slot,-0.0740740740741,54,0,54
1,within-player,0,2021,3,rank_in_slot,-0.0246913580247,54,0,54
1,within-player,0,2021,5,rank_in_slot,-0.0148148148148,54,0,54
1,within-player,0,2021,10,rank_in_slot,-0.0185185185185,54,0,54
1,within-player,1,2021,1,rank_available,0.185185185185,54,0,54
1,within-player,1,2021,3,rank_available,0.0185185185185,54,0,54
1,within-player,1,2021,5,rank_available,-0.037037037037,54,0,54
1,within-player,1,2021,10,rank_available,0.00740740740741,54,0,54
1,within-player,1,2021,1,rank_in_slot,0.0555555555556,54,0,54
1,within-player,1,2021,3,rank_in_slot,-0.00617283950617,54,0,54
1,within-player,1,2021,5,rank_in_slot,0.0037037037037,54,0,54
1,within-player,1,2021,10,rank_in_slot,-0.0240740740741,54,0,54
1,within-player,2,2021,1,rank_available,0.0925925925926,54,0,54
1,within-player,2,2021,3,rank_available,0.0740740740741,54,0,54
1,within-player,2,2021,5,rank_available,-0.0444444444444,54,0,54
1,within-player,2,2021,10,rank_available,0.00185185185185,54,0,54
1,within-player,2,2021,1,rank_in_slot,0.185185185185,54,0,54
1,within-player,2,2021,3,rank_in_slot,4.11193712824e-18,54,0,54
1,within-player,2,2021,5,rank_in_slot,-0.0259259259259,54,0,54
1,within-player,2,2021,10,rank_in_slot,-0.0111111111111,54,0,54
1,within-player,3,2021,1,rank_available,0.0555555555556,54,0,54
1,within-player,3,2021,3,rank_available,-0.0123456790123,54,0,54
1,within-player,3,2021,5,rank_available,-0.0888888888889,54,0,54
1,within-player,3,2021,10,rank_available,0.012962962963,54,0,54
1,within-player,3,2021,1,rank_in_slot,-0.12962962963,54,0,54
1,within-player,3,2021,3,rank_in_slot,-0.00617283950617,54,0,54
1,within-player,3,2021,5,rank_in_slot,-0.00740740740741,54,0,54
1,within-player,3,2021,10,rank_in_slot,-0.0388888888889,54,0,54
1,within-player,4,2021,1,rank_available,0.12962962963,54,0,54
1,within-player,4,2021,3,rank_available,-0.00617283950617,54,0,54
1,within-player,4,2021,5,rank_available,-0.0148148148148,54,0,54
1,within-player,4,2021,10,rank_available,0.00555555555556,54,0,54
1,within-player,4,2021,1,rank_in_slot,-0.111111111111,54,0,54
1,within-player,4,2021,3,rank_in_slot,-0.0185185185185,54,0,54
1,within-player,4,2021,5,rank_in_slot,0.00740740740741,54,0,54
1,within-player,4,2021,10,rank_in_slot,0.00185185185185,54,0,54
1,within-player,5,2021,1,rank_available,0.0925925925926,54,0,54
1,within-player,5,2021,3,rank_available,0.0555555555556,54,0,54
1,within-player,5,2021,5,rank_available,-0.0111111111111,54,0,54
1,within-player,5,2021,10,rank_available,-0.0148148148148,54,0,54
1,within-player,5,2021,1,rank_in_slot,0.0555555555556,54,0,54
1,within-player,5,2021,3,rank_in_slot,0.00617283950617,54,0,54
1,within-player,5,2021,5,rank_in_slot,0.00740740740741,54,0,54
1,within-player,5,2021,10,rank_in_slot,-0.00740740740741,54,0,54
1,within-player,6,2021,1,rank_available,-0.0185185185185,54,0,54
1,within-player,6,2021,3,rank_available,0.111111111111,54,0,54
1,within-player,6,2021,5,rank_available,-0.0740740740741,54,0,54
1,within-player,6,2021,10,rank_available,0.0166666666667,54,0,54
1,within-player,6,2021,1,rank_in_slot,0.0925925925926,54,0,54
1,within-player,6,2021,3,rank_in_slot,-0.0925925925926,54,0,54
1,within-player,6,2021,5,rank_in_slot,-0.0666666666667,54,0,54
1,within-player,6,2021,10,rank_in_slot,-0.00925925925926,54,0,54
1,within-player,7,2021,1,rank_available,0.0740740740741,54,0,54
1,within-player,7,2021,3,rank_available,-0.0617283950617,54,0,54
1,within-player,7,2021,5,rank_available,-0.0703703703704,54,0,54
1,within-player,7,2021,10,rank_available,0.00555555555556,54,0,54
1,within-player,7,2021,1,rank_in_slot,0,54,0,54
1,within-player,7,2021,3,rank_in_slot,-0.0617283950617,54,0,54
1,within-player,7,2021,5,rank_in_slot,-0.00740740740741,54,0,54
1,within-player,7,2021,10,rank_in_slot,-0.00925925925926,54,0,54
1,within-player,8,2021,1,rank_available,0.037037037037,54,0,54
1,within-player,8,2021,3,rank_available,0.00617283950617,54,0,54
1,within-player,8,2021,5,rank_available,-0.0111111111111,54,0,54
1,within-player,8,2021,10,rank_available,0.0037037037037,54,0,54
1,within-player,8,2021,1,rank_in_slot,-0.166666666667,54,0,54
1,within-player,8,2021,3,rank_in_slot,-0.0679012345679,54,0,54
1,within-player,8,2021,5,rank_in_slot,-6.16790569236e-18,54,0,54
1,within-player,8,2021,10,rank_in_slot,-0.0148148148148,54,0,54
1,within-player,9,2021,1,rank_available,0.12962962963,54,0,54
1,within-player,9,2021,3,rank_available,0.00617283950617,54,0,54
1,within-player,9,2021,5,rank_available,-0.0481481481481,54,0,54
1,within-player,9,2021,10,rank_available,0.00555555555556,54,0,54
1,within-player,9,2021,1,rank_in_slot,0.0925925925926,54,0,54
1,within-player,9,2021,3,rank_in_slot,-0.0493827160494,54,0,54
1,within-player,9,2021,5,rank_in_slot,-0.0740740740741,54,0,54
1,within-player,9,2021,10,rank_in_slot,-0.0037037037037,54,0,54
1,within-player,10,2021,1,rank_available,0.0555555555556,54,0,54
1,within-player,10,2021,3,rank_available,0.0493827160494,54,0,54
1,within-player,10,2021,5,rank_available,-0.0666666666667,54,0,54
1,within-player,10,2021,10,rank_available,-0.0240740740741,54,0,54
1,within-player,10,2021,1,rank_in_slot,-0.111111111111,54,0,54
1,within-player,10,2021,3,rank_in_slot,-0.0123456790123,54,0,54
1,within-player,10,2021,5,rank_in_slot,-0.0333333333333,54,0,54
1,within-player,10,2021,10,rank_in_slot,-0.0166666666667,54,0,54
1,within-player,11,2021,1,rank_available,0.166666666667,54,0,54
1,within-player,11,2021,3,rank_available,0.0555555555556,54,0,54
1,within-player,11,2021,5,rank_available,-0.0777777777778,54,0,54
1,within-player,11,2021,10,rank_available,0.0037037037037,54,0,54
1,within-player,11,2021,1,rank_in_slot,-0.0925925925926,54,0,54
1,within-player,11,2021,3,rank_in_slot,-0.0185185185185,54,0,54
1,within-player,11,2021,5,rank_in_slot,-0.0037037037037,54,0,54
1,within-player,11,2021,10,rank_in_slot,-0.0277777777778,54,0,54
1,within-player,12,2021,1,rank_available,0.185185185185,54,0,54
1,within-player,12,2021,3,rank_available,0.0185185185185,54,0,54
1,within-player,12,2021,5,rank_available,-0.0407407407407,54,0,54
1,within-player,12,2021,10,rank_available,0.0037037037037,54,0,54
1,within-player,12,2021,1,rank_in_slot,-0.148148148148,54,0,54
1,within-player,12,2021,3,rank_in_slot,-0.0679012345679,54,0,54
1,within-player,12,2021,5,rank_in_slot,-0.0111111111111,54,0,54
1,within-player,12,2021,10,rank_in_slot,-0.00925925925926,54,0,54
1,within-player,13,2021,1,rank_available,-0.0740740740741,54,0,54
1,within-player,13,2021,3,rank_available,-0.0617283950617,54,0,54
1,within-player,13,2021,5,rank_available,-0.0555555555556,54,0,54
1,within-player,13,2021,10,rank_available,0.012962962963,54,0,54
1,within-player,13,2021,1,rank_in_slot,-0.0555555555556,54,0,54
1,within-player,13,2021,3,rank_in_slot,-0.148148148148,54,0,54
1,within-player,13,2021,5,rank_in_slot,-0.0518518518519,54,0,54
1,within-player,13,2021,10,rank_in_slot,-0.0185185185185,54,0,54
1,within-player,14,2021,1,rank_available,0.0555555555556,54,0,54
1,within-player,14,2021,3,rank_available,-0.0432098765432,54,0,54
1,within-player,14,2021,5,rank_available,-0.0962962962963,54,0,54
1,within-player,14,2021,10,rank_available,-0.0240740740741,54,0,54
1,within-player,14,2021,1,rank_in_slot,0.0555555555556,54,0,54
1,within-player,14,2021,3,rank_in_slot,-0.0679012345679,54,0,54
1,within-player,14,2021,5,rank_in_slot,-0.0740740740741,54,0,54
1,within-player,14,2021,10,rank_in_slot,-0.0444444444444,54,0,54
1,within-player,15,2021,1,rank_available,0.037037037037,54,0,54
1,within-player,15,2021,3,rank_available,-0.0617283950617,54,0,54
1,within-player,15,2021,5,rank_available,-0.0962962962963,54,0,54
1,within-player,15,2021,10,rank_available,-0.0111111111111,54,0,54
1,within-player,15,2021,1,rank_in_slot,0.0185185185185,54,0,54
1,within-player,15,2021,3,rank_in_slot,-0.16049382716,54,0,54
1,within-player,15,2021,5,rank_in_slot,-0.037037037037,54,0,54
1,within-player,15,2021,10,rank_in_slot,-0.0425925925926,54,0,54
1,within-player,16,2021,1,rank_available,-0.0925925925926,54,0,54
1,within-player,16,2021,3,rank_available,-2.05596856412e-18,54,0,54
1,within-player,16,2021,5,rank_available,-0.0333333333333,54,0,54
1,within-player,16,2021,10,rank_available,-0.0166666666667,54,0,54
1,within-player,16,2021,1,rank_in_slot,-0.0185185185185,54,0,54
1,within-player,16,2021,3,rank_in_slot,-0.185185185185,54,0,54
1,within-player,16,2021,5,rank_in_slot,-0.0592592592593,54,0,54
1,within-player,16,2021,10,rank_in_slot,-0.0388888888889,54,0,54
1,within-player,17,2021,1,rank_available,0.0740740740741,54,0,54
1,within-player,17,2021,3,rank_available,0.0185185185185,54,0,54
1,within-player,17,2021,5,rank_available,-0.0481481481481,54,0,54
1,within-player,17,2021,10,rank_available,-0.0037037037037,54,0,54
1,within-player,17,2021,1,rank_in_slot,0.0185185185185,54,0,54
1,within-player,17,2021,3,rank_in_slot,-0.0432098765432,54,0,54
1,within-player,17,2021,5,rank_in_slot,-0.0555555555556,54,0,54
1,within-player,17,2021,10,rank_in_slot,-0.0296296296296,54,0,54
1,within-player,18,2021,1,rank_available,0.111111111111,54,0,54
1,within-player,18,2021,3,rank_available,-0.0246913580247,54,0,54
1,within-player,18,2021,5,rank_available,-0.0703703703704,54,0,54
1,within-player,18,2021,10,rank_available,-0.0388888888889,54,0,54
1,within-player,18,2021,1,rank_in_slot,0.0740740740741,54,0,54
1,within-player,18,2021,3,rank_in_slot,-0.0740740740741,54,0,54
1,within-player,18,2021,5,rank_in_slot,-0.0296296296296,54,0,54
1,within-player,18,2021,10,rank_in_slot,-0.0574074074074,54,0,54
1,within-player,19,2021,1,rank_available,0.0185185185185,54,0,54
1,within-player,19,2021,3,rank_available,-0.0432098765432,54,0,54
1,within-player,19,2021,5,rank_available,-0.0814814814815,54,0,54
1,within-player,19,2021,10,rank_available,-0.00740740740741,54,0,54
1,within-player,19,2021,1,rank_in_slot,0,54,0,54
1,within-player,19,2021,3,rank_in_slot,-0.0308641975309,54,0,54
1,within-player,19,2021,5,rank_in_slot,-6.16790569236e-18,54,0,54
1,within-player,19,2021,10,rank_in_slot,-0.0296296296296,54,0,54
1,base-rate-only,-1,2022,1,rank_available,-0.148148148148,54,0,54
1,base-rate-only,-1,2022,3,rank_available,-0.172839506173,54,0,54
1,base-rate-only,-1,2022,5,rank_available,-0.162962962963,54,0,54
1,base-rate-only,-1,2022,10,rank_available,-0.0740740740741,54,0,54
1,base-rate-only,-1,2022,1,rank_in_slot,-0.037037037037,54,0,54
1,base-rate-only,-1,2022,3,rank_in_slot,-0.0246913580247,54,0,54
1,base-rate-only,-1,2022,5,rank_in_slot,-0.0444444444444,54,0,54
1,base-rate-only,-1,2022,10,rank_in_slot,-0.0351851851852,54,0,54
1,current-season-rate,-1,2022,1,rank_available,-0.0740740740741,54,0,54
1,current-season-rate,-1,2022,3,rank_available,-0.172839506173,54,0,54
1,current-season-rate,-1,2022,5,rank_available,-0.2,54,0,54
1,current-season-rate,-1,2022,10,rank_available,-0.216666666667,54,0,54
1,current-season-rate,-1,2022,1,rank_in_slot,-0.259259259259,54,0,54
1,current-season-rate,-1,2022,3,rank_in_slot,-0.0987654320988,54,0,54
1,current-season-rate,-1,2022,5,rank_in_slot,-0.107407407407,54,0,54
1,current-season-rate,-1,2022,10,rank_in_slot,-0.127777777778,54,0,54
1,historical-rate,-1,2022,1,rank_available,-0.277777777778,54,0,54
1,historical-rate,-1,2022,3,rank_available,-0.29012345679,54,0,54
1,historical-rate,-1,2022,5,rank_available,-0.259259259259,54,0,54
1,historical-rate,-1,2022,10,rank_available,-0.133333333333,54,0,54
1,historical-rate,-1,2022,1,rank_in_slot,-0.37037037037,54,0,54
1,historical-rate,-1,2022,3,rank_in_slot,-0.16049382716,54,0,54
1,historical-rate,-1,2022,5,rank_in_slot,-0.151851851852,54,0,54
1,historical-rate,-1,2022,10,rank_in_slot,-0.122222222222,54,0,54
1,no-vegas,-1,2022,1,rank_available,-0.0555555555556,54,0,54
1,no-vegas,-1,2022,3,rank_available,-0.0246913580247,54,0,54
1,no-vegas,-1,2022,5,rank_available,-0.0148148148148,54,0,54
1,no-vegas,-1,2022,10,rank_available,0.0148148148148,54,0,54
1,no-vegas,-1,2022,1,rank_in_slot,-0.0925925925926,54,0,54
1,no-vegas,-1,2022,3,rank_in_slot,-0.0123456790123,54,0,54
1,no-vegas,-1,2022,5,rank_in_slot,-0.0296296296296,54,0,54
1,no-vegas,-1,2022,10,rank_in_slot,-0.012962962963,54,0,54
1,player-vegas,-1,2022,1,rank_available,-0.12962962963,54,0,54
1,player-vegas,-1,2022,3,rank_available,-0.172839506173,54,0,54
1,player-vegas,-1,2022,5,rank_available,-0.2,54,0,54
1,player-vegas,-1,2022,10,rank_available,-0.112962962963,54,0,54
1,player-vegas,-1,2022,1,rank_in_slot,-0.0740740740741,54,0,54
1,player-vegas,-1,2022,3,rank_in_slot,-4.11193712824e-18,54,0,54
1,player-vegas,-1,2022,5,rank_in_slot,-0.0333333333333,54,0,54
1,player-vegas,-1,2022,10,rank_in_slot,-0.0388888888889,54,0,54
1,random,0,2022,1,rank_available,-0.555555555556,54,0,54
1,random,0,2022,3,rank_available,-0.617283950617,54,0,54
1,random,0,2022,5,rank_available,-0.562962962963,54,0,54
1,random,0,2022,10,rank_available,-0.422222222222,54,0,54
1,random,0,2022,1,rank_in_slot,-1.09259259259,54,0,54
1,random,0,2022,3,rank_in_slot,-0.876543209877,54,0,54
1,random,0,2022,5,rank_in_slot,-0.744444444444,54,0,54
1,random,0,2022,10,rank_in_slot,-0.553703703704,54,0,54
1,random,1,2022,1,rank_available,-0.685185185185,54,0,54
1,random,1,2022,3,rank_available,-0.679012345679,54,0,54
1,random,1,2022,5,rank_available,-0.648148148148,54,0,54
1,random,1,2022,10,rank_available,-0.475925925926,54,0,54
1,random,1,2022,1,rank_in_slot,-1.22222222222,54,0,54
1,random,1,2022,3,rank_in_slot,-0.944444444444,54,0,54
1,random,1,2022,5,rank_in_slot,-0.914814814815,54,0,54
1,random,1,2022,10,rank_in_slot,-0.618518518519,54,0,54
1,random,2,2022,1,rank_available,-0.796296296296,54,0,54
1,random,2,2022,3,rank_available,-0.697530864198,54,0,54
1,random,2,2022,5,rank_available,-0.640740740741,54,0,54
1,random,2,2022,10,rank_available,-0.483333333333,54,0,54
1,random,2,2022,1,rank_in_slot,-1.33333333333,54,0,54
1,random,2,2022,3,rank_in_slot,-0.950617283951,54,0,54
1,random,2,2022,5,rank_in_slot,-0.881481481481,54,0,54
1,random,2,2022,10,rank_in_slot,-0.675925925926,54,0,54
1,random,3,2022,1,rank_available,-0.740740740741,54,0,54
1,random,3,2022,3,rank_available,-0.654320987654,54,0,54
1,random,3,2022,5,rank_available,-0.514814814815,54,0,54
1,random,3,2022,10,rank_available,-0.435185185185,54,0,54
1,random,3,2022,1,rank_in_slot,-1.27777777778,54,0,54
1,random,3,2022,3,rank_in_slot,-0.925925925926,54,0,54
1,random,3,2022,5,rank_in_slot,-0.755555555556,54,0,54
1,random,3,2022,10,rank_in_slot,-0.624074074074,54,0,54
1,random,4,2022,1,rank_available,-0.796296296296,54,0,54
1,random,4,2022,3,rank_available,-0.716049382716,54,0,54
1,random,4,2022,5,rank_available,-0.574074074074,54,0,54
1,random,4,2022,10,rank_available,-0.453703703704,54,0,54
1,random,4,2022,1,rank_in_slot,-1.31481481481,54,0,54
1,random,4,2022,3,rank_in_slot,-0.87037037037,54,0,54
1,random,4,2022,5,rank_in_slot,-0.751851851852,54,0,54
1,random,4,2022,10,rank_in_slot,-0.612962962963,54,0,54
1,random,5,2022,1,rank_available,-0.537037037037,54,0,54
1,random,5,2022,3,rank_available,-0.598765432099,54,0,54
1,random,5,2022,5,rank_available,-0.551851851852,54,0,54
1,random,5,2022,10,rank_available,-0.416666666667,54,0,54
1,random,5,2022,1,rank_in_slot,-1.03703703704,54,0,54
1,random,5,2022,3,rank_in_slot,-0.820987654321,54,0,54
1,random,5,2022,5,rank_in_slot,-0.766666666667,54,0,54
1,random,5,2022,10,rank_in_slot,-0.585185185185,54,0,54
1,random,6,2022,1,rank_available,-0.555555555556,54,0,54
1,random,6,2022,3,rank_available,-0.728395061728,54,0,54
1,random,6,2022,5,rank_available,-0.625925925926,54,0,54
1,random,6,2022,10,rank_available,-0.446296296296,54,0,54
1,random,6,2022,1,rank_in_slot,-1.05555555556,54,0,54
1,random,6,2022,3,rank_in_slot,-0.901234567901,54,0,54
1,random,6,2022,5,rank_in_slot,-0.814814814815,54,0,54
1,random,6,2022,10,rank_in_slot,-0.659259259259,54,0,54
1,random,7,2022,1,rank_available,-0.277777777778,54,0,54
1,random,7,2022,3,rank_available,-0.401234567901,54,0,54
1,random,7,2022,5,rank_available,-0.455555555556,54,0,54
1,random,7,2022,10,rank_available,-0.446296296296,54,0,54
1,random,7,2022,1,rank_in_slot,-0.685185185185,54,0,54
1,random,7,2022,3,rank_in_slot,-0.555555555556,54,0,54
1,random,7,2022,5,rank_in_slot,-0.62962962963,54,0,54
1,random,7,2022,10,rank_in_slot,-0.6,54,0,54
1,random,8,2022,1,rank_available,-0.592592592593,54,0,54
1,random,8,2022,3,rank_available,-0.58024691358,54,0,54
1,random,8,2022,5,rank_available,-0.522222222222,54,0,54
1,random,8,2022,10,rank_available,-0.401851851852,54,0,54
1,random,8,2022,1,rank_in_slot,-1.12962962963,54,0,54
1,random,8,2022,3,rank_in_slot,-0.814814814815,54,0,54
1,random,8,2022,5,rank_in_slot,-0.725925925926,54,0,54
1,random,8,2022,10,rank_in_slot,-0.57962962963,54,0,54
1,random,9,2022,1,rank_available,-0.611111111111,54,0,54
1,random,9,2022,3,rank_available,-0.746913580247,54,0,54
1,random,9,2022,5,rank_available,-0.662962962963,54,0,54
1,random,9,2022,10,rank_available,-0.477777777778,54,0,54
1,random,9,2022,1,rank_in_slot,-1.03703703704,54,0,54
1,random,9,2022,3,rank_in_slot,-0.969135802469,54,0,54
1,random,9,2022,5,rank_in_slot,-0.881481481481,54,0,54
1,random,9,2022,10,rank_in_slot,-0.642592592593,54,0,54
1,random,10,2022,1,rank_available,-0.703703703704,54,0,54
1,random,10,2022,3,rank_available,-0.691358024691,54,0,54
1,random,10,2022,5,rank_available,-0.603703703704,54,0,54
1,random,10,2022,10,rank_available,-0.464814814815,54,0,54
1,random,10,2022,1,rank_in_slot,-1.24074074074,54,0,54
1,random,10,2022,3,rank_in_slot,-0.950617283951,54,0,54
1,random,10,2022,5,rank_in_slot,-0.818518518519,54,0,54
1,random,10,2022,10,rank_in_slot,-0.651851851852,54,0,54
1,random,11,2022,1,rank_available,-0.722222222222,54,0,54
1,random,11,2022,3,rank_available,-0.586419753086,54,0,54
1,random,11,2022,5,rank_available,-0.603703703704,54,0,54
1,random,11,2022,10,rank_available,-0.474074074074,54,0,54
1,random,11,2022,1,rank_in_slot,-1.24074074074,54,0,54
1,random,11,2022,3,rank_in_slot,-0.845679012346,54,0,54
1,random,11,2022,5,rank_in_slot,-0.807407407407,54,0,54
1,random,11,2022,10,rank_in_slot,-0.644444444444,54,0,54
1,random,12,2022,1,rank_available,-0.5,54,0,54
1,random,12,2022,3,rank_available,-0.512345679012,54,0,54
1,random,12,2022,5,rank_available,-0.551851851852,54,0,54
1,random,12,2022,10,rank_available,-0.42037037037,54,0,54
1,random,12,2022,1,rank_in_slot,-1.03703703704,54,0,54
1,random,12,2022,3,rank_in_slot,-0.759259259259,54,0,54
1,random,12,2022,5,rank_in_slot,-0.807407407407,54,0,54
1,random,12,2022,10,rank_in_slot,-0.588888888889,54,0,54
1,random,13,2022,1,rank_available,-0.574074074074,54,0,54
1,random,13,2022,3,rank_available,-0.561728395062,54,0,54
1,random,13,2022,5,rank_available,-0.596296296296,54,0,54
1,random,13,2022,10,rank_available,-0.490740740741,54,0,54
1,random,13,2022,1,rank_in_slot,-1.12962962963,54,0,54
1,random,13,2022,3,rank_in_slot,-0.765432098765,54,0,54
1,random,13,2022,5,rank_in_slot,-0.8,54,0,54
1,random,13,2022,10,rank_in_slot,-0.640740740741,54,0,54
1,random,14,2022,1,rank_available,-0.592592592593,54,0,54
1,random,14,2022,3,rank_available,-0.586419753086,54,0,54
1,random,14,2022,5,rank_available,-0.518518518519,54,0,54
1,random,14,2022,10,rank_available,-0.377777777778,54,0,54
1,random,14,2022,1,rank_in_slot,-1.01851851852,54,0,54
1,random,14,2022,3,rank_in_slot,-0.648148148148,54,0,54
1,random,14,2022,5,rank_in_slot,-0.688888888889,54,0,54
1,random,14,2022,10,rank_in_slot,-0.475925925926,54,0,54
1,random,15,2022,1,rank_available,-0.611111111111,54,0,54
1,random,15,2022,3,rank_available,-0.623456790123,54,0,54
1,random,15,2022,5,rank_available,-0.625925925926,54,0,54
1,random,15,2022,10,rank_available,-0.483333333333,54,0,54
1,random,15,2022,1,rank_in_slot,-1.14814814815,54,0,54
1,random,15,2022,3,rank_in_slot,-0.783950617284,54,0,54
1,random,15,2022,5,rank_in_slot,-0.796296296296,54,0,54
1,random,15,2022,10,rank_in_slot,-0.683333333333,54,0,54
1,random,16,2022,1,rank_available,-0.648148148148,54,0,54
1,random,16,2022,3,rank_available,-0.58024691358,54,0,54
1,random,16,2022,5,rank_available,-0.537037037037,54,0,54
1,random,16,2022,10,rank_available,-0.459259259259,54,0,54
1,random,16,2022,1,rank_in_slot,-1.16666666667,54,0,54
1,random,16,2022,3,rank_in_slot,-0.820987654321,54,0,54
1,random,16,2022,5,rank_in_slot,-0.681481481481,54,0,54
1,random,16,2022,10,rank_in_slot,-0.62037037037,54,0,54
1,random,17,2022,1,rank_available,-0.481481481481,54,0,54
1,random,17,2022,3,rank_available,-0.604938271605,54,0,54
1,random,17,2022,5,rank_available,-0.614814814815,54,0,54
1,random,17,2022,10,rank_available,-0.516666666667,54,0,54
1,random,17,2022,1,rank_in_slot,-1.01851851852,54,0,54
1,random,17,2022,3,rank_in_slot,-0.858024691358,54,0,54
1,random,17,2022,5,rank_in_slot,-0.874074074074,54,0,54
1,random,17,2022,10,rank_in_slot,-0.742592592593,54,0,54
1,random,18,2022,1,rank_available,-0.648148148148,54,0,54
1,random,18,2022,3,rank_available,-0.586419753086,54,0,54
1,random,18,2022,5,rank_available,-0.525925925926,54,0,54
1,random,18,2022,10,rank_available,-0.398148148148,54,0,54
1,random,18,2022,1,rank_in_slot,-1.22222222222,54,0,54
1,random,18,2022,3,rank_in_slot,-0.765432098765,54,0,54
1,random,18,2022,5,rank_in_slot,-0.707407407407,54,0,54
1,random,18,2022,10,rank_in_slot,-0.587037037037,54,0,54
1,random,19,2022,1,rank_available,-0.407407407407,54,0,54
1,random,19,2022,3,rank_available,-0.62962962963,54,0,54
1,random,19,2022,5,rank_available,-0.503703703704,54,0,54
1,random,19,2022,10,rank_available,-0.401851851852,54,0,54
1,random,19,2022,1,rank_in_slot,-0.518518518519,54,0,54
1,random,19,2022,3,rank_in_slot,-0.771604938272,54,0,54
1,random,19,2022,5,rank_in_slot,-0.692592592593,54,0,54
1,random,19,2022,10,rank_in_slot,-0.559259259259,54,0,54
1,regressed-rate,-1,2022,1,rank_available,-0.222222222222,54,0,54
1,regressed-rate,-1,2022,3,rank_available,-0.191358024691,54,0,54
1,regressed-rate,-1,2022,5,rank_available,-0.203703703704,54,0,54
1,regressed-rate,-1,2022,10,rank_available,-0.159259259259,54,0,54
1,regressed-rate,-1,2022,1,rank_in_slot,-0.351851851852,54,0,54
1,regressed-rate,-1,2022,3,rank_in_slot,-0.111111111111,54,0,54
1,regressed-rate,-1,2022,5,rank_in_slot,-0.118518518519,54,0,54
1,regressed-rate,-1,2022,10,rank_in_slot,-0.0518518518519,54,0,54
1,vegas-environment,-1,2022,1,rank_available,-0.185185185185,54,0,54
1,vegas-environment,-1,2022,3,rank_available,-0.228395061728,54,0,54
1,vegas-environment,-1,2022,5,rank_available,-0.207407407407,54,0,54
1,vegas-environment,-1,2022,10,rank_available,-0.0888888888889,54,0,54
1,vegas-environment,-1,2022,1,rank_in_slot,-0.333333333333,54,0,54
1,vegas-environment,-1,2022,3,rank_in_slot,-0.166666666667,54,0,54
1,vegas-environment,-1,2022,5,rank_in_slot,-0.181481481481,54,0,54
1,vegas-environment,-1,2022,10,rank_in_slot,-0.0962962962963,54,0,54
1,within-player,0,2022,1,rank_available,-0.148148148148,54,0,54
1,within-player,0,2022,3,rank_available,-0.12962962963,54,0,54
1,within-player,0,2022,5,rank_available,-0.0888888888889,54,0,54
1,within-player,0,2022,10,rank_available,-0.0425925925926,54,0,54
1,within-player,0,2022,1,rank_in_slot,-0.166666666667,54,0,54
1,within-player,0,2022,3,rank_in_slot,-0.037037037037,54,0,54
1,within-player,0,2022,5,rank_in_slot,-0.062962962963,54,0,54
1,within-player,0,2022,10,rank_in_slot,-0.0259259259259,54,0,54
1,within-player,1,2022,1,rank_available,-0.037037037037,54,0,54
1,within-player,1,2022,3,rank_available,-0.0555555555556,54,0,54
1,within-player,1,2022,5,rank_available,-0.0851851851852,54,0,54
1,within-player,1,2022,10,rank_available,-0.0407407407407,54,0,54
1,within-player,1,2022,1,rank_in_slot,-0.296296296296,54,0,54
1,within-player,1,2022,3,rank_in_slot,-0.0987654320988,54,0,54
1,within-player,1,2022,5,rank_in_slot,-0.0481481481481,54,0,54
1,within-player,1,2022,10,rank_in_slot,-0.0111111111111,54,0,54
1,within-player,2,2022,1,rank_available,0.0555555555556,54,0,54
1,within-player,2,2022,3,rank_available,-0.0185185185185,54,0,54
1,within-player,2,2022,5,rank_available,-0.0666666666667,54,0,54
1,within-player,2,2022,10,rank_available,-0.0277777777778,54,0,54
1,within-player,2,2022,1,rank_in_slot,-0.203703703704,54,0,54
1,within-player,2,2022,3,rank_in_slot,0.0185185185185,54,0,54
1,within-player,2,2022,5,rank_in_slot,-0.0407407407407,54,0,54
1,within-player,2,2022,10,rank_in_slot,-0.0277777777778,54,0,54
1,within-player,3,2022,1,rank_available,0.0925925925926,54,0,54
1,within-player,3,2022,3,rank_available,-0.0308641975309,54,0,54
1,within-player,3,2022,5,rank_available,-0.0555555555556,54,0,54
1,within-player,3,2022,10,rank_available,-0.0314814814815,54,0,54
1,within-player,3,2022,1,rank_in_slot,-0.185185185185,54,0,54
1,within-player,3,2022,3,rank_in_slot,0.0617283950617,54,0,54
1,within-player,3,2022,5,rank_in_slot,-0.0407407407407,54,0,54
1,within-player,3,2022,10,rank_in_slot,-0.0259259259259,54,0,54
1,within-player,4,2022,1,rank_available,-0.0555555555556,54,0,54
1,within-player,4,2022,3,rank_available,-0.104938271605,54,0,54
1,within-player,4,2022,5,rank_available,-0.0925925925926,54,0,54
1,within-player,4,2022,10,rank_available,0.0037037037037,54,0,54
1,within-player,4,2022,1,rank_in_slot,-0.314814814815,54,0,54
1,within-player,4,2022,3,rank_in_slot,0.0123456790123,54,0,54
1,within-player,4,2022,5,rank_in_slot,-8.22387425648e-18,54,0,54
1,within-player,4,2022,10,rank_in_slot,-0.0259259259259,54,0,54
1,within-player,5,2022,1,rank_available,-0.0925925925926,54,0,54
1,within-player,5,2022,3,rank_available,-0.104938271605,54,0,54
1,within-player,5,2022,5,rank_available,-0.0777777777778,54,0,54
1,within-player,5,2022,10,rank_available,-0.0314814814815,54,0,54
1,within-player,5,2022,1,rank_in_slot,0,54,0,54
1,within-player,5,2022,3,rank_in_slot,0.00617283950617,54,0,54
1,within-player,5,2022,5,rank_in_slot,-0.00740740740741,54,0,54
1,within-player,5,2022,10,rank_in_slot,-0.0166666666667,54,0,54
1,within-player,6,2022,1,rank_available,-0.0555555555556,54,0,54
1,within-player,6,2022,3,rank_available,-0.0802469135802,54,0,54
1,within-player,6,2022,5,rank_available,-0.0444444444444,54,0,54
1,within-player,6,2022,10,rank_available,-0.0111111111111,54,0,54
1,within-player,6,2022,1,rank_in_slot,-0.240740740741,54,0,54
1,within-player,6,2022,3,rank_in_slot,-0.0555555555556,54,0,54
1,within-player,6,2022,5,rank_in_slot,-0.0592592592593,54,0,54
1,within-player,6,2022,10,rank_in_slot,-0.0240740740741,54,0,54
1,within-player,7,2022,1,rank_available,-0.0185185185185,54,0,54
1,within-player,7,2022,3,rank_available,-0.0740740740741,54,0,54
1,within-player,7,2022,5,rank_available,-0.0296296296296,54,0,54
1,within-player,7,2022,10,rank_available,-0.012962962963,54,0,54
1,within-player,7,2022,1,rank_in_slot,-0.185185185185,54,0,54
1,within-player,7,2022,3,rank_in_slot,-0.0740740740741,54,0,54
1,within-player,7,2022,5,rank_in_slot,-0.0666666666667,54,0,54
1,within-player,7,2022,10,rank_in_slot,-0.0111111111111,54,0,54
1,within-player,8,2022,1,rank_available,-0.0185185185185,54,0,54
1,within-player,8,2022,3,rank_available,-0.123456790123,54,0,54
1,within-player,8,2022,5,rank_available,-0.0814814814815,54,0,54
1,within-player,8,2022,10,rank_available,-0.0148148148148,54,0,54
1,within-player,8,2022,1,rank_in_slot,-0.203703703704,54,0,54
1,within-player,8,2022,3,rank_in_slot,-0.0123456790123,54,0,54
1,within-player,8,2022,5,rank_in_slot,-0.0444444444444,54,0,54
1,within-player,8,2022,10,rank_in_slot,-0.0314814814815,54,0,54
1,within-player,9,2022,1,rank_available,-0.0740740740741,54,0,54
1,within-player,9,2022,3,rank_available,-0.0308641975309,54,0,54
1,within-player,9,2022,5,rank_available,-0.0703703703704,54,0,54
1,within-player,9,2022,10,rank_available,-0.0203703703704,54,0,54
1,within-player,9,2022,1,rank_in_slot,-0.148148148148,54,0,54
1,within-player,9,2022,3,rank_in_slot,-0.0246913580247,54,0,54
1,within-player,9,2022,5,rank_in_slot,-0.0296296296296,54,0,54
1,within-player,9,2022,10,rank_in_slot,-0.0203703703704,54,0,54
1,within-player,10,2022,1,rank_available,-0.12962962963,54,0,54
1,within-player,10,2022,3,rank_available,-0.0864197530864,54,0,54
1,within-player,10,2022,5,rank_available,-0.0222222222222,54,0,54
1,within-player,10,2022,10,rank_available,0.00925925925926,54,0,54
1,within-player,10,2022,1,rank_in_slot,-0.203703703704,54,0,54
1,within-player,10,2022,3,rank_in_slot,-0.0679012345679,54,0,54
1,within-player,10,2022,5,rank_in_slot,-0.0555555555556,54,0,54
1,within-player,10,2022,10,rank_in_slot,-0.0148148148148,54,0,54
1,within-player,11,2022,1,rank_available,-0.148148148148,54,0,54
1,within-player,11,2022,3,rank_available,-0.123456790123,54,0,54
1,within-player,11,2022,5,rank_available,-0.0259259259259,54,0,54
1,within-player,11,2022,10,rank_available,-0.0240740740741,54,0,54
1,within-player,11,2022,1,rank_in_slot,-0.277777777778,54,0,54
1,within-player,11,2022,3,rank_in_slot,-0.0617283950617,54,0,54
1,within-player,11,2022,5,rank_in_slot,-0.0222222222222,54,0,54
1,within-player,11,2022,10,rank_in_slot,-0.0425925925926,54,0,54
1,within-player,12,2022,1,rank_available,-0.12962962963,54,0,54
1,within-player,12,2022,3,rank_available,-0.0308641975309,54,0,54
1,within-player,12,2022,5,rank_available,-0.0703703703704,54,0,54
1,within-player,12,2022,10,rank_available,-0.0222222222222,54,0,54
1,within-player,12,2022,1,rank_in_slot,-0.185185185185,54,0,54
1,within-player,12,2022,3,rank_in_slot,2.05596856412e-17,54,0,54
1,within-player,12,2022,5,rank_in_slot,-0.0407407407407,54,0,54
1,within-player,12,2022,10,rank_in_slot,-0.0388888888889,54,0,54
1,within-player,13,2022,1,rank_available,0.0185185185185,54,0,54
1,within-player,13,2022,3,rank_available,-0.111111111111,54,0,54
1,within-player,13,2022,5,rank_available,-0.0962962962963,54,0,54
1,within-player,13,2022,10,rank_available,-0.0333333333333,54,0,54
1,within-player,13,2022,1,rank_in_slot,-0.185185185185,54,0,54
1,within-player,13,2022,3,rank_in_slot,-0.0185185185185,54,0,54
1,within-player,13,2022,5,rank_in_slot,-0.0111111111111,54,0,54
1,within-player,13,2022,10,rank_in_slot,-0.00925925925926,54,0,54
1,within-player,14,2022,1,rank_available,0.0185185185185,54,0,54
1,within-player,14,2022,3,rank_available,-0.0308641975309,54,0,54
1,within-player,14,2022,5,rank_available,-0.0444444444444,54,0,54
1,within-player,14,2022,10,rank_available,-0.0425925925926,54,0,54
1,within-player,14,2022,1,rank_in_slot,-0.203703703704,54,0,54
1,within-player,14,2022,3,rank_in_slot,0.0123456790123,54,0,54
1,within-player,14,2022,5,rank_in_slot,0.0148148148148,54,0,54
1,within-player,14,2022,10,rank_in_slot,-0.0185185185185,54,0,54
1,within-player,15,2022,1,rank_available,-0.12962962963,54,0,54
1,within-player,15,2022,3,rank_available,-0.111111111111,54,0,54
1,within-player,15,2022,5,rank_available,-0.0555555555556,54,0,54
1,within-player,15,2022,10,rank_available,-0.0277777777778,54,0,54
1,within-player,15,2022,1,rank_in_slot,-0.277777777778,54,0,54
1,within-player,15,2022,3,rank_in_slot,-0.0308641975309,54,0,54
1,within-player,15,2022,5,rank_in_slot,-0.0407407407407,54,0,54
1,within-player,15,2022,10,rank_in_slot,-0.00740740740741,54,0,54
1,within-player,16,2022,1,rank_available,-0.0555555555556,54,0,54
1,within-player,16,2022,3,rank_available,-0.0185185185185,54,0,54
1,within-player,16,2022,5,rank_available,-0.0518518518519,54,0,54
1,within-player,16,2022,10,rank_available,1.43917799488e-17,54,0,54
1,within-player,16,2022,1,rank_in_slot,-0.203703703704,54,0,54
1,within-player,16,2022,3,rank_in_slot,0.0123456790123,54,0,54
1,within-player,16,2022,5,rank_in_slot,-0.037037037037,54,0,54
1,within-player,16,2022,10,rank_in_slot,0.0111111111111,54,0,54
1,within-player,17,2022,1,rank_available,-0.0925925925926,54,0,54
1,within-player,17,2022,3,rank_available,-0.117283950617,54,0,54
1,within-player,17,2022,5,rank_available,-0.0703703703704,54,0,54
1,within-player,17,2022,10,rank_available,-0.012962962963,54,0,54
1,within-player,17,2022,1,rank_in_slot,-0.259259259259,54,0,54
1,within-player,17,2022,3,rank_in_slot,-8.22387425648e-18,54,0,54
1,within-player,17,2022,5,rank_in_slot,0.0185185185185,54,0,54
1,within-player,17,2022,10,rank_in_slot,0.0203703703704,54,0,54
1,within-player,18,2022,1,rank_available,0.0925925925926,54,0,54
1,within-player,18,2022,3,rank_available,-0.0864197530864,54,0,54
1,within-player,18,2022,5,rank_available,-0.0703703703704,54,0,54
1,within-player,18,2022,10,rank_available,-0.00555555555556,54,0,54
1,within-player,18,2022,1,rank_in_slot,-0.203703703704,54,0,54
1,within-player,18,2022,3,rank_in_slot,-0.037037037037,54,0,54
1,within-player,18,2022,5,rank_in_slot,-0.0259259259259,54,0,54
1,within-player,18,2022,10,rank_in_slot,-0.0481481481481,54,0,54
1,within-player,19,2022,1,rank_available,-0.0740740740741,54,0,54
1,within-player,19,2022,3,rank_available,-0.0555555555556,54,0,54
1,within-player,19,2022,5,rank_available,-0.0592592592593,54,0,54
1,within-player,19,2022,10,rank_available,-0.0314814814815,54,0,54
1,within-player,19,2022,1,rank_in_slot,-0.203703703704,54,0,54
1,within-player,19,2022,3,rank_in_slot,-0.0123456790123,54,0,54
1,within-player,19,2022,5,rank_in_slot,-0.0148148148148,54,0,54
1,within-player,19,2022,10,rank_in_slot,-0.0222222222222,54,0,54
1,base-rate-only,-1,2023,1,rank_available,-0.12962962963,54,0,54
1,base-rate-only,-1,2023,3,rank_available,-0.148148148148,54,0,54
1,base-rate-only,-1,2023,5,rank_available,-0.0555555555556,54,0,54
1,base-rate-only,-1,2023,10,rank_available,-0.0407407407407,54,0,54
1,base-rate-only,-1,2023,1,rank_in_slot,-0.148148148148,54,0,54
1,base-rate-only,-1,2023,3,rank_in_slot,-0.0432098765432,54,0,54
1,base-rate-only,-1,2023,5,rank_in_slot,-0.0592592592593,54,0,54
1,base-rate-only,-1,2023,10,rank_in_slot,-0.0648148148148,54,0,54
1,current-season-rate,-1,2023,1,rank_available,-0.351851851852,54,0,54
1,current-season-rate,-1,2023,3,rank_available,-0.185185185185,54,0,54
1,current-season-rate,-1,2023,5,rank_available,-0.0407407407407,54,0,54
1,current-season-rate,-1,2023,10,rank_available,-0.127777777778,54,0,54
1,current-season-rate,-1,2023,1,rank_in_slot,-0.259259259259,54,0,54
1,current-season-rate,-1,2023,3,rank_in_slot,-0.234567901235,54,0,54
1,current-season-rate,-1,2023,5,rank_in_slot,-0.103703703704,54,0,54
1,current-season-rate,-1,2023,10,rank_in_slot,-0.0351851851852,54,0,54
1,historical-rate,-1,2023,1,rank_available,-0.5,54,0,54
1,historical-rate,-1,2023,3,rank_available,-0.456790123457,54,0,54
1,historical-rate,-1,2023,5,rank_available,-0.274074074074,54,0,54
1,historical-rate,-1,2023,10,rank_available,-0.205555555556,54,0,54
1,historical-rate,-1,2023,1,rank_in_slot,-0.759259259259,54,0,54
1,historical-rate,-1,2023,3,rank_in_slot,-0.462962962963,54,0,54
1,historical-rate,-1,2023,5,rank_in_slot,-0.355555555556,54,0,54
1,historical-rate,-1,2023,10,rank_in_slot,-0.168518518519,54,0,54
1,no-vegas,-1,2023,1,rank_available,0,54,0,54
1,no-vegas,-1,2023,3,rank_available,-0.0493827160494,54,0,54
1,no-vegas,-1,2023,5,rank_available,0.0222222222222,54,0,54
1,no-vegas,-1,2023,10,rank_available,-0.0203703703704,54,0,54
1,no-vegas,-1,2023,1,rank_in_slot,0.0740740740741,54,0,54
1,no-vegas,-1,2023,3,rank_in_slot,-0.00617283950617,54,0,54
1,no-vegas,-1,2023,5,rank_in_slot,-0.0185185185185,54,0,54
1,no-vegas,-1,2023,10,rank_in_slot,-0.0351851851852,54,0,54
1,player-vegas,-1,2023,1,rank_available,-0.148148148148,54,0,54
1,player-vegas,-1,2023,3,rank_available,-0.29012345679,54,0,54
1,player-vegas,-1,2023,5,rank_available,-0.107407407407,54,0,54
1,player-vegas,-1,2023,10,rank_available,-0.101851851852,54,0,54
1,player-vegas,-1,2023,1,rank_in_slot,-0.148148148148,54,0,54
1,player-vegas,-1,2023,3,rank_in_slot,-0.0555555555556,54,0,54
1,player-vegas,-1,2023,5,rank_in_slot,-0.0814814814815,54,0,54
1,player-vegas,-1,2023,10,rank_in_slot,-0.087037037037,54,0,54
1,random,0,2023,1,rank_available,-0.722222222222,54,0,54
1,random,0,2023,3,rank_available,-0.703703703704,54,0,54
1,random,0,2023,5,rank_available,-0.544444444444,54,0,54
1,random,0,2023,10,rank_available,-0.461111111111,54,0,54
1,random,0,2023,1,rank_in_slot,-1.01851851852,54,0,54
1,random,0,2023,3,rank_in_slot,-0.901234567901,54,0,54
1,random,0,2023,5,rank_in_slot,-0.714814814815,54,0,54
1,random,0,2023,10,rank_in_slot,-0.518518518519,54,0,54
1,random,1,2023,1,rank_available,-0.814814814815,54,0,54
1,random,1,2023,3,rank_available,-0.796296296296,54,0,54
1,random,1,2023,5,rank_available,-0.696296296296,54,0,54
1,random,1,2023,10,rank_available,-0.496296296296,54,0,54
1,random,1,2023,1,rank_in_slot,-1.14814814815,54,0,54
1,random,1,2023,3,rank_in_slot,-0.956790123457,54,0,54
1,random,1,2023,5,rank_in_slot,-0.896296296296,54,0,54
1,random,1,2023,10,rank_in_slot,-0.574074074074,54,0,54
1,random,2,2023,1,rank_available,-0.907407407407,54,0,54
1,random,2,2023,3,rank_available,-0.833333333333,54,0,54
1,random,2,2023,5,rank_available,-0.688888888889,54,0,54
1,random,2,2023,10,rank_available,-0.555555555556,54,0,54
1,random,2,2023,1,rank_in_slot,-1.2037037037,54,0,54
1,random,2,2023,3,rank_in_slot,-0.969135802469,54,0,54
1,random,2,2023,5,rank_in_slot,-0.862962962963,54,0,54
1,random,2,2023,10,rank_in_slot,-0.662962962963,54,0,54
1,random,3,2023,1,rank_available,-1.01851851852,54,0,54
1,random,3,2023,3,rank_available,-0.83950617284,54,0,54
1,random,3,2023,5,rank_available,-0.625925925926,54,0,54
1,random,3,2023,10,rank_available,-0.527777777778,54,0,54
1,random,3,2023,1,rank_in_slot,-1.35185185185,54,0,54
1,random,3,2023,3,rank_in_slot,-1.01851851852,54,0,54
1,random,3,2023,5,rank_in_slot,-0.788888888889,54,0,54
1,random,3,2023,10,rank_in_slot,-0.644444444444,54,0,54
1,random,4,2023,1,rank_available,-0.796296296296,54,0,54
1,random,4,2023,3,rank_available,-0.759259259259,54,0,54
1,random,4,2023,5,rank_available,-0.618518518519,54,0,54
1,random,4,2023,10,rank_available,-0.457407407407,54,0,54
1,random,4,2023,1,rank_in_slot,-1.12962962963,54,0,54
1,random,4,2023,3,rank_in_slot,-0.913580246914,54,0,54
1,random,4,2023,5,rank_in_slot,-0.785185185185,54,0,54
1,random,4,2023,10,rank_in_slot,-0.603703703704,54,0,54
1,random,5,2023,1,rank_available,-0.814814814815,54,0,54
1,random,5,2023,3,rank_available,-0.746913580247,54,0,54
1,random,5,2023,5,rank_available,-0.544444444444,54,0,54
1,random,5,2023,10,rank_available,-0.462962962963,54,0,54
1,random,5,2023,1,rank_in_slot,-1.11111111111,54,0,54
1,random,5,2023,3,rank_in_slot,-0.944444444444,54,0,54
1,random,5,2023,5,rank_in_slot,-0.733333333333,54,0,54
1,random,5,2023,10,rank_in_slot,-0.601851851852,54,0,54
1,random,6,2023,1,rank_available,-0.833333333333,54,0,54
1,random,6,2023,3,rank_available,-0.777777777778,54,0,54
1,random,6,2023,5,rank_available,-0.644444444444,54,0,54
1,random,6,2023,10,rank_available,-0.561111111111,54,0,54
1,random,6,2023,1,rank_in_slot,-1.12962962963,54,0,54
1,random,6,2023,3,rank_in_slot,-0.876543209877,54,0,54
1,random,6,2023,5,rank_in_slot,-0.759259259259,54,0,54
1,random,6,2023,10,rank_in_slot,-0.668518518519,54,0,54
1,random,7,2023,1,rank_available,-0.537037037037,54,0,54
1,random,7,2023,3,rank_available,-0.58024691358,54,0,54
1,random,7,2023,5,rank_available,-0.559259259259,54,0,54
1,random,7,2023,10,rank_available,-0.472222222222,54,0,54
1,random,7,2023,1,rank_in_slot,-0.796296296296,54,0,54
1,random,7,2023,3,rank_in_slot,-0.685185185185,54,0,54
1,random,7,2023,5,rank_in_slot,-0.718518518519,54,0,54
1,random,7,2023,10,rank_in_slot,-0.633333333333,54,0,54
1,random,8,2023,1,rank_available,-0.814814814815,54,0,54
1,random,8,2023,3,rank_available,-0.697530864198,54,0,54
1,random,8,2023,5,rank_available,-0.6,54,0,54
1,random,8,2023,10,rank_available,-0.477777777778,54,0,54
1,random,8,2023,1,rank_in_slot,-1.14814814815,54,0,54
1,random,8,2023,3,rank_in_slot,-0.864197530864,54,0,54
1,random,8,2023,5,rank_in_slot,-0.774074074074,54,0,54
1,random,8,2023,10,rank_in_slot,-0.618518518519,54,0,54
1,random,9,2023,1,rank_available,-0.833333333333,54,0,54
1,random,9,2023,3,rank_available,-0.827160493827,54,0,54
1,random,9,2023,5,rank_available,-0.644444444444,54,0,54
1,random,9,2023,10,rank_available,-0.509259259259,54,0,54
1,random,9,2023,1,rank_in_slot,-1.09259259259,54,0,54
1,random,9,2023,3,rank_in_slot,-0.993827160494,54,0,54
1,random,9,2023,5,rank_in_slot,-0.833333333333,54,0,54
1,random,9,2023,10,rank_in_slot,-0.611111111111,54,0,54
1,random,10,2023,1,rank_available,-0.962962962963,54,0,54
1,random,10,2023,3,rank_available,-0.796296296296,54,0,54
1,random,10,2023,5,rank_available,-0.592592592593,54,0,54
1,random,10,2023,10,rank_available,-0.524074074074,54,0,54
1,random,10,2023,1,rank_in_slot,-1.2962962963,54,0,54
1,random,10,2023,3,rank_in_slot,-0.993827160494,54,0,54
1,random,10,2023,5,rank_in_slot,-0.744444444444,54,0,54
1,random,10,2023,10,rank_in_slot,-0.640740740741,54,0,54
1,random,11,2023,1,rank_available,-0.777777777778,54,0,54
1,random,11,2023,3,rank_available,-0.820987654321,54,0,54
1,random,11,2023,5,rank_available,-0.688888888889,54,0,54
1,random,11,2023,10,rank_available,-0.566666666667,54,0,54
1,random,11,2023,1,rank_in_slot,-1.11111111111,54,0,54
1,random,11,2023,3,rank_in_slot,-1.01234567901,54,0,54
1,random,11,2023,5,rank_in_slot,-0.874074074074,54,0,54
1,random,11,2023,10,rank_in_slot,-0.692592592593,54,0,54
1,random,12,2023,1,rank_available,-0.87037037037,54,0,54
1,random,12,2023,3,rank_available,-0.765432098765,54,0,54
1,random,12,2023,5,rank_available,-0.659259259259,54,0,54
1,random,12,2023,10,rank_available,-0.487037037037,54,0,54
1,random,12,2023,1,rank_in_slot,-1.2037037037,54,0,54
1,random,12,2023,3,rank_in_slot,-0.907407407407,54,0,54
1,random,12,2023,5,rank_in_slot,-0.851851851852,54,0,54
1,random,12,2023,10,rank_in_slot,-0.614814814815,54,0,54
1,random,13,2023,1,rank_available,-0.87037037037,54,0,54
1,random,13,2023,3,rank_available,-0.734567901235,54,0,54
1,random,13,2023,5,rank_available,-0.648148148148,54,0,54
1,random,13,2023,10,rank_available,-0.540740740741,54,0,54
1,random,13,2023,1,rank_in_slot,-1.2037037037,54,0,54
1,random,13,2023,3,rank_in_slot,-0.864197530864,54,0,54
1,random,13,2023,5,rank_in_slot,-0.82962962963,54,0,54
1,random,13,2023,10,rank_in_slot,-0.666666666667,54,0,54
1,random,14,2023,1,rank_available,-0.777777777778,54,0,54
1,random,14,2023,3,rank_available,-0.604938271605,54,0,54
1,random,14,2023,5,rank_available,-0.52962962963,54,0,54
1,random,14,2023,10,rank_available,-0.446296296296,54,0,54
1,random,14,2023,1,rank_in_slot,-0.981481481481,54,0,54
1,random,14,2023,3,rank_in_slot,-0.691358024691,54,0,54
1,random,14,2023,5,rank_in_slot,-0.696296296296,54,0,54
1,random,14,2023,10,rank_in_slot,-0.531481481481,54,0,54
1,random,15,2023,1,rank_available,-0.592592592593,54,0,54
1,random,15,2023,3,rank_available,-0.70987654321,54,0,54
1,random,15,2023,5,rank_available,-0.588888888889,54,0,54
1,random,15,2023,10,rank_available,-0.496296296296,54,0,54
1,random,15,2023,1,rank_in_slot,-0.851851851852,54,0,54
1,random,15,2023,3,rank_in_slot,-0.882716049383,54,0,54
1,random,15,2023,5,rank_in_slot,-0.751851851852,54,0,54
1,random,15,2023,10,rank_in_slot,-0.637037037037,54,0,54
1,random,16,2023,1,rank_available,-0.777777777778,54,0,54
1,random,16,2023,3,rank_available,-0.672839506173,54,0,54
1,random,16,2023,5,rank_available,-0.566666666667,54,0,54
1,random,16,2023,10,rank_available,-0.525925925926,54,0,54
1,random,16,2023,1,rank_in_slot,-1.07407407407,54,0,54
1,random,16,2023,3,rank_in_slot,-0.864197530864,54,0,54
1,random,16,2023,5,rank_in_slot,-0.714814814815,54,0,54
1,random,16,2023,10,rank_in_slot,-0.651851851852,54,0,54
1,random,17,2023,1,rank_available,-0.777777777778,54,0,54
1,random,17,2023,3,rank_available,-0.771604938272,54,0,54
1,random,17,2023,5,rank_available,-0.674074074074,54,0,54
1,random,17,2023,10,rank_available,-0.581481481481,54,0,54
1,random,17,2023,1,rank_in_slot,-1.11111111111,54,0,54
1,random,17,2023,3,rank_in_slot,-0.950617283951,54,0,54
1,random,17,2023,5,rank_in_slot,-0.885185185185,54,0,54
1,random,17,2023,10,rank_in_slot,-0.731481481481,54,0,54
1,random,18,2023,1,rank_available,-0.814814814815,54,0,54
1,random,18,2023,3,rank_available,-0.783950617284,54,0,54
1,random,18,2023,5,rank_available,-0.566666666667,54,0,54
1,random,18,2023,10,rank_available,-0.42962962963,54,0,54
1,random,18,2023,1,rank_in_slot,-1.12962962963,54,0,54
1,random,18,2023,3,rank_in_slot,-0.907407407407,54,0,54
1,random,18,2023,5,rank_in_slot,-0.744444444444,54,0,54
1,random,18,2023,10,rank_in_slot,-0.553703703704,54,0,54
1,random,19,2023,1,rank_available,-0.62962962963,54,0,54
1,random,19,2023,3,rank_available,-0.765432098765,54,0,54
1,random,19,2023,5,rank_available,-0.596296296296,54,0,54
1,random,19,2023,10,rank_available,-0.511111111111,54,0,54
1,random,19,2023,1,rank_in_slot,-0.796296296296,54,0,54
1,random,19,2023,3,rank_in_slot,-0.907407407407,54,0,54
1,random,19,2023,5,rank_in_slot,-0.766666666667,54,0,54
1,random,19,2023,10,rank_in_slot,-0.640740740741,54,0,54
1,regressed-rate,-1,2023,1,rank_available,-0.037037037037,54,0,54
1,regressed-rate,-1,2023,3,rank_available,-0.216049382716,54,0,54
1,regressed-rate,-1,2023,5,rank_available,-0.166666666667,54,0,54
1,regressed-rate,-1,2023,10,rank_available,-0.17037037037,54,0,54
1,regressed-rate,-1,2023,1,rank_in_slot,-0.537037037037,54,0,54
1,regressed-rate,-1,2023,3,rank_in_slot,-0.228395061728,54,0,54
1,regressed-rate,-1,2023,5,rank_in_slot,-0.17037037037,54,0,54
1,regressed-rate,-1,2023,10,rank_in_slot,-0.140740740741,54,0,54
1,vegas-environment,-1,2023,1,rank_available,-0.518518518519,54,0,54
1,vegas-environment,-1,2023,3,rank_available,-0.302469135802,54,0,54
1,vegas-environment,-1,2023,5,rank_available,-0.137037037037,54,0,54
1,vegas-environment,-1,2023,10,rank_available,-0.0833333333333,54,0,54
1,vegas-environment,-1,2023,1,rank_in_slot,-0.777777777778,54,0,54
1,vegas-environment,-1,2023,3,rank_in_slot,-0.41975308642,54,0,54
1,vegas-environment,-1,2023,5,rank_in_slot,-0.125925925926,54,0,54
1,vegas-environment,-1,2023,10,rank_in_slot,-0.0555555555556,54,0,54
1,within-player,0,2023,1,rank_available,0.0925925925926,54,0,54
1,within-player,0,2023,3,rank_available,-0.123456790123,54,0,54
1,within-player,0,2023,5,rank_available,-0.0222222222222,54,0,54
1,within-player,0,2023,10,rank_available,-0.0203703703704,54,0,54
1,within-player,0,2023,1,rank_in_slot,-0.203703703704,54,0,54
1,within-player,0,2023,3,rank_in_slot,-0.123456790123,54,0,54
1,within-player,0,2023,5,rank_in_slot,-0.0666666666667,54,0,54
1,within-player,0,2023,10,rank_in_slot,-0.0166666666667,54,0,54
1,within-player,1,2023,1,rank_available,-0.148148148148,54,0,54
1,within-player,1,2023,3,rank_available,-0.166666666667,54,0,54
1,within-player,1,2023,5,rank_available,-0.0592592592593,54,0,54
1,within-player,1,2023,10,rank_available,-0.0148148148148,54,0,54
1,within-player,1,2023,1,rank_in_slot,-0.240740740741,54,0,54
1,within-player,1,2023,3,rank_in_slot,-0.166666666667,54,0,54
1,within-player,1,2023,5,rank_in_slot,-0.0703703703704,54,0,54
1,within-player,1,2023,10,rank_in_slot,-0.0462962962963,54,0,54
1,within-player,2,2023,1,rank_available,0.0185185185185,54,0,54
1,within-player,2,2023,3,rank_available,0.0246913580247,54,0,54
1,within-player,2,2023,5,rank_available,0.0296296296296,54,0,54
1,within-player,2,2023,10,rank_available,-0.0407407407407,54,0,54
1,within-player,2,2023,1,rank_in_slot,-0.12962962963,54,0,54
1,within-player,2,2023,3,rank_in_slot,-0.0679012345679,54,0,54
1,within-player,2,2023,5,rank_in_slot,-0.037037037037,54,0,54
1,within-player,2,2023,10,rank_in_slot,-0.0240740740741,54,0,54
1,within-player,3,2023,1,rank_available,-0.222222222222,54,0,54
1,within-player,3,2023,3,rank_available,-0.037037037037,54,0,54
1,within-player,3,2023,5,rank_available,-0.0481481481481,54,0,54
1,within-player,3,2023,10,rank_available,-0.0296296296296,54,0,54
1,within-player,3,2023,1,rank_in_slot,-0.314814814815,54,0,54
1,within-player,3,2023,3,rank_in_slot,-0.0740740740741,54,0,54
1,within-player,3,2023,5,rank_in_slot,-0.0296296296296,54,0,54
1,within-player,3,2023,10,rank_in_slot,-0.0111111111111,54,0,54
1,within-player,4,2023,1,rank_available,-0.12962962963,54,0,54
1,within-player,4,2023,3,rank_available,-0.104938271605,54,0,54
1,within-player,4,2023,5,rank_available,-0.037037037037,54,0,54
1,within-player,4,2023,10,rank_available,-0.0185185185185,54,0,54
1,within-player,4,2023,1,rank_in_slot,-0.222222222222,54,0,54
1,within-player,4,2023,3,rank_in_slot,-0.0925925925926,54,0,54
1,within-player,4,2023,5,rank_in_slot,-0.037037037037,54,0,54
1,within-player,4,2023,10,rank_in_slot,-0.037037037037,54,0,54
1,within-player,5,2023,1,rank_available,-0.259259259259,54,0,54
1,within-player,5,2023,3,rank_available,-0.0617283950617,54,0,54
1,within-player,5,2023,5,rank_available,0.0111111111111,54,0,54
1,within-player,5,2023,10,rank_available,-0.0222222222222,54,0,54
1,within-player,5,2023,1,rank_in_slot,-0.296296296296,54,0,54
1,within-player,5,2023,3,rank_in_slot,-0.037037037037,54,0,54
1,within-player,5,2023,5,rank_in_slot,0.00740740740741,54,0,54
1,within-player,5,2023,10,rank_in_slot,-0.0333333333333,54,0,54
1,within-player,6,2023,1,rank_available,-0.0925925925926,54,0,54
1,within-player,6,2023,3,rank_available,-0.111111111111,54,0,54
1,within-player,6,2023,5,rank_available,-0.0481481481481,54,0,54
1,within-player,6,2023,10,rank_available,-0.0388888888889,54,0,54
1,within-player,6,2023,1,rank_in_slot,-0.111111111111,54,0,54
1,within-player,6,2023,3,rank_in_slot,-0.0246913580247,54,0,54
1,within-player,6,2023,5,rank_in_slot,-0.0111111111111,54,0,54
1,within-player,6,2023,10,rank_in_slot,-0.0351851851852,54,0,54
1,within-player,7,2023,1,rank_available,-0.037037037037,54,0,54
1,within-player,7,2023,3,rank_available,-0.037037037037,54,0,54
1,within-player,7,2023,5,rank_available,-0.0259259259259,54,0,54
1,within-player,7,2023,10,rank_available,-0.00740740740741,54,0,54
1,within-player,7,2023,1,rank_in_slot,-0.240740740741,54,0,54
1,within-player,7,2023,3,rank_in_slot,-0.135802469136,54,0,54
1,within-player,7,2023,5,rank_in_slot,-0.0333333333333,54,0,54
1,within-player,7,2023,10,rank_in_slot,-0.0296296296296,54,0,54
1,within-player,8,2023,1,rank_available,-0.0740740740741,54,0,54
1,within-player,8,2023,3,rank_available,-0.104938271605,54,0,54
1,within-player,8,2023,5,rank_available,0.0037037037037,54,0,54
1,within-player,8,2023,10,rank_available,-0.037037037037,54,0,54
1,within-player,8,2023,1,rank_in_slot,-0.314814814815,54,0,54
1,within-player,8,2023,3,rank_in_slot,-0.037037037037,54,0,54
1,within-player,8,2023,5,rank_in_slot,-0.0518518518519,54,0,54
1,within-player,8,2023,10,rank_in_slot,-0.0333333333333,54,0,54
1,within-player,9,2023,1,rank_available,-0.148148148148,54,0,54
1,within-player,9,2023,3,rank_available,-0.0679012345679,54,0,54
1,within-player,9,2023,5,rank_available,-0.0444444444444,54,0,54
1,within-player,9,2023,10,rank_available,-0.0351851851852,54,0,54
1,within-player,9,2023,1,rank_in_slot,-0.351851851852,54,0,54
1,within-player,9,2023,3,rank_in_slot,-0.0740740740741,54,0,54
1,within-player,9,2023,5,rank_in_slot,-0.0407407407407,54,0,54
1,within-player,9,2023,10,rank_in_slot,-0.062962962963,54,0,54
1,within-player,10,2023,1,rank_available,0.0185185185185,54,0,54
1,within-player,10,2023,3,rank_available,-0.00617283950617,54,0,54
1,within-player,10,2023,5,rank_available,-0.00740740740741,54,0,54
1,within-player,10,2023,10,rank_available,-0.0203703703704,54,0,54
1,within-player,10,2023,1,rank_in_slot,-0.0925925925926,54,0,54
1,within-player,10,2023,3,rank_in_slot,-0.0123456790123,54,0,54
1,within-player,10,2023,5,rank_in_slot,-0.0444444444444,54,0,54
1,within-player,10,2023,10,rank_in_slot,-0.0166666666667,54,0,54
1,within-player,11,2023,1,rank_available,-0.12962962963,54,0,54
1,within-player,11,2023,3,rank_available,-0.12962962963,54,0,54
1,within-player,11,2023,5,rank_available,-0.0407407407407,54,0,54
1,within-player,11,2023,10,rank_available,-0.0333333333333,54,0,54
1,within-player,11,2023,1,rank_in_slot,-0.259259259259,54,0,54
1,within-player,11,2023,3,rank_in_slot,-0.0802469135802,54,0,54
1,within-player,11,2023,5,rank_in_slot,-0.0333333333333,54,0,54
1,within-player,11,2023,10,rank_in_slot,-0.0592592592593,54,0,54
1,within-player,12,2023,1,rank_available,-0.0740740740741,54,0,54
1,within-player,12,2023,3,rank_available,-0.037037037037,54,0,54
1,within-player,12,2023,5,rank_available,-0.0185185185185,54,0,54
1,within-player,12,2023,10,rank_available,-0.0333333333333,54,0,54
1,within-player,12,2023,1,rank_in_slot,-0.148148148148,54,0,54
1,within-player,12,2023,3,rank_in_slot,-0.111111111111,54,0,54
1,within-player,12,2023,5,rank_in_slot,-0.0555555555556,54,0,54
1,within-player,12,2023,10,rank_in_slot,-0.0148148148148,54,0,54
1,within-player,13,2023,1,rank_available,-0.0925925925926,54,0,54
1,within-player,13,2023,3,rank_available,-0.0432098765432,54,0,54
1,within-player,13,2023,5,rank_available,-0.0259259259259,54,0,54
1,within-player,13,2023,10,rank_available,-0.012962962963,54,0,54
1,within-player,13,2023,1,rank_in_slot,-0.240740740741,54,0,54
1,within-player,13,2023,3,rank_in_slot,-0.0246913580247,54,0,54
1,within-player,13,2023,5,rank_in_slot,-0.0037037037037,54,0,54
1,within-player,13,2023,10,rank_in_slot,-0.00740740740741,54,0,54
1,within-player,14,2023,1,rank_available,-0.111111111111,54,0,54
1,within-player,14,2023,3,rank_available,-0.111111111111,54,0,54
1,within-player,14,2023,5,rank_available,-0.0666666666667,54,0,54
1,within-player,14,2023,10,rank_available,-0.00555555555556,54,0,54
1,within-player,14,2023,1,rank_in_slot,-0.240740740741,54,0,54
1,within-player,14,2023,3,rank_in_slot,-0.0555555555556,54,0,54
1,within-player,14,2023,5,rank_in_slot,-0.0518518518519,54,0,54
1,within-player,14,2023,10,rank_in_slot,-0.037037037037,54,0,54
1,within-player,15,2023,1,rank_available,-0.037037037037,54,0,54
1,within-player,15,2023,3,rank_available,-0.111111111111,54,0,54
1,within-player,15,2023,5,rank_available,-0.0444444444444,54,0,54
1,within-player,15,2023,10,rank_available,-0.0203703703704,54,0,54
1,within-player,15,2023,1,rank_in_slot,-0.222222222222,54,0,54
1,within-player,15,2023,3,rank_in_slot,-0.0925925925926,54,0,54
1,within-player,15,2023,5,rank_in_slot,-0.0592592592593,54,0,54
1,within-player,15,2023,10,rank_in_slot,-0.037037037037,54,0,54
1,within-player,16,2023,1,rank_available,-0.148148148148,54,0,54
1,within-player,16,2023,3,rank_available,-0.0740740740741,54,0,54
1,within-player,16,2023,5,rank_available,-0.0222222222222,54,0,54
1,within-player,16,2023,10,rank_available,-0.0203703703704,54,0,54
1,within-player,16,2023,1,rank_in_slot,-0.296296296296,54,0,54
1,within-player,16,2023,3,rank_in_slot,-0.0864197530864,54,0,54
1,within-player,16,2023,5,rank_in_slot,-0.0703703703704,54,0,54
1,within-player,16,2023,10,rank_in_slot,-0.0388888888889,54,0,54
1,within-player,17,2023,1,rank_available,-0.037037037037,54,0,54
1,within-player,17,2023,3,rank_available,-0.0246913580247,54,0,54
1,within-player,17,2023,5,rank_available,-0.00740740740741,54,0,54
1,within-player,17,2023,10,rank_available,-0.00925925925926,54,0,54
1,within-player,17,2023,1,rank_in_slot,-0.12962962963,54,0,54
1,within-player,17,2023,3,rank_in_slot,-0.111111111111,54,0,54
1,within-player,17,2023,5,rank_in_slot,-0.037037037037,54,0,54
1,within-player,17,2023,10,rank_in_slot,-0.0314814814815,54,0,54
1,within-player,18,2023,1,rank_available,0,54,0,54
1,within-player,18,2023,3,rank_available,-0.111111111111,54,0,54
1,within-player,18,2023,5,rank_available,-0.062962962963,54,0,54
1,within-player,18,2023,10,rank_available,-0.0462962962963,54,0,54
1,within-player,18,2023,1,rank_in_slot,-0.277777777778,54,0,54
1,within-player,18,2023,3,rank_in_slot,-0.117283950617,54,0,54
1,within-player,18,2023,5,rank_in_slot,-0.0444444444444,54,0,54
1,within-player,18,2023,10,rank_in_slot,-0.0351851851852,54,0,54
1,within-player,19,2023,1,rank_available,-0.12962962963,54,0,54
1,within-player,19,2023,3,rank_available,-0.0987654320988,54,0,54
1,within-player,19,2023,5,rank_available,-0.0148148148148,54,0,54
1,within-player,19,2023,10,rank_available,-0.0111111111111,54,0,54
1,within-player,19,2023,1,rank_in_slot,-0.222222222222,54,0,54
1,within-player,19,2023,3,rank_in_slot,-0.0864197530864,54,0,54
1,within-player,19,2023,5,rank_in_slot,-0.0222222222222,54,0,54
1,within-player,19,2023,10,rank_in_slot,-0.0462962962963,54,0,54
1,base-rate-only,-1,2024,1,rank_available,-0.111111111111,54,0,54
1,base-rate-only,-1,2024,3,rank_available,-0.148148148148,54,0,54
1,base-rate-only,-1,2024,5,rank_available,-0.103703703704,54,0,54
1,base-rate-only,-1,2024,10,rank_available,-0.0759259259259,54,0,54
1,base-rate-only,-1,2024,1,rank_in_slot,0.166666666667,54,0,54
1,base-rate-only,-1,2024,3,rank_in_slot,-0.0308641975309,54,0,54
1,base-rate-only,-1,2024,5,rank_in_slot,1.43917799488e-17,54,0,54
1,base-rate-only,-1,2024,10,rank_in_slot,-0.0555555555556,54,0,54
1,current-season-rate,-1,2024,1,rank_available,0.111111111111,54,0,54
1,current-season-rate,-1,2024,3,rank_available,-0.00617283950617,54,0,54
1,current-season-rate,-1,2024,5,rank_available,-0.0851851851852,54,0,54
1,current-season-rate,-1,2024,10,rank_available,-0.153703703704,54,0,54
1,current-season-rate,-1,2024,1,rank_in_slot,-0.0925925925926,54,0,54
1,current-season-rate,-1,2024,3,rank_in_slot,-0.0679012345679,54,0,54
1,current-season-rate,-1,2024,5,rank_in_slot,-0.0333333333333,54,0,54
1,current-season-rate,-1,2024,10,rank_in_slot,-0.0166666666667,54,0,54
1,historical-rate,-1,2024,1,rank_available,-0.685185185185,54,0,54
1,historical-rate,-1,2024,3,rank_available,-0.376543209877,54,0,54
1,historical-rate,-1,2024,5,rank_available,-0.188888888889,54,0,54
1,historical-rate,-1,2024,10,rank_available,-0.164814814815,54,0,54
1,historical-rate,-1,2024,1,rank_in_slot,-0.87037037037,54,0,54
1,historical-rate,-1,2024,3,rank_in_slot,-0.623456790123,54,0,54
1,historical-rate,-1,2024,5,rank_in_slot,-0.437037037037,54,0,54
1,historical-rate,-1,2024,10,rank_in_slot,-0.159259259259,54,0,54
1,no-vegas,-1,2024,1,rank_available,0.0555555555556,54,0,54
1,no-vegas,-1,2024,3,rank_available,-0.0740740740741,54,0,54
1,no-vegas,-1,2024,5,rank_available,-0.0555555555556,54,0,54
1,no-vegas,-1,2024,10,rank_available,-0.0240740740741,54,0,54
1,no-vegas,-1,2024,1,rank_in_slot,0.314814814815,54,0,54
1,no-vegas,-1,2024,3,rank_in_slot,-0.0555555555556,54,0,54
1,no-vegas,-1,2024,5,rank_in_slot,-0.0444444444444,54,0,54
1,no-vegas,-1,2024,10,rank_in_slot,-0.0333333333333,54,0,54
1,player-vegas,-1,2024,1,rank_available,-0.222222222222,54,0,54
1,player-vegas,-1,2024,3,rank_available,-0.141975308642,54,0,54
1,player-vegas,-1,2024,5,rank_available,-0.111111111111,54,0,54
1,player-vegas,-1,2024,10,rank_available,-0.0703703703704,54,0,54
1,player-vegas,-1,2024,1,rank_in_slot,0.222222222222,54,0,54
1,player-vegas,-1,2024,3,rank_in_slot,0.0123456790123,54,0,54
1,player-vegas,-1,2024,5,rank_in_slot,0.0333333333333,54,0,54
1,player-vegas,-1,2024,10,rank_in_slot,-0.0259259259259,54,0,54
1,random,0,2024,1,rank_available,-0.425925925926,54,0,54
1,random,0,2024,3,rank_available,-0.617283950617,54,0,54
1,random,0,2024,5,rank_available,-0.551851851852,54,0,54
1,random,0,2024,10,rank_available,-0.461111111111,54,0,54
1,random,0,2024,1,rank_in_slot,-0.648148148148,54,0,54
1,random,0,2024,3,rank_in_slot,-0.888888888889,54,0,54
1,random,0,2024,5,rank_in_slot,-0.718518518519,54,0,54
1,random,0,2024,10,rank_in_slot,-0.542592592593,54,0,54
1,random,1,2024,1,rank_available,-0.685185185185,54,0,54
1,random,1,2024,3,rank_available,-0.728395061728,54,0,54
1,random,1,2024,5,rank_available,-0.633333333333,54,0,54
1,random,1,2024,10,rank_available,-0.442592592593,54,0,54
1,random,1,2024,1,rank_in_slot,-0.888888888889,54,0,54
1,random,1,2024,3,rank_in_slot,-0.925925925926,54,0,54
1,random,1,2024,5,rank_in_slot,-0.825925925926,54,0,54
1,random,1,2024,10,rank_in_slot,-0.516666666667,54,0,54
1,random,2,2024,1,rank_available,-0.462962962963,54,0,54
1,random,2,2024,3,rank_available,-0.586419753086,54,0,54
1,random,2,2024,5,rank_available,-0.592592592593,54,0,54
1,random,2,2024,10,rank_available,-0.518518518519,54,0,54
1,random,2,2024,1,rank_in_slot,-0.666666666667,54,0,54
1,random,2,2024,3,rank_in_slot,-0.808641975309,54,0,54
1,random,2,2024,5,rank_in_slot,-0.8,54,0,54
1,random,2,2024,10,rank_in_slot,-0.661111111111,54,0,54
1,random,3,2024,1,rank_available,-0.555555555556,54,0,54
1,random,3,2024,3,rank_available,-0.586419753086,54,0,54
1,random,3,2024,5,rank_available,-0.522222222222,54,0,54
1,random,3,2024,10,rank_available,-0.472222222222,54,0,54
1,random,3,2024,1,rank_in_slot,-0.796296296296,54,0,54
1,random,3,2024,3,rank_in_slot,-0.876543209877,54,0,54
1,random,3,2024,5,rank_in_slot,-0.72962962963,54,0,54
1,random,3,2024,10,rank_in_slot,-0.611111111111,54,0,54
1,random,4,2024,1,rank_available,-0.777777777778,54,0,54
1,random,4,2024,3,rank_available,-0.691358024691,54,0,54
1,random,4,2024,5,rank_available,-0.611111111111,54,0,54
1,random,4,2024,10,rank_available,-0.527777777778,54,0,54
1,random,4,2024,1,rank_in_slot,-1.01851851852,54,0,54
1,random,4,2024,3,rank_in_slot,-0.975308641975,54,0,54
1,random,4,2024,5,rank_in_slot,-0.822222222222,54,0,54
1,random,4,2024,10,rank_in_slot,-0.694444444444,54,0,54
1,random,5,2024,1,rank_available,-0.444444444444,54,0,54
1,random,5,2024,3,rank_available,-0.592592592593,54,0,54
1,random,5,2024,5,rank_available,-0.544444444444,54,0,54
1,random,5,2024,10,rank_available,-0.455555555556,54,0,54
1,random,5,2024,1,rank_in_slot,-0.555555555556,54,0,54
1,random,5,2024,3,rank_in_slot,-0.858024691358,54,0,54
1,random,5,2024,5,rank_in_slot,-0.755555555556,54,0,54
1,random,5,2024,10,rank_in_slot,-0.62962962963,54,0,54
1,random,6,2024,1,rank_available,-0.592592592593,54,0,54
1,random,6,2024,3,rank_available,-0.641975308642,54,0,54
1,random,6,2024,5,rank_available,-0.585185185185,54,0,54
1,random,6,2024,10,rank_available,-0.462962962963,54,0,54
1,random,6,2024,1,rank_in_slot,-0.814814814815,54,0,54
1,random,6,2024,3,rank_in_slot,-0.777777777778,54,0,54
1,random,6,2024,5,rank_in_slot,-0.72962962963,54,0,54
1,random,6,2024,10,rank_in_slot,-0.603703703704,54,0,54
1,random,7,2024,1,rank_available,-0.111111111111,54,0,54
1,random,7,2024,3,rank_available,-0.382716049383,54,0,54
1,random,7,2024,5,rank_available,-0.451851851852,54,0,54
1,random,7,2024,10,rank_available,-0.472222222222,54,0,54
1,random,7,2024,1,rank_in_slot,-0.0740740740741,54,0,54
1,random,7,2024,3,rank_in_slot,-0.567901234568,54,0,54
1,random,7,2024,5,rank_in_slot,-0.603703703704,54,0,54
1,random,7,2024,10,rank_in_slot,-0.587037037037,54,0,54
1,random,8,2024,1,rank_available,-0.388888888889,54,0,54
1,random,8,2024,3,rank_available,-0.592592592593,54,0,54
1,random,8,2024,5,rank_available,-0.581481481481,54,0,54
1,random,8,2024,10,rank_available,-0.509259259259,54,0,54
1,random,8,2024,1,rank_in_slot,-0.62962962963,54,0,54
1,random,8,2024,3,rank_in_slot,-0.814814814815,54,0,54
1,random,8,2024,5,rank_in_slot,-0.781481481481,54,0,54
1,random,8,2024,10,rank_in_slot,-0.675925925926,54,0,54
1,random,9,2024,1,rank_available,-0.462962962963,54,0,54
1,random,9,2024,3,rank_available,-0.598765432099,54,0,54
1,random,9,2024,5,rank_available,-0.559259259259,54,0,54
1,random,9,2024,10,rank_available,-0.448148148148,54,0,54
1,random,9,2024,1,rank_in_slot,-0.611111111111,54,0,54
1,random,9,2024,3,rank_in_slot,-0.827160493827,54,0,54
1,random,9,2024,5,rank_in_slot,-0.714814814815,54,0,54
1,random,9,2024,10,rank_in_slot,-0.601851851852,54,0,54
1,random,10,2024,1,rank_available,-0.759259259259,54,0,54
1,random,10,2024,3,rank_available,-0.62962962963,54,0,54
1,random,10,2024,5,rank_available,-0.6,54,0,54
1,random,10,2024,10,rank_available,-0.540740740741,54,0,54
1,random,10,2024,1,rank_in_slot,-1,54,0,54
1,random,10,2024,3,rank_in_slot,-0.901234567901,54,0,54
1,random,10,2024,5,rank_in_slot,-0.722222222222,54,0,54
1,random,10,2024,10,rank_in_slot,-0.672222222222,54,0,54
1,random,11,2024,1,rank_available,-0.574074074074,54,0,54
1,random,11,2024,3,rank_available,-0.598765432099,54,0,54
1,random,11,2024,5,rank_available,-0.588888888889,54,0,54
1,random,11,2024,10,rank_available,-0.485185185185,54,0,54
1,random,11,2024,1,rank_in_slot,-0.777777777778,54,0,54
1,random,11,2024,3,rank_in_slot,-0.876543209877,54,0,54
1,random,11,2024,5,rank_in_slot,-0.796296296296,54,0,54
1,random,11,2024,10,rank_in_slot,-0.642592592593,54,0,54
1,random,12,2024,1,rank_available,-0.481481481481,54,0,54
1,random,12,2024,3,rank_available,-0.537037037037,54,0,54
1,random,12,2024,5,rank_available,-0.574074074074,54,0,54
1,random,12,2024,10,rank_available,-0.507407407407,54,0,54
1,random,12,2024,1,rank_in_slot,-0.722222222222,54,0,54
1,random,12,2024,3,rank_in_slot,-0.783950617284,54,0,54
1,random,12,2024,5,rank_in_slot,-0.796296296296,54,0,54
1,random,12,2024,10,rank_in_slot,-0.642592592593,54,0,54
1,random,13,2024,1,rank_available,-0.425925925926,54,0,54
1,random,13,2024,3,rank_available,-0.567901234568,54,0,54
1,random,13,2024,5,rank_available,-0.622222222222,54,0,54
1,random,13,2024,10,rank_available,-0.527777777778,54,0,54
1,random,13,2024,1,rank_in_slot,-0.666666666667,54,0,54
1,random,13,2024,3,rank_in_slot,-0.802469135802,54,0,54
1,random,13,2024,5,rank_in_slot,-0.788888888889,54,0,54
1,random,13,2024,10,rank_in_slot,-0.659259259259,54,0,54
1,random,14,2024,1,rank_available,-0.518518518519,54,0,54
1,random,14,2024,3,rank_available,-0.456790123457,54,0,54
1,random,14,2024,5,rank_available,-0.474074074074,54,0,54
1,random,14,2024,10,rank_available,-0.442592592593,54,0,54
1,random,14,2024,1,rank_in_slot,-0.777777777778,54,0,54
1,random,14,2024,3,rank_in_slot,-0.703703703704,54,0,54
1,random,14,2024,5,rank_in_slot,-0.644444444444,54,0,54
1,random,14,2024,10,rank_in_slot,-0.55,54,0,54
1,random,15,2024,1,rank_available,-0.537037037037,54,0,54
1,random,15,2024,3,rank_available,-0.604938271605,54,0,54
1,random,15,2024,5,rank_available,-0.62962962963,54,0,54
1,random,15,2024,10,rank_available,-0.537037037037,54,0,54
1,random,15,2024,1,rank_in_slot,-0.740740740741,54,0,54
1,random,15,2024,3,rank_in_slot,-0.827160493827,54,0,54
1,random,15,2024,5,rank_in_slot,-0.792592592593,54,0,54
1,random,15,2024,10,rank_in_slot,-0.722222222222,54,0,54
1,random,16,2024,1,rank_available,-0.685185185185,54,0,54
1,random,16,2024,3,rank_available,-0.66049382716,54,0,54
1,random,16,2024,5,rank_available,-0.618518518519,54,0,54
1,random,16,2024,10,rank_available,-0.522222222222,54,0,54
1,random,16,2024,1,rank_in_slot,-0.907407407407,54,0,54
1,random,16,2024,3,rank_in_slot,-0.87037037037,54,0,54
1,random,16,2024,5,rank_in_slot,-0.766666666667,54,0,54
1,random,16,2024,10,rank_in_slot,-0.653703703704,54,0,54
1,random,17,2024,1,rank_available,-0.462962962963,54,0,54
1,random,17,2024,3,rank_available,-0.592592592593,54,0,54
1,random,17,2024,5,rank_available,-0.592592592593,54,0,54
1,random,17,2024,10,rank_available,-0.525925925926,54,0,54
1,random,17,2024,1,rank_in_slot,-0.592592592593,54,0,54
1,random,17,2024,3,rank_in_slot,-0.833333333333,54,0,54
1,random,17,2024,5,rank_in_slot,-0.803703703704,54,0,54
1,random,17,2024,10,rank_in_slot,-0.701851851852,54,0,54
1,random,18,2024,1,rank_available,-0.648148148148,54,0,54
1,random,18,2024,3,rank_available,-0.432098765432,54,0,54
1,random,18,2024,5,rank_available,-0.462962962963,54,0,54
1,random,18,2024,10,rank_available,-0.368518518519,54,0,54
1,random,18,2024,1,rank_in_slot,-0.888888888889,54,0,54
1,random,18,2024,3,rank_in_slot,-0.604938271605,54,0,54
1,random,18,2024,5,rank_in_slot,-0.592592592593,54,0,54
1,random,18,2024,10,rank_in_slot,-0.505555555556,54,0,54
1,random,19,2024,1,rank_available,-0.407407407407,54,0,54
1,random,19,2024,3,rank_available,-0.58024691358,54,0,54
1,random,19,2024,5,rank_available,-0.548148148148,54,0,54
1,random,19,2024,10,rank_available,-0.498148148148,54,0,54
1,random,19,2024,1,rank_in_slot,-0.5,54,0,54
1,random,19,2024,3,rank_in_slot,-0.79012345679,54,0,54
1,random,19,2024,5,rank_in_slot,-0.718518518519,54,0,54
1,random,19,2024,10,rank_in_slot,-0.648148148148,54,0,54
1,regressed-rate,-1,2024,1,rank_available,-0.333333333333,54,0,54
1,regressed-rate,-1,2024,3,rank_available,-0.191358024691,54,0,54
1,regressed-rate,-1,2024,5,rank_available,-0.140740740741,54,0,54
1,regressed-rate,-1,2024,10,rank_available,-0.135185185185,54,0,54
1,regressed-rate,-1,2024,1,rank_in_slot,0,54,0,54
1,regressed-rate,-1,2024,3,rank_in_slot,-0.283950617284,54,0,54
1,regressed-rate,-1,2024,5,rank_in_slot,-0.240740740741,54,0,54
1,regressed-rate,-1,2024,10,rank_in_slot,-0.12962962963,54,0,54
1,vegas-environment,-1,2024,1,rank_available,-0.12962962963,54,0,54
1,vegas-environment,-1,2024,3,rank_available,-0.20987654321,54,0,54
1,vegas-environment,-1,2024,5,rank_available,-0.12962962963,54,0,54
1,vegas-environment,-1,2024,10,rank_available,-0.05,54,0,54
1,vegas-environment,-1,2024,1,rank_in_slot,0.185185185185,54,0,54
1,vegas-environment,-1,2024,3,rank_in_slot,-0.179012345679,54,0,54
1,vegas-environment,-1,2024,5,rank_in_slot,-0.122222222222,54,0,54
1,vegas-environment,-1,2024,10,rank_in_slot,-0.0648148148148,54,0,54
1,within-player,0,2024,1,rank_available,0.0740740740741,54,0,54
1,within-player,0,2024,3,rank_available,-0.0246913580247,54,0,54
1,within-player,0,2024,5,rank_available,-0.0037037037037,54,0,54
1,within-player,0,2024,10,rank_available,-0.00185185185185,54,0,54
1,within-player,0,2024,1,rank_in_slot,0.0185185185185,54,0,54
1,within-player,0,2024,3,rank_in_slot,-0.0864197530864,54,0,54
1,within-player,0,2024,5,rank_in_slot,-0.0333333333333,54,0,54
1,within-player,0,2024,10,rank_in_slot,-2.26156542053e-17,54,0,54
1,within-player,1,2024,1,rank_available,-0.0740740740741,54,0,54
1,within-player,1,2024,3,rank_available,-0.0555555555556,54,0,54
1,within-player,1,2024,5,rank_available,-0.0111111111111,54,0,54
1,within-player,1,2024,10,rank_available,-0.0111111111111,54,0,54
1,within-player,1,2024,1,rank_in_slot,0.0185185185185,54,0,54
1,within-player,1,2024,3,rank_in_slot,-0.135802469136,54,0,54
1,within-player,1,2024,5,rank_in_slot,-0.037037037037,54,0,54
1,within-player,1,2024,10,rank_in_slot,-0.00740740740741,54,0,54
1,within-player,2,2024,1,rank_available,0.0555555555556,54,0,54
1,within-player,2,2024,3,rank_available,-0.0987654320988,54,0,54
1,within-player,2,2024,5,rank_available,-0.0037037037037,54,0,54
1,within-player,2,2024,10,rank_available,0.0222222222222,54,0,54
1,within-player,2,2024,1,rank_in_slot,0,54,0,54
1,within-player,2,2024,3,rank_in_slot,-0.0679012345679,54,0,54
1,within-player,2,2024,5,rank_in_slot,-0.0148148148148,54,0,54
1,within-player,2,2024,10,rank_in_slot,-0.00925925925926,54,0,54
1,within-player,3,2024,1,rank_available,0.185185185185,54,0,54
1,within-player,3,2024,3,rank_available,-0.0123456790123,54,0,54
1,within-player,3,2024,5,rank_available,0.0037037037037,54,0,54
1,within-player,3,2024,10,rank_available,0.0425925925926,54,0,54
1,within-player,3,2024,1,rank_in_slot,0.0185185185185,54,0,54
1,within-player,3,2024,3,rank_in_slot,-0.0246913580247,54,0,54
1,within-player,3,2024,5,rank_in_slot,0.0222222222222,54,0,54
1,within-player,3,2024,10,rank_in_slot,0.0296296296296,54,0,54
1,within-player,4,2024,1,rank_available,0.222222222222,54,0,54
1,within-player,4,2024,3,rank_available,-0.0123456790123,54,0,54
1,within-player,4,2024,5,rank_available,0.0037037037037,54,0,54
1,within-player,4,2024,10,rank_available,0.012962962963,54,0,54
1,within-player,4,2024,1,rank_in_slot,0.240740740741,54,0,54
1,within-player,4,2024,3,rank_in_slot,0.00617283950617,54,0,54
1,within-player,4,2024,5,rank_in_slot,0.0037037037037,54,0,54
1,within-player,4,2024,10,rank_in_slot,-0.0037037037037,54,0,54
1,within-player,5,2024,1,rank_available,0.12962962963,54,0,54
1,within-player,5,2024,3,rank_available,0.0123456790123,54,0,54
1,within-player,5,2024,5,rank_available,0.0259259259259,54,0,54
1,within-player,5,2024,10,rank_available,0.0037037037037,54,0,54
1,within-player,5,2024,1,rank_in_slot,0.0555555555556,54,0,54
1,within-player,5,2024,3,rank_in_slot,0.00617283950617,54,0,54
1,within-player,5,2024,5,rank_in_slot,0.0111111111111,54,0,54
1,within-player,5,2024,10,rank_in_slot,0.0166666666667,54,0,54
1,within-player,6,2024,1,rank_available,-0.037037037037,54,0,54
1,within-player,6,2024,3,rank_available,-0.0555555555556,54,0,54
1,within-player,6,2024,5,rank_available,0.0037037037037,54,0,54
1,within-player,6,2024,10,rank_available,0.0111111111111,54,0,54
1,within-player,6,2024,1,rank_in_slot,0.111111111111,54,0,54
1,within-player,6,2024,3,rank_in_slot,-0.0555555555556,54,0,54
1,within-player,6,2024,5,rank_in_slot,0.0259259259259,54,0,54
1,within-player,6,2024,10,rank_in_slot,-0.00555555555556,54,0,54
1,within-player,7,2024,1,rank_available,-0.0185185185185,54,0,54
1,within-player,7,2024,3,rank_available,-0.0123456790123,54,0,54
1,within-player,7,2024,5,rank_available,-0.0185185185185,54,0,54
1,within-player,7,2024,10,rank_available,0.0185185185185,54,0,54
1,within-player,7,2024,1,rank_in_slot,-0.148148148148,54,0,54
1,within-player,7,2024,3,rank_in_slot,-0.0740740740741,54,0,54
1,within-player,7,2024,5,rank_in_slot,0.0148148148148,54,0,54
1,within-player,7,2024,10,rank_in_slot,0.00740740740741,54,0,54
1,within-player,8,2024,1,rank_available,0.148148148148,54,0,54
1,within-player,8,2024,3,rank_available,-0.0493827160494,54,0,54
1,within-player,8,2024,5,rank_available,-0.0407407407407,54,0,54
1,within-player,8,2024,10,rank_available,0.0203703703704,54,0,54
1,within-player,8,2024,1,rank_in_slot,0.037037037037,54,0,54
1,within-player,8,2024,3,rank_in_slot,-0.12962962963,54,0,54
1,within-player,8,2024,5,rank_in_slot,-0.0185185185185,54,0,54
1,within-player,8,2024,10,rank_in_slot,-0.0240740740741,54,0,54
1,within-player,9,2024,1,rank_available,0.222222222222,54,0,54
1,within-player,9,2024,3,rank_available,0.00617283950617,54,0,54
1,within-player,9,2024,5,rank_available,0.0185185185185,54,0,54
1,within-player,9,2024,10,rank_available,0.0333333333333,54,0,54
1,within-player,9,2024,1,rank_in_slot,0.0925925925926,54,0,54
1,within-player,9,2024,3,rank_in_slot,0.0246913580247,54,0,54
1,within-player,9,2024,5,rank_in_slot,0.0111111111111,54,0,54
1,within-player,9,2024,10,rank_in_slot,0.0240740740741,54,0,54
1,within-player,10,2024,1,rank_available,0.0925925925926,54,0,54
1,within-player,10,2024,3,rank_available,-0.0617283950617,54,0,54
1,within-player,10,2024,5,rank_available,0.0111111111111,54,0,54
1,within-player,10,2024,10,rank_available,0.0148148148148,54,0,54
1,within-player,10,2024,1,rank_in_slot,0.166666666667,54,0,54
1,within-player,10,2024,3,rank_in_slot,-0.00617283950617,54,0,54
1,within-player,10,2024,5,rank_in_slot,-0.0037037037037,54,0,54
1,within-player,10,2024,10,rank_in_slot,-0.0111111111111,54,0,54
1,within-player,11,2024,1,rank_available,0.166666666667,54,0,54
1,within-player,11,2024,3,rank_available,-0.0493827160494,54,0,54
1,within-player,11,2024,5,rank_available,-0.0444444444444,54,0,54
1,within-player,11,2024,10,rank_available,0.012962962963,54,0,54
1,within-player,11,2024,1,rank_in_slot,-0.0925925925926,54,0,54
1,within-player,11,2024,3,rank_in_slot,-0.0987654320988,54,0,54
1,within-player,11,2024,5,rank_in_slot,0.037037037037,54,0,54
1,within-player,11,2024,10,rank_in_slot,-0.0240740740741,54,0,54
1,within-player,12,2024,1,rank_available,0.0555555555556,54,0,54
1,within-player,12,2024,3,rank_available,0.0246913580247,54,0,54
1,within-player,12,2024,5,rank_available,-0.00740740740741,54,0,54
1,within-player,12,2024,10,rank_available,0.0185185185185,54,0,54
1,within-player,12,2024,1,rank_in_slot,-0.166666666667,54,0,54
1,within-player,12,2024,3,rank_in_slot,-0.0123456790123,54,0,54
1,within-player,12,2024,5,rank_in_slot,0.037037037037,54,0,54
1,within-player,12,2024,10,rank_in_slot,-0.012962962963,54,0,54
1,within-player,13,2024,1,rank_available,0.111111111111,54,0,54
1,within-player,13,2024,3,rank_available,-0.111111111111,54,0,54
1,within-player,13,2024,5,rank_available,-0.037037037037,54,0,54
1,within-player,13,2024,10,rank_available,0.0222222222222,54,0,54
1,within-player,13,2024,1,rank_in_slot,0.0185185185185,54,0,54
1,within-player,13,2024,3,rank_in_slot,-0.0802469135802,54,0,54
1,within-player,13,2024,5,rank_in_slot,-0.0185185185185,54,0,54
1,within-player,13,2024,10,rank_in_slot,-0.0277777777778,54,0,54
1,within-player,14,2024,1,rank_available,-0.0185185185185,54,0,54
1,within-player,14,2024,3,rank_available,-0.0617283950617,54,0,54
1,within-player,14,2024,5,rank_available,-0.0444444444444,54,0,54
1,within-player,14,2024,10,rank_available,-0.00185185185185,54,0,54
1,within-player,14,2024,1,rank_in_slot,0.0740740740741,54,0,54
1,within-player,14,2024,3,rank_in_slot,-0.0864197530864,54,0,54
1,within-player,14,2024,5,rank_in_slot,-0.0555555555556,54,0,54
1,within-player,14,2024,10,rank_in_slot,-0.00555555555556,54,0,54
1,within-player,15,2024,1,rank_available,-0.0740740740741,54,0,54
1,within-player,15,2024,3,rank_available,0.0308641975309,54,0,54
1,within-player,15,2024,5,rank_available,0.0444444444444,54,0,54
1,within-player,15,2024,10,rank_available,0.0444444444444,54,0,54
1,within-player,15,2024,1,rank_in_slot,-0.0925925925926,54,0,54
1,within-player,15,2024,3,rank_in_slot,-0.0925925925926,54,0,54
1,within-player,15,2024,5,rank_in_slot,0.0148148148148,54,0,54
1,within-player,15,2024,10,rank_in_slot,-0.0037037037037,54,0,54
1,within-player,16,2024,1,rank_available,0.185185185185,54,0,54
1,within-player,16,2024,3,rank_available,-0.0493827160494,54,0,54
1,within-player,16,2024,5,rank_available,-0.0296296296296,54,0,54
1,within-player,16,2024,10,rank_available,-0.0185185185185,54,0,54
1,within-player,16,2024,1,rank_in_slot,0.12962962963,54,0,54
1,within-player,16,2024,3,rank_in_slot,0.037037037037,54,0,54
1,within-player,16,2024,5,rank_in_slot,0.0259259259259,54,0,54
1,within-player,16,2024,10,rank_in_slot,-0.0314814814815,54,0,54
1,within-player,17,2024,1,rank_available,-0.111111111111,54,0,54
1,within-player,17,2024,3,rank_available,-0.00617283950617,54,0,54
1,within-player,17,2024,5,rank_available,0.0481481481481,54,0,54
1,within-player,17,2024,10,rank_available,0.0148148148148,54,0,54
1,within-player,17,2024,1,rank_in_slot,-0.12962962963,54,0,54
1,within-player,17,2024,3,rank_in_slot,-0.0925925925926,54,0,54
1,within-player,17,2024,5,rank_in_slot,-0.0407407407407,54,0,54
1,within-player,17,2024,10,rank_in_slot,-5.1399214103e-18,54,0,54
1,within-player,18,2024,1,rank_available,0.0185185185185,54,0,54
1,within-player,18,2024,3,rank_available,-0.0308641975309,54,0,54
1,within-player,18,2024,5,rank_available,-0.0592592592593,54,0,54
1,within-player,18,2024,10,rank_available,0.00185185185185,54,0,54
1,within-player,18,2024,1,rank_in_slot,0.0740740740741,54,0,54
1,within-player,18,2024,3,rank_in_slot,-0.0555555555556,54,0,54
1,within-player,18,2024,5,rank_in_slot,0.0185185185185,54,0,54
1,within-player,18,2024,10,rank_in_slot,-0.0148148148148,54,0,54
1,within-player,19,2024,1,rank_available,-0.0740740740741,54,0,54
1,within-player,19,2024,3,rank_available,0.0123456790123,54,0,54
1,within-player,19,2024,5,rank_available,0.0148148148148,54,0,54
1,within-player,19,2024,10,rank_available,0.0240740740741,54,0,54
1,within-player,19,2024,1,rank_in_slot,0.0925925925926,54,0,54
1,within-player,19,2024,3,rank_in_slot,-0.0555555555556,54,0,54
1,within-player,19,2024,5,rank_in_slot,0.0592592592593,54,0,54
1,within-player,19,2024,10,rank_in_slot,0.00740740740741,54,0,54
1,base-rate-only,-1,2025,1,rank_available,-0.240740740741,54,0,54
1,base-rate-only,-1,2025,3,rank_available,-0.0555555555556,54,0,54
1,base-rate-only,-1,2025,5,rank_available,0.0555555555556,54,0,54
1,base-rate-only,-1,2025,10,rank_available,-1.54197642309e-18,54,0,54
1,base-rate-only,-1,2025,1,rank_in_slot,-0.203703703704,54,0,54
1,base-rate-only,-1,2025,3,rank_in_slot,-0.0493827160494,54,0,54
1,base-rate-only,-1,2025,5,rank_in_slot,-0.0222222222222,54,0,54
1,base-rate-only,-1,2025,10,rank_in_slot,0.0185185185185,54,0,54
1,current-season-rate,-1,2025,1,rank_available,-0.111111111111,54,0,54
1,current-season-rate,-1,2025,3,rank_available,-0.0925925925926,54,0,54
1,current-season-rate,-1,2025,5,rank_available,-0.0592592592593,54,0,54
1,current-season-rate,-1,2025,10,rank_available,-0.0814814814815,54,0,54
1,current-season-rate,-1,2025,1,rank_in_slot,-0.111111111111,54,0,54
1,current-season-rate,-1,2025,3,rank_in_slot,-0.0308641975309,54,0,54
1,current-season-rate,-1,2025,5,rank_in_slot,-0.0703703703704,54,0,54
1,current-season-rate,-1,2025,10,rank_in_slot,-0.0388888888889,54,0,54
1,historical-rate,-1,2025,1,rank_available,-0.296296296296,54,0,54
1,historical-rate,-1,2025,3,rank_available,-0.388888888889,54,0,54
1,historical-rate,-1,2025,5,rank_available,-0.437037037037,54,0,54
1,historical-rate,-1,2025,10,rank_available,-0.274074074074,54,0,54
1,historical-rate,-1,2025,1,rank_in_slot,-0.185185185185,54,0,54
1,historical-rate,-1,2025,3,rank_in_slot,-0.12962962963,54,0,54
1,historical-rate,-1,2025,5,rank_in_slot,-0.151851851852,54,0,54
1,historical-rate,-1,2025,10,rank_in_slot,-0.253703703704,54,0,54
1,no-vegas,-1,2025,1,rank_available,-0.240740740741,54,0,54
1,no-vegas,-1,2025,3,rank_available,0.0246913580247,54,0,54
1,no-vegas,-1,2025,5,rank_available,0.0111111111111,54,0,54
1,no-vegas,-1,2025,10,rank_available,0.0166666666667,54,0,54
1,no-vegas,-1,2025,1,rank_in_slot,-0.0740740740741,54,0,54
1,no-vegas,-1,2025,3,rank_in_slot,8.22387425648e-18,54,0,54
1,no-vegas,-1,2025,5,rank_in_slot,0.0111111111111,54,0,54
1,no-vegas,-1,2025,10,rank_in_slot,0.00185185185185,54,0,54
1,player-vegas,-1,2025,1,rank_available,-0.0740740740741,54,0,54
1,player-vegas,-1,2025,3,rank_available,0.00617283950617,54,0,54
1,player-vegas,-1,2025,5,rank_available,0.0259259259259,54,0,54
1,player-vegas,-1,2025,10,rank_available,-0.0351851851852,54,0,54
1,player-vegas,-1,2025,1,rank_in_slot,-0.037037037037,54,0,54
1,player-vegas,-1,2025,3,rank_in_slot,0.0185185185185,54,0,54
1,player-vegas,-1,2025,5,rank_in_slot,-0.0333333333333,54,0,54
1,player-vegas,-1,2025,10,rank_in_slot,8.22387425648e-18,54,0,54
1,random,0,2025,1,rank_available,-1.01851851852,54,0,54
1,random,0,2025,3,rank_available,-0.679012345679,54,0,54
1,random,0,2025,5,rank_available,-0.57037037037,54,0,54
1,random,0,2025,10,rank_available,-0.47037037037,54,0,54
1,random,0,2025,1,rank_in_slot,-0.962962962963,54,0,54
1,random,0,2025,3,rank_in_slot,-0.827160493827,54,0,54
1,random,0,2025,5,rank_in_slot,-0.67037037037,54,0,54
1,random,0,2025,10,rank_in_slot,-0.503703703704,54,0,54
1,random,1,2025,1,rank_available,-1.07407407407,54,0,54
1,random,1,2025,3,rank_available,-0.70987654321,54,0,54
1,random,1,2025,5,rank_available,-0.688888888889,54,0,54
1,random,1,2025,10,rank_available,-0.474074074074,54,0,54
1,random,1,2025,1,rank_in_slot,-1.01851851852,54,0,54
1,random,1,2025,3,rank_in_slot,-0.808641975309,54,0,54
1,random,1,2025,5,rank_in_slot,-0.822222222222,54,0,54
1,random,1,2025,10,rank_in_slot,-0.525925925926,54,0,54
1,random,2,2025,1,rank_available,-1.07407407407,54,0,54
1,random,2,2025,3,rank_available,-0.679012345679,54,0,54
1,random,2,2025,5,rank_available,-0.588888888889,54,0,54
1,random,2,2025,10,rank_available,-0.511111111111,54,0,54
1,random,2,2025,1,rank_in_slot,-1.01851851852,54,0,54
1,random,2,2025,3,rank_in_slot,-0.759259259259,54,0,54
1,random,2,2025,5,rank_in_slot,-0.703703703704,54,0,54
1,random,2,2025,10,rank_in_slot,-0.592592592593,54,0,54
1,random,3,2025,1,rank_available,-0.981481481481,54,0,54
1,random,3,2025,3,rank_available,-0.666666666667,54,0,54
1,random,3,2025,5,rank_available,-0.522222222222,54,0,54
1,random,3,2025,10,rank_available,-0.461111111111,54,0,54
1,random,3,2025,1,rank_in_slot,-0.925925925926,54,0,54
1,random,3,2025,3,rank_in_slot,-0.808641975309,54,0,54
1,random,3,2025,5,rank_in_slot,-0.677777777778,54,0,54
1,random,3,2025,10,rank_in_slot,-0.564814814815,54,0,54
1,random,4,2025,1,rank_available,-1.07407407407,54,0,54
1,random,4,2025,3,rank_available,-0.79012345679,54,0,54
1,random,4,2025,5,rank_available,-0.692592592593,54,0,54
1,random,4,2025,10,rank_available,-0.505555555556,54,0,54
1,random,4,2025,1,rank_in_slot,-1.01851851852,54,0,54
1,random,4,2025,3,rank_in_slot,-0.845679012346,54,0,54
1,random,4,2025,5,rank_in_slot,-0.785185185185,54,0,54
1,random,4,2025,10,rank_in_slot,-0.601851851852,54,0,54
1,random,5,2025,1,rank_available,-0.814814814815,54,0,54
1,random,5,2025,3,rank_available,-0.617283950617,54,0,54
1,random,5,2025,5,rank_available,-0.57037037037,54,0,54
1,random,5,2025,10,rank_available,-0.490740740741,54,0,54
1,random,5,2025,1,rank_in_slot,-0.740740740741,54,0,54
1,random,5,2025,3,rank_in_slot,-0.728395061728,54,0,54
1,random,5,2025,5,rank_in_slot,-0.651851851852,54,0,54
1,random,5,2025,10,rank_in_slot,-0.564814814815,54,0,54
1,random,6,2025,1,rank_available,-0.907407407407,54,0,54
1,random,6,2025,3,rank_available,-0.691358024691,54,0,54
1,random,6,2025,5,rank_available,-0.655555555556,54,0,54
1,random,6,2025,10,rank_available,-0.488888888889,54,0,54
1,random,6,2025,1,rank_in_slot,-0.833333333333,54,0,54
1,random,6,2025,3,rank_in_slot,-0.722222222222,54,0,54
1,random,6,2025,5,rank_in_slot,-0.733333333333,54,0,54
1,random,6,2025,10,rank_in_slot,-0.605555555556,54,0,54
1,random,7,2025,1,rank_available,-0.444444444444,54,0,54
1,random,7,2025,3,rank_available,-0.450617283951,54,0,54
1,random,7,2025,5,rank_available,-0.485185185185,54,0,54
1,random,7,2025,10,rank_available,-0.466666666667,54,0,54
1,random,7,2025,1,rank_in_slot,-0.259259259259,54,0,54
1,random,7,2025,3,rank_in_slot,-0.444444444444,54,0,54
1,random,7,2025,5,rank_in_slot,-0.57037037037,54,0,54
1,random,7,2025,10,rank_in_slot,-0.546296296296,54,0,54
1,random,8,2025,1,rank_available,-0.888888888889,54,0,54
1,random,8,2025,3,rank_available,-0.759259259259,54,0,54
1,random,8,2025,5,rank_available,-0.648148148148,54,0,54
1,random,8,2025,10,rank_available,-0.5,54,0,54
1,random,8,2025,1,rank_in_slot,-0.833333333333,54,0,54
1,random,8,2025,3,rank_in_slot,-0.833333333333,54,0,54
1,random,8,2025,5,rank_in_slot,-0.751851851852,54,0,54
1,random,8,2025,10,rank_in_slot,-0.616666666667,54,0,54
1,random,9,2025,1,rank_available,-0.833333333333,54,0,54
1,random,9,2025,3,rank_available,-0.740740740741,54,0,54
1,random,9,2025,5,rank_available,-0.655555555556,54,0,54
1,random,9,2025,10,rank_available,-0.47037037037,54,0,54
1,random,9,2025,1,rank_in_slot,-0.740740740741,54,0,54
1,random,9,2025,3,rank_in_slot,-0.845679012346,54,0,54
1,random,9,2025,5,rank_in_slot,-0.77037037037,54,0,54
1,random,9,2025,10,rank_in_slot,-0.551851851852,54,0,54
1,random,10,2025,1,rank_available,-1.2037037037,54,0,54
1,random,10,2025,3,rank_available,-0.759259259259,54,0,54
1,random,10,2025,5,rank_available,-0.648148148148,54,0,54
1,random,10,2025,10,rank_available,-0.535185185185,54,0,54
1,random,10,2025,1,rank_in_slot,-1.14814814815,54,0,54
1,random,10,2025,3,rank_in_slot,-0.895061728395,54,0,54
1,random,10,2025,5,rank_in_slot,-0.740740740741,54,0,54
1,random,10,2025,10,rank_in_slot,-0.659259259259,54,0,54
1,random,11,2025,1,rank_available,-0.796296296296,54,0,54
1,random,11,2025,3,rank_available,-0.592592592593,54,0,54
1,random,11,2025,5,rank_available,-0.574074074074,54,0,54
1,random,11,2025,10,rank_available,-0.483333333333,54,0,54
1,random,11,2025,1,rank_in_slot,-0.740740740741,54,0,54
1,random,11,2025,3,rank_in_slot,-0.70987654321,54,0,54
1,random,11,2025,5,rank_in_slot,-0.692592592593,54,0,54
1,random,11,2025,10,rank_in_slot,-0.612962962963,54,0,54
1,random,12,2025,1,rank_available,-0.87037037037,54,0,54
1,random,12,2025,3,rank_available,-0.561728395062,54,0,54
1,random,12,2025,5,rank_available,-0.6,54,0,54
1,random,12,2025,10,rank_available,-0.433333333333,54,0,54
1,random,12,2025,1,rank_in_slot,-0.814814814815,54,0,54
1,random,12,2025,3,rank_in_slot,-0.679012345679,54,0,54
1,random,12,2025,5,rank_in_slot,-0.722222222222,54,0,54
1,random,12,2025,10,rank_in_slot,-0.544444444444,54,0,54
1,random,13,2025,1,rank_available,-0.944444444444,54,0,54
1,random,13,2025,3,rank_available,-0.530864197531,54,0,54
1,random,13,2025,5,rank_available,-0.548148148148,54,0,54
1,random,13,2025,10,rank_available,-0.512962962963,54,0,54
1,random,13,2025,1,rank_in_slot,-0.888888888889,54,0,54
1,random,13,2025,3,rank_in_slot,-0.617283950617,54,0,54
1,random,13,2025,5,rank_in_slot,-0.651851851852,54,0,54
1,random,13,2025,10,rank_in_slot,-0.616666666667,54,0,54
1,random,14,2025,1,rank_available,-0.759259259259,54,0,54
1,random,14,2025,3,rank_available,-0.450617283951,54,0,54
1,random,14,2025,5,rank_available,-0.492592592593,54,0,54
1,random,14,2025,10,rank_available,-0.409259259259,54,0,54
1,random,14,2025,1,rank_in_slot,-0.759259259259,54,0,54
1,random,14,2025,3,rank_in_slot,-0.518518518519,54,0,54
1,random,14,2025,5,rank_in_slot,-0.581481481481,54,0,54
1,random,14,2025,10,rank_in_slot,-0.459259259259,54,0,54
1,random,15,2025,1,rank_available,-0.87037037037,54,0,54
1,random,15,2025,3,rank_available,-0.604938271605,54,0,54
1,random,15,2025,5,rank_available,-0.618518518519,54,0,54
1,random,15,2025,10,rank_available,-0.524074074074,54,0,54
1,random,15,2025,1,rank_in_slot,-0.814814814815,54,0,54
1,random,15,2025,3,rank_in_slot,-0.759259259259,54,0,54
1,random,15,2025,5,rank_in_slot,-0.692592592593,54,0,54
1,random,15,2025,10,rank_in_slot,-0.664814814815,54,0,54
1,random,16,2025,1,rank_available,-0.944444444444,54,0,54
1,random,16,2025,3,rank_available,-0.641975308642,54,0,54
1,random,16,2025,5,rank_available,-0.581481481481,54,0,54
1,random,16,2025,10,rank_available,-0.514814814815,54,0,54
1,random,16,2025,1,rank_in_slot,-0.888888888889,54,0,54
1,random,16,2025,3,rank_in_slot,-0.740740740741,54,0,54
1,random,16,2025,5,rank_in_slot,-0.633333333333,54,0,54
1,random,16,2025,10,rank_in_slot,-0.611111111111,54,0,54
1,random,17,2025,1,rank_available,-0.777777777778,54,0,54
1,random,17,2025,3,rank_available,-0.62962962963,54,0,54
1,random,17,2025,5,rank_available,-0.67037037037,54,0,54
1,random,17,2025,10,rank_available,-0.566666666667,54,0,54
1,random,17,2025,1,rank_in_slot,-0.722222222222,54,0,54
1,random,17,2025,3,rank_in_slot,-0.728395061728,54,0,54
1,random,17,2025,5,rank_in_slot,-0.796296296296,54,0,54
1,random,17,2025,10,rank_in_slot,-0.690740740741,54,0,54
1,random,18,2025,1,rank_available,-1.03703703704,54,0,54
1,random,18,2025,3,rank_available,-0.598765432099,54,0,54
1,random,18,2025,5,rank_available,-0.566666666667,54,0,54
1,random,18,2025,10,rank_available,-0.4,54,0,54
1,random,18,2025,1,rank_in_slot,-0.981481481481,54,0,54
1,random,18,2025,3,rank_in_slot,-0.66049382716,54,0,54
1,random,18,2025,5,rank_in_slot,-0.648148148148,54,0,54
1,random,18,2025,10,rank_in_slot,-0.505555555556,54,0,54
1,random,19,2025,1,rank_available,-0.851851851852,54,0,54
1,random,19,2025,3,rank_available,-0.543209876543,54,0,54
1,random,19,2025,5,rank_available,-0.562962962963,54,0,54
1,random,19,2025,10,rank_available,-0.464814814815,54,0,54
1,random,19,2025,1,rank_in_slot,-0.351851851852,54,0,54
1,random,19,2025,3,rank_in_slot,-0.641975308642,54,0,54
1,random,19,2025,5,rank_in_slot,-0.6,54,0,54
1,random,19,2025,10,rank_in_slot,-0.566666666667,54,0,54
1,regressed-rate,-1,2025,1,rank_available,-0.0925925925926,54,0,54
1,regressed-rate,-1,2025,3,rank_available,-0.222222222222,54,0,54
1,regressed-rate,-1,2025,5,rank_available,-0.196296296296,54,0,54
1,regressed-rate,-1,2025,10,rank_available,-0.218518518519,54,0,54
1,regressed-rate,-1,2025,1,rank_in_slot,-0.166666666667,54,0,54
1,regressed-rate,-1,2025,3,rank_in_slot,-0.0432098765432,54,0,54
1,regressed-rate,-1,2025,5,rank_in_slot,-0.00740740740741,54,0,54
1,regressed-rate,-1,2025,10,rank_in_slot,-0.105555555556,54,0,54
1,vegas-environment,-1,2025,1,rank_available,-0.555555555556,54,0,54
1,vegas-environment,-1,2025,3,rank_available,-0.185185185185,54,0,54
1,vegas-environment,-1,2025,5,rank_available,-0.118518518519,54,0,54
1,vegas-environment,-1,2025,10,rank_available,-0.0296296296296,54,0,54
1,vegas-environment,-1,2025,1,rank_in_slot,-0.166666666667,54,0,54
1,vegas-environment,-1,2025,3,rank_in_slot,-0.123456790123,54,0,54
1,vegas-environment,-1,2025,5,rank_in_slot,-0.103703703704,54,0,54
1,vegas-environment,-1,2025,10,rank_in_slot,-0.1,54,0,54
1,within-player,0,2025,1,rank_available,-0.296296296296,54,0,54
1,within-player,0,2025,3,rank_available,-0.0617283950617,54,0,54
1,within-player,0,2025,5,rank_available,0.0296296296296,54,0,54
1,within-player,0,2025,10,rank_available,0.0111111111111,54,0,54
1,within-player,0,2025,1,rank_in_slot,-0.259259259259,54,0,54
1,within-player,0,2025,3,rank_in_slot,-0.117283950617,54,0,54
1,within-player,0,2025,5,rank_in_slot,-0.0962962962963,54,0,54
1,within-player,0,2025,10,rank_in_slot,-0.0240740740741,54,0,54
1,within-player,1,2025,1,rank_available,-0.203703703704,54,0,54
1,within-player,1,2025,3,rank_available,-0.0864197530864,54,0,54
1,within-player,1,2025,5,rank_available,-0.0555555555556,54,0,54
1,within-player,1,2025,10,rank_available,0.0037037037037,54,0,54
1,within-player,1,2025,1,rank_in_slot,-0.148148148148,54,0,54
1,within-player,1,2025,3,rank_in_slot,-0.12962962963,54,0,54
1,within-player,1,2025,5,rank_in_slot,-0.0777777777778,54,0,54
1,within-player,1,2025,10,rank_in_slot,-0.00925925925926,54,0,54
1,within-player,2,2025,1,rank_available,-0.203703703704,54,0,54
1,within-player,2,2025,3,rank_available,0.0123456790123,54,0,54
1,within-player,2,2025,5,rank_available,0.0037037037037,54,0,54
1,within-player,2,2025,10,rank_available,0.0277777777778,54,0,54
1,within-player,2,2025,1,rank_in_slot,-0.351851851852,54,0,54
1,within-player,2,2025,3,rank_in_slot,-0.111111111111,54,0,54
1,within-player,2,2025,5,rank_in_slot,-0.0703703703704,54,0,54
1,within-player,2,2025,10,rank_in_slot,-0.00925925925926,54,0,54
1,within-player,3,2025,1,rank_available,-0.166666666667,54,0,54
1,within-player,3,2025,3,rank_available,-0.0185185185185,54,0,54
1,within-player,3,2025,5,rank_available,1.02798428206e-17,54,0,54
1,within-player,3,2025,10,rank_available,0.037037037037,54,0,54
1,within-player,3,2025,1,rank_in_slot,-0.203703703704,54,0,54
1,within-player,3,2025,3,rank_in_slot,-1.02798428206e-18,54,0,54
1,within-player,3,2025,5,rank_in_slot,-0.0814814814815,54,0,54
1,within-player,3,2025,10,rank_in_slot,3.08395284618e-18,54,0,54
1,within-player,4,2025,1,rank_available,-0.0185185185185,54,0,54
1,within-player,4,2025,3,rank_available,-0.0308641975309,54,0,54
1,within-player,4,2025,5,rank_available,-0.0555555555556,54,0,54
1,within-player,4,2025,10,rank_available,0.0185185185185,54,0,54
1,within-player,4,2025,1,rank_in_slot,-0.296296296296,54,0,54
1,within-player,4,2025,3,rank_in_slot,-0.0555555555556,54,0,54
1,within-player,4,2025,5,rank_in_slot,-0.0703703703704,54,0,54
1,within-player,4,2025,10,rank_in_slot,-0.00740740740741,54,0,54
1,within-player,5,2025,1,rank_available,-0.0555555555556,54,0,54
1,within-player,5,2025,3,rank_available,-0.0123456790123,54,0,54
1,within-player,5,2025,5,rank_available,-0.0592592592593,54,0,54
1,within-player,5,2025,10,rank_available,0.0296296296296,54,0,54
1,within-player,5,2025,1,rank_in_slot,-0.12962962963,54,0,54
1,within-player,5,2025,3,rank_in_slot,-0.00617283950617,54,0,54
1,within-player,5,2025,5,rank_in_slot,-0.0481481481481,54,0,54
1,within-player,5,2025,10,rank_in_slot,0.012962962963,54,0,54
1,within-player,6,2025,1,rank_available,-0.277777777778,54,0,54
1,within-player,6,2025,3,rank_available,-0.0123456790123,54,0,54
1,within-player,6,2025,5,rank_available,-0.0333333333333,54,0,54
1,within-player,6,2025,10,rank_available,-0.0203703703704,54,0,54
1,within-player,6,2025,1,rank_in_slot,-0.12962962963,54,0,54
1,within-player,6,2025,3,rank_in_slot,-0.0493827160494,54,0,54
1,within-player,6,2025,5,rank_in_slot,-0.0703703703704,54,0,54
1,within-player,6,2025,10,rank_in_slot,-0.0203703703704,54,0,54
1,within-player,7,2025,1,rank_available,-0.148148148148,54,0,54
1,within-player,7,2025,3,rank_available,0.0617283950617,54,0,54
1,within-player,7,2025,5,rank_available,0.00740740740741,54,0,54
1,within-player,7,2025,10,rank_available,0.0574074074074,54,0,54
1,within-player,7,2025,1,rank_in_slot,-0.0740740740741,54,0,54
1,within-player,7,2025,3,rank_in_slot,-0.0617283950617,54,0,54
1,within-player,7,2025,5,rank_in_slot,-0.0814814814815,54,0,54
1,within-player,7,2025,10,rank_in_slot,-0.0111111111111,54,0,54
1,within-player,8,2025,1,rank_available,-0.203703703704,54,0,54
1,within-player,8,2025,3,rank_available,-0.0493827160494,54,0,54
1,within-player,8,2025,5,rank_available,0.0222222222222,54,0,54
1,within-player,8,2025,10,rank_available,0.0388888888889,54,0,54
1,within-player,8,2025,1,rank_in_slot,-0.166666666667,54,0,54
1,within-player,8,2025,3,rank_in_slot,-0.203703703704,54,0,54
1,within-player,8,2025,5,rank_in_slot,-0.0925925925926,54,0,54
1,within-player,8,2025,10,rank_in_slot,0.00740740740741,54,0,54
1,within-player,9,2025,1,rank_available,-0.148148148148,54,0,54
1,within-player,9,2025,3,rank_available,-0.0308641975309,54,0,54
1,within-player,9,2025,5,rank_available,-0.0407407407407,54,0,54
1,within-player,9,2025,10,rank_available,0.0351851851852,54,0,54
1,within-player,9,2025,1,rank_in_slot,-0.203703703704,54,0,54
1,within-player,9,2025,3,rank_in_slot,-0.0493827160494,54,0,54
1,within-player,9,2025,5,rank_in_slot,-0.0555555555556,54,0,54
1,within-player,9,2025,10,rank_in_slot,-0.0185185185185,54,0,54
1,within-player,10,2025,1,rank_available,-0.222222222222,54,0,54
1,within-player,10,2025,3,rank_available,-0.037037037037,54,0,54
1,within-player,10,2025,5,rank_available,-0.0740740740741,54,0,54
1,within-player,10,2025,10,rank_available,0.0259259259259,54,0,54
1,within-player,10,2025,1,rank_in_slot,-0.277777777778,54,0,54
1,within-player,10,2025,3,rank_in_slot,-0.135802469136,54,0,54
1,within-player,10,2025,5,rank_in_slot,-0.0962962962963,54,0,54
1,within-player,10,2025,10,rank_in_slot,-0.0259259259259,54,0,54
1,within-player,11,2025,1,rank_available,-0.203703703704,54,0,54
1,within-player,11,2025,3,rank_available,-0.0185185185185,54,0,54
1,within-player,11,2025,5,rank_available,0.0222222222222,54,0,54
1,within-player,11,2025,10,rank_available,0.0277777777778,54,0,54
1,within-player,11,2025,1,rank_in_slot,-0.277777777778,54,0,54
1,within-player,11,2025,3,rank_in_slot,-0.135802469136,54,0,54
1,within-player,11,2025,5,rank_in_slot,-0.122222222222,54,0,54
1,within-player,11,2025,10,rank_in_slot,-0.00555555555556,54,0,54
1,within-player,12,2025,1,rank_available,0.0555555555556,54,0,54
1,within-player,12,2025,3,rank_available,0.0493827160494,54,0,54
1,within-player,12,2025,5,rank_available,0.00740740740741,54,0,54
1,within-player,12,2025,10,rank_available,0.037037037037,54,0,54
1,within-player,12,2025,1,rank_in_slot,-0.0740740740741,54,0,54
1,within-player,12,2025,3,rank_in_slot,-0.037037037037,54,0,54
1,within-player,12,2025,5,rank_in_slot,-0.0592592592593,54,0,54
1,within-player,12,2025,10,rank_in_slot,0.0314814814815,54,0,54
1,within-player,13,2025,1,rank_available,-0.0740740740741,54,0,54
1,within-player,13,2025,3,rank_available,-0.0555555555556,54,0,54
1,within-player,13,2025,5,rank_available,-0.0185185185185,54,0,54
1,within-player,13,2025,10,rank_available,0.0111111111111,54,0,54
1,within-player,13,2025,1,rank_in_slot,-0.203703703704,54,0,54
1,within-player,13,2025,3,rank_in_slot,-0.0987654320988,54,0,54
1,within-player,13,2025,5,rank_in_slot,-0.037037037037,54,0,54
1,within-player,13,2025,10,rank_in_slot,0.0037037037037,54,0,54
1,within-player,14,2025,1,rank_available,-0.0555555555556,54,0,54
1,within-player,14,2025,3,rank_available,0.0493827160494,54,0,54
1,within-player,14,2025,5,rank_available,-6.16790569236e-18,54,0,54
1,within-player,14,2025,10,rank_available,0.0185185185185,54,0,54
1,within-player,14,2025,1,rank_in_slot,-0.185185185185,54,0,54
1,within-player,14,2025,3,rank_in_slot,-0.0246913580247,54,0,54
1,within-player,14,2025,5,rank_in_slot,-0.0185185185185,54,0,54
1,within-player,14,2025,10,rank_in_slot,-0.00740740740741,54,0,54
1,within-player,15,2025,1,rank_available,-0.222222222222,54,0,54
1,within-player,15,2025,3,rank_available,-0.0493827160494,54,0,54
1,within-player,15,2025,5,rank_available,-0.00740740740741,54,0,54
1,within-player,15,2025,10,rank_available,0.0259259259259,54,0,54
1,within-player,15,2025,1,rank_in_slot,-0.12962962963,54,0,54
1,within-player,15,2025,3,rank_in_slot,-0.0555555555556,54,0,54
1,within-player,15,2025,5,rank_in_slot,-0.0851851851852,54,0,54
1,within-player,15,2025,10,rank_in_slot,0.0111111111111,54,0,54
1,within-player,16,2025,1,rank_available,-0.351851851852,54,0,54
1,within-player,16,2025,3,rank_available,-0.0123456790123,54,0,54
1,within-player,16,2025,5,rank_available,-0.0555555555556,54,0,54
1,within-player,16,2025,10,rank_available,0.0166666666667,54,0,54
1,within-player,16,2025,1,rank_in_slot,-0.0740740740741,54,0,54
1,within-player,16,2025,3,rank_in_slot,-0.0925925925926,54,0,54
1,within-player,16,2025,5,rank_in_slot,-0.0888888888889,54,0,54
1,within-player,16,2025,10,rank_in_slot,-0.0148148148148,54,0,54
1,within-player,17,2025,1,rank_available,-0.259259259259,54,0,54
1,within-player,17,2025,3,rank_available,-0.0185185185185,54,0,54
1,within-player,17,2025,5,rank_available,-0.0296296296296,54,0,54
1,within-player,17,2025,10,rank_available,0.0222222222222,54,0,54
1,within-player,17,2025,1,rank_in_slot,-0.259259259259,54,0,54
1,within-player,17,2025,3,rank_in_slot,-0.123456790123,54,0,54
1,within-player,17,2025,5,rank_in_slot,-0.0666666666667,54,0,54
1,within-player,17,2025,10,rank_in_slot,0.0037037037037,54,0,54
1,within-player,18,2025,1,rank_available,0.0555555555556,54,0,54
1,within-player,18,2025,3,rank_available,0.0617283950617,54,0,54
1,within-player,18,2025,5,rank_available,-0.037037037037,54,0,54
1,within-player,18,2025,10,rank_available,0.00925925925926,54,0,54
1,within-player,18,2025,1,rank_in_slot,-0.166666666667,54,0,54
1,within-player,18,2025,3,rank_in_slot,-0.111111111111,54,0,54
1,within-player,18,2025,5,rank_in_slot,-0.0666666666667,54,0,54
1,within-player,18,2025,10,rank_in_slot,-0.012962962963,54,0,54
1,within-player,19,2025,1,rank_available,-0.0925925925926,54,0,54
1,within-player,19,2025,3,rank_available,-0.0555555555556,54,0,54
1,within-player,19,2025,5,rank_available,-0.0333333333333,54,0,54
1,within-player,19,2025,10,rank_available,0.0148148148148,54,0,54
1,within-player,19,2025,1,rank_in_slot,-0.037037037037,54,0,54
1,within-player,19,2025,3,rank_in_slot,-0.117283950617,54,0,54
1,within-player,19,2025,5,rank_in_slot,-0.0592592592593,54,0,54
1,within-player,19,2025,10,rank_in_slot,-0.0111111111111,54,0,54
