schema_version,model,seed,season,actual,proj,played,candidates,covered_cells,total_cells,empty_cells,k,rank,units
1,base-rate-only,-1,2011,1.01960784314,1.1509515168,0.745098039216,51,51,51,0,1,rank_available,TDs per ranked candidate
1,base-rate-only,-1,2011,0.895424836601,1.03077936423,0.895424836601,153,51,51,0,3,rank_available,TDs per ranked candidate
1,base-rate-only,-1,2011,0.823529411765,0.970055363741,0.890196078431,255,51,51,0,5,rank_available,TDs per ranked candidate
1,base-rate-only,-1,2011,0.721568627451,0.880090244512,0.878431372549,510,51,51,0,10,rank_available,TDs per ranked candidate
1,base-rate-only,-1,2011,1.47058823529,1.48739814762,0.882352941176,51,51,51,0,1,rank_in_slot,TDs per ranked candidate
1,base-rate-only,-1,2011,1.33333333333,1.33153682144,0.888888888889,153,51,51,0,3,rank_in_slot,TDs per ranked candidate
1,base-rate-only,-1,2011,1.19607843137,1.23459412892,0.917647058824,255,51,51,0,5,rank_in_slot,TDs per ranked candidate
1,base-rate-only,-1,2011,1.07254901961,1.09120701928,0.954901960784,510,51,51,0,10,rank_in_slot,TDs per ranked candidate
1,current-season-rate,-1,2011,1.01960784314,1.07054373528,0.921568627451,51,51,51,0,1,rank_available,TDs per ranked candidate
1,current-season-rate,-1,2011,0.78431372549,0.978307637495,0.869281045752,153,51,51,0,3,rank_available,TDs per ranked candidate
1,current-season-rate,-1,2011,0.686274509804,0.936396653723,0.839215686275,255,51,51,0,5,rank_available,TDs per ranked candidate
1,current-season-rate,-1,2011,0.570588235294,0.879104677109,0.778431372549,510,51,51,0,10,rank_available,TDs per ranked candidate
1,current-season-rate,-1,2011,1.45098039216,1.35652420034,0.921568627451,51,51,51,0,1,rank_in_slot,TDs per ranked candidate
1,current-season-rate,-1,2011,1.29411764706,1.21187035263,0.928104575163,153,51,51,0,3,rank_in_slot,TDs per ranked candidate
1,current-season-rate,-1,2011,1.20392156863,1.12962509048,0.941176470588,255,51,51,0,5,rank_in_slot,TDs per ranked candidate
1,current-season-rate,-1,2011,1.00980392157,1.01702867157,0.93137254902,510,51,51,0,10,rank_in_slot,TDs per ranked candidate
1,historical-rate,-1,2011,0.705882352941,1.49230045554,0.705882352941,51,51,51,0,1,rank_available,TDs per ranked candidate
1,historical-rate,-1,2011,0.751633986928,1.20879086418,0.856209150327,153,51,51,0,3,rank_available,TDs per ranked candidate
1,historical-rate,-1,2011,0.733333333333,1.09906823297,0.878431372549,255,51,51,0,5,rank_available,TDs per ranked candidate
1,historical-rate,-1,2011,0.641176470588,0.947719198285,0.874509803922,510,51,51,0,10,rank_available,TDs per ranked candidate
1,historical-rate,-1,2011,0.803921568627,1.6640795207,0.725490196078,51,51,51,0,1,rank_in_slot,TDs per ranked candidate
1,historical-rate,-1,2011,1.11111111111,1.42797364672,0.901960784314,153,51,51,0,3,rank_in_slot,TDs per ranked candidate
1,historical-rate,-1,2011,1.15294117647,1.3262301288,0.929411764706,255,51,51,0,5,rank_in_slot,TDs per ranked candidate
1,historical-rate,-1,2011,1.00784313725,1.16792038163,0.950980392157,510,51,51,0,10,rank_in_slot,TDs per ranked candidate
1,no-vegas,-1,2011,0.882352941176,1.1074322298,0.980392156863,51,51,51,0,1,rank_available,TDs per ranked candidate
1,no-vegas,-1,2011,0.901960784314,1.00294163765,0.980392156863,153,51,51,0,3,rank_available,TDs per ranked candidate
1,no-vegas,-1,2011,0.819607843137,0.936371970688,0.980392156863,255,51,51,0,5,rank_available,TDs per ranked candidate
1,no-vegas,-1,2011,0.71568627451,0.82421815157,0.935294117647,510,51,51,0,10,rank_available,TDs per ranked candidate
1,no-vegas,-1,2011,1.47058823529,1.51091274544,0.980392156863,51,51,51,0,1,rank_in_slot,TDs per ranked candidate
1,no-vegas,-1,2011,1.2091503268,1.33690790958,0.986928104575,153,51,51,0,3,rank_in_slot,TDs per ranked candidate
1,no-vegas,-1,2011,1.1568627451,1.23526167849,0.992156862745,255,51,51,0,5,rank_in_slot,TDs per ranked candidate
1,no-vegas,-1,2011,1.03333333333,1.07971856126,0.986274509804,510,51,51,0,10,rank_in_slot,TDs per ranked candidate
1,player-vegas,-1,2011,1.07843137255,1.28517230895,0.764705882353,51,51,51,0,1,rank_available,TDs per ranked candidate
1,player-vegas,-1,2011,0.869281045752,1.12077987871,0.843137254902,153,51,51,0,3,rank_available,TDs per ranked candidate
1,player-vegas,-1,2011,0.796078431373,1.03764541817,0.843137254902,255,51,51,0,5,rank_available,TDs per ranked candidate
1,player-vegas,-1,2011,0.656862745098,0.922152927248,0.819607843137,510,51,51,0,10,rank_available,TDs per ranked candidate
1,player-vegas,-1,2011,1.49019607843,1.84929088502,0.901960784314,51,51,51,0,1,rank_in_slot,TDs per ranked candidate
1,player-vegas,-1,2011,1.35947712418,1.62711245856,0.882352941176,153,51,51,0,3,rank_in_slot,TDs per ranked candidate
1,player-vegas,-1,2011,1.22352941176,1.4622844155,0.909803921569,255,51,51,0,5,rank_in_slot,TDs per ranked candidate
1,player-vegas,-1,2011,1.06666666667,1.23316218862,0.945098039216,510,51,51,0,10,rank_in_slot,TDs per ranked candidate
1,random,0,2011,0.294117647059,1.8311067178,0.705882352941,51,51,51,0,1,rank_available,TDs per ranked candidate
1,random,0,2011,0.248366013072,1.60310186679,0.673202614379,153,51,51,0,3,rank_available,TDs per ranked candidate
1,random,0,2011,0.239215686275,1.4237523163,0.694117647059,255,51,51,0,5,rank_available,TDs per ranked candidate
1,random,0,2011,0.258823529412,1.17566731926,0.658823529412,510,51,51,0,10,rank_available,TDs per ranked candidate
1,random,0,2011,0.333333333333,1.85554313673,0.705882352941,51,51,51,0,1,rank_in_slot,TDs per ranked candidate
1,random,0,2011,0.261437908497,1.61942381,0.686274509804,153,51,51,0,3,rank_in_slot,TDs per ranked candidate
1,random,0,2011,0.270588235294,1.44956923624,0.709803921569,255,51,51,0,5,rank_in_slot,TDs per ranked candidate
1,random,0,2011,0.372549019608,1.21571440477,0.703921568627,510,51,51,0,10,rank_in_slot,TDs per ranked candidate
1,random,1,2011,0.333333333333,1.84795101079,0.549019607843,51,51,51,0,1,rank_available,TDs per ranked candidate
1,random,1,2011,0.300653594771,1.59554168404,0.614379084967,153,51,51,0,3,rank_available,TDs per ranked candidate
1,random,1,2011,0.282352941176,1.42375599903,0.635294117647,255,51,51,0,5,rank_available,TDs per ranked candidate
1,random,1,2011,0.28431372549,1.17613273463,0.650980392157,510,51,51,0,10,rank_available,TDs per ranked candidate
1,random,1,2011,0.333333333333,1.84795101079,0.549019607843,51,51,51,0,1,rank_in_slot,TDs per ranked candidate
1,random,1,2011,0.366013071895,1.61679724076,0.647058823529,153,51,51,0,3,rank_in_slot,TDs per ranked candidate
1,random,1,2011,0.313725490196,1.44548085173,0.643137254902,255,51,51,0,5,rank_in_slot,TDs per ranked candidate
1,random,1,2011,0.417647058824,1.21460797867,0.701960784314,510,51,51,0,10,rank_in_slot,TDs per ranked candidate
1,random,2,2011,0.450980392157,1.83963874192,0.745098039216,51,51,51,0,1,rank_available,TDs per ranked candidate
1,random,2,2011,0.346405228758,1.60821413202,0.679738562092,153,51,51,0,3,rank_available,TDs per ranked candidate
1,random,2,2011,0.321568627451,1.4342634926,0.694117647059,255,51,51,0,5,rank_available,TDs per ranked candidate
1,random,2,2011,0.294117647059,1.19307821402,0.672549019608,510,51,51,0,10,rank_available,TDs per ranked candidate
1,random,2,2011,0.490196078431,1.85171880805,0.78431372549,51,51,51,0,1,rank_in_slot,TDs per ranked candidate
1,random,2,2011,0.372549019608,1.6141957145,0.686274509804,153,51,51,0,3,rank_in_slot,TDs per ranked candidate
1,random,2,2011,0.364705882353,1.44440503651,0.705882352941,255,51,51,0,5,rank_in_slot,TDs per ranked candidate
1,random,2,2011,0.388235294118,1.21412460573,0.698039215686,510,51,51,0,10,rank_in_slot,TDs per ranked candidate
1,random,3,2011,0.333333333333,1.84109088538,0.588235294118,51,51,51,0,1,rank_available,TDs per ranked candidate
1,random,3,2011,0.222222222222,1.59758524778,0.601307189542,153,51,51,0,3,rank_available,TDs per ranked candidate
1,random,3,2011,0.192156862745,1.42866787598,0.603921568627,255,51,51,0,5,rank_available,TDs per ranked candidate
1,random,3,2011,0.217647058824,1.18312327121,0.619607843137,510,51,51,0,10,rank_available,TDs per ranked candidate
1,random,3,2011,0.333333333333,1.85623698063,0.607843137255,51,51,51,0,1,rank_in_slot,TDs per ranked candidate
1,random,3,2011,0.228758169935,1.61796156422,0.607843137255,153,51,51,0,3,rank_in_slot,TDs per ranked candidate
1,random,3,2011,0.2,1.44810789344,0.61568627451,255,51,51,0,5,rank_in_slot,TDs per ranked candidate
1,random,3,2011,0.301960784314,1.21659969099,0.650980392157,510,51,51,0,10,rank_in_slot,TDs per ranked candidate
1,random,4,2011,0.294117647059,1.85422309062,0.686274509804,51,51,51,0,1,rank_available,TDs per ranked candidate
1,random,4,2011,0.202614379085,1.59410271553,0.62091503268,153,51,51,0,3,rank_available,TDs per ranked candidate
1,random,4,2011,0.223529411765,1.42105311602,0.623529411765,255,51,51,0,5,rank_available,TDs per ranked candidate
1,random,4,2011,0.249019607843,1.18957018646,0.627450980392,510,51,51,0,10,rank_available,TDs per ranked candidate
1,random,4,2011,0.294117647059,1.85422309062,0.686274509804,51,51,51,0,1,rank_in_slot,TDs per ranked candidate
1,random,4,2011,0.307189542484,1.61892744428,0.653594771242,153,51,51,0,3,rank_in_slot,TDs per ranked candidate
1,random,4,2011,0.298039215686,1.44787293766,0.654901960784,255,51,51,0,5,rank_in_slot,TDs per ranked candidate
1,random,4,2011,0.3,1.21534319383,0.639215686275,510,51,51,0,10,rank_in_slot,TDs per ranked candidate
1,random,5,2011,0.156862745098,1.83469621054,0.627450980392,51,51,51,0,1,rank_available,TDs per ranked candidate
1,random,5,2011,0.248366013072,1.580465704,0.686274509804,153,51,51,0,3,rank_available,TDs per ranked candidate
1,random,5,2011,0.309803921569,1.41143119746,0.717647058824,255,51,51,0,5,rank_available,TDs per ranked candidate
1,random,5,2011,0.250980392157,1.18003654923,0.674509803922,510,51,51,0,10,rank_available,TDs per ranked candidate
1,random,5,2011,0.254901960784,1.84392101328,0.686274509804,51,51,51,0,1,rank_in_slot,TDs per ranked candidate
1,random,5,2011,0.287581699346,1.61568400566,0.692810457516,153,51,51,0,3,rank_in_slot,TDs per ranked candidate
1,random,5,2011,0.333333333333,1.44552252576,0.725490196078,255,51,51,0,5,rank_in_slot,TDs per ranked candidate
1,random,5,2011,0.319607843137,1.21433978112,0.694117647059,510,51,51,0,10,rank_in_slot,TDs per ranked candidate
1,random,6,2011,0.21568627451,1.81464476249,0.607843137255,51,51,51,0,1,rank_available,TDs per ranked candidate
1,random,6,2011,0.176470588235,1.53908101755,0.555555555556,153,51,51,0,3,rank_available,TDs per ranked candidate
1,random,6,2011,0.21568627451,1.37373367113,0.63137254902,255,51,51,0,5,rank_available,TDs per ranked candidate
1,random,6,2011,0.239215686275,1.14519228215,0.68431372549,510,51,51,0,10,rank_available,TDs per ranked candidate
1,random,6,2011,0.21568627451,1.85387016695,0.647058823529,51,51,51,0,1,rank_in_slot,TDs per ranked candidate
1,random,6,2011,0.281045751634,1.61664936255,0.62091503268,153,51,51,0,3,rank_in_slot,TDs per ranked candidate
1,random,6,2011,0.341176470588,1.4445592223,0.682352941176,255,51,51,0,5,rank_in_slot,TDs per ranked candidate
1,random,6,2011,0.352941176471,1.21260595991,0.719607843137,510,51,51,0,10,rank_in_slot,TDs per ranked candidate
1,random,7,2011,0.196078431373,1.81536631309,0.647058823529,51,51,51,0,1,rank_available,TDs per ranked candidate
1,random,7,2011,0.294117647059,1.55631386036,0.679738562092,153,51,51,0,3,rank_available,TDs per ranked candidate
1,random,7,2011,0.294117647059,1.39275361512,0.674509803922,255,51,51,0,5,rank_available,TDs per ranked candidate
1,random,7,2011,0.298039215686,1.16889758979,0.654901960784,510,51,51,0,10,rank_available,TDs per ranked candidate
1,random,7,2011,0.490196078431,1.85435265649,0.745098039216,51,51,51,0,1,rank_in_slot,TDs per ranked candidate
1,random,7,2011,0.477124183007,1.61743469039,0.718954248366,153,51,51,0,3,rank_in_slot,TDs per ranked candidate
1,random,7,2011,0.411764705882,1.44560077912,0.709803921569,255,51,51,0,5,rank_in_slot,TDs per ranked candidate
1,random,7,2011,0.390196078431,1.21461971507,0.682352941176,510,51,51,0,10,rank_in_slot,TDs per ranked candidate
1,random,8,2011,0.274509803922,1.82284264345,0.686274509804,51,51,51,0,1,rank_available,TDs per ranked candidate
1,random,8,2011,0.202614379085,1.56524460874,0.679738562092,153,51,51,0,3,rank_available,TDs per ranked candidate
1,random,8,2011,0.207843137255,1.3996627512,0.662745098039,255,51,51,0,5,rank_available,TDs per ranked candidate
1,random,8,2011,0.229411764706,1.17095271662,0.645098039216,510,51,51,0,10,rank_available,TDs per ranked candidate
1,random,8,2011,0.490196078431,1.85175239878,0.745098039216,51,51,51,0,1,rank_in_slot,TDs per ranked candidate
1,random,8,2011,0.326797385621,1.61926840354,0.705882352941,153,51,51,0,3,rank_in_slot,TDs per ranked candidate
1,random,8,2011,0.305882352941,1.44767740551,0.705882352941,255,51,51,0,5,rank_in_slot,TDs per ranked candidate
1,random,8,2011,0.303921568627,1.2145837906,0.676470588235,510,51,51,0,10,rank_in_slot,TDs per ranked candidate
1,random,9,2011,0.176470588235,1.80558856025,0.56862745098,51,51,51,0,1,rank_available,TDs per ranked candidate
1,random,9,2011,0.16339869281,1.52751739721,0.62091503268,153,51,51,0,3,rank_available,TDs per ranked candidate
1,random,9,2011,0.247058823529,1.37496609384,0.650980392157,255,51,51,0,5,rank_available,TDs per ranked candidate
1,random,9,2011,0.262745098039,1.14961526982,0.643137254902,510,51,51,0,10,rank_available,TDs per ranked candidate
1,random,9,2011,0.274509803922,1.84580516657,0.647058823529,51,51,51,0,1,rank_in_slot,TDs per ranked candidate
1,random,9,2011,0.333333333333,1.61429857082,0.673202614379,153,51,51,0,3,rank_in_slot,TDs per ranked candidate
1,random,9,2011,0.352941176471,1.44565240727,0.682352941176,255,51,51,0,5,rank_in_slot,TDs per ranked candidate
1,random,9,2011,0.378431372549,1.21342267544,0.688235294118,510,51,51,0,10,rank_in_slot,TDs per ranked candidate
1,random,10,2011,0.117647058824,1.85842835355,0.627450980392,51,51,51,0,1,rank_available,TDs per ranked candidate
1,random,10,2011,0.176470588235,1.61899015828,0.647058823529,153,51,51,0,3,rank_available,TDs per ranked candidate
1,random,10,2011,0.211764705882,1.4371923561,0.662745098039,255,51,51,0,5,rank_available,TDs per ranked candidate
1,random,10,2011,0.233333333333,1.18757281768,0.654901960784,510,51,51,0,10,rank_available,TDs per ranked candidate
1,random,10,2011,0.117647058824,1.85842835355,0.627450980392,51,51,51,0,1,rank_in_slot,TDs per ranked candidate
1,random,10,2011,0.183006535948,1.62139120181,0.647058823529,153,51,51,0,3,rank_in_slot,TDs per ranked candidate
1,random,10,2011,0.352941176471,1.45060536582,0.690196078431,255,51,51,0,5,rank_in_slot,TDs per ranked candidate
1,random,10,2011,0.38431372549,1.21647779366,0.694117647059,510,51,51,0,10,rank_in_slot,TDs per ranked candidate
1,random,11,2011,0.313725490196,1.81035201909,0.666666666667,51,51,51,0,1,rank_available,TDs per ranked candidate
1,random,11,2011,0.21568627451,1.58627463218,0.627450980392,153,51,51,0,3,rank_available,TDs per ranked candidate
1,random,11,2011,0.219607843137,1.4141818967,0.643137254902,255,51,51,0,5,rank_available,TDs per ranked candidate
1,random,11,2011,0.225490196078,1.177535432,0.641176470588,510,51,51,0,10,rank_available,TDs per ranked candidate
1,random,11,2011,0.372549019608,1.85002258883,0.705882352941,51,51,51,0,1,rank_in_slot,TDs per ranked candidate
1,random,11,2011,0.241830065359,1.61839598139,0.647058823529,153,51,51,0,3,rank_in_slot,TDs per ranked candidate
1,random,11,2011,0.282352941176,1.44865697533,0.678431372549,255,51,51,0,5,rank_in_slot,TDs per ranked candidate
1,random,11,2011,0.307843137255,1.21596290409,0.676470588235,510,51,51,0,10,rank_in_slot,TDs per ranked candidate
1,random,12,2011,0.235294117647,1.85077166163,0.725490196078,51,51,51,0,1,rank_available,TDs per ranked candidate
1,random,12,2011,0.241830065359,1.56552805283,0.751633986928,153,51,51,0,3,rank_available,TDs per ranked candidate
1,random,12,2011,0.23137254902,1.39535105332,0.709803921569,255,51,51,0,5,rank_available,TDs per ranked candidate
1,random,12,2011,0.227450980392,1.16552702123,0.690196078431,510,51,51,0,10,rank_available,TDs per ranked candidate
1,random,12,2011,0.235294117647,1.85842835355,0.725490196078,51,51,51,0,1,rank_in_slot,TDs per ranked candidate
1,random,12,2011,0.366013071895,1.61973537786,0.777777777778,153,51,51,0,3,rank_in_slot,TDs per ranked candidate
1,random,12,2011,0.325490196078,1.44852096197,0.752941176471,255,51,51,0,5,rank_in_slot,TDs per ranked candidate
1,random,12,2011,0.309803921569,1.21527047441,0.711764705882,510,51,51,0,10,rank_in_slot,TDs per ranked candidate
1,random,13,2011,0.274509803922,1.84422629817,0.686274509804,51,51,51,0,1,rank_available,TDs per ranked candidate
1,random,13,2011,0.307189542484,1.59632118316,0.673202614379,153,51,51,0,3,rank_available,TDs per ranked candidate
1,random,13,2011,0.321568627451,1.42306898926,0.694117647059,255,51,51,0,5,rank_available,TDs per ranked candidate
1,random,13,2011,0.3,1.18418793344,0.662745098039,510,51,51,0,10,rank_available,TDs per ranked candidate
1,random,13,2011,0.313725490196,1.84705876621,0.686274509804,51,51,51,0,1,rank_in_slot,TDs per ranked candidate
1,random,13,2011,0.37908496732,1.61540287743,0.692810457516,153,51,51,0,3,rank_in_slot,TDs per ranked candidate
1,random,13,2011,0.380392156863,1.44543757334,0.717647058824,255,51,51,0,5,rank_in_slot,TDs per ranked candidate
1,random,13,2011,0.38431372549,1.21441181142,0.703921568627,510,51,51,0,10,rank_in_slot,TDs per ranked candidate
1,random,14,2011,0.235294117647,1.84097609217,0.627450980392,51,51,51,0,1,rank_available,TDs per ranked candidate
1,random,14,2011,0.267973856209,1.55205023591,0.679738562092,153,51,51,0,3,rank_available,TDs per ranked candidate
1,random,14,2011,0.325490196078,1.38183206378,0.686274509804,255,51,51,0,5,rank_available,TDs per ranked candidate
1,random,14,2011,0.282352941176,1.1542521362,0.662745098039,510,51,51,0,10,rank_available,TDs per ranked candidate
1,random,14,2011,0.235294117647,1.85483674667,0.627450980392,51,51,51,0,1,rank_in_slot,TDs per ranked candidate
1,random,14,2011,0.43137254902,1.61864930898,0.699346405229,153,51,51,0,3,rank_in_slot,TDs per ranked candidate
1,random,14,2011,0.447058823529,1.44855873441,0.717647058824,255,51,51,0,5,rank_in_slot,TDs per ranked candidate
1,random,14,2011,0.401960784314,1.21653801044,0.7,510,51,51,0,10,rank_in_slot,TDs per ranked candidate
1,random,15,2011,0.156862745098,1.84375348982,0.549019607843,51,51,51,0,1,rank_available,TDs per ranked candidate
1,random,15,2011,0.196078431373,1.59451210669,0.653594771242,153,51,51,0,3,rank_available,TDs per ranked candidate
1,random,15,2011,0.274509803922,1.42892709542,0.658823529412,255,51,51,0,5,rank_available,TDs per ranked candidate
1,random,15,2011,0.276470588235,1.199550068,0.649019607843,510,51,51,0,10,rank_available,TDs per ranked candidate
1,random,15,2011,0.176470588235,1.85623698063,0.549019607843,51,51,51,0,1,rank_in_slot,TDs per ranked candidate
1,random,15,2011,0.202614379085,1.61329912585,0.660130718954,153,51,51,0,3,rank_in_slot,TDs per ranked candidate
1,random,15,2011,0.286274509804,1.44383484791,0.666666666667,255,51,51,0,5,rank_in_slot,TDs per ranked candidate
1,random,15,2011,0.286274509804,1.21277490455,0.658823529412,510,51,51,0,10,rank_in_slot,TDs per ranked candidate
1,random,16,2011,0.372549019608,1.80405087648,0.549019607843,51,51,51,0,1,rank_available,TDs per ranked candidate
1,random,16,2011,0.248366013072,1.56668513859,0.56862745098,153,51,51,0,3,rank_available,TDs per ranked candidate
1,random,16,2011,0.290196078431,1.39609175283,0.623529411765,255,51,51,0,5,rank_available,TDs per ranked candidate
1,random,16,2011,0.270588235294,1.16581000689,0.633333333333,510,51,51,0,10,rank_available,TDs per ranked candidate
1,random,16,2011,0.529411764706,1.85181142735,0.647058823529,51,51,51,0,1,rank_in_slot,TDs per ranked candidate
1,random,16,2011,0.398692810458,1.61722020713,0.633986928105,153,51,51,0,3,rank_in_slot,TDs per ranked candidate
1,random,16,2011,0.423529411765,1.44858505739,0.674509803922,255,51,51,0,5,rank_in_slot,TDs per ranked candidate
1,random,16,2011,0.376470588235,1.2162532964,0.666666666667,510,51,51,0,10,rank_in_slot,TDs per ranked candidate
1,random,17,2011,0.21568627451,1.80779271931,0.745098039216,51,51,51,0,1,rank_available,TDs per ranked candidate
1,random,17,2011,0.169934640523,1.54980526483,0.581699346405,153,51,51,0,3,rank_available,TDs per ranked candidate
1,random,17,2011,0.16862745098,1.39813233564,0.576470588235,255,51,51,0,5,rank_available,TDs per ranked candidate
1,random,17,2011,0.21568627451,1.17004348242,0.603921568627,510,51,51,0,10,rank_available,TDs per ranked candidate
1,random,17,2011,0.470588235294,1.83198174204,0.823529411765,51,51,51,0,1,rank_in_slot,TDs per ranked candidate
1,random,17,2011,0.320261437908,1.61037704074,0.627450980392,153,51,51,0,3,rank_in_slot,TDs per ranked candidate
1,random,17,2011,0.250980392157,1.44361144621,0.6,255,51,51,0,5,rank_in_slot,TDs per ranked candidate
1,random,17,2011,0.323529411765,1.2129482449,0.633333333333,510,51,51,0,10,rank_in_slot,TDs per ranked candidate
1,random,18,2011,0.411764705882,1.81033171808,0.647058823529,51,51,51,0,1,rank_available,TDs per ranked candidate
1,random,18,2011,0.287581699346,1.5395064849,0.653594771242,153,51,51,0,3,rank_available,TDs per ranked candidate
1,random,18,2011,0.239215686275,1.37617959737,0.643137254902,255,51,51,0,5,rank_available,TDs per ranked candidate
1,random,18,2011,0.225490196078,1.15356055843,0.649019607843,510,51,51,0,10,rank_available,TDs per ranked candidate
1,random,18,2011,0.411764705882,1.84649280462,0.647058823529,51,51,51,0,1,rank_in_slot,TDs per ranked candidate
1,random,18,2011,0.437908496732,1.61255210248,0.718954248366,153,51,51,0,3,rank_in_slot,TDs per ranked candidate
1,random,18,2011,0.411764705882,1.44443153301,0.709803921569,255,51,51,0,5,rank_in_slot,TDs per ranked candidate
1,random,18,2011,0.327450980392,1.21358216364,0.690196078431,510,51,51,0,10,rank_in_slot,TDs per ranked candidate
1,random,19,2011,0.372549019608,1.75387048553,0.725490196078,51,51,51,0,1,rank_available,TDs per ranked candidate
1,random,19,2011,0.333333333333,1.53533114627,0.686274509804,153,51,51,0,3,rank_available,TDs per ranked candidate
1,random,19,2011,0.329411764706,1.38526880115,0.733333333333,255,51,51,0,5,rank_available,TDs per ranked candidate
1,random,19,2011,0.33137254902,1.16545745607,0.723529411765,510,51,51,0,10,rank_available,TDs per ranked candidate
1,random,19,2011,0.764705882353,1.84984265406,0.843137254902,51,51,51,0,1,rank_in_slot,TDs per ranked candidate
1,random,19,2011,0.444444444444,1.61667819304,0.725490196078,153,51,51,0,3,rank_in_slot,TDs per ranked candidate
1,random,19,2011,0.392156862745,1.44728535574,0.741176470588,255,51,51,0,5,rank_in_slot,TDs per ranked candidate
1,random,19,2011,0.405882352941,1.21594976184,0.749019607843,510,51,51,0,10,rank_in_slot,TDs per ranked candidate
1,regressed-rate,-1,2011,0.78431372549,1.09634909062,0.705882352941,51,51,51,0,1,rank_available,TDs per ranked candidate
1,regressed-rate,-1,2011,0.764705882353,1.00526229414,0.856209150327,153,51,51,0,3,rank_available,TDs per ranked candidate
1,regressed-rate,-1,2011,0.725490196078,0.955229877133,0.870588235294,255,51,51,0,5,rank_available,TDs per ranked candidate
1,regressed-rate,-1,2011,0.63137254902,0.880687368308,0.858823529412,510,51,51,0,10,rank_available,TDs per ranked candidate
1,regressed-rate,-1,2011,0.78431372549,1.24685115396,0.725490196078,51,51,51,0,1,rank_in_slot,TDs per ranked candidate
1,regressed-rate,-1,2011,1.13071895425,1.16196491185,0.895424836601,153,51,51,0,3,rank_in_slot,TDs per ranked candidate
1,regressed-rate,-1,2011,1.09803921569,1.110295863,0.933333333333,255,51,51,0,5,rank_in_slot,TDs per ranked candidate
1,regressed-rate,-1,2011,1.03921568627,1.01532453583,0.954901960784,510,51,51,0,10,rank_in_slot,TDs per ranked candidate
1,shipped,-1,2011,0.882352941176,1.17435714333,0.980392156863,51,51,51,0,1,rank_available,TDs per ranked candidate
1,shipped,-1,2011,0.934640522876,1.04600163367,0.980392156863,153,51,51,0,3,rank_available,TDs per ranked candidate
1,shipped,-1,2011,0.847058823529,0.967322851644,0.976470588235,255,51,51,0,5,rank_available,TDs per ranked candidate
1,shipped,-1,2011,0.737254901961,0.838871839754,0.927450980392,510,51,51,0,10,rank_available,TDs per ranked candidate
1,shipped,-1,2011,1.45098039216,1.851961002,0.980392156863,51,51,51,0,1,rank_in_slot,TDs per ranked candidate
1,shipped,-1,2011,1.33333333333,1.61125208658,0.986928104575,153,51,51,0,3,rank_in_slot,TDs per ranked candidate
1,shipped,-1,2011,1.18039215686,1.44080761584,0.98431372549,255,51,51,0,5,rank_in_slot,TDs per ranked candidate
1,shipped,-1,2011,1.06078431373,1.21083759126,0.982352941176,510,51,51,0,10,rank_in_slot,TDs per ranked candidate
1,vegas-environment,-1,2011,0.607843137255,0.887052111986,0.803921568627,51,51,51,0,1,rank_available,TDs per ranked candidate
1,vegas-environment,-1,2011,0.718954248366,0.846903942338,0.901960784314,153,51,51,0,3,rank_available,TDs per ranked candidate
1,vegas-environment,-1,2011,0.682352941176,0.821944453078,0.898039215686,255,51,51,0,5,rank_available,TDs per ranked candidate
1,vegas-environment,-1,2011,0.625490196078,0.782830559316,0.901960784314,510,51,51,0,10,rank_available,TDs per ranked candidate
1,vegas-environment,-1,2011,1.3137254902,1.00011513387,0.960784313725,51,51,51,0,1,rank_in_slot,TDs per ranked candidate
1,vegas-environment,-1,2011,1.24183006536,0.962479360579,0.947712418301,153,51,51,0,3,rank_in_slot,TDs per ranked candidate
1,vegas-environment,-1,2011,1.12549019608,0.923597947222,0.952941176471,255,51,51,0,5,rank_in_slot,TDs per ranked candidate
1,vegas-environment,-1,2011,0.982352941176,0.867519976711,0.954901960784,510,51,51,0,10,rank_in_slot,TDs per ranked candidate
1,within-player,0,2011,0.960784313725,1.1926435164,1,51,51,51,0,1,rank_available,TDs per ranked candidate
1,within-player,0,2011,0.875816993464,1.05940714492,0.967320261438,153,51,51,0,3,rank_available,TDs per ranked candidate
1,within-player,0,2011,0.81568627451,0.980605699156,0.952941176471,255,51,51,0,5,rank_available,TDs per ranked candidate
1,within-player,0,2011,0.747058823529,0.848339957677,0.921568627451,510,51,51,0,10,rank_available,TDs per ranked candidate
1,within-player,0,2011,1.41176470588,1.92147136017,0.980392156863,51,51,51,0,1,rank_in_slot,TDs per ranked candidate
1,within-player,0,2011,1.30065359477,1.6593731776,0.980392156863,153,51,51,0,3,rank_in_slot,TDs per ranked candidate
1,within-player,0,2011,1.19215686275,1.48292757297,0.98431372549,255,51,51,0,5,rank_in_slot,TDs per ranked candidate
1,within-player,0,2011,1.0431372549,1.23134160476,0.970588235294,510,51,51,0,10,rank_in_slot,TDs per ranked candidate
1,within-player,1,2011,0.980392156863,1.15677738793,0.980392156863,51,51,51,0,1,rank_available,TDs per ranked candidate
1,within-player,1,2011,0.856209150327,1.03904628566,0.97385620915,153,51,51,0,3,rank_available,TDs per ranked candidate
1,within-player,1,2011,0.8,0.966894392299,0.96862745098,255,51,51,0,5,rank_available,TDs per ranked candidate
1,within-player,1,2011,0.727450980392,0.83831804133,0.921568627451,510,51,51,0,10,rank_available,TDs per ranked candidate
1,within-player,1,2011,1.35294117647,1.83011300769,0.980392156863,51,51,51,0,1,rank_in_slot,TDs per ranked candidate
1,within-player,1,2011,1.37908496732,1.60876974173,0.980392156863,153,51,51,0,3,rank_in_slot,TDs per ranked candidate
1,within-player,1,2011,1.18431372549,1.45079115665,0.980392156863,255,51,51,0,5,rank_in_slot,TDs per ranked candidate
1,within-player,1,2011,1.05098039216,1.21940794705,0.976470588235,510,51,51,0,10,rank_in_slot,TDs per ranked candidate
1,within-player,2,2011,0.960784313725,1.18198295557,1,51,51,51,0,1,rank_available,TDs per ranked candidate
1,within-player,2,2011,0.882352941176,1.05286552449,0.986928104575,153,51,51,0,3,rank_available,TDs per ranked candidate
1,within-player,2,2011,0.83137254902,0.976472668913,0.972549019608,255,51,51,0,5,rank_available,TDs per ranked candidate
1,within-player,2,2011,0.760784313725,0.849499956628,0.929411764706,510,51,51,0,10,rank_available,TDs per ranked candidate
1,within-player,2,2011,1.45098039216,1.87969881356,0.980392156863,51,51,51,0,1,rank_in_slot,TDs per ranked candidate
1,within-player,2,2011,1.3137254902,1.63061532767,0.980392156863,153,51,51,0,3,rank_in_slot,TDs per ranked candidate
1,within-player,2,2011,1.16862745098,1.4640997989,0.988235294118,255,51,51,0,5,rank_in_slot,TDs per ranked candidate
1,within-player,2,2011,1.05098039216,1.22883318571,0.978431372549,510,51,51,0,10,rank_in_slot,TDs per ranked candidate
1,within-player,3,2011,0.882352941176,1.17981245731,0.980392156863,51,51,51,0,1,rank_available,TDs per ranked candidate
1,within-player,3,2011,0.843137254902,1.05400641313,0.980392156863,153,51,51,0,3,rank_available,TDs per ranked candidate
1,within-player,3,2011,0.764705882353,0.97408459117,0.964705882353,255,51,51,0,5,rank_available,TDs per ranked candidate
1,within-player,3,2011,0.73137254902,0.846641836354,0.917647058824,510,51,51,0,10,rank_available,TDs per ranked candidate
1,within-player,3,2011,1.39215686275,1.88698715217,0.980392156863,51,51,51,0,1,rank_in_slot,TDs per ranked candidate
1,within-player,3,2011,1.37908496732,1.64989929841,0.986928104575,153,51,51,0,3,rank_in_slot,TDs per ranked candidate
1,within-player,3,2011,1.17254901961,1.4729691973,0.988235294118,255,51,51,0,5,rank_in_slot,TDs per ranked candidate
1,within-player,3,2011,1.01960784314,1.22732311131,0.974509803922,510,51,51,0,10,rank_in_slot,TDs per ranked candidate
1,within-player,4,2011,0.960784313725,1.19575518152,0.980392156863,51,51,51,0,1,rank_available,TDs per ranked candidate
1,within-player,4,2011,0.895424836601,1.05951653631,0.967320261438,153,51,51,0,3,rank_available,TDs per ranked candidate
1,within-player,4,2011,0.803921568627,0.982914129137,0.952941176471,255,51,51,0,5,rank_available,TDs per ranked candidate
1,within-player,4,2011,0.737254901961,0.849059579919,0.927450980392,510,51,51,0,10,rank_available,TDs per ranked candidate
1,within-player,4,2011,1.41176470588,1.88730885546,0.980392156863,51,51,51,0,1,rank_in_slot,TDs per ranked candidate
1,within-player,4,2011,1.33986928105,1.64901312913,0.980392156863,153,51,51,0,3,rank_in_slot,TDs per ranked candidate
1,within-player,4,2011,1.17647058824,1.47261605939,0.980392156863,255,51,51,0,5,rank_in_slot,TDs per ranked candidate
1,within-player,4,2011,1.05098039216,1.23172334897,0.978431372549,510,51,51,0,10,rank_in_slot,TDs per ranked candidate
1,within-player,5,2011,0.941176470588,1.15150222561,1,51,51,51,0,1,rank_available,TDs per ranked candidate
1,within-player,5,2011,0.875816993464,1.04390877938,0.97385620915,153,51,51,0,3,rank_available,TDs per ranked candidate
1,within-player,5,2011,0.792156862745,0.972086637728,0.964705882353,255,51,51,0,5,rank_available,TDs per ranked candidate
1,within-player,5,2011,0.725490196078,0.841281942861,0.923529411765,510,51,51,0,10,rank_available,TDs per ranked candidate
1,within-player,5,2011,1.33333333333,1.922830625,0.980392156863,51,51,51,0,1,rank_in_slot,TDs per ranked candidate
1,within-player,5,2011,1.33333333333,1.64705578683,0.980392156863,153,51,51,0,3,rank_in_slot,TDs per ranked candidate
1,within-player,5,2011,1.16470588235,1.46330439547,0.98431372549,255,51,51,0,5,rank_in_slot,TDs per ranked candidate
1,within-player,5,2011,1.03921568627,1.22297884742,0.978431372549,510,51,51,0,10,rank_in_slot,TDs per ranked candidate
1,within-player,6,2011,0.921568627451,1.1762671458,1,51,51,51,0,1,rank_available,TDs per ranked candidate
1,within-player,6,2011,0.830065359477,1.04246974316,0.980392156863,153,51,51,0,3,rank_available,TDs per ranked candidate
1,within-player,6,2011,0.803921568627,0.968897371389,0.964705882353,255,51,51,0,5,rank_available,TDs per ranked candidate
1,within-player,6,2011,0.741176470588,0.837695828927,0.921568627451,510,51,51,0,10,rank_available,TDs per ranked candidate
1,within-player,6,2011,1.47058823529,1.88950236255,0.980392156863,51,51,51,0,1,rank_in_slot,TDs per ranked candidate
1,within-player,6,2011,1.38562091503,1.63103191106,0.986928104575,153,51,51,0,3,rank_in_slot,TDs per ranked candidate
1,within-player,6,2011,1.18823529412,1.46113706112,0.988235294118,255,51,51,0,5,rank_in_slot,TDs per ranked candidate
1,within-player,6,2011,1.03529411765,1.22256142191,0.978431372549,510,51,51,0,10,rank_in_slot,TDs per ranked candidate
1,within-player,7,2011,1.03921568627,1.17023985939,0.980392156863,51,51,51,0,1,rank_available,TDs per ranked candidate
1,within-player,7,2011,0.869281045752,1.04413924294,0.986928104575,153,51,51,0,3,rank_available,TDs per ranked candidate
1,within-player,7,2011,0.839215686275,0.97347240605,0.972549019608,255,51,51,0,5,rank_available,TDs per ranked candidate
1,within-player,7,2011,0.719607843137,0.844708765821,0.921568627451,510,51,51,0,10,rank_available,TDs per ranked candidate
1,within-player,7,2011,1.35294117647,1.88506825398,0.980392156863,51,51,51,0,1,rank_in_slot,TDs per ranked candidate
1,within-player,7,2011,1.3137254902,1.62580014688,0.986928104575,153,51,51,0,3,rank_in_slot,TDs per ranked candidate
1,within-player,7,2011,1.16470588235,1.45543179279,0.988235294118,255,51,51,0,5,rank_in_slot,TDs per ranked candidate
1,within-player,7,2011,1.06078431373,1.22117413436,0.976470588235,510,51,51,0,10,rank_in_slot,TDs per ranked candidate
1,within-player,8,2011,0.921568627451,1.17635687238,1,51,51,51,0,1,rank_available,TDs per ranked candidate
1,within-player,8,2011,0.869281045752,1.04518229748,0.97385620915,153,51,51,0,3,rank_available,TDs per ranked candidate
1,within-player,8,2011,0.819607843137,0.971593699375,0.96862745098,255,51,51,0,5,rank_available,TDs per ranked candidate
1,within-player,8,2011,0.733333333333,0.841682630705,0.921568627451,510,51,51,0,10,rank_available,TDs per ranked candidate
1,within-player,8,2011,1.41176470588,1.88741730487,0.980392156863,51,51,51,0,1,rank_in_slot,TDs per ranked candidate
1,within-player,8,2011,1.33333333333,1.63905861807,0.980392156863,153,51,51,0,3,rank_in_slot,TDs per ranked candidate
1,within-player,8,2011,1.2,1.46715416644,0.98431372549,255,51,51,0,5,rank_in_slot,TDs per ranked candidate
1,within-player,8,2011,1.04117647059,1.22021271653,0.974509803922,510,51,51,0,10,rank_in_slot,TDs per ranked candidate
1,within-player,9,2011,0.980392156863,1.19004669345,0.960784313725,51,51,51,0,1,rank_available,TDs per ranked candidate
1,within-player,9,2011,0.83660130719,1.06350466297,0.967320261438,153,51,51,0,3,rank_available,TDs per ranked candidate
1,within-player,9,2011,0.76862745098,0.984717131032,0.960784313725,255,51,51,0,5,rank_available,TDs per ranked candidate
1,within-player,9,2011,0.713725490196,0.847526688403,0.919607843137,510,51,51,0,10,rank_available,TDs per ranked candidate
1,within-player,9,2011,1.41176470588,1.89783969059,0.980392156863,51,51,51,0,1,rank_in_slot,TDs per ranked candidate
1,within-player,9,2011,1.32679738562,1.64935176992,0.980392156863,153,51,51,0,3,rank_in_slot,TDs per ranked candidate
1,within-player,9,2011,1.16862745098,1.47874591689,0.980392156863,255,51,51,0,5,rank_in_slot,TDs per ranked candidate
1,within-player,9,2011,1.04117647059,1.23235825875,0.970588235294,510,51,51,0,10,rank_in_slot,TDs per ranked candidate
1,within-player,10,2011,1.01960784314,1.16332648288,0.980392156863,51,51,51,0,1,rank_available,TDs per ranked candidate
1,within-player,10,2011,0.849673202614,1.03921101507,0.97385620915,153,51,51,0,3,rank_available,TDs per ranked candidate
1,within-player,10,2011,0.823529411765,0.966279322461,0.960784313725,255,51,51,0,5,rank_available,TDs per ranked candidate
1,within-player,10,2011,0.73137254902,0.838958999778,0.927450980392,510,51,51,0,10,rank_available,TDs per ranked candidate
1,within-player,10,2011,1.3137254902,1.89572888729,0.980392156863,51,51,51,0,1,rank_in_slot,TDs per ranked candidate
1,within-player,10,2011,1.3137254902,1.6388575878,0.986928104575,153,51,51,0,3,rank_in_slot,TDs per ranked candidate
1,within-player,10,2011,1.20784313725,1.4541893915,0.980392156863,255,51,51,0,5,rank_in_slot,TDs per ranked candidate
1,within-player,10,2011,1.04705882353,1.21927171502,0.974509803922,510,51,51,0,10,rank_in_slot,TDs per ranked candidate
1,within-player,11,2011,0.980392156863,1.16000321343,0.980392156863,51,51,51,0,1,rank_available,TDs per ranked candidate
1,within-player,11,2011,0.816993464052,1.03506624789,0.980392156863,153,51,51,0,3,rank_available,TDs per ranked candidate
1,within-player,11,2011,0.81568627451,0.963495468406,0.960784313725,255,51,51,0,5,rank_available,TDs per ranked candidate
1,within-player,11,2011,0.739215686275,0.842492492635,0.925490196078,510,51,51,0,10,rank_available,TDs per ranked candidate
1,within-player,11,2011,1.43137254902,1.85559518504,0.980392156863,51,51,51,0,1,rank_in_slot,TDs per ranked candidate
1,within-player,11,2011,1.37254901961,1.64090840625,0.986928104575,153,51,51,0,3,rank_in_slot,TDs per ranked candidate
1,within-player,11,2011,1.18823529412,1.4658786633,0.98431372549,255,51,51,0,5,rank_in_slot,TDs per ranked candidate
1,within-player,11,2011,1.05294117647,1.22707156119,0.978431372549,510,51,51,0,10,rank_in_slot,TDs per ranked candidate
1,within-player,12,2011,0.960784313725,1.17401628677,1,51,51,51,0,1,rank_available,TDs per ranked candidate
1,within-player,12,2011,0.869281045752,1.04149627644,0.967320261438,153,51,51,0,3,rank_available,TDs per ranked candidate
1,within-player,12,2011,0.839215686275,0.964856037695,0.96862745098,255,51,51,0,5,rank_available,TDs per ranked candidate
1,within-player,12,2011,0.73137254902,0.841389965332,0.921568627451,510,51,51,0,10,rank_available,TDs per ranked candidate
1,within-player,12,2011,1.37254901961,1.89538735154,0.980392156863,51,51,51,0,1,rank_in_slot,TDs per ranked candidate
1,within-player,12,2011,1.25490196078,1.63518529573,0.980392156863,153,51,51,0,3,rank_in_slot,TDs per ranked candidate
1,within-player,12,2011,1.18039215686,1.45932022005,0.988235294118,255,51,51,0,5,rank_in_slot,TDs per ranked candidate
1,within-player,12,2011,1.05294117647,1.21879712136,0.978431372549,510,51,51,0,10,rank_in_slot,TDs per ranked candidate
1,within-player,13,2011,0.960784313725,1.18386470552,1,51,51,51,0,1,rank_available,TDs per ranked candidate
1,within-player,13,2011,0.915032679739,1.04792885214,0.967320261438,153,51,51,0,3,rank_available,TDs per ranked candidate
1,within-player,13,2011,0.811764705882,0.972910236469,0.964705882353,255,51,51,0,5,rank_available,TDs per ranked candidate
1,within-player,13,2011,0.739215686275,0.844662189111,0.93137254902,510,51,51,0,10,rank_available,TDs per ranked candidate
1,within-player,13,2011,1.37254901961,1.88150090798,0.980392156863,51,51,51,0,1,rank_in_slot,TDs per ranked candidate
1,within-player,13,2011,1.35947712418,1.63364559841,0.986928104575,153,51,51,0,3,rank_in_slot,TDs per ranked candidate
1,within-player,13,2011,1.19215686275,1.46300887697,0.98431372549,255,51,51,0,5,rank_in_slot,TDs per ranked candidate
1,within-player,13,2011,1.06078431373,1.22223991302,0.970588235294,510,51,51,0,10,rank_in_slot,TDs per ranked candidate
1,within-player,14,2011,0.803921568627,1.15114599378,1,51,51,51,0,1,rank_available,TDs per ranked candidate
1,within-player,14,2011,0.823529411765,1.03812293536,0.980392156863,153,51,51,0,3,rank_available,TDs per ranked candidate
1,within-player,14,2011,0.843137254902,0.963588591818,0.976470588235,255,51,51,0,5,rank_available,TDs per ranked candidate
1,within-player,14,2011,0.747058823529,0.835547127493,0.93137254902,510,51,51,0,10,rank_available,TDs per ranked candidate
1,within-player,14,2011,1.37254901961,1.88440154549,0.980392156863,51,51,51,0,1,rank_in_slot,TDs per ranked candidate
1,within-player,14,2011,1.32679738562,1.6141303214,0.986928104575,153,51,51,0,3,rank_in_slot,TDs per ranked candidate
1,within-player,14,2011,1.14509803922,1.44354693725,0.98431372549,255,51,51,0,5,rank_in_slot,TDs per ranked candidate
1,within-player,14,2011,1.06078431373,1.20903272291,0.978431372549,510,51,51,0,10,rank_in_slot,TDs per ranked candidate
1,within-player,15,2011,0.882352941176,1.17521052988,0.980392156863,51,51,51,0,1,rank_available,TDs per ranked candidate
1,within-player,15,2011,0.849673202614,1.0500364192,0.980392156863,153,51,51,0,3,rank_available,TDs per ranked candidate
1,within-player,15,2011,0.807843137255,0.974679288845,0.964705882353,255,51,51,0,5,rank_available,TDs per ranked candidate
1,within-player,15,2011,0.733333333333,0.847394127422,0.927450980392,510,51,51,0,10,rank_available,TDs per ranked candidate
1,within-player,15,2011,1.50980392157,1.83153725351,0.980392156863,51,51,51,0,1,rank_in_slot,TDs per ranked candidate
1,within-player,15,2011,1.33333333333,1.61646161195,0.986928104575,153,51,51,0,3,rank_in_slot,TDs per ranked candidate
1,within-player,15,2011,1.15294117647,1.44715181234,0.988235294118,255,51,51,0,5,rank_in_slot,TDs per ranked candidate
1,within-player,15,2011,1.05098039216,1.21709504004,0.972549019608,510,51,51,0,10,rank_in_slot,TDs per ranked candidate
1,within-player,16,2011,0.941176470588,1.16116210448,1,51,51,51,0,1,rank_available,TDs per ranked candidate
1,within-player,16,2011,0.849673202614,1.04157635375,0.986928104575,153,51,51,0,3,rank_available,TDs per ranked candidate
1,within-player,16,2011,0.819607843137,0.968404945799,0.964705882353,255,51,51,0,5,rank_available,TDs per ranked candidate
1,within-player,16,2011,0.735294117647,0.837973025974,0.927450980392,510,51,51,0,10,rank_available,TDs per ranked candidate
1,within-player,16,2011,1.41176470588,1.88620182915,0.980392156863,51,51,51,0,1,rank_in_slot,TDs per ranked candidate
1,within-player,16,2011,1.34640522876,1.6414136585,0.986928104575,153,51,51,0,3,rank_in_slot,TDs per ranked candidate
1,within-player,16,2011,1.13333333333,1.45763468564,0.980392156863,255,51,51,0,5,rank_in_slot,TDs per ranked candidate
1,within-player,16,2011,1.04901960784,1.2176666806,0.976470588235,510,51,51,0,10,rank_in_slot,TDs per ranked candidate
1,within-player,17,2011,0.823529411765,1.20337973654,0.980392156863,51,51,51,0,1,rank_available,TDs per ranked candidate
1,within-player,17,2011,0.862745098039,1.05764460253,0.97385620915,153,51,51,0,3,rank_available,TDs per ranked candidate
1,within-player,17,2011,0.835294117647,0.975987617624,0.96862745098,255,51,51,0,5,rank_available,TDs per ranked candidate
1,within-player,17,2011,0.721568627451,0.843690691815,0.929411764706,510,51,51,0,10,rank_available,TDs per ranked candidate
1,within-player,17,2011,1.47058823529,1.86500527128,0.980392156863,51,51,51,0,1,rank_in_slot,TDs per ranked candidate
1,within-player,17,2011,1.33986928105,1.62119354336,0.986928104575,153,51,51,0,3,rank_in_slot,TDs per ranked candidate
1,within-player,17,2011,1.1568627451,1.45594001977,0.980392156863,255,51,51,0,5,rank_in_slot,TDs per ranked candidate
1,within-player,17,2011,1.06274509804,1.22186860433,0.974509803922,510,51,51,0,10,rank_in_slot,TDs per ranked candidate
1,within-player,18,2011,0.941176470588,1.1543186972,0.980392156863,51,51,51,0,1,rank_available,TDs per ranked candidate
1,within-player,18,2011,0.849673202614,1.0412070055,0.980392156863,153,51,51,0,3,rank_available,TDs per ranked candidate
1,within-player,18,2011,0.847058823529,0.966911534985,0.96862745098,255,51,51,0,5,rank_available,TDs per ranked candidate
1,within-player,18,2011,0.727450980392,0.840019609115,0.921568627451,510,51,51,0,10,rank_available,TDs per ranked candidate
1,within-player,18,2011,1.54901960784,1.85871113911,0.980392156863,51,51,51,0,1,rank_in_slot,TDs per ranked candidate
1,within-player,18,2011,1.3660130719,1.61217381587,0.986928104575,153,51,51,0,3,rank_in_slot,TDs per ranked candidate
1,within-player,18,2011,1.21176470588,1.44883702339,0.98431372549,255,51,51,0,5,rank_in_slot,TDs per ranked candidate
1,within-player,18,2011,1.02941176471,1.21937848146,0.974509803922,510,51,51,0,10,rank_in_slot,TDs per ranked candidate
1,within-player,19,2011,0.980392156863,1.16172079597,0.980392156863,51,51,51,0,1,rank_available,TDs per ranked candidate
1,within-player,19,2011,0.83660130719,1.04331382454,0.97385620915,153,51,51,0,3,rank_available,TDs per ranked candidate
1,within-player,19,2011,0.819607843137,0.971700346264,0.96862745098,255,51,51,0,5,rank_available,TDs per ranked candidate
1,within-player,19,2011,0.735294117647,0.844082995461,0.93137254902,510,51,51,0,10,rank_available,TDs per ranked candidate
1,within-player,19,2011,1.39215686275,1.87325186016,0.980392156863,51,51,51,0,1,rank_in_slot,TDs per ranked candidate
1,within-player,19,2011,1.33333333333,1.63788927357,0.986928104575,153,51,51,0,3,rank_in_slot,TDs per ranked candidate
1,within-player,19,2011,1.15294117647,1.46449212576,0.98431372549,255,51,51,0,5,rank_in_slot,TDs per ranked candidate
1,within-player,19,2011,1.05294117647,1.22365491747,0.976470588235,510,51,51,0,10,rank_in_slot,TDs per ranked candidate
1,base-rate-only,-1,2012,0.882352941176,1.12075149708,0.901960784314,51,51,51,0,1,rank_available,TDs per ranked candidate
1,base-rate-only,-1,2012,0.83660130719,1.03862110992,0.888888888889,153,51,51,0,3,rank_available,TDs per ranked candidate
1,base-rate-only,-1,2012,0.819607843137,0.987499890119,0.909803921569,255,51,51,0,5,rank_available,TDs per ranked candidate
1,base-rate-only,-1,2012,0.752941176471,0.89966618396,0.894117647059,510,51,51,0,10,rank_available,TDs per ranked candidate
1,base-rate-only,-1,2012,1.23529411765,1.40513085118,0.980392156863,51,51,51,0,1,rank_in_slot,TDs per ranked candidate
1,base-rate-only,-1,2012,1.17647058824,1.30606542049,0.97385620915,153,51,51,0,3,rank_in_slot,TDs per ranked candidate
1,base-rate-only,-1,2012,1.03529411765,1.20919329193,0.964705882353,255,51,51,0,5,rank_in_slot,TDs per ranked candidate
1,base-rate-only,-1,2012,0.949019607843,1.08188833208,0.950980392157,510,51,51,0,10,rank_in_slot,TDs per ranked candidate
1,current-season-rate,-1,2012,0.941176470588,1.05981916948,0.941176470588,51,51,51,0,1,rank_available,TDs per ranked candidate
1,current-season-rate,-1,2012,0.843137254902,0.984062449135,0.941176470588,153,51,51,0,3,rank_available,TDs per ranked candidate
1,current-season-rate,-1,2012,0.796078431373,0.939806626885,0.925490196078,255,51,51,0,5,rank_available,TDs per ranked candidate
1,current-season-rate,-1,2012,0.611764705882,0.876942451503,0.83137254902,510,51,51,0,10,rank_available,TDs per ranked candidate
1,current-season-rate,-1,2012,1,1.15431902978,0.960784313725,51,51,51,0,1,rank_in_slot,TDs per ranked candidate
1,current-season-rate,-1,2012,0.954248366013,1.08897463492,0.97385620915,153,51,51,0,3,rank_in_slot,TDs per ranked candidate
1,current-season-rate,-1,2012,0.976470588235,1.04480896623,0.980392156863,255,51,51,0,5,rank_in_slot,TDs per ranked candidate
1,current-season-rate,-1,2012,0.901960784314,0.968853393184,0.949019607843,510,51,51,0,10,rank_in_slot,TDs per ranked candidate
1,historical-rate,-1,2012,0.588235294118,1.46723856209,0.803921568627,51,51,51,0,1,rank_available,TDs per ranked candidate
1,historical-rate,-1,2012,0.679738562092,1.26191359022,0.823529411765,153,51,51,0,3,rank_available,TDs per ranked candidate
1,historical-rate,-1,2012,0.694117647059,1.13655690225,0.839215686275,255,51,51,0,5,rank_available,TDs per ranked candidate
1,historical-rate,-1,2012,0.645098039216,0.972481912695,0.856862745098,510,51,51,0,10,rank_available,TDs per ranked candidate
1,historical-rate,-1,2012,1.11764705882,1.81233660131,1,51,51,51,0,1,rank_in_slot,TDs per ranked candidate
1,historical-rate,-1,2012,1.07843137255,1.63985566449,0.875816993464,153,51,51,0,3,rank_in_slot,TDs per ranked candidate
1,historical-rate,-1,2012,0.988235294118,1.50419274761,0.874509803922,255,51,51,0,5,rank_in_slot,TDs per ranked candidate
1,historical-rate,-1,2012,0.919607843137,1.27039199975,0.923529411765,510,51,51,0,10,rank_in_slot,TDs per ranked candidate
1,no-vegas,-1,2012,0.843137254902,1.1410237158,0.941176470588,51,51,51,0,1,rank_available,TDs per ranked candidate
1,no-vegas,-1,2012,0.83660130719,1.04669898992,0.967320261438,153,51,51,0,3,rank_available,TDs per ranked candidate
1,no-vegas,-1,2012,0.796078431373,0.986275087122,0.952941176471,255,51,51,0,5,rank_available,TDs per ranked candidate
1,no-vegas,-1,2012,0.717647058824,0.877771972182,0.9,510,51,51,0,10,rank_available,TDs per ranked candidate
1,no-vegas,-1,2012,1.09803921569,1.49047492249,0.980392156863,51,51,51,0,1,rank_in_slot,TDs per ranked candidate
1,no-vegas,-1,2012,1.01960784314,1.32768833031,0.986928104575,153,51,51,0,3,rank_in_slot,TDs per ranked candidate
1,no-vegas,-1,2012,1.06274509804,1.2284157467,0.98431372549,255,51,51,0,5,rank_in_slot,TDs per ranked candidate
1,no-vegas,-1,2012,0.976470588235,1.08143391137,0.976470588235,510,51,51,0,10,rank_in_slot,TDs per ranked candidate
1,player-vegas,-1,2012,0.901960784314,1.23595146813,0.823529411765,51,51,51,0,1,rank_available,TDs per ranked candidate
1,player-vegas,-1,2012,0.875816993464,1.10797119547,0.895424836601,153,51,51,0,3,rank_available,TDs per ranked candidate
1,player-vegas,-1,2012,0.819607843137,1.03894370745,0.890196078431,255,51,51,0,5,rank_available,TDs per ranked candidate
1,player-vegas,-1,2012,0.73137254902,0.929668354444,0.870588235294,510,51,51,0,10,rank_available,TDs per ranked candidate
1,player-vegas,-1,2012,1.29411764706,1.65353734145,0.960784313725,51,51,51,0,1,rank_in_slot,TDs per ranked candidate
1,player-vegas,-1,2012,1.1568627451,1.51042583807,0.960784313725,153,51,51,0,3,rank_in_slot,TDs per ranked candidate
1,player-vegas,-1,2012,1.04705882353,1.37151083156,0.949019607843,255,51,51,0,5,rank_in_slot,TDs per ranked candidate
1,player-vegas,-1,2012,0.954901960784,1.18316498699,0.956862745098,510,51,51,0,10,rank_in_slot,TDs per ranked candidate
1,random,0,2012,0.627450980392,1.72462750446,0.764705882353,51,51,51,0,1,rank_available,TDs per ranked candidate
1,random,0,2012,0.424836601307,1.51122916603,0.692810457516,153,51,51,0,3,rank_available,TDs per ranked candidate
1,random,0,2012,0.329411764706,1.3613407692,0.643137254902,255,51,51,0,5,rank_available,TDs per ranked candidate
1,random,0,2012,0.339215686275,1.14925797393,0.656862745098,510,51,51,0,10,rank_available,TDs per ranked candidate
1,random,0,2012,0.627450980392,1.72462750446,0.764705882353,51,51,51,0,1,rank_in_slot,TDs per ranked candidate
1,random,0,2012,0.43137254902,1.51148853939,0.692810457516,153,51,51,0,3,rank_in_slot,TDs per ranked candidate
1,random,0,2012,0.388235294118,1.37249608488,0.658823529412,255,51,51,0,5,rank_in_slot,TDs per ranked candidate
1,random,0,2012,0.419607843137,1.16911343722,0.692156862745,510,51,51,0,10,rank_in_slot,TDs per ranked candidate
1,random,1,2012,0.176470588235,1.70080754491,0.647058823529,51,51,51,0,1,rank_available,TDs per ranked candidate
1,random,1,2012,0.307189542484,1.46992328666,0.679738562092,153,51,51,0,3,rank_available,TDs per ranked candidate
1,random,1,2012,0.258823529412,1.33454852585,0.662745098039,255,51,51,0,5,rank_available,TDs per ranked candidate
1,random,1,2012,0.276470588235,1.13500160348,0.664705882353,510,51,51,0,10,rank_available,TDs per ranked candidate
1,random,1,2012,0.196078431373,1.73082428898,0.647058823529,51,51,51,0,1,rank_in_slot,TDs per ranked candidate
1,random,1,2012,0.40522875817,1.51461380102,0.705882352941,153,51,51,0,3,rank_in_slot,TDs per ranked candidate
1,random,1,2012,0.317647058824,1.37362989163,0.670588235294,255,51,51,0,5,rank_in_slot,TDs per ranked candidate
1,random,1,2012,0.378431372549,1.16871108451,0.719607843137,510,51,51,0,10,rank_in_slot,TDs per ranked candidate
1,random,2,2012,0.313725490196,1.70025720723,0.627450980392,51,51,51,0,1,rank_available,TDs per ranked candidate
1,random,2,2012,0.366013071895,1.47489422475,0.660130718954,153,51,51,0,3,rank_available,TDs per ranked candidate
1,random,2,2012,0.333333333333,1.33387557933,0.678431372549,255,51,51,0,5,rank_available,TDs per ranked candidate
1,random,2,2012,0.307843137255,1.13553387955,0.682352941176,510,51,51,0,10,rank_available,TDs per ranked candidate
1,random,2,2012,0.43137254902,1.7249751035,0.666666666667,51,51,51,0,1,rank_in_slot,TDs per ranked candidate
1,random,2,2012,0.372549019608,1.50675952005,0.660130718954,153,51,51,0,3,rank_in_slot,TDs per ranked candidate
1,random,2,2012,0.423529411765,1.36872197794,0.713725490196,255,51,51,0,5,rank_in_slot,TDs per ranked candidate
1,random,2,2012,0.392156862745,1.16670291676,0.719607843137,510,51,51,0,10,rank_in_slot,TDs per ranked candidate
1,random,3,2012,0.0980392156863,1.7292427338,0.529411764706,51,51,51,0,1,rank_available,TDs per ranked candidate
1,random,3,2012,0.143790849673,1.50713207672,0.555555555556,153,51,51,0,3,rank_available,TDs per ranked candidate
1,random,3,2012,0.141176470588,1.35712202074,0.564705882353,255,51,51,0,5,rank_available,TDs per ranked candidate
1,random,3,2012,0.237254901961,1.14745770957,0.582352941176,510,51,51,0,10,rank_available,TDs per ranked candidate
1,random,3,2012,0.0980392156863,1.7292427338,0.529411764706,51,51,51,0,1,rank_in_slot,TDs per ranked candidate
1,random,3,2012,0.143790849673,1.5121498607,0.575163398693,153,51,51,0,3,rank_in_slot,TDs per ranked candidate
1,random,3,2012,0.172549019608,1.37270195232,0.580392156863,255,51,51,0,5,rank_in_slot,TDs per ranked candidate
1,random,3,2012,0.311764705882,1.16870872446,0.617647058824,510,51,51,0,10,rank_in_slot,TDs per ranked candidate
1,random,4,2012,0.254901960784,1.72950137924,0.666666666667,51,51,51,0,1,rank_available,TDs per ranked candidate
1,random,4,2012,0.222222222222,1.49424259966,0.640522875817,153,51,51,0,3,rank_available,TDs per ranked candidate
1,random,4,2012,0.235294117647,1.34984549996,0.643137254902,255,51,51,0,5,rank_available,TDs per ranked candidate
1,random,4,2012,0.26862745098,1.14858062025,0.656862745098,510,51,51,0,10,rank_available,TDs per ranked candidate
1,random,4,2012,0.254901960784,1.72950137924,0.666666666667,51,51,51,0,1,rank_in_slot,TDs per ranked candidate
1,random,4,2012,0.287581699346,1.51221749325,0.666666666667,153,51,51,0,3,rank_in_slot,TDs per ranked candidate
1,random,4,2012,0.274509803922,1.37037690916,0.666666666667,255,51,51,0,5,rank_in_slot,TDs per ranked candidate
1,random,4,2012,0.307843137255,1.16711205701,0.66862745098,510,51,51,0,10,rank_in_slot,TDs per ranked candidate
1,random,5,2012,0.254901960784,1.70992971252,0.627450980392,51,51,51,0,1,rank_available,TDs per ranked candidate
1,random,5,2012,0.287581699346,1.48634239361,0.62091503268,153,51,51,0,3,rank_available,TDs per ranked candidate
1,random,5,2012,0.376470588235,1.34495417237,0.670588235294,255,51,51,0,5,rank_available,TDs per ranked candidate
1,random,5,2012,0.352941176471,1.14072158432,0.666666666667,510,51,51,0,10,rank_available,TDs per ranked candidate
1,random,5,2012,0.313725490196,1.7270647677,0.627450980392,51,51,51,0,1,rank_in_slot,TDs per ranked candidate
1,random,5,2012,0.385620915033,1.5103169708,0.660130718954,153,51,51,0,3,rank_in_slot,TDs per ranked candidate
1,random,5,2012,0.411764705882,1.37070304684,0.678431372549,255,51,51,0,5,rank_in_slot,TDs per ranked candidate
1,random,5,2012,0.398039215686,1.16772810751,0.682352941176,510,51,51,0,10,rank_in_slot,TDs per ranked candidate
1,random,6,2012,0.235294117647,1.68276565271,0.588235294118,51,51,51,0,1,rank_available,TDs per ranked candidate
1,random,6,2012,0.183006535948,1.47325669437,0.588235294118,153,51,51,0,3,rank_available,TDs per ranked candidate
1,random,6,2012,0.278431372549,1.32650902891,0.647058823529,255,51,51,0,5,rank_available,TDs per ranked candidate
1,random,6,2012,0.3,1.12611473336,0.639215686275,510,51,51,0,10,rank_available,TDs per ranked candidate
1,random,6,2012,0.235294117647,1.73074143281,0.607843137255,51,51,51,0,1,rank_in_slot,TDs per ranked candidate
1,random,6,2012,0.209150326797,1.51196526229,0.601307189542,153,51,51,0,3,rank_in_slot,TDs per ranked candidate
1,random,6,2012,0.36862745098,1.37205572757,0.678431372549,255,51,51,0,5,rank_in_slot,TDs per ranked candidate
1,random,6,2012,0.413725490196,1.16860084936,0.678431372549,510,51,51,0,10,rank_in_slot,TDs per ranked candidate
1,random,7,2012,0.313725490196,1.68064271836,0.647058823529,51,51,51,0,1,rank_available,TDs per ranked candidate
1,random,7,2012,0.287581699346,1.46897934698,0.686274509804,153,51,51,0,3,rank_available,TDs per ranked candidate
1,random,7,2012,0.266666666667,1.33167201017,0.662745098039,255,51,51,0,5,rank_available,TDs per ranked candidate
1,random,7,2012,0.296078431373,1.13286617872,0.650980392157,510,51,51,0,10,rank_available,TDs per ranked candidate
1,random,7,2012,0.470588235294,1.72857462691,0.725490196078,51,51,51,0,1,rank_in_slot,TDs per ranked candidate
1,random,7,2012,0.40522875817,1.51402549423,0.745098039216,153,51,51,0,3,rank_in_slot,TDs per ranked candidate
1,random,7,2012,0.329411764706,1.37410243681,0.698039215686,255,51,51,0,5,rank_in_slot,TDs per ranked candidate
1,random,7,2012,0.352941176471,1.16902625036,0.68431372549,510,51,51,0,10,rank_in_slot,TDs per ranked candidate
1,random,8,2012,0.21568627451,1.69268033583,0.607843137255,51,51,51,0,1,rank_available,TDs per ranked candidate
1,random,8,2012,0.169934640523,1.47744276708,0.666666666667,153,51,51,0,3,rank_available,TDs per ranked candidate
1,random,8,2012,0.211764705882,1.33981036369,0.623529411765,255,51,51,0,5,rank_available,TDs per ranked candidate
1,random,8,2012,0.26862745098,1.14253412336,0.611764705882,510,51,51,0,10,rank_available,TDs per ranked candidate
1,random,8,2012,0.411764705882,1.73082428898,0.627450980392,51,51,51,0,1,rank_in_slot,TDs per ranked candidate
1,random,8,2012,0.267973856209,1.51426627313,0.705882352941,153,51,51,0,3,rank_in_slot,TDs per ranked candidate
1,random,8,2012,0.278431372549,1.37335169209,0.662745098039,255,51,51,0,5,rank_in_slot,TDs per ranked candidate
1,random,8,2012,0.311764705882,1.16902036776,0.637254901961,510,51,51,0,10,rank_in_slot,TDs per ranked candidate
1,random,9,2012,0.392156862745,1.63583192199,0.686274509804,51,51,51,0,1,rank_available,TDs per ranked candidate
1,random,9,2012,0.385620915033,1.43627005375,0.679738562092,153,51,51,0,3,rank_available,TDs per ranked candidate
1,random,9,2012,0.301960784314,1.30917036076,0.670588235294,255,51,51,0,5,rank_available,TDs per ranked candidate
1,random,9,2012,0.280392156863,1.11749971031,0.643137254902,510,51,51,0,10,rank_available,TDs per ranked candidate
1,random,9,2012,0.43137254902,1.72481756859,0.764705882353,51,51,51,0,1,rank_in_slot,TDs per ranked candidate
1,random,9,2012,0.411764705882,1.50996283152,0.712418300654,153,51,51,0,3,rank_in_slot,TDs per ranked candidate
1,random,9,2012,0.349019607843,1.37016837882,0.705882352941,255,51,51,0,5,rank_in_slot,TDs per ranked candidate
1,random,9,2012,0.347058823529,1.16752904238,0.680392156863,510,51,51,0,10,rank_in_slot,TDs per ranked candidate
1,random,10,2012,0.137254901961,1.71610467227,0.509803921569,51,51,51,0,1,rank_available,TDs per ranked candidate
1,random,10,2012,0.196078431373,1.50531742602,0.588235294118,153,51,51,0,3,rank_available,TDs per ranked candidate
1,random,10,2012,0.239215686275,1.36066796474,0.623529411765,255,51,51,0,5,rank_available,TDs per ranked candidate
1,random,10,2012,0.301960784314,1.14880813113,0.658823529412,510,51,51,0,10,rank_available,TDs per ranked candidate
1,random,10,2012,0.137254901961,1.72443886289,0.529411764706,51,51,51,0,1,rank_in_slot,TDs per ranked candidate
1,random,10,2012,0.183006535948,1.51006614882,0.588235294118,153,51,51,0,3,rank_in_slot,TDs per ranked candidate
1,random,10,2012,0.329411764706,1.37151735009,0.654901960784,255,51,51,0,5,rank_in_slot,TDs per ranked candidate
1,random,10,2012,0.398039215686,1.16821489427,0.696078431373,510,51,51,0,10,rank_in_slot,TDs per ranked candidate
1,random,11,2012,0.313725490196,1.70068151039,0.56862745098,51,51,51,0,1,rank_available,TDs per ranked candidate
1,random,11,2012,0.241830065359,1.48084883181,0.562091503268,153,51,51,0,3,rank_available,TDs per ranked candidate
1,random,11,2012,0.258823529412,1.33988945148,0.592156862745,255,51,51,0,5,rank_available,TDs per ranked candidate
1,random,11,2012,0.264705882353,1.13575943336,0.605882352941,510,51,51,0,10,rank_available,TDs per ranked candidate
1,random,11,2012,0.43137254902,1.72651131053,0.607843137255,51,51,51,0,1,rank_in_slot,TDs per ranked candidate
1,random,11,2012,0.307189542484,1.51302859036,0.56862745098,153,51,51,0,3,rank_in_slot,TDs per ranked candidate
1,random,11,2012,0.352941176471,1.37318238761,0.639215686275,255,51,51,0,5,rank_in_slot,TDs per ranked candidate
1,random,11,2012,0.350980392157,1.16746297591,0.639215686275,510,51,51,0,10,rank_in_slot,TDs per ranked candidate
1,random,12,2012,0.274509803922,1.71375276472,0.647058823529,51,51,51,0,1,rank_available,TDs per ranked candidate
1,random,12,2012,0.392156862745,1.48344289712,0.686274509804,153,51,51,0,3,rank_available,TDs per ranked candidate
1,random,12,2012,0.349019607843,1.3434386445,0.666666666667,255,51,51,0,5,rank_available,TDs per ranked candidate
1,random,12,2012,0.296078431373,1.13872977725,0.647058823529,510,51,51,0,10,rank_available,TDs per ranked candidate
1,random,12,2012,0.274509803922,1.7179849773,0.647058823529,51,51,51,0,1,rank_in_slot,TDs per ranked candidate
1,random,12,2012,0.444444444444,1.50761836008,0.732026143791,153,51,51,0,3,rank_in_slot,TDs per ranked candidate
1,random,12,2012,0.403921568627,1.36894242642,0.694117647059,255,51,51,0,5,rank_in_slot,TDs per ranked candidate
1,random,12,2012,0.349019607843,1.16600104259,0.688235294118,510,51,51,0,10,rank_in_slot,TDs per ranked candidate
1,random,13,2012,0.176470588235,1.70977621558,0.56862745098,51,51,51,0,1,rank_available,TDs per ranked candidate
1,random,13,2012,0.333333333333,1.47776626822,0.653594771242,153,51,51,0,3,rank_available,TDs per ranked candidate
1,random,13,2012,0.321568627451,1.33594208762,0.658823529412,255,51,51,0,5,rank_available,TDs per ranked candidate
1,random,13,2012,0.325490196078,1.13135794746,0.625490196078,510,51,51,0,10,rank_available,TDs per ranked candidate
1,random,13,2012,0.274509803922,1.72939109676,0.607843137255,51,51,51,0,1,rank_in_slot,TDs per ranked candidate
1,random,13,2012,0.392156862745,1.51228286442,0.673202614379,153,51,51,0,3,rank_in_slot,TDs per ranked candidate
1,random,13,2012,0.396078431373,1.37099002599,0.690196078431,255,51,51,0,5,rank_in_slot,TDs per ranked candidate
1,random,13,2012,0.46862745098,1.16718432987,0.696078431373,510,51,51,0,10,rank_in_slot,TDs per ranked candidate
1,random,14,2012,0.0588235294118,1.71652746494,0.588235294118,51,51,51,0,1,rank_available,TDs per ranked candidate
1,random,14,2012,0.16339869281,1.47284028542,0.640522875817,153,51,51,0,3,rank_available,TDs per ranked candidate
1,random,14,2012,0.270588235294,1.32484231856,0.654901960784,255,51,51,0,5,rank_available,TDs per ranked candidate
1,random,14,2012,0.237254901961,1.12784622131,0.639215686275,510,51,51,0,10,rank_available,TDs per ranked candidate
1,random,14,2012,0.0980392156863,1.72316727594,0.588235294118,51,51,51,0,1,rank_in_slot,TDs per ranked candidate
1,random,14,2012,0.241830065359,1.50897534536,0.673202614379,153,51,51,0,3,rank_in_slot,TDs per ranked candidate
1,random,14,2012,0.325490196078,1.37011399524,0.690196078431,255,51,51,0,5,rank_in_slot,TDs per ranked candidate
1,random,14,2012,0.31568627451,1.16760659763,0.66862745098,510,51,51,0,10,rank_in_slot,TDs per ranked candidate
1,random,15,2012,0.156862745098,1.72532428687,0.56862745098,51,51,51,0,1,rank_available,TDs per ranked candidate
1,random,15,2012,0.241830065359,1.49734713082,0.62091503268,153,51,51,0,3,rank_available,TDs per ranked candidate
1,random,15,2012,0.235294117647,1.35628618056,0.662745098039,255,51,51,0,5,rank_available,TDs per ranked candidate
1,random,15,2012,0.247058823529,1.15233981957,0.656862745098,510,51,51,0,10,rank_available,TDs per ranked candidate
1,random,15,2012,0.156862745098,1.72532428687,0.56862745098,51,51,51,0,1,rank_in_slot,TDs per ranked candidate
1,random,15,2012,0.222222222222,1.50516784258,0.633986928105,153,51,51,0,3,rank_in_slot,TDs per ranked candidate
1,random,15,2012,0.254901960784,1.36716197428,0.682352941176,255,51,51,0,5,rank_in_slot,TDs per ranked candidate
1,random,15,2012,0.280392156863,1.16490004894,0.676470588235,510,51,51,0,10,rank_in_slot,TDs per ranked candidate
1,random,16,2012,0.333333333333,1.6758306132,0.705882352941,51,51,51,0,1,rank_available,TDs per ranked candidate
1,random,16,2012,0.320261437908,1.45847713133,0.660130718954,153,51,51,0,3,rank_available,TDs per ranked candidate
1,random,16,2012,0.294117647059,1.31697686333,0.666666666667,255,51,51,0,5,rank_available,TDs per ranked candidate
1,random,16,2012,0.274509803922,1.12011122244,0.658823529412,510,51,51,0,10,rank_available,TDs per ranked candidate
1,random,16,2012,0.450980392157,1.73126214233,0.745098039216,51,51,51,0,1,rank_in_slot,TDs per ranked candidate
1,random,16,2012,0.43137254902,1.51201094648,0.712418300654,153,51,51,0,3,rank_in_slot,TDs per ranked candidate
1,random,16,2012,0.443137254902,1.37095021547,0.729411764706,255,51,51,0,5,rank_in_slot,TDs per ranked candidate
1,random,16,2012,0.380392156863,1.16710654188,0.701960784314,510,51,51,0,10,rank_in_slot,TDs per ranked candidate
1,random,17,2012,0.372549019608,1.67334440597,0.647058823529,51,51,51,0,1,rank_available,TDs per ranked candidate
1,random,17,2012,0.176470588235,1.45437226387,0.575163398693,153,51,51,0,3,rank_available,TDs per ranked candidate
1,random,17,2012,0.176470588235,1.32582129353,0.556862745098,255,51,51,0,5,rank_available,TDs per ranked candidate
1,random,17,2012,0.196078431373,1.12953732088,0.574509803922,510,51,51,0,10,rank_available,TDs per ranked candidate
1,random,17,2012,0.607843137255,1.71811732671,0.705882352941,51,51,51,0,1,rank_in_slot,TDs per ranked candidate
1,random,17,2012,0.294117647059,1.50837153629,0.62091503268,153,51,51,0,3,rank_in_slot,TDs per ranked candidate
1,random,17,2012,0.223529411765,1.3700535862,0.572549019608,255,51,51,0,5,rank_in_slot,TDs per ranked candidate
1,random,17,2012,0.280392156863,1.16670909215,0.613725490196,510,51,51,0,10,rank_in_slot,TDs per ranked candidate
1,random,18,2012,0.274509803922,1.69200604251,0.666666666667,51,51,51,0,1,rank_available,TDs per ranked candidate
1,random,18,2012,0.366013071895,1.46789528687,0.633986928105,153,51,51,0,3,rank_available,TDs per ranked candidate
1,random,18,2012,0.274509803922,1.32335490369,0.56862745098,255,51,51,0,5,rank_available,TDs per ranked candidate
1,random,18,2012,0.264705882353,1.1269415358,0.590196078431,510,51,51,0,10,rank_available,TDs per ranked candidate
1,random,18,2012,0.372549019608,1.72951896239,0.705882352941,51,51,51,0,1,rank_in_slot,TDs per ranked candidate
1,random,18,2012,0.477124183007,1.5114894788,0.666666666667,153,51,51,0,3,rank_in_slot,TDs per ranked candidate
1,random,18,2012,0.411764705882,1.37138875552,0.619607843137,255,51,51,0,5,rank_in_slot,TDs per ranked candidate
1,random,18,2012,0.380392156863,1.16741159711,0.637254901961,510,51,51,0,10,rank_in_slot,TDs per ranked candidate
1,random,19,2012,0.450980392157,1.70289564298,0.764705882353,51,51,51,0,1,rank_available,TDs per ranked candidate
1,random,19,2012,0.294117647059,1.48540069518,0.673202614379,153,51,51,0,3,rank_available,TDs per ranked candidate
1,random,19,2012,0.266666666667,1.33861231004,0.666666666667,255,51,51,0,5,rank_available,TDs per ranked candidate
1,random,19,2012,0.258823529412,1.13312103467,0.672549019608,510,51,51,0,10,rank_available,TDs per ranked candidate
1,random,19,2012,0.509803921569,1.72803998609,0.78431372549,51,51,51,0,1,rank_in_slot,TDs per ranked candidate
1,random,19,2012,0.294117647059,1.51200229649,0.705882352941,153,51,51,0,3,rank_in_slot,TDs per ranked candidate
1,random,19,2012,0.305882352941,1.37157402949,0.686274509804,255,51,51,0,5,rank_in_slot,TDs per ranked candidate
1,random,19,2012,0.321568627451,1.1667803732,0.692156862745,510,51,51,0,10,rank_in_slot,TDs per ranked candidate
1,regressed-rate,-1,2012,0.764705882353,1.18986305576,0.921568627451,51,51,51,0,1,rank_available,TDs per ranked candidate
1,regressed-rate,-1,2012,0.705882352941,1.05166639118,0.875816993464,153,51,51,0,3,rank_available,TDs per ranked candidate
1,regressed-rate,-1,2012,0.698039215686,0.980385305335,0.858823529412,255,51,51,0,5,rank_available,TDs per ranked candidate
1,regressed-rate,-1,2012,0.660784313725,0.884838754577,0.864705882353,510,51,51,0,10,rank_available,TDs per ranked candidate
1,regressed-rate,-1,2012,1.13725490196,1.50251269582,1,51,51,51,0,1,rank_in_slot,TDs per ranked candidate
1,regressed-rate,-1,2012,1.2091503268,1.34950328178,0.986928104575,153,51,51,0,3,rank_in_slot,TDs per ranked candidate
1,regressed-rate,-1,2012,1.05098039216,1.25042852779,0.964705882353,255,51,51,0,5,rank_in_slot,TDs per ranked candidate
1,regressed-rate,-1,2012,0.93137254902,1.09348516278,0.933333333333,510,51,51,0,10,rank_in_slot,TDs per ranked candidate
1,shipped,-1,2012,0.843137254902,1.18663281801,0.901960784314,51,51,51,0,1,rank_available,TDs per ranked candidate
1,shipped,-1,2012,0.751633986928,1.07218453761,0.921568627451,153,51,51,0,3,rank_available,TDs per ranked candidate
1,shipped,-1,2012,0.764705882353,1.00668488299,0.901960784314,255,51,51,0,5,rank_available,TDs per ranked candidate
1,shipped,-1,2012,0.703921568627,0.887115555354,0.886274509804,510,51,51,0,10,rank_available,TDs per ranked candidate
1,shipped,-1,2012,1.1568627451,1.72631060636,1,51,51,51,0,1,rank_in_slot,TDs per ranked candidate
1,shipped,-1,2012,1.09150326797,1.51216000187,0.980392156863,153,51,51,0,3,rank_in_slot,TDs per ranked candidate
1,shipped,-1,2012,1.03529411765,1.37114539832,0.98431372549,255,51,51,0,5,rank_in_slot,TDs per ranked candidate
1,shipped,-1,2012,0.972549019608,1.16699022042,0.958823529412,510,51,51,0,10,rank_in_slot,TDs per ranked candidate
1,vegas-environment,-1,2012,0.549019607843,0.854916570359,0.705882352941,51,51,51,0,1,rank_available,TDs per ranked candidate
1,vegas-environment,-1,2012,0.588235294118,0.819526871428,0.797385620915,153,51,51,0,3,rank_available,TDs per ranked candidate
1,vegas-environment,-1,2012,0.603921568627,0.800525889165,0.839215686275,255,51,51,0,5,rank_available,TDs per ranked candidate
1,vegas-environment,-1,2012,0.635294117647,0.76856340803,0.854901960784,510,51,51,0,10,rank_available,TDs per ranked candidate
1,vegas-environment,-1,2012,1.29411764706,0.918100292293,0.882352941176,51,51,51,0,1,rank_in_slot,TDs per ranked candidate
1,vegas-environment,-1,2012,1.13071895425,0.887802854728,0.941176470588,153,51,51,0,3,rank_in_slot,TDs per ranked candidate
1,vegas-environment,-1,2012,0.921568627451,0.864005711757,0.909803921569,255,51,51,0,5,rank_in_slot,TDs per ranked candidate
1,vegas-environment,-1,2012,0.827450980392,0.82614590373,0.905882352941,510,51,51,0,10,rank_in_slot,TDs per ranked candidate
1,within-player,0,2012,0.705882352941,1.18720876805,0.901960784314,51,51,51,0,1,rank_available,TDs per ranked candidate
1,within-player,0,2012,0.81045751634,1.07858386579,0.934640522876,153,51,51,0,3,rank_available,TDs per ranked candidate
1,within-player,0,2012,0.792156862745,1.00516101485,0.933333333333,255,51,51,0,5,rank_available,TDs per ranked candidate
1,within-player,0,2012,0.733333333333,0.889204894595,0.905882352941,510,51,51,0,10,rank_available,TDs per ranked candidate
1,within-player,0,2012,1.17647058824,1.75120811293,0.980392156863,51,51,51,0,1,rank_in_slot,TDs per ranked candidate
1,within-player,0,2012,1.11111111111,1.55736088231,0.986928104575,153,51,51,0,3,rank_in_slot,TDs per ranked candidate
1,within-player,0,2012,1.00392156863,1.40313680554,0.980392156863,255,51,51,0,5,rank_in_slot,TDs per ranked candidate
1,within-player,0,2012,0.919607843137,1.18146396193,0.966666666667,510,51,51,0,10,rank_in_slot,TDs per ranked candidate
1,within-player,1,2012,0.862745098039,1.2080437551,0.882352941176,51,51,51,0,1,rank_available,TDs per ranked candidate
1,within-player,1,2012,0.83660130719,1.0926719107,0.934640522876,153,51,51,0,3,rank_available,TDs per ranked candidate
1,within-player,1,2012,0.76862745098,1.01291869693,0.925490196078,255,51,51,0,5,rank_available,TDs per ranked candidate
1,within-player,1,2012,0.729411764706,0.890443071652,0.901960784314,510,51,51,0,10,rank_available,TDs per ranked candidate
1,within-player,1,2012,1.1568627451,1.75658448606,0.980392156863,51,51,51,0,1,rank_in_slot,TDs per ranked candidate
1,within-player,1,2012,1.09803921569,1.54627825356,0.980392156863,153,51,51,0,3,rank_in_slot,TDs per ranked candidate
1,within-player,1,2012,1.07058823529,1.39218015649,0.980392156863,255,51,51,0,5,rank_in_slot,TDs per ranked candidate
1,within-player,1,2012,0.966666666667,1.1757769954,0.972549019608,510,51,51,0,10,rank_in_slot,TDs per ranked candidate
1,within-player,2,2012,0.803921568627,1.17737451805,0.921568627451,51,51,51,0,1,rank_available,TDs per ranked candidate
1,within-player,2,2012,0.764705882353,1.08362442315,0.921568627451,153,51,51,0,3,rank_available,TDs per ranked candidate
1,within-player,2,2012,0.792156862745,1.01446862388,0.921568627451,255,51,51,0,5,rank_available,TDs per ranked candidate
1,within-player,2,2012,0.707843137255,0.893236687523,0.894117647059,510,51,51,0,10,rank_available,TDs per ranked candidate
1,within-player,2,2012,1.17647058824,1.73409969503,0.980392156863,51,51,51,0,1,rank_in_slot,TDs per ranked candidate
1,within-player,2,2012,1.11764705882,1.53399813896,0.986928104575,153,51,51,0,3,rank_in_slot,TDs per ranked candidate
1,within-player,2,2012,1.00392156863,1.39252808305,0.98431372549,255,51,51,0,5,rank_in_slot,TDs per ranked candidate
1,within-player,2,2012,0.954901960784,1.182241237,0.962745098039,510,51,51,0,10,rank_in_slot,TDs per ranked candidate
1,within-player,3,2012,0.764705882353,1.17393457587,0.843137254902,51,51,51,0,1,rank_available,TDs per ranked candidate
1,within-player,3,2012,0.666666666667,1.06592172202,0.895424836601,153,51,51,0,3,rank_available,TDs per ranked candidate
1,within-player,3,2012,0.721568627451,0.997577522602,0.929411764706,255,51,51,0,5,rank_available,TDs per ranked candidate
1,within-player,3,2012,0.709803921569,0.885485452871,0.903921568627,510,51,51,0,10,rank_available,TDs per ranked candidate
1,within-player,3,2012,1.23529411765,1.74560623372,0.980392156863,51,51,51,0,1,rank_in_slot,TDs per ranked candidate
1,within-player,3,2012,1.03921568627,1.5412204096,0.980392156863,153,51,51,0,3,rank_in_slot,TDs per ranked candidate
1,within-player,3,2012,0.972549019608,1.39514401019,0.976470588235,255,51,51,0,5,rank_in_slot,TDs per ranked candidate
1,within-player,3,2012,0.939215686275,1.17937979106,0.96862745098,510,51,51,0,10,rank_in_slot,TDs per ranked candidate
1,within-player,4,2012,0.725490196078,1.19405501947,0.921568627451,51,51,51,0,1,rank_available,TDs per ranked candidate
1,within-player,4,2012,0.790849673203,1.07924567095,0.928104575163,153,51,51,0,3,rank_available,TDs per ranked candidate
1,within-player,4,2012,0.772549019608,1.00671166622,0.913725490196,255,51,51,0,5,rank_available,TDs per ranked candidate
1,within-player,4,2012,0.707843137255,0.885374104781,0.905882352941,510,51,51,0,10,rank_available,TDs per ranked candidate
1,within-player,4,2012,1.11764705882,1.74453702311,0.960784313725,51,51,51,0,1,rank_in_slot,TDs per ranked candidate
1,within-player,4,2012,1.07189542484,1.53317000494,0.967320261438,153,51,51,0,3,rank_in_slot,TDs per ranked candidate
1,within-player,4,2012,1.01176470588,1.38726395811,0.980392156863,255,51,51,0,5,rank_in_slot,TDs per ranked candidate
1,within-player,4,2012,0.949019607843,1.17571203762,0.964705882353,510,51,51,0,10,rank_in_slot,TDs per ranked candidate
1,within-player,5,2012,0.843137254902,1.1787289371,0.921568627451,51,51,51,0,1,rank_available,TDs per ranked candidate
1,within-player,5,2012,0.816993464052,1.06673560837,0.941176470588,153,51,51,0,3,rank_available,TDs per ranked candidate
1,within-player,5,2012,0.729411764706,0.993854007652,0.925490196078,255,51,51,0,5,rank_available,TDs per ranked candidate
1,within-player,5,2012,0.725490196078,0.88234535737,0.896078431373,510,51,51,0,10,rank_available,TDs per ranked candidate
1,within-player,5,2012,1.33333333333,1.69862117591,0.960784313725,51,51,51,0,1,rank_in_slot,TDs per ranked candidate
1,within-player,5,2012,1.11764705882,1.52288826418,0.980392156863,153,51,51,0,3,rank_in_slot,TDs per ranked candidate
1,within-player,5,2012,1.01176470588,1.37697865947,0.976470588235,255,51,51,0,5,rank_in_slot,TDs per ranked candidate
1,within-player,5,2012,0.939215686275,1.16866752764,0.972549019608,510,51,51,0,10,rank_in_slot,TDs per ranked candidate
1,within-player,6,2012,0.725490196078,1.20517272812,0.901960784314,51,51,51,0,1,rank_available,TDs per ranked candidate
1,within-player,6,2012,0.78431372549,1.07260446892,0.928104575163,153,51,51,0,3,rank_available,TDs per ranked candidate
1,within-player,6,2012,0.752941176471,1.00114676238,0.913725490196,255,51,51,0,5,rank_available,TDs per ranked candidate
1,within-player,6,2012,0.698039215686,0.883255653415,0.890196078431,510,51,51,0,10,rank_available,TDs per ranked candidate
1,within-player,6,2012,1.21568627451,1.77393191115,0.960784313725,51,51,51,0,1,rank_in_slot,TDs per ranked candidate
1,within-player,6,2012,1.11764705882,1.55236712923,0.980392156863,153,51,51,0,3,rank_in_slot,TDs per ranked candidate
1,within-player,6,2012,1.01568627451,1.39567584922,0.972549019608,255,51,51,0,5,rank_in_slot,TDs per ranked candidate
1,within-player,6,2012,0.935294117647,1.17162632532,0.960784313725,510,51,51,0,10,rank_in_slot,TDs per ranked candidate
1,within-player,7,2012,0.686274509804,1.17508577421,0.941176470588,51,51,51,0,1,rank_available,TDs per ranked candidate
1,within-player,7,2012,0.764705882353,1.07028869049,0.921568627451,153,51,51,0,3,rank_available,TDs per ranked candidate
1,within-player,7,2012,0.741176470588,0.999844747508,0.925490196078,255,51,51,0,5,rank_available,TDs per ranked candidate
1,within-player,7,2012,0.707843137255,0.882785125023,0.901960784314,510,51,51,0,10,rank_available,TDs per ranked candidate
1,within-player,7,2012,1.1568627451,1.7372142979,1,51,51,51,0,1,rank_in_slot,TDs per ranked candidate
1,within-player,7,2012,1.00653594771,1.51702942579,0.993464052288,153,51,51,0,3,rank_in_slot,TDs per ranked candidate
1,within-player,7,2012,1.01176470588,1.37348653482,0.980392156863,255,51,51,0,5,rank_in_slot,TDs per ranked candidate
1,within-player,7,2012,0.917647058824,1.16344829043,0.96862745098,510,51,51,0,10,rank_in_slot,TDs per ranked candidate
1,within-player,8,2012,0.647058823529,1.20355172024,0.901960784314,51,51,51,0,1,rank_available,TDs per ranked candidate
1,within-player,8,2012,0.758169934641,1.07397242578,0.921568627451,153,51,51,0,3,rank_available,TDs per ranked candidate
1,within-player,8,2012,0.78431372549,1.00169775125,0.925490196078,255,51,51,0,5,rank_available,TDs per ranked candidate
1,within-player,8,2012,0.719607843137,0.889629762278,0.896078431373,510,51,51,0,10,rank_available,TDs per ranked candidate
1,within-player,8,2012,1.19607843137,1.74579401737,0.980392156863,51,51,51,0,1,rank_in_slot,TDs per ranked candidate
1,within-player,8,2012,1.06535947712,1.53913070474,0.986928104575,153,51,51,0,3,rank_in_slot,TDs per ranked candidate
1,within-player,8,2012,1,1.38575622923,0.980392156863,255,51,51,0,5,rank_in_slot,TDs per ranked candidate
1,within-player,8,2012,0.941176470588,1.17151242034,0.966666666667,510,51,51,0,10,rank_in_slot,TDs per ranked candidate
1,within-player,9,2012,0.56862745098,1.18300735593,0.901960784314,51,51,51,0,1,rank_available,TDs per ranked candidate
1,within-player,9,2012,0.725490196078,1.07470021515,0.915032679739,153,51,51,0,3,rank_available,TDs per ranked candidate
1,within-player,9,2012,0.721568627451,1.00711153296,0.921568627451,255,51,51,0,5,rank_available,TDs per ranked candidate
1,within-player,9,2012,0.680392156863,0.889608747879,0.905882352941,510,51,51,0,10,rank_available,TDs per ranked candidate
1,within-player,9,2012,1.11764705882,1.7322011032,0.980392156863,51,51,51,0,1,rank_in_slot,TDs per ranked candidate
1,within-player,9,2012,1.02614379085,1.53221036373,0.980392156863,153,51,51,0,3,rank_in_slot,TDs per ranked candidate
1,within-player,9,2012,0.980392156863,1.39022461367,0.972549019608,255,51,51,0,5,rank_in_slot,TDs per ranked candidate
1,within-player,9,2012,0.913725490196,1.17826730437,0.972549019608,510,51,51,0,10,rank_in_slot,TDs per ranked candidate
1,within-player,10,2012,0.78431372549,1.1607187341,0.921568627451,51,51,51,0,1,rank_available,TDs per ranked candidate
1,within-player,10,2012,0.725490196078,1.06721808796,0.921568627451,153,51,51,0,3,rank_available,TDs per ranked candidate
1,within-player,10,2012,0.760784313725,1.00074870746,0.917647058824,255,51,51,0,5,rank_available,TDs per ranked candidate
1,within-player,10,2012,0.707843137255,0.886178388413,0.9,510,51,51,0,10,rank_available,TDs per ranked candidate
1,within-player,10,2012,1.27450980392,1.7383883596,0.980392156863,51,51,51,0,1,rank_in_slot,TDs per ranked candidate
1,within-player,10,2012,1.09803921569,1.52109900358,0.97385620915,153,51,51,0,3,rank_in_slot,TDs per ranked candidate
1,within-player,10,2012,1.01960784314,1.37512274074,0.976470588235,255,51,51,0,5,rank_in_slot,TDs per ranked candidate
1,within-player,10,2012,0.939215686275,1.16787147585,0.96862745098,510,51,51,0,10,rank_in_slot,TDs per ranked candidate
1,within-player,11,2012,0.529411764706,1.19754864955,0.901960784314,51,51,51,0,1,rank_available,TDs per ranked candidate
1,within-player,11,2012,0.705882352941,1.08964168257,0.915032679739,153,51,51,0,3,rank_available,TDs per ranked candidate
1,within-player,11,2012,0.729411764706,1.01881337455,0.917647058824,255,51,51,0,5,rank_available,TDs per ranked candidate
1,within-player,11,2012,0.694117647059,0.900458896341,0.901960784314,510,51,51,0,10,rank_available,TDs per ranked candidate
1,within-player,11,2012,1.19607843137,1.72563647837,1,51,51,51,0,1,rank_in_slot,TDs per ranked candidate
1,within-player,11,2012,1.01307189542,1.52010951175,0.967320261438,153,51,51,0,3,rank_in_slot,TDs per ranked candidate
1,within-player,11,2012,0.976470588235,1.38056279737,0.976470588235,255,51,51,0,5,rank_in_slot,TDs per ranked candidate
1,within-player,11,2012,0.925490196078,1.17572030973,0.96862745098,510,51,51,0,10,rank_in_slot,TDs per ranked candidate
1,within-player,12,2012,0.921568627451,1.21688930205,0.941176470588,51,51,51,0,1,rank_available,TDs per ranked candidate
1,within-player,12,2012,0.771241830065,1.08366385688,0.921568627451,153,51,51,0,3,rank_available,TDs per ranked candidate
1,within-player,12,2012,0.752941176471,1.00548260734,0.933333333333,255,51,51,0,5,rank_available,TDs per ranked candidate
1,within-player,12,2012,0.723529411765,0.884061485185,0.896078431373,510,51,51,0,10,rank_available,TDs per ranked candidate
1,within-player,12,2012,1.17647058824,1.74671460136,0.980392156863,51,51,51,0,1,rank_in_slot,TDs per ranked candidate
1,within-player,12,2012,1.08496732026,1.53608160812,0.993464052288,153,51,51,0,3,rank_in_slot,TDs per ranked candidate
1,within-player,12,2012,1.03137254902,1.38655842158,0.976470588235,255,51,51,0,5,rank_in_slot,TDs per ranked candidate
1,within-player,12,2012,0.956862745098,1.17115993192,0.966666666667,510,51,51,0,10,rank_in_slot,TDs per ranked candidate
1,within-player,13,2012,0.725490196078,1.17173507654,0.921568627451,51,51,51,0,1,rank_available,TDs per ranked candidate
1,within-player,13,2012,0.705882352941,1.07180671421,0.915032679739,153,51,51,0,3,rank_available,TDs per ranked candidate
1,within-player,13,2012,0.756862745098,1.00113427456,0.917647058824,255,51,51,0,5,rank_available,TDs per ranked candidate
1,within-player,13,2012,0.696078431373,0.885265959896,0.892156862745,510,51,51,0,10,rank_available,TDs per ranked candidate
1,within-player,13,2012,1.1568627451,1.767427614,1,51,51,51,0,1,rank_in_slot,TDs per ranked candidate
1,within-player,13,2012,1.07843137255,1.54506204495,0.993464052288,153,51,51,0,3,rank_in_slot,TDs per ranked candidate
1,within-player,13,2012,0.98431372549,1.3897649206,0.980392156863,255,51,51,0,5,rank_in_slot,TDs per ranked candidate
1,within-player,13,2012,0.941176470588,1.17476027484,0.962745098039,510,51,51,0,10,rank_in_slot,TDs per ranked candidate
1,within-player,14,2012,0.882352941176,1.16461197639,0.882352941176,51,51,51,0,1,rank_available,TDs per ranked candidate
1,within-player,14,2012,0.830065359477,1.06274342898,0.941176470588,153,51,51,0,3,rank_available,TDs per ranked candidate
1,within-player,14,2012,0.752941176471,0.997148669299,0.941176470588,255,51,51,0,5,rank_available,TDs per ranked candidate
1,within-player,14,2012,0.709803921569,0.881642107837,0.905882352941,510,51,51,0,10,rank_available,TDs per ranked candidate
1,within-player,14,2012,1.23529411765,1.77583584699,0.980392156863,51,51,51,0,1,rank_in_slot,TDs per ranked candidate
1,within-player,14,2012,1.06535947712,1.54882292987,0.97385620915,153,51,51,0,3,rank_in_slot,TDs per ranked candidate
1,within-player,14,2012,0.98431372549,1.39830111092,0.972549019608,255,51,51,0,5,rank_in_slot,TDs per ranked candidate
1,within-player,14,2012,0.911764705882,1.18226489727,0.96862745098,510,51,51,0,10,rank_in_slot,TDs per ranked candidate
1,within-player,15,2012,0.725490196078,1.19368031386,0.941176470588,51,51,51,0,1,rank_available,TDs per ranked candidate
1,within-player,15,2012,0.797385620915,1.07790119404,0.928104575163,153,51,51,0,3,rank_available,TDs per ranked candidate
1,within-player,15,2012,0.772549019608,1.01076368114,0.929411764706,255,51,51,0,5,rank_available,TDs per ranked candidate
1,within-player,15,2012,0.719607843137,0.892773303474,0.901960784314,510,51,51,0,10,rank_available,TDs per ranked candidate
1,within-player,15,2012,1.13725490196,1.74112837341,0.980392156863,51,51,51,0,1,rank_in_slot,TDs per ranked candidate
1,within-player,15,2012,1.06535947712,1.53421776946,0.97385620915,153,51,51,0,3,rank_in_slot,TDs per ranked candidate
1,within-player,15,2012,1.01568627451,1.38822320653,0.976470588235,255,51,51,0,5,rank_in_slot,TDs per ranked candidate
1,within-player,15,2012,0.974509803922,1.17851555704,0.96862745098,510,51,51,0,10,rank_in_slot,TDs per ranked candidate
1,within-player,16,2012,0.725490196078,1.17473662829,0.941176470588,51,51,51,0,1,rank_available,TDs per ranked candidate
1,within-player,16,2012,0.751633986928,1.06491689713,0.915032679739,153,51,51,0,3,rank_available,TDs per ranked candidate
1,within-player,16,2012,0.749019607843,0.994793973293,0.917647058824,255,51,51,0,5,rank_available,TDs per ranked candidate
1,within-player,16,2012,0.709803921569,0.879888582446,0.894117647059,510,51,51,0,10,rank_available,TDs per ranked candidate
1,within-player,16,2012,1.1568627451,1.76843903915,0.980392156863,51,51,51,0,1,rank_in_slot,TDs per ranked candidate
1,within-player,16,2012,1.1045751634,1.5260939371,0.980392156863,153,51,51,0,3,rank_in_slot,TDs per ranked candidate
1,within-player,16,2012,0.980392156863,1.37431975368,0.96862745098,255,51,51,0,5,rank_in_slot,TDs per ranked candidate
1,within-player,16,2012,0.93137254902,1.16246381259,0.966666666667,510,51,51,0,10,rank_in_slot,TDs per ranked candidate
1,within-player,17,2012,0.803921568627,1.17309664845,0.941176470588,51,51,51,0,1,rank_available,TDs per ranked candidate
1,within-player,17,2012,0.797385620915,1.0622891319,0.947712418301,153,51,51,0,3,rank_available,TDs per ranked candidate
1,within-player,17,2012,0.760784313725,0.995140071441,0.921568627451,255,51,51,0,5,rank_available,TDs per ranked candidate
1,within-player,17,2012,0.701960784314,0.883775446691,0.896078431373,510,51,51,0,10,rank_available,TDs per ranked candidate
1,within-player,17,2012,1.3137254902,1.75456412735,0.980392156863,51,51,51,0,1,rank_in_slot,TDs per ranked candidate
1,within-player,17,2012,1.11764705882,1.53571224709,0.97385620915,153,51,51,0,3,rank_in_slot,TDs per ranked candidate
1,within-player,17,2012,1.01960784314,1.38908852899,0.980392156863,255,51,51,0,5,rank_in_slot,TDs per ranked candidate
1,within-player,17,2012,0.939215686275,1.17206478898,0.970588235294,510,51,51,0,10,rank_in_slot,TDs per ranked candidate
1,within-player,18,2012,0.843137254902,1.18579760525,0.901960784314,51,51,51,0,1,rank_available,TDs per ranked candidate
1,within-player,18,2012,0.816993464052,1.0762939855,0.921568627451,153,51,51,0,3,rank_available,TDs per ranked candidate
1,within-player,18,2012,0.780392156863,1.00375658281,0.913725490196,255,51,51,0,5,rank_available,TDs per ranked candidate
1,within-player,18,2012,0.7,0.886210181967,0.892156862745,510,51,51,0,10,rank_available,TDs per ranked candidate
1,within-player,18,2012,1.25490196078,1.77168949951,1,51,51,51,0,1,rank_in_slot,TDs per ranked candidate
1,within-player,18,2012,1.11764705882,1.54088018163,0.980392156863,153,51,51,0,3,rank_in_slot,TDs per ranked candidate
1,within-player,18,2012,1.05490196078,1.38689965599,0.980392156863,255,51,51,0,5,rank_in_slot,TDs per ranked candidate
1,within-player,18,2012,0.929411764706,1.17229657733,0.956862745098,510,51,51,0,10,rank_in_slot,TDs per ranked candidate
1,within-player,19,2012,0.764705882353,1.21345148519,0.921568627451,51,51,51,0,1,rank_available,TDs per ranked candidate
1,within-player,19,2012,0.771241830065,1.08683091251,0.921568627451,153,51,51,0,3,rank_available,TDs per ranked candidate
1,within-player,19,2012,0.780392156863,1.01787911415,0.905882352941,255,51,51,0,5,rank_available,TDs per ranked candidate
1,within-player,19,2012,0.73137254902,0.897421343737,0.9,510,51,51,0,10,rank_available,TDs per ranked candidate
1,within-player,19,2012,1.29411764706,1.73789117716,0.980392156863,51,51,51,0,1,rank_in_slot,TDs per ranked candidate
1,within-player,19,2012,1.1045751634,1.54138863216,0.980392156863,153,51,51,0,3,rank_in_slot,TDs per ranked candidate
1,within-player,19,2012,1.07450980392,1.39419815652,0.976470588235,255,51,51,0,5,rank_in_slot,TDs per ranked candidate
1,within-player,19,2012,0.935294117647,1.18358565475,0.958823529412,510,51,51,0,10,rank_in_slot,TDs per ranked candidate
1,base-rate-only,-1,2013,1.03921568627,1.14770461188,0.862745098039,51,51,51,0,1,rank_available,TDs per ranked candidate
1,base-rate-only,-1,2013,0.934640522876,1.05206167052,0.921568627451,153,51,51,0,3,rank_available,TDs per ranked candidate
1,base-rate-only,-1,2013,0.898039215686,0.994878219021,0.925490196078,255,51,51,0,5,rank_available,TDs per ranked candidate
1,base-rate-only,-1,2013,0.754901960784,0.910374508698,0.907843137255,510,51,51,0,10,rank_available,TDs per ranked candidate
1,base-rate-only,-1,2013,1.47058823529,1.51523035149,0.980392156863,51,51,51,0,1,rank_in_slot,TDs per ranked candidate
1,base-rate-only,-1,2013,1.24836601307,1.3408402033,0.993464052288,153,51,51,0,3,rank_in_slot,TDs per ranked candidate
1,base-rate-only,-1,2013,1.1568627451,1.24208190116,0.952941176471,255,51,51,0,5,rank_in_slot,TDs per ranked candidate
1,base-rate-only,-1,2013,1.03725490196,1.11570786638,0.954901960784,510,51,51,0,10,rank_in_slot,TDs per ranked candidate
1,current-season-rate,-1,2013,1.01960784314,1.09123222088,0.862745098039,51,51,51,0,1,rank_available,TDs per ranked candidate
1,current-season-rate,-1,2013,0.843137254902,1.00294294744,0.915032679739,153,51,51,0,3,rank_available,TDs per ranked candidate
1,current-season-rate,-1,2013,0.827450980392,0.957128021388,0.913725490196,255,51,51,0,5,rank_available,TDs per ranked candidate
1,current-season-rate,-1,2013,0.617647058824,0.89435619986,0.837254901961,510,51,51,0,10,rank_available,TDs per ranked candidate
1,current-season-rate,-1,2013,1.41176470588,1.37871479373,0.960784313725,51,51,51,0,1,rank_in_slot,TDs per ranked candidate
1,current-season-rate,-1,2013,1.20261437908,1.20925634948,0.986928104575,153,51,51,0,3,rank_in_slot,TDs per ranked candidate
1,current-season-rate,-1,2013,1.12941176471,1.13700071977,0.976470588235,255,51,51,0,5,rank_in_slot,TDs per ranked candidate
1,current-season-rate,-1,2013,0.96862745098,1.0328913624,0.949019607843,510,51,51,0,10,rank_in_slot,TDs per ranked candidate
1,historical-rate,-1,2013,0.529411764706,1.32865079365,0.607843137255,51,51,51,0,1,rank_available,TDs per ranked candidate
1,historical-rate,-1,2013,0.712418300654,1.20080751674,0.797385620915,153,51,51,0,3,rank_available,TDs per ranked candidate
1,historical-rate,-1,2013,0.76862745098,1.10977028418,0.858823529412,255,51,51,0,5,rank_available,TDs per ranked candidate
1,historical-rate,-1,2013,0.721568627451,0.973174387704,0.892156862745,510,51,51,0,10,rank_available,TDs per ranked candidate
1,historical-rate,-1,2013,1.03921568627,1.5385130719,0.78431372549,51,51,51,0,1,rank_in_slot,TDs per ranked candidate
1,historical-rate,-1,2013,1.01307189542,1.40258948024,0.921568627451,153,51,51,0,3,rank_in_slot,TDs per ranked candidate
1,historical-rate,-1,2013,1.01176470588,1.31391188142,0.909803921569,255,51,51,0,5,rank_in_slot,TDs per ranked candidate
1,historical-rate,-1,2013,0.945098039216,1.17275730805,0.905882352941,510,51,51,0,10,rank_in_slot,TDs per ranked candidate
1,no-vegas,-1,2013,0.941176470588,1.17645329905,0.980392156863,51,51,51,0,1,rank_available,TDs per ranked candidate
1,no-vegas,-1,2013,1.01307189542,1.06434644088,0.97385620915,153,51,51,0,3,rank_available,TDs per ranked candidate
1,no-vegas,-1,2013,0.909803921569,1.00142970204,0.972549019608,255,51,51,0,5,rank_available,TDs per ranked candidate
1,no-vegas,-1,2013,0.841176470588,0.892031116229,0.947058823529,510,51,51,0,10,rank_available,TDs per ranked candidate
1,no-vegas,-1,2013,1.27450980392,1.56934455154,0.980392156863,51,51,51,0,1,rank_in_slot,TDs per ranked candidate
1,no-vegas,-1,2013,1.30718954248,1.38222227777,0.993464052288,153,51,51,0,3,rank_in_slot,TDs per ranked candidate
1,no-vegas,-1,2013,1.21568627451,1.27789067797,0.98431372549,255,51,51,0,5,rank_in_slot,TDs per ranked candidate
1,no-vegas,-1,2013,1.05098039216,1.12517947301,0.980392156863,510,51,51,0,10,rank_in_slot,TDs per ranked candidate
1,player-vegas,-1,2013,1.17647058824,1.27443919331,0.862745098039,51,51,51,0,1,rank_available,TDs per ranked candidate
1,player-vegas,-1,2013,0.934640522876,1.13043309766,0.915032679739,153,51,51,0,3,rank_available,TDs per ranked candidate
1,player-vegas,-1,2013,0.83137254902,1.06021182477,0.898039215686,255,51,51,0,5,rank_available,TDs per ranked candidate
1,player-vegas,-1,2013,0.747058823529,0.959083887285,0.892156862745,510,51,51,0,10,rank_available,TDs per ranked candidate
1,player-vegas,-1,2013,1.41176470588,1.93489817287,0.980392156863,51,51,51,0,1,rank_in_slot,TDs per ranked candidate
1,player-vegas,-1,2013,1.25490196078,1.6141497839,0.993464052288,153,51,51,0,3,rank_in_slot,TDs per ranked candidate
1,player-vegas,-1,2013,1.17647058824,1.45215481028,0.956862745098,255,51,51,0,5,rank_in_slot,TDs per ranked candidate
1,player-vegas,-1,2013,1.03921568627,1.25445528161,0.947058823529,510,51,51,0,10,rank_in_slot,TDs per ranked candidate
1,random,0,2013,0.411764705882,1.91034002123,0.764705882353,51,51,51,0,1,rank_available,TDs per ranked candidate
1,random,0,2013,0.287581699346,1.59571248734,0.679738562092,153,51,51,0,3,rank_available,TDs per ranked candidate
1,random,0,2013,0.254901960784,1.43458476681,0.63137254902,255,51,51,0,5,rank_available,TDs per ranked candidate
1,random,0,2013,0.264705882353,1.20982435301,0.603921568627,510,51,51,0,10,rank_available,TDs per ranked candidate
1,random,0,2013,0.411764705882,1.96456487153,0.764705882353,51,51,51,0,1,rank_in_slot,TDs per ranked candidate
1,random,0,2013,0.326797385621,1.62855124144,0.686274509804,153,51,51,0,3,rank_in_slot,TDs per ranked candidate
1,random,0,2013,0.321568627451,1.46528403748,0.654901960784,255,51,51,0,5,rank_in_slot,TDs per ranked candidate
1,random,0,2013,0.360784313725,1.24566883119,0.641176470588,510,51,51,0,10,rank_in_slot,TDs per ranked candidate
1,random,1,2013,0.196078431373,1.96778780645,0.470588235294,51,51,51,0,1,rank_available,TDs per ranked candidate
1,random,1,2013,0.261437908497,1.60567922774,0.555555555556,153,51,51,0,3,rank_available,TDs per ranked candidate
1,random,1,2013,0.227450980392,1.44297674466,0.552941176471,255,51,51,0,5,rank_available,TDs per ranked candidate
1,random,1,2013,0.286274509804,1.21497599049,0.613725490196,510,51,51,0,10,rank_available,TDs per ranked candidate
1,random,1,2013,0.196078431373,1.96778780645,0.470588235294,51,51,51,0,1,rank_in_slot,TDs per ranked candidate
1,random,1,2013,0.313725490196,1.62836798014,0.59477124183,153,51,51,0,3,rank_in_slot,TDs per ranked candidate
1,random,1,2013,0.266666666667,1.46314250581,0.564705882353,255,51,51,0,5,rank_in_slot,TDs per ranked candidate
1,random,1,2013,0.382352941176,1.24525045264,0.650980392157,510,51,51,0,10,rank_in_slot,TDs per ranked candidate
1,random,2,2013,0.529411764706,1.94021310141,0.686274509804,51,51,51,0,1,rank_available,TDs per ranked candidate
1,random,2,2013,0.359477124183,1.61370032563,0.666666666667,153,51,51,0,3,rank_available,TDs per ranked candidate
1,random,2,2013,0.333333333333,1.44492747746,0.658823529412,255,51,51,0,5,rank_available,TDs per ranked candidate
1,random,2,2013,0.303921568627,1.22139631067,0.637254901961,510,51,51,0,10,rank_available,TDs per ranked candidate
1,random,2,2013,0.529411764706,1.96778780645,0.705882352941,51,51,51,0,1,rank_in_slot,TDs per ranked candidate
1,random,2,2013,0.359477124183,1.63025136053,0.673202614379,153,51,51,0,3,rank_in_slot,TDs per ranked candidate
1,random,2,2013,0.392156862745,1.46601903027,0.694117647059,255,51,51,0,5,rank_in_slot,TDs per ranked candidate
1,random,2,2013,0.374509803922,1.24735506984,0.66862745098,510,51,51,0,10,rank_in_slot,TDs per ranked candidate
1,random,3,2013,0.0980392156863,1.95377039369,0.509803921569,51,51,51,0,1,rank_available,TDs per ranked candidate
1,random,3,2013,0.16339869281,1.61319430949,0.555555555556,153,51,51,0,3,rank_available,TDs per ranked candidate
1,random,3,2013,0.211764705882,1.44751765987,0.552941176471,255,51,51,0,5,rank_available,TDs per ranked candidate
1,random,3,2013,0.247058823529,1.22271969435,0.574509803922,510,51,51,0,10,rank_available,TDs per ranked candidate
1,random,3,2013,0.0980392156863,1.95426870415,0.490196078431,51,51,51,0,1,rank_in_slot,TDs per ranked candidate
1,random,3,2013,0.202614379085,1.62304155535,0.562091503268,153,51,51,0,3,rank_in_slot,TDs per ranked candidate
1,random,3,2013,0.235294117647,1.46230468516,0.56862745098,255,51,51,0,5,rank_in_slot,TDs per ranked candidate
1,random,3,2013,0.323529411765,1.24558104266,0.611764705882,510,51,51,0,10,rank_in_slot,TDs per ranked candidate
1,random,4,2013,0.450980392157,1.96598621026,0.686274509804,51,51,51,0,1,rank_available,TDs per ranked candidate
1,random,4,2013,0.320261437908,1.62456253822,0.588235294118,153,51,51,0,3,rank_available,TDs per ranked candidate
1,random,4,2013,0.317647058824,1.45214411435,0.611764705882,255,51,51,0,5,rank_available,TDs per ranked candidate
1,random,4,2013,0.323529411765,1.22976791596,0.613725490196,510,51,51,0,10,rank_available,TDs per ranked candidate
1,random,4,2013,0.450980392157,1.96598621026,0.686274509804,51,51,51,0,1,rank_in_slot,TDs per ranked candidate
1,random,4,2013,0.359477124183,1.63065822293,0.601307189542,153,51,51,0,3,rank_in_slot,TDs per ranked candidate
1,random,4,2013,0.349019607843,1.4652792257,0.627450980392,255,51,51,0,5,rank_in_slot,TDs per ranked candidate
1,random,4,2013,0.36862745098,1.24634129794,0.629411764706,510,51,51,0,10,rank_in_slot,TDs per ranked candidate
1,random,5,2013,0.196078431373,1.87177519659,0.647058823529,51,51,51,0,1,rank_available,TDs per ranked candidate
1,random,5,2013,0.366013071895,1.56503122417,0.705882352941,153,51,51,0,3,rank_available,TDs per ranked candidate
1,random,5,2013,0.4,1.40956272576,0.701960784314,255,51,51,0,5,rank_available,TDs per ranked candidate
1,random,5,2013,0.354901960784,1.20101805776,0.66862745098,510,51,51,0,10,rank_available,TDs per ranked candidate
1,random,5,2013,0.333333333333,1.95355224696,0.705882352941,51,51,51,0,1,rank_in_slot,TDs per ranked candidate
1,random,5,2013,0.516339869281,1.6269497865,0.725490196078,153,51,51,0,3,rank_in_slot,TDs per ranked candidate
1,random,5,2013,0.513725490196,1.46380571001,0.737254901961,255,51,51,0,5,rank_in_slot,TDs per ranked candidate
1,random,5,2013,0.437254901961,1.24587833167,0.698039215686,510,51,51,0,10,rank_in_slot,TDs per ranked candidate
1,random,6,2013,0.235294117647,1.90116280902,0.529411764706,51,51,51,0,1,rank_available,TDs per ranked candidate
1,random,6,2013,0.294117647059,1.58243138728,0.601307189542,153,51,51,0,3,rank_available,TDs per ranked candidate
1,random,6,2013,0.298039215686,1.41822206919,0.623529411765,255,51,51,0,5,rank_available,TDs per ranked candidate
1,random,6,2013,0.341176470588,1.19944945448,0.650980392157,510,51,51,0,10,rank_available,TDs per ranked candidate
1,random,6,2013,0.274509803922,1.9651435319,0.56862745098,51,51,51,0,1,rank_in_slot,TDs per ranked candidate
1,random,6,2013,0.339869281046,1.62718730705,0.633986928105,153,51,51,0,3,rank_in_slot,TDs per ranked candidate
1,random,6,2013,0.380392156863,1.46296518275,0.654901960784,255,51,51,0,5,rank_in_slot,TDs per ranked candidate
1,random,6,2013,0.456862745098,1.24431753717,0.694117647059,510,51,51,0,10,rank_in_slot,TDs per ranked candidate
1,random,7,2013,0.274509803922,1.90578242455,0.666666666667,51,51,51,0,1,rank_available,TDs per ranked candidate
1,random,7,2013,0.333333333333,1.58487593257,0.732026143791,153,51,51,0,3,rank_available,TDs per ranked candidate
1,random,7,2013,0.282352941176,1.42181550505,0.713725490196,255,51,51,0,5,rank_available,TDs per ranked candidate
1,random,7,2013,0.254901960784,1.20288685081,0.674509803922,510,51,51,0,10,rank_available,TDs per ranked candidate
1,random,7,2013,0.509803921569,1.96778780645,0.725490196078,51,51,51,0,1,rank_in_slot,TDs per ranked candidate
1,random,7,2013,0.411764705882,1.63088710482,0.764705882353,153,51,51,0,3,rank_in_slot,TDs per ranked candidate
1,random,7,2013,0.376470588235,1.4668023624,0.733333333333,255,51,51,0,5,rank_in_slot,TDs per ranked candidate
1,random,7,2013,0.33137254902,1.2471251881,0.703921568627,510,51,51,0,10,rank_in_slot,TDs per ranked candidate
1,random,8,2013,0.333333333333,1.94734507177,0.647058823529,51,51,51,0,1,rank_available,TDs per ranked candidate
1,random,8,2013,0.339869281046,1.5960292049,0.653594771242,153,51,51,0,3,rank_available,TDs per ranked candidate
1,random,8,2013,0.301960784314,1.43530416394,0.619607843137,255,51,51,0,5,rank_available,TDs per ranked candidate
1,random,8,2013,0.325490196078,1.21580189572,0.61568627451,510,51,51,0,10,rank_available,TDs per ranked candidate
1,random,8,2013,0.352941176471,1.96642740077,0.666666666667,51,51,51,0,1,rank_in_slot,TDs per ranked candidate
1,random,8,2013,0.411764705882,1.63052016905,0.686274509804,153,51,51,0,3,rank_in_slot,TDs per ranked candidate
1,random,8,2013,0.36862745098,1.46631830694,0.658823529412,255,51,51,0,5,rank_in_slot,TDs per ranked candidate
1,random,8,2013,0.4,1.245462506,0.649019607843,510,51,51,0,10,rank_in_slot,TDs per ranked candidate
1,random,9,2013,0.411764705882,1.83208117711,0.823529411765,51,51,51,0,1,rank_available,TDs per ranked candidate
1,random,9,2013,0.372549019608,1.53915799787,0.699346405229,153,51,51,0,3,rank_available,TDs per ranked candidate
1,random,9,2013,0.309803921569,1.40102459085,0.666666666667,255,51,51,0,5,rank_available,TDs per ranked candidate
1,random,9,2013,0.309803921569,1.19744579861,0.63137254902,510,51,51,0,10,rank_available,TDs per ranked candidate
1,random,9,2013,0.56862745098,1.96778780645,0.843137254902,51,51,51,0,1,rank_in_slot,TDs per ranked candidate
1,random,9,2013,0.542483660131,1.62886734159,0.758169934641,153,51,51,0,3,rank_in_slot,TDs per ranked candidate
1,random,9,2013,0.439215686275,1.46503953716,0.709803921569,255,51,51,0,5,rank_in_slot,TDs per ranked candidate
1,random,9,2013,0.394117647059,1.24697238378,0.670588235294,510,51,51,0,10,rank_in_slot,TDs per ranked candidate
1,random,10,2013,0.254901960784,1.96496269149,0.450980392157,51,51,51,0,1,rank_available,TDs per ranked candidate
1,random,10,2013,0.235294117647,1.62743908294,0.601307189542,153,51,51,0,3,rank_available,TDs per ranked candidate
1,random,10,2013,0.294117647059,1.45813994618,0.650980392157,255,51,51,0,5,rank_available,TDs per ranked candidate
1,random,10,2013,0.317647058824,1.2307873224,0.676470588235,510,51,51,0,10,rank_available,TDs per ranked candidate
1,random,10,2013,0.254901960784,1.96496269149,0.450980392157,51,51,51,0,1,rank_in_slot,TDs per ranked candidate
1,random,10,2013,0.235294117647,1.62743908294,0.601307189542,153,51,51,0,3,rank_in_slot,TDs per ranked candidate
1,random,10,2013,0.356862745098,1.46370723745,0.678431372549,255,51,51,0,5,rank_in_slot,TDs per ranked candidate
1,random,10,2013,0.405882352941,1.24592659264,0.7,510,51,51,0,10,rank_in_slot,TDs per ranked candidate
1,random,11,2013,0.529411764706,1.93493257505,0.686274509804,51,51,51,0,1,rank_available,TDs per ranked candidate
1,random,11,2013,0.300653594771,1.59727389416,0.614379084967,153,51,51,0,3,rank_available,TDs per ranked candidate
1,random,11,2013,0.341176470588,1.43639726225,0.650980392157,255,51,51,0,5,rank_available,TDs per ranked candidate
1,random,11,2013,0.329411764706,1.21734279388,0.656862745098,510,51,51,0,10,rank_available,TDs per ranked candidate
1,random,11,2013,0.509803921569,1.96642740077,0.686274509804,51,51,51,0,1,rank_in_slot,TDs per ranked candidate
1,random,11,2013,0.326797385621,1.63015372839,0.614379084967,153,51,51,0,3,rank_in_slot,TDs per ranked candidate
1,random,11,2013,0.407843137255,1.46738177587,0.666666666667,255,51,51,0,5,rank_in_slot,TDs per ranked candidate
1,random,11,2013,0.419607843137,1.24756789517,0.688235294118,510,51,51,0,10,rank_in_slot,TDs per ranked candidate
1,random,12,2013,0.196078431373,1.96373788019,0.627450980392,51,51,51,0,1,rank_available,TDs per ranked candidate
1,random,12,2013,0.248366013072,1.59172041323,0.660130718954,153,51,51,0,3,rank_available,TDs per ranked candidate
1,random,12,2013,0.298039215686,1.42695846815,0.662745098039,255,51,51,0,5,rank_available,TDs per ranked candidate
1,random,12,2013,0.31568627451,1.21092977366,0.656862745098,510,51,51,0,10,rank_available,TDs per ranked candidate
1,random,12,2013,0.196078431373,1.96373788019,0.627450980392,51,51,51,0,1,rank_in_slot,TDs per ranked candidate
1,random,12,2013,0.366013071895,1.62818662269,0.712418300654,153,51,51,0,3,rank_in_slot,TDs per ranked candidate
1,random,12,2013,0.36862745098,1.46546542843,0.705882352941,255,51,51,0,5,rank_in_slot,TDs per ranked candidate
1,random,12,2013,0.358823529412,1.24730284552,0.696078431373,510,51,51,0,10,rank_in_slot,TDs per ranked candidate
1,random,13,2013,0.21568627451,1.96660544335,0.647058823529,51,51,51,0,1,rank_available,TDs per ranked candidate
1,random,13,2013,0.366013071895,1.61417813794,0.692810457516,153,51,51,0,3,rank_available,TDs per ranked candidate
1,random,13,2013,0.38431372549,1.44765619503,0.682352941176,255,51,51,0,5,rank_available,TDs per ranked candidate
1,random,13,2013,0.317647058824,1.21869387757,0.645098039216,510,51,51,0,10,rank_available,TDs per ranked candidate
1,random,13,2013,0.21568627451,1.96660544335,0.647058823529,51,51,51,0,1,rank_in_slot,TDs per ranked candidate
1,random,13,2013,0.450980392157,1.63050295446,0.718954248366,153,51,51,0,3,rank_in_slot,TDs per ranked candidate
1,random,13,2013,0.470588235294,1.46748767213,0.717647058824,255,51,51,0,5,rank_in_slot,TDs per ranked candidate
1,random,13,2013,0.450980392157,1.24757048989,0.698039215686,510,51,51,0,10,rank_in_slot,TDs per ranked candidate
1,random,14,2013,0.0980392156863,1.96758604327,0.647058823529,51,51,51,0,1,rank_available,TDs per ranked candidate
1,random,14,2013,0.37908496732,1.59835999379,0.725490196078,153,51,51,0,3,rank_available,TDs per ranked candidate
1,random,14,2013,0.352941176471,1.43131480959,0.690196078431,255,51,51,0,5,rank_available,TDs per ranked candidate
1,random,14,2013,0.325490196078,1.21070993681,0.660784313725,510,51,51,0,10,rank_available,TDs per ranked candidate
1,random,14,2013,0.0980392156863,1.96758604327,0.647058823529,51,51,51,0,1,rank_in_slot,TDs per ranked candidate
1,random,14,2013,0.418300653595,1.62953059648,0.745098039216,153,51,51,0,3,rank_in_slot,TDs per ranked candidate
1,random,14,2013,0.435294117647,1.46539898185,0.741176470588,255,51,51,0,5,rank_in_slot,TDs per ranked candidate
1,random,14,2013,0.417647058824,1.24677494099,0.692156862745,510,51,51,0,10,rank_in_slot,TDs per ranked candidate
1,random,15,2013,0.176470588235,1.96427764228,0.43137254902,51,51,51,0,1,rank_available,TDs per ranked candidate
1,random,15,2013,0.235294117647,1.62128112394,0.516339869281,153,51,51,0,3,rank_available,TDs per ranked candidate
1,random,15,2013,0.258823529412,1.45590820319,0.560784313725,255,51,51,0,5,rank_available,TDs per ranked candidate
1,random,15,2013,0.311764705882,1.2345147493,0.611764705882,510,51,51,0,10,rank_available,TDs per ranked candidate
1,random,15,2013,0.176470588235,1.96427764228,0.43137254902,51,51,51,0,1,rank_in_slot,TDs per ranked candidate
1,random,15,2013,0.235294117647,1.6287076703,0.516339869281,153,51,51,0,3,rank_in_slot,TDs per ranked candidate
1,random,15,2013,0.282352941176,1.4650328537,0.588235294118,255,51,51,0,5,rank_in_slot,TDs per ranked candidate
1,random,15,2013,0.350980392157,1.24643889478,0.623529411765,510,51,51,0,10,rank_in_slot,TDs per ranked candidate
1,random,16,2013,0.56862745098,1.88810750727,0.745098039216,51,51,51,0,1,rank_available,TDs per ranked candidate
1,random,16,2013,0.339869281046,1.58730248993,0.588235294118,153,51,51,0,3,rank_available,TDs per ranked candidate
1,random,16,2013,0.364705882353,1.42540956175,0.639215686275,255,51,51,0,5,rank_available,TDs per ranked candidate
1,random,16,2013,0.298039215686,1.20542923741,0.635294117647,510,51,51,0,10,rank_available,TDs per ranked candidate
1,random,16,2013,0.647058823529,1.96387601098,0.78431372549,51,51,51,0,1,rank_in_slot,TDs per ranked candidate
1,random,16,2013,0.437908496732,1.62647047165,0.627450980392,153,51,51,0,3,rank_in_slot,TDs per ranked candidate
1,random,16,2013,0.498039215686,1.46406051901,0.694117647059,255,51,51,0,5,rank_in_slot,TDs per ranked candidate
1,random,16,2013,0.388235294118,1.24472335383,0.666666666667,510,51,51,0,10,rank_in_slot,TDs per ranked candidate
1,random,17,2013,0.333333333333,1.88812484817,0.686274509804,51,51,51,0,1,rank_available,TDs per ranked candidate
1,random,17,2013,0.261437908497,1.57781269533,0.588235294118,153,51,51,0,3,rank_available,TDs per ranked candidate
1,random,17,2013,0.239215686275,1.42716881818,0.603921568627,255,51,51,0,5,rank_available,TDs per ranked candidate
1,random,17,2013,0.254901960784,1.21341050841,0.613725490196,510,51,51,0,10,rank_available,TDs per ranked candidate
1,random,17,2013,0.549019607843,1.96686438707,0.745098039216,51,51,51,0,1,rank_in_slot,TDs per ranked candidate
1,random,17,2013,0.359477124183,1.63093179151,0.62091503268,153,51,51,0,3,rank_in_slot,TDs per ranked candidate
1,random,17,2013,0.290196078431,1.46669494637,0.611764705882,255,51,51,0,5,rank_in_slot,TDs per ranked candidate
1,random,17,2013,0.335294117647,1.24684922985,0.637254901961,510,51,51,0,10,rank_in_slot,TDs per ranked candidate
1,random,18,2013,0.43137254902,1.86447407776,0.725490196078,51,51,51,0,1,rank_available,TDs per ranked candidate
1,random,18,2013,0.352941176471,1.55683774498,0.666666666667,153,51,51,0,3,rank_available,TDs per ranked candidate
1,random,18,2013,0.290196078431,1.40552382264,0.61568627451,255,51,51,0,5,rank_available,TDs per ranked candidate
1,random,18,2013,0.307843137255,1.19925020231,0.627450980392,510,51,51,0,10,rank_available,TDs per ranked candidate
1,random,18,2013,0.490196078431,1.96496548932,0.764705882353,51,51,51,0,1,rank_in_slot,TDs per ranked candidate
1,random,18,2013,0.418300653595,1.62746586754,0.725490196078,153,51,51,0,3,rank_in_slot,TDs per ranked candidate
1,random,18,2013,0.388235294118,1.46393925558,0.682352941176,255,51,51,0,5,rank_in_slot,TDs per ranked candidate
1,random,18,2013,0.380392156863,1.2458399676,0.656862745098,510,51,51,0,10,rank_in_slot,TDs per ranked candidate
1,random,19,2013,0.450980392157,1.76610144132,0.745098039216,51,51,51,0,1,rank_available,TDs per ranked candidate
1,random,19,2013,0.228758169935,1.51663085974,0.640522875817,153,51,51,0,3,rank_available,TDs per ranked candidate
1,random,19,2013,0.298039215686,1.38159321387,0.658823529412,255,51,51,0,5,rank_available,TDs per ranked candidate
1,random,19,2013,0.347058823529,1.18524049578,0.649019607843,510,51,51,0,10,rank_available,TDs per ranked candidate
1,random,19,2013,0.745098039216,1.96658358978,0.941176470588,51,51,51,0,1,rank_in_slot,TDs per ranked candidate
1,random,19,2013,0.320261437908,1.63115138636,0.686274509804,153,51,51,0,3,rank_in_slot,TDs per ranked candidate
1,random,19,2013,0.333333333333,1.46703928191,0.698039215686,255,51,51,0,5,rank_in_slot,TDs per ranked candidate
1,random,19,2013,0.405882352941,1.24759576959,0.680392156863,510,51,51,0,10,rank_in_slot,TDs per ranked candidate
1,regressed-rate,-1,2013,1.01960784314,1.09844865797,0.941176470588,51,51,51,0,1,rank_available,TDs per ranked candidate
1,regressed-rate,-1,2013,0.843137254902,1.02121165235,0.882352941176,153,51,51,0,3,rank_available,TDs per ranked candidate
1,regressed-rate,-1,2013,0.81568627451,0.973020766165,0.894117647059,255,51,51,0,5,rank_available,TDs per ranked candidate
1,regressed-rate,-1,2013,0.701960784314,0.896319206907,0.88431372549,510,51,51,0,10,rank_available,TDs per ranked candidate
1,regressed-rate,-1,2013,1.17647058824,1.28384567889,1,51,51,51,0,1,rank_in_slot,TDs per ranked candidate
1,regressed-rate,-1,2013,1.11764705882,1.20092434435,0.986928104575,153,51,51,0,3,rank_in_slot,TDs per ranked candidate
1,regressed-rate,-1,2013,1.12156862745,1.13901145882,0.964705882353,255,51,51,0,5,rank_in_slot,TDs per ranked candidate
1,regressed-rate,-1,2013,0.990196078431,1.03696830003,0.937254901961,510,51,51,0,10,rank_in_slot,TDs per ranked candidate
1,shipped,-1,2013,1.07843137255,1.23792680349,0.960784313725,51,51,51,0,1,rank_available,TDs per ranked candidate
1,shipped,-1,2013,0.97385620915,1.10412515607,0.967320261438,153,51,51,0,3,rank_available,TDs per ranked candidate
1,shipped,-1,2013,0.882352941176,1.03252544536,0.964705882353,255,51,51,0,5,rank_available,TDs per ranked candidate
1,shipped,-1,2013,0.839215686275,0.907549877708,0.949019607843,510,51,51,0,10,rank_available,TDs per ranked candidate
1,shipped,-1,2013,1.39215686275,1.96707612721,0.980392156863,51,51,51,0,1,rank_in_slot,TDs per ranked candidate
1,shipped,-1,2013,1.30065359477,1.62863458365,0.993464052288,153,51,51,0,3,rank_in_slot,TDs per ranked candidate
1,shipped,-1,2013,1.21568627451,1.46470014554,0.988235294118,255,51,51,0,5,rank_in_slot,TDs per ranked candidate
1,shipped,-1,2013,1.0568627451,1.24591134441,0.974509803922,510,51,51,0,10,rank_in_slot,TDs per ranked candidate
1,vegas-environment,-1,2013,0.686274509804,0.870147717736,0.941176470588,51,51,51,0,1,rank_available,TDs per ranked candidate
1,vegas-environment,-1,2013,0.797385620915,0.841434304784,0.928104575163,153,51,51,0,3,rank_available,TDs per ranked candidate
1,vegas-environment,-1,2013,0.823529411765,0.822719372306,0.937254901961,255,51,51,0,5,rank_available,TDs per ranked candidate
1,vegas-environment,-1,2013,0.817647058824,0.783604779835,0.93137254902,510,51,51,0,10,rank_available,TDs per ranked candidate
1,vegas-environment,-1,2013,1.49019607843,1.01111685655,1,51,51,51,0,1,rank_in_slot,TDs per ranked candidate
1,vegas-environment,-1,2013,1.18300653595,0.929901543084,0.980392156863,153,51,51,0,3,rank_in_slot,TDs per ranked candidate
1,vegas-environment,-1,2013,1.02352941176,0.898355497975,0.964705882353,255,51,51,0,5,rank_in_slot,TDs per ranked candidate
1,vegas-environment,-1,2013,0.972549019608,0.854289142629,0.952941176471,510,51,51,0,10,rank_in_slot,TDs per ranked candidate
1,within-player,0,2013,1.05882352941,1.24569980205,0.960784313725,51,51,51,0,1,rank_available,TDs per ranked candidate
1,within-player,0,2013,1.01960784314,1.11499824861,0.967320261438,153,51,51,0,3,rank_available,TDs per ranked candidate
1,within-player,0,2013,0.909803921569,1.03704787294,0.96862745098,255,51,51,0,5,rank_available,TDs per ranked candidate
1,within-player,0,2013,0.827450980392,0.907963695017,0.949019607843,510,51,51,0,10,rank_available,TDs per ranked candidate
1,within-player,0,2013,1.39215686275,1.91606432523,0.960784313725,51,51,51,0,1,rank_in_slot,TDs per ranked candidate
1,within-player,0,2013,1.22875816993,1.61588071275,0.980392156863,153,51,51,0,3,rank_in_slot,TDs per ranked candidate
1,within-player,0,2013,1.16078431373,1.462610519,0.98431372549,255,51,51,0,5,rank_in_slot,TDs per ranked candidate
1,within-player,0,2013,1.06862745098,1.24776276307,0.976470588235,510,51,51,0,10,rank_in_slot,TDs per ranked candidate
1,within-player,1,2013,1.11764705882,1.23932200517,0.980392156863,51,51,51,0,1,rank_available,TDs per ranked candidate
1,within-player,1,2013,0.934640522876,1.11869116855,0.97385620915,153,51,51,0,3,rank_available,TDs per ranked candidate
1,within-player,1,2013,0.913725490196,1.04550782408,0.96862745098,255,51,51,0,5,rank_available,TDs per ranked candidate
1,within-player,1,2013,0.805882352941,0.910943591989,0.947058823529,510,51,51,0,10,rank_available,TDs per ranked candidate
1,within-player,1,2013,1.45098039216,1.97933003664,0.980392156863,51,51,51,0,1,rank_in_slot,TDs per ranked candidate
1,within-player,1,2013,1.1568627451,1.62710336844,0.986928104575,153,51,51,0,3,rank_in_slot,TDs per ranked candidate
1,within-player,1,2013,1.09411764706,1.47141951916,0.988235294118,255,51,51,0,5,rank_in_slot,TDs per ranked candidate
1,within-player,1,2013,1.0431372549,1.25841073187,0.976470588235,510,51,51,0,10,rank_in_slot,TDs per ranked candidate
1,within-player,2,2013,1.01960784314,1.24997839659,0.980392156863,51,51,51,0,1,rank_available,TDs per ranked candidate
1,within-player,2,2013,0.947712418301,1.11476468273,0.97385620915,153,51,51,0,3,rank_available,TDs per ranked candidate
1,within-player,2,2013,0.901960784314,1.03611183327,0.96862745098,255,51,51,0,5,rank_available,TDs per ranked candidate
1,within-player,2,2013,0.817647058824,0.905185764202,0.947058823529,510,51,51,0,10,rank_available,TDs per ranked candidate
1,within-player,2,2013,1.45098039216,1.96918708642,0.980392156863,51,51,51,0,1,rank_in_slot,TDs per ranked candidate
1,within-player,2,2013,1.2614379085,1.63601351138,0.993464052288,153,51,51,0,3,rank_in_slot,TDs per ranked candidate
1,within-player,2,2013,1.13333333333,1.47399069405,0.980392156863,255,51,51,0,5,rank_in_slot,TDs per ranked candidate
1,within-player,2,2013,1.0568627451,1.25572247713,0.976470588235,510,51,51,0,10,rank_in_slot,TDs per ranked candidate
1,within-player,3,2013,1.23529411765,1.23097148021,0.980392156863,51,51,51,0,1,rank_available,TDs per ranked candidate
1,within-player,3,2013,0.928104575163,1.10348505838,0.97385620915,153,51,51,0,3,rank_available,TDs per ranked candidate
1,within-player,3,2013,0.901960784314,1.03157428829,0.96862745098,255,51,51,0,5,rank_available,TDs per ranked candidate
1,within-player,3,2013,0.819607843137,0.905386416231,0.950980392157,510,51,51,0,10,rank_available,TDs per ranked candidate
1,within-player,3,2013,1.33333333333,1.94868459807,0.980392156863,51,51,51,0,1,rank_in_slot,TDs per ranked candidate
1,within-player,3,2013,1.25490196078,1.62173302291,0.993464052288,153,51,51,0,3,rank_in_slot,TDs per ranked candidate
1,within-player,3,2013,1.20784313725,1.46895672879,0.98431372549,255,51,51,0,5,rank_in_slot,TDs per ranked candidate
1,within-player,3,2013,1.05490196078,1.25537127669,0.978431372549,510,51,51,0,10,rank_in_slot,TDs per ranked candidate
1,within-player,4,2013,0.901960784314,1.22065553954,0.960784313725,51,51,51,0,1,rank_available,TDs per ranked candidate
1,within-player,4,2013,0.869281045752,1.10154683104,0.960784313725,153,51,51,0,3,rank_available,TDs per ranked candidate
1,within-player,4,2013,0.870588235294,1.03533236428,0.952941176471,255,51,51,0,5,rank_available,TDs per ranked candidate
1,within-player,4,2013,0.8,0.913713688852,0.949019607843,510,51,51,0,10,rank_available,TDs per ranked candidate
1,within-player,4,2013,1.41176470588,1.92615871485,0.980392156863,51,51,51,0,1,rank_in_slot,TDs per ranked candidate
1,within-player,4,2013,1.09150326797,1.63130307662,0.986928104575,153,51,51,0,3,rank_in_slot,TDs per ranked candidate
1,within-player,4,2013,1.09803921569,1.47691025849,0.980392156863,255,51,51,0,5,rank_in_slot,TDs per ranked candidate
1,within-player,4,2013,1.04117647059,1.25879426741,0.976470588235,510,51,51,0,10,rank_in_slot,TDs per ranked candidate
1,within-player,5,2013,0.960784313725,1.25998334819,0.980392156863,51,51,51,0,1,rank_available,TDs per ranked candidate
1,within-player,5,2013,0.960784313725,1.13349235511,0.967320261438,153,51,51,0,3,rank_available,TDs per ranked candidate
1,within-player,5,2013,0.858823529412,1.05372851725,0.96862745098,255,51,51,0,5,rank_available,TDs per ranked candidate
1,within-player,5,2013,0.805882352941,0.921338715627,0.954901960784,510,51,51,0,10,rank_available,TDs per ranked candidate
1,within-player,5,2013,1.25490196078,1.97189300721,0.980392156863,51,51,51,0,1,rank_in_slot,TDs per ranked candidate
1,within-player,5,2013,1.16339869281,1.6627519939,0.993464052288,153,51,51,0,3,rank_in_slot,TDs per ranked candidate
1,within-player,5,2013,1.13725490196,1.49882416491,0.98431372549,255,51,51,0,5,rank_in_slot,TDs per ranked candidate
1,within-player,5,2013,1.01960784314,1.27132892096,0.972549019608,510,51,51,0,10,rank_in_slot,TDs per ranked candidate
1,within-player,6,2013,1.3137254902,1.23609136336,0.980392156863,51,51,51,0,1,rank_available,TDs per ranked candidate
1,within-player,6,2013,0.947712418301,1.09203111983,0.97385620915,153,51,51,0,3,rank_available,TDs per ranked candidate
1,within-player,6,2013,0.917647058824,1.02268317177,0.972549019608,255,51,51,0,5,rank_available,TDs per ranked candidate
1,within-player,6,2013,0.809803921569,0.899949932794,0.950980392157,510,51,51,0,10,rank_available,TDs per ranked candidate
1,within-player,6,2013,1.43137254902,1.90854395222,0.980392156863,51,51,51,0,1,rank_in_slot,TDs per ranked candidate
1,within-player,6,2013,1.2091503268,1.62914896052,0.986928104575,153,51,51,0,3,rank_in_slot,TDs per ranked candidate
1,within-player,6,2013,1.16862745098,1.47733179489,0.98431372549,255,51,51,0,5,rank_in_slot,TDs per ranked candidate
1,within-player,6,2013,1.0431372549,1.25437527875,0.974509803922,510,51,51,0,10,rank_in_slot,TDs per ranked candidate
1,within-player,7,2013,0.960784313725,1.24371191486,0.960784313725,51,51,51,0,1,rank_available,TDs per ranked candidate
1,within-player,7,2013,1.03921568627,1.09955499628,0.97385620915,153,51,51,0,3,rank_available,TDs per ranked candidate
1,within-player,7,2013,0.901960784314,1.0238362358,0.96862745098,255,51,51,0,5,rank_available,TDs per ranked candidate
1,within-player,7,2013,0.823529411765,0.905268349499,0.949019607843,510,51,51,0,10,rank_available,TDs per ranked candidate
1,within-player,7,2013,1.39215686275,1.96644501892,0.980392156863,51,51,51,0,1,rank_in_slot,TDs per ranked candidate
1,within-player,7,2013,1.22875816993,1.62212816223,0.986928104575,153,51,51,0,3,rank_in_slot,TDs per ranked candidate
1,within-player,7,2013,1.14117647059,1.45980563785,0.988235294118,255,51,51,0,5,rank_in_slot,TDs per ranked candidate
1,within-player,7,2013,1.03333333333,1.24138230634,0.972549019608,510,51,51,0,10,rank_in_slot,TDs per ranked candidate
1,within-player,8,2013,1.23529411765,1.22275181461,0.980392156863,51,51,51,0,1,rank_available,TDs per ranked candidate
1,within-player,8,2013,0.915032679739,1.09588545123,0.967320261438,153,51,51,0,3,rank_available,TDs per ranked candidate
1,within-player,8,2013,0.858823529412,1.02656336331,0.964705882353,255,51,51,0,5,rank_available,TDs per ranked candidate
1,within-player,8,2013,0.803921568627,0.906789713594,0.947058823529,510,51,51,0,10,rank_available,TDs per ranked candidate
1,within-player,8,2013,1.45098039216,1.94471895913,0.980392156863,51,51,51,0,1,rank_in_slot,TDs per ranked candidate
1,within-player,8,2013,1.29411764706,1.61528898509,0.986928104575,153,51,51,0,3,rank_in_slot,TDs per ranked candidate
1,within-player,8,2013,1.16078431373,1.46295979195,0.988235294118,255,51,51,0,5,rank_in_slot,TDs per ranked candidate
1,within-player,8,2013,1.01764705882,1.24976881874,0.976470588235,510,51,51,0,10,rank_in_slot,TDs per ranked candidate
1,within-player,9,2013,0.960784313725,1.21510041183,0.960784313725,51,51,51,0,1,rank_available,TDs per ranked candidate
1,within-player,9,2013,0.934640522876,1.09294453762,0.967320261438,153,51,51,0,3,rank_available,TDs per ranked candidate
1,within-player,9,2013,0.925490196078,1.02122959439,0.956862745098,255,51,51,0,5,rank_available,TDs per ranked candidate
1,within-player,9,2013,0.81568627451,0.903552295468,0.945098039216,510,51,51,0,10,rank_available,TDs per ranked candidate
1,within-player,9,2013,1.37254901961,1.91344178457,0.980392156863,51,51,51,0,1,rank_in_slot,TDs per ranked candidate
1,within-player,9,2013,1.18300653595,1.60075602995,0.986928104575,153,51,51,0,3,rank_in_slot,TDs per ranked candidate
1,within-player,9,2013,1.14901960784,1.45464321622,0.976470588235,255,51,51,0,5,rank_in_slot,TDs per ranked candidate
1,within-player,9,2013,1.03333333333,1.24637707479,0.970588235294,510,51,51,0,10,rank_in_slot,TDs per ranked candidate
1,within-player,10,2013,1.11764705882,1.25898953345,0.980392156863,51,51,51,0,1,rank_available,TDs per ranked candidate
1,within-player,10,2013,1.03921568627,1.11674609825,0.97385620915,153,51,51,0,3,rank_available,TDs per ranked candidate
1,within-player,10,2013,0.886274509804,1.04264282504,0.952941176471,255,51,51,0,5,rank_available,TDs per ranked candidate
1,within-player,10,2013,0.807843137255,0.917714719041,0.949019607843,510,51,51,0,10,rank_available,TDs per ranked candidate
1,within-player,10,2013,1.3137254902,1.92767474861,0.980392156863,51,51,51,0,1,rank_in_slot,TDs per ranked candidate
1,within-player,10,2013,1.25490196078,1.6393834669,0.980392156863,153,51,51,0,3,rank_in_slot,TDs per ranked candidate
1,within-player,10,2013,1.18039215686,1.4865981556,0.980392156863,255,51,51,0,5,rank_in_slot,TDs per ranked candidate
1,within-player,10,2013,1.05490196078,1.26607200429,0.978431372549,510,51,51,0,10,rank_in_slot,TDs per ranked candidate
1,within-player,11,2013,1,1.23262164758,1,51,51,51,0,1,rank_available,TDs per ranked candidate
1,within-player,11,2013,0.980392156863,1.10382319063,0.97385620915,153,51,51,0,3,rank_available,TDs per ranked candidate
1,within-player,11,2013,0.941176470588,1.03136392546,0.960784313725,255,51,51,0,5,rank_available,TDs per ranked candidate
1,within-player,11,2013,0.813725490196,0.904397234031,0.949019607843,510,51,51,0,10,rank_available,TDs per ranked candidate
1,within-player,11,2013,1.27450980392,1.95886558372,0.980392156863,51,51,51,0,1,rank_in_slot,TDs per ranked candidate
1,within-player,11,2013,1.32026143791,1.64558763803,0.980392156863,153,51,51,0,3,rank_in_slot,TDs per ranked candidate
1,within-player,11,2013,1.12156862745,1.48337751815,0.972549019608,255,51,51,0,5,rank_in_slot,TDs per ranked candidate
1,within-player,11,2013,1.04705882353,1.26112873238,0.978431372549,510,51,51,0,10,rank_in_slot,TDs per ranked candidate
1,within-player,12,2013,1,1.22207818488,0.980392156863,51,51,51,0,1,rank_available,TDs per ranked candidate
1,within-player,12,2013,1.05882352941,1.0897960604,0.97385620915,153,51,51,0,3,rank_available,TDs per ranked candidate
1,within-player,12,2013,0.917647058824,1.02228814679,0.96862745098,255,51,51,0,5,rank_available,TDs per ranked candidate
1,within-player,12,2013,0.794117647059,0.899926924568,0.949019607843,510,51,51,0,10,rank_available,TDs per ranked candidate
1,within-player,12,2013,1.27450980392,1.94427455425,0.980392156863,51,51,51,0,1,rank_in_slot,TDs per ranked candidate
1,within-player,12,2013,1.18954248366,1.64111411684,0.986928104575,153,51,51,0,3,rank_in_slot,TDs per ranked candidate
1,within-player,12,2013,1.13725490196,1.47359537129,0.972549019608,255,51,51,0,5,rank_in_slot,TDs per ranked candidate
1,within-player,12,2013,1.04901960784,1.25063210716,0.976470588235,510,51,51,0,10,rank_in_slot,TDs per ranked candidate
1,within-player,13,2013,1.07843137255,1.23516483068,0.980392156863,51,51,51,0,1,rank_available,TDs per ranked candidate
1,within-player,13,2013,0.928104575163,1.11061122138,0.97385620915,153,51,51,0,3,rank_available,TDs per ranked candidate
1,within-player,13,2013,0.870588235294,1.03980077153,0.964705882353,255,51,51,0,5,rank_available,TDs per ranked candidate
1,within-player,13,2013,0.811764705882,0.913581603115,0.947058823529,510,51,51,0,10,rank_available,TDs per ranked candidate
1,within-player,13,2013,1.35294117647,1.95699765769,0.980392156863,51,51,51,0,1,rank_in_slot,TDs per ranked candidate
1,within-player,13,2013,1.26797385621,1.63013478505,0.993464052288,153,51,51,0,3,rank_in_slot,TDs per ranked candidate
1,within-player,13,2013,1.21176470588,1.47198511698,0.988235294118,255,51,51,0,5,rank_in_slot,TDs per ranked candidate
1,within-player,13,2013,1.03921568627,1.25951263592,0.972549019608,510,51,51,0,10,rank_in_slot,TDs per ranked candidate
1,within-player,14,2013,0.921568627451,1.22300839112,1,51,51,51,0,1,rank_available,TDs per ranked candidate
1,within-player,14,2013,0.980392156863,1.09981902682,0.986928104575,153,51,51,0,3,rank_available,TDs per ranked candidate
1,within-player,14,2013,0.921568627451,1.03281909376,0.96862745098,255,51,51,0,5,rank_available,TDs per ranked candidate
1,within-player,14,2013,0.801960784314,0.906337814919,0.950980392157,510,51,51,0,10,rank_available,TDs per ranked candidate
1,within-player,14,2013,1.3137254902,1.90959965566,0.980392156863,51,51,51,0,1,rank_in_slot,TDs per ranked candidate
1,within-player,14,2013,1.24836601307,1.61424598083,0.986928104575,153,51,51,0,3,rank_in_slot,TDs per ranked candidate
1,within-player,14,2013,1.18823529412,1.46151284189,0.988235294118,255,51,51,0,5,rank_in_slot,TDs per ranked candidate
1,within-player,14,2013,1.03137254902,1.24251616181,0.976470588235,510,51,51,0,10,rank_in_slot,TDs per ranked candidate
1,within-player,15,2013,1.09803921569,1.2481703972,1,51,51,51,0,1,rank_available,TDs per ranked candidate
1,within-player,15,2013,0.954248366013,1.11768709772,0.960784313725,153,51,51,0,3,rank_available,TDs per ranked candidate
1,within-player,15,2013,0.898039215686,1.04362619605,0.952941176471,255,51,51,0,5,rank_available,TDs per ranked candidate
1,within-player,15,2013,0.809803921569,0.917851095696,0.949019607843,510,51,51,0,10,rank_available,TDs per ranked candidate
1,within-player,15,2013,1.41176470588,1.94431809676,0.980392156863,51,51,51,0,1,rank_in_slot,TDs per ranked candidate
1,within-player,15,2013,1.2614379085,1.65805264551,0.993464052288,153,51,51,0,3,rank_in_slot,TDs per ranked candidate
1,within-player,15,2013,1.21176470588,1.49714985226,0.976470588235,255,51,51,0,5,rank_in_slot,TDs per ranked candidate
1,within-player,15,2013,1.06470588235,1.2718077322,0.972549019608,510,51,51,0,10,rank_in_slot,TDs per ranked candidate
1,within-player,16,2013,1.07843137255,1.2463449379,0.980392156863,51,51,51,0,1,rank_available,TDs per ranked candidate
1,within-player,16,2013,0.941176470588,1.10999849272,0.986928104575,153,51,51,0,3,rank_available,TDs per ranked candidate
1,within-player,16,2013,0.909803921569,1.03568372252,0.96862745098,255,51,51,0,5,rank_available,TDs per ranked candidate
1,within-player,16,2013,0.835294117647,0.911447463665,0.950980392157,510,51,51,0,10,rank_available,TDs per ranked candidate
1,within-player,16,2013,1.41176470588,1.93604804082,0.980392156863,51,51,51,0,1,rank_in_slot,TDs per ranked candidate
1,within-player,16,2013,1.22222222222,1.62442882522,0.993464052288,153,51,51,0,3,rank_in_slot,TDs per ranked candidate
1,within-player,16,2013,1.16078431373,1.47116824951,0.992156862745,255,51,51,0,5,rank_in_slot,TDs per ranked candidate
1,within-player,16,2013,1.05098039216,1.24954274108,0.978431372549,510,51,51,0,10,rank_in_slot,TDs per ranked candidate
1,within-player,17,2013,1.05882352941,1.2449143508,0.960784313725,51,51,51,0,1,rank_available,TDs per ranked candidate
1,within-player,17,2013,0.882352941176,1.1227568047,0.97385620915,153,51,51,0,3,rank_available,TDs per ranked candidate
1,within-player,17,2013,0.913725490196,1.04698370206,0.976470588235,255,51,51,0,5,rank_available,TDs per ranked candidate
1,within-player,17,2013,0.813725490196,0.915517791783,0.949019607843,510,51,51,0,10,rank_available,TDs per ranked candidate
1,within-player,17,2013,1.3137254902,1.94178440724,0.980392156863,51,51,51,0,1,rank_in_slot,TDs per ranked candidate
1,within-player,17,2013,1.23529411765,1.61433159944,0.993464052288,153,51,51,0,3,rank_in_slot,TDs per ranked candidate
1,within-player,17,2013,1.17647058824,1.46481027536,0.98431372549,255,51,51,0,5,rank_in_slot,TDs per ranked candidate
1,within-player,17,2013,1.00588235294,1.2566064208,0.976470588235,510,51,51,0,10,rank_in_slot,TDs per ranked candidate
1,within-player,18,2013,0.980392156863,1.24400140059,1,51,51,51,0,1,rank_available,TDs per ranked candidate
1,within-player,18,2013,0.967320261438,1.1192742764,0.986928104575,153,51,51,0,3,rank_available,TDs per ranked candidate
1,within-player,18,2013,0.874509803922,1.04238503195,0.976470588235,255,51,51,0,5,rank_available,TDs per ranked candidate
1,within-player,18,2013,0.821568627451,0.915094811326,0.950980392157,510,51,51,0,10,rank_available,TDs per ranked candidate
1,within-player,18,2013,1.3137254902,1.9545097551,0.980392156863,51,51,51,0,1,rank_in_slot,TDs per ranked candidate
1,within-player,18,2013,1.13725490196,1.62075280196,0.993464052288,153,51,51,0,3,rank_in_slot,TDs per ranked candidate
1,within-player,18,2013,1.16078431373,1.46735016669,0.996078431373,255,51,51,0,5,rank_in_slot,TDs per ranked candidate
1,within-player,18,2013,1.02941176471,1.25062083399,0.976470588235,510,51,51,0,10,rank_in_slot,TDs per ranked candidate
1,within-player,19,2013,0.921568627451,1.21538168925,0.960784313725,51,51,51,0,1,rank_available,TDs per ranked candidate
1,within-player,19,2013,0.915032679739,1.09120388438,0.967320261438,153,51,51,0,3,rank_available,TDs per ranked candidate
1,within-player,19,2013,0.839215686275,1.0214072887,0.960784313725,255,51,51,0,5,rank_available,TDs per ranked candidate
1,within-player,19,2013,0.819607843137,0.900351023875,0.952941176471,510,51,51,0,10,rank_available,TDs per ranked candidate
1,within-player,19,2013,1.41176470588,1.96552260546,0.980392156863,51,51,51,0,1,rank_in_slot,TDs per ranked candidate
1,within-player,19,2013,1.2091503268,1.63629027792,0.980392156863,153,51,51,0,3,rank_in_slot,TDs per ranked candidate
1,within-player,19,2013,1.1137254902,1.47272841627,0.980392156863,255,51,51,0,5,rank_in_slot,TDs per ranked candidate
1,within-player,19,2013,1.03529411765,1.25069680803,0.978431372549,510,51,51,0,10,rank_in_slot,TDs per ranked candidate
1,base-rate-only,-1,2014,1.19607843137,1.13042131254,0.980392156863,51,51,51,0,1,rank_available,TDs per ranked candidate
1,base-rate-only,-1,2014,0.993464052288,1.0457157777,0.960784313725,153,51,51,0,3,rank_available,TDs per ranked candidate
1,base-rate-only,-1,2014,0.921568627451,1.00012759567,0.956862745098,255,51,51,0,5,rank_available,TDs per ranked candidate
1,base-rate-only,-1,2014,0.819607843137,0.926683144773,0.937254901961,510,51,51,0,10,rank_available,TDs per ranked candidate
1,base-rate-only,-1,2014,1.35294117647,1.62045214124,0.921568627451,51,51,51,0,1,rank_in_slot,TDs per ranked candidate
1,base-rate-only,-1,2014,1.2091503268,1.40064047675,0.960784313725,153,51,51,0,3,rank_in_slot,TDs per ranked candidate
1,base-rate-only,-1,2014,1.20784313725,1.29739349078,0.972549019608,255,51,51,0,5,rank_in_slot,TDs per ranked candidate
1,base-rate-only,-1,2014,1.03725490196,1.15174830095,0.974509803922,510,51,51,0,10,rank_in_slot,TDs per ranked candidate
1,current-season-rate,-1,2014,0.941176470588,1.07901149855,0.941176470588,51,51,51,0,1,rank_available,TDs per ranked candidate
1,current-season-rate,-1,2014,0.856209150327,1.01629754062,0.928104575163,153,51,51,0,3,rank_available,TDs per ranked candidate
1,current-season-rate,-1,2014,0.788235294118,0.978781711152,0.917647058824,255,51,51,0,5,rank_available,TDs per ranked candidate
1,current-season-rate,-1,2014,0.652941176471,0.922813159062,0.837254901961,510,51,51,0,10,rank_available,TDs per ranked candidate
1,current-season-rate,-1,2014,1.17647058824,1.30113385997,0.941176470588,51,51,51,0,1,rank_in_slot,TDs per ranked candidate
1,current-season-rate,-1,2014,1.13725490196,1.21694346266,0.954248366013,153,51,51,0,3,rank_in_slot,TDs per ranked candidate
1,current-season-rate,-1,2014,1.06274509804,1.15157151743,0.972549019608,255,51,51,0,5,rank_in_slot,TDs per ranked candidate
1,current-season-rate,-1,2014,0.998039215686,1.06031574895,0.960784313725,510,51,51,0,10,rank_in_slot,TDs per ranked candidate
1,historical-rate,-1,2014,1.01960784314,1.27630718954,0.980392156863,51,51,51,0,1,rank_available,TDs per ranked candidate
1,historical-rate,-1,2014,0.901960784314,1.17000341162,0.993464052288,153,51,51,0,3,rank_available,TDs per ranked candidate
1,historical-rate,-1,2014,0.850980392157,1.10489572165,0.964705882353,255,51,51,0,5,rank_available,TDs per ranked candidate
1,historical-rate,-1,2014,0.756862745098,0.989955697489,0.921568627451,510,51,51,0,10,rank_available,TDs per ranked candidate
1,historical-rate,-1,2014,1.29411764706,1.87964052288,0.960784313725,51,51,51,0,1,rank_in_slot,TDs per ranked candidate
1,historical-rate,-1,2014,1.15032679739,1.53948601235,0.980392156863,153,51,51,0,3,rank_in_slot,TDs per ranked candidate
1,historical-rate,-1,2014,1.12549019608,1.40533238167,0.980392156863,255,51,51,0,5,rank_in_slot,TDs per ranked candidate
1,historical-rate,-1,2014,0.98431372549,1.23251953942,0.966666666667,510,51,51,0,10,rank_in_slot,TDs per ranked candidate
1,no-vegas,-1,2014,1.11764705882,1.1719074535,0.960784313725,51,51,51,0,1,rank_available,TDs per ranked candidate
1,no-vegas,-1,2014,0.921568627451,1.07964758082,0.934640522876,153,51,51,0,3,rank_available,TDs per ranked candidate
1,no-vegas,-1,2014,0.905882352941,1.0183596576,0.933333333333,255,51,51,0,5,rank_available,TDs per ranked candidate
1,no-vegas,-1,2014,0.813725490196,0.907328801363,0.923529411765,510,51,51,0,10,rank_available,TDs per ranked candidate
1,no-vegas,-1,2014,1.25490196078,1.62512499753,1,51,51,51,0,1,rank_in_slot,TDs per ranked candidate
1,no-vegas,-1,2014,1.27450980392,1.42530086325,0.97385620915,153,51,51,0,3,rank_in_slot,TDs per ranked candidate
1,no-vegas,-1,2014,1.19215686275,1.3148887782,0.972549019608,255,51,51,0,5,rank_in_slot,TDs per ranked candidate
1,no-vegas,-1,2014,1.06666666667,1.15602584284,0.972549019608,510,51,51,0,10,rank_in_slot,TDs per ranked candidate
1,player-vegas,-1,2014,1.27450980392,1.21031453825,0.960784313725,51,51,51,0,1,rank_available,TDs per ranked candidate
1,player-vegas,-1,2014,0.986928104575,1.10009443315,0.960784313725,153,51,51,0,3,rank_available,TDs per ranked candidate
1,player-vegas,-1,2014,0.937254901961,1.04146721281,0.952941176471,255,51,51,0,5,rank_available,TDs per ranked candidate
1,player-vegas,-1,2014,0.809803921569,0.949283677818,0.923529411765,510,51,51,0,10,rank_available,TDs per ranked candidate
1,player-vegas,-1,2014,1.23529411765,1.91139821855,0.921568627451,51,51,51,0,1,rank_in_slot,TDs per ranked candidate
1,player-vegas,-1,2014,1.24836601307,1.61032213318,0.967320261438,153,51,51,0,3,rank_in_slot,TDs per ranked candidate
1,player-vegas,-1,2014,1.21176470588,1.46482780277,0.976470588235,255,51,51,0,5,rank_in_slot,TDs per ranked candidate
1,player-vegas,-1,2014,1.06274509804,1.26322986695,0.972549019608,510,51,51,0,10,rank_in_slot,TDs per ranked candidate
1,random,0,2014,0.333333333333,1.87099586884,0.764705882353,51,51,51,0,1,rank_available,TDs per ranked candidate
1,random,0,2014,0.267973856209,1.59109202355,0.679738562092,153,51,51,0,3,rank_available,TDs per ranked candidate
1,random,0,2014,0.258823529412,1.43468751239,0.674509803922,255,51,51,0,5,rank_available,TDs per ranked candidate
1,random,0,2014,0.247058823529,1.21676118771,0.635294117647,510,51,51,0,10,rank_available,TDs per ranked candidate
1,random,0,2014,0.392156862745,1.90244471211,0.803921568627,51,51,51,0,1,rank_in_slot,TDs per ranked candidate
1,random,0,2014,0.307189542484,1.6179604176,0.712418300654,153,51,51,0,3,rank_in_slot,TDs per ranked candidate
1,random,0,2014,0.294117647059,1.47046783374,0.705882352941,255,51,51,0,5,rank_in_slot,TDs per ranked candidate
1,random,0,2014,0.349019607843,1.25717146201,0.690196078431,510,51,51,0,10,rank_in_slot,TDs per ranked candidate
1,random,1,2014,0.333333333333,1.90446064923,0.666666666667,51,51,51,0,1,rank_available,TDs per ranked candidate
1,random,1,2014,0.333333333333,1.60097222985,0.647058823529,153,51,51,0,3,rank_available,TDs per ranked candidate
1,random,1,2014,0.262745098039,1.45348299482,0.623529411765,255,51,51,0,5,rank_available,TDs per ranked candidate
1,random,1,2014,0.303921568627,1.22843827501,0.672549019608,510,51,51,0,10,rank_available,TDs per ranked candidate
1,random,1,2014,0.333333333333,1.90555566354,0.686274509804,51,51,51,0,1,rank_in_slot,TDs per ranked candidate
1,random,1,2014,0.40522875817,1.61633020305,0.673202614379,153,51,51,0,3,rank_in_slot,TDs per ranked candidate
1,random,1,2014,0.313725490196,1.46978423816,0.639215686275,255,51,51,0,5,rank_in_slot,TDs per ranked candidate
1,random,1,2014,0.388235294118,1.25756219134,0.705882352941,510,51,51,0,10,rank_in_slot,TDs per ranked candidate
1,random,2,2014,0.313725490196,1.87613149945,0.666666666667,51,51,51,0,1,rank_available,TDs per ranked candidate
1,random,2,2014,0.287581699346,1.59634343467,0.666666666667,153,51,51,0,3,rank_available,TDs per ranked candidate
1,random,2,2014,0.333333333333,1.4450057263,0.698039215686,255,51,51,0,5,rank_available,TDs per ranked candidate
1,random,2,2014,0.333333333333,1.22334250073,0.696078431373,510,51,51,0,10,rank_available,TDs per ranked candidate
1,random,2,2014,0.411764705882,1.9016583026,0.705882352941,51,51,51,0,1,rank_in_slot,TDs per ranked candidate
1,random,2,2014,0.372549019608,1.62141731121,0.686274509804,153,51,51,0,3,rank_in_slot,TDs per ranked candidate
1,random,2,2014,0.482352941176,1.47577265979,0.749019607843,255,51,51,0,5,rank_in_slot,TDs per ranked candidate
1,random,2,2014,0.470588235294,1.26034894039,0.73137254902,510,51,51,0,10,rank_in_slot,TDs per ranked candidate
1,random,3,2014,0.137254901961,1.90665893713,0.588235294118,51,51,51,0,1,rank_available,TDs per ranked candidate
1,random,3,2014,0.169934640523,1.61178063412,0.640522875817,153,51,51,0,3,rank_available,TDs per ranked candidate
1,random,3,2014,0.2,1.45316681991,0.647058823529,255,51,51,0,5,rank_available,TDs per ranked candidate
1,random,3,2014,0.264705882353,1.22923470466,0.658823529412,510,51,51,0,10,rank_available,TDs per ranked candidate
1,random,3,2014,0.137254901961,1.90665893713,0.588235294118,51,51,51,0,1,rank_in_slot,TDs per ranked candidate
1,random,3,2014,0.209150326797,1.62162062713,0.660130718954,153,51,51,0,3,rank_in_slot,TDs per ranked candidate
1,random,3,2014,0.247058823529,1.47334346011,0.662745098039,255,51,51,0,5,rank_in_slot,TDs per ranked candidate
1,random,3,2014,0.347058823529,1.259827669,0.701960784314,510,51,51,0,10,rank_in_slot,TDs per ranked candidate
1,random,4,2014,0.294117647059,1.90517491666,0.607843137255,51,51,51,0,1,rank_available,TDs per ranked candidate
1,random,4,2014,0.267973856209,1.61297798212,0.627450980392,153,51,51,0,3,rank_available,TDs per ranked candidate
1,random,4,2014,0.313725490196,1.46043313457,0.654901960784,255,51,51,0,5,rank_available,TDs per ranked candidate
1,random,4,2014,0.296078431373,1.24402097922,0.676470588235,510,51,51,0,10,rank_available,TDs per ranked candidate
1,random,4,2014,0.294117647059,1.90593311917,0.607843137255,51,51,51,0,1,rank_in_slot,TDs per ranked candidate
1,random,4,2014,0.307189542484,1.621808098,0.653594771242,153,51,51,0,3,rank_in_slot,TDs per ranked candidate
1,random,4,2014,0.321568627451,1.47557183926,0.662745098039,255,51,51,0,5,rank_in_slot,TDs per ranked candidate
1,random,4,2014,0.333333333333,1.26147013116,0.696078431373,510,51,51,0,10,rank_in_slot,TDs per ranked candidate
1,random,5,2014,0.21568627451,1.88869805011,0.647058823529,51,51,51,0,1,rank_available,TDs per ranked candidate
1,random,5,2014,0.424836601307,1.59137452189,0.673202614379,153,51,51,0,3,rank_available,TDs per ranked candidate
1,random,5,2014,0.41568627451,1.44020580931,0.674509803922,255,51,51,0,5,rank_available,TDs per ranked candidate
1,random,5,2014,0.339215686275,1.22607303564,0.662745098039,510,51,51,0,10,rank_available,TDs per ranked candidate
1,random,5,2014,0.333333333333,1.90390800503,0.666666666667,51,51,51,0,1,rank_in_slot,TDs per ranked candidate
1,random,5,2014,0.477124183007,1.62001853663,0.699346405229,153,51,51,0,3,rank_in_slot,TDs per ranked candidate
1,random,5,2014,0.486274509804,1.47273556905,0.701960784314,255,51,51,0,5,rank_in_slot,TDs per ranked candidate
1,random,5,2014,0.417647058824,1.26045793946,0.690196078431,510,51,51,0,10,rank_in_slot,TDs per ranked candidate
1,random,6,2014,0.176470588235,1.88303780322,0.627450980392,51,51,51,0,1,rank_available,TDs per ranked candidate
1,random,6,2014,0.235294117647,1.59077001239,0.660130718954,153,51,51,0,3,rank_available,TDs per ranked candidate
1,random,6,2014,0.250980392157,1.43496480836,0.662745098039,255,51,51,0,5,rank_available,TDs per ranked candidate
1,random,6,2014,0.337254901961,1.21762226378,0.692156862745,510,51,51,0,10,rank_available,TDs per ranked candidate
1,random,6,2014,0.156862745098,1.89322855713,0.627450980392,51,51,51,0,1,rank_in_slot,TDs per ranked candidate
1,random,6,2014,0.307189542484,1.61730920032,0.692810457516,153,51,51,0,3,rank_in_slot,TDs per ranked candidate
1,random,6,2014,0.36862745098,1.47203268912,0.698039215686,255,51,51,0,5,rank_in_slot,TDs per ranked candidate
1,random,6,2014,0.456862745098,1.25922772285,0.733333333333,510,51,51,0,10,rank_in_slot,TDs per ranked candidate
1,random,7,2014,0.235294117647,1.83610956674,0.666666666667,51,51,51,0,1,rank_available,TDs per ranked candidate
1,random,7,2014,0.294117647059,1.56122619262,0.673202614379,153,51,51,0,3,rank_available,TDs per ranked candidate
1,random,7,2014,0.313725490196,1.4194649326,0.686274509804,255,51,51,0,5,rank_available,TDs per ranked candidate
1,random,7,2014,0.311764705882,1.21050565889,0.682352941176,510,51,51,0,10,rank_available,TDs per ranked candidate
1,random,7,2014,0.392156862745,1.90110622629,0.705882352941,51,51,51,0,1,rank_in_slot,TDs per ranked candidate
1,random,7,2014,0.385620915033,1.61887715675,0.712418300654,153,51,51,0,3,rank_in_slot,TDs per ranked candidate
1,random,7,2014,0.36862745098,1.47295398728,0.713725490196,255,51,51,0,5,rank_in_slot,TDs per ranked candidate
1,random,7,2014,0.390196078431,1.2595024945,0.709803921569,510,51,51,0,10,rank_in_slot,TDs per ranked candidate
1,random,8,2014,0.333333333333,1.87979702858,0.705882352941,51,51,51,0,1,rank_available,TDs per ranked candidate
1,random,8,2014,0.294117647059,1.60288652859,0.660130718954,153,51,51,0,3,rank_available,TDs per ranked candidate
1,random,8,2014,0.36862745098,1.45891270513,0.686274509804,255,51,51,0,5,rank_available,TDs per ranked candidate
1,random,8,2014,0.341176470588,1.24305369772,0.664705882353,510,51,51,0,10,rank_available,TDs per ranked candidate
1,random,8,2014,0.372549019608,1.90483242527,0.725490196078,51,51,51,0,1,rank_in_slot,TDs per ranked candidate
1,random,8,2014,0.300653594771,1.62200899078,0.686274509804,153,51,51,0,3,rank_in_slot,TDs per ranked candidate
1,random,8,2014,0.392156862745,1.47649676719,0.698039215686,255,51,51,0,5,rank_in_slot,TDs per ranked candidate
1,random,8,2014,0.36862745098,1.26120849721,0.68431372549,510,51,51,0,10,rank_in_slot,TDs per ranked candidate
1,random,9,2014,0.372549019608,1.82615003016,0.823529411765,51,51,51,0,1,rank_available,TDs per ranked candidate
1,random,9,2014,0.352941176471,1.55913075987,0.725490196078,153,51,51,0,3,rank_available,TDs per ranked candidate
1,random,9,2014,0.364705882353,1.42041326914,0.698039215686,255,51,51,0,5,rank_available,TDs per ranked candidate
1,random,9,2014,0.337254901961,1.21370559298,0.68431372549,510,51,51,0,10,rank_available,TDs per ranked candidate
1,random,9,2014,0.509803921569,1.89928646294,0.843137254902,51,51,51,0,1,rank_in_slot,TDs per ranked candidate
1,random,9,2014,0.490196078431,1.61593444187,0.78431372549,153,51,51,0,3,rank_in_slot,TDs per ranked candidate
1,random,9,2014,0.43137254902,1.47112411462,0.733333333333,255,51,51,0,5,rank_in_slot,TDs per ranked candidate
1,random,9,2014,0.443137254902,1.25943854558,0.729411764706,510,51,51,0,10,rank_in_slot,TDs per ranked candidate
1,random,10,2014,0.274509803922,1.89084468664,0.686274509804,51,51,51,0,1,rank_available,TDs per ranked candidate
1,random,10,2014,0.228758169935,1.61679972724,0.679738562092,153,51,51,0,3,rank_available,TDs per ranked candidate
1,random,10,2014,0.313725490196,1.46360852715,0.690196078431,255,51,51,0,5,rank_available,TDs per ranked candidate
1,random,10,2014,0.309803921569,1.23688629871,0.696078431373,510,51,51,0,10,rank_available,TDs per ranked candidate
1,random,10,2014,0.274509803922,1.89084468664,0.686274509804,51,51,51,0,1,rank_in_slot,TDs per ranked candidate
1,random,10,2014,0.228758169935,1.61679972724,0.679738562092,153,51,51,0,3,rank_in_slot,TDs per ranked candidate
1,random,10,2014,0.423529411765,1.47223157384,0.741176470588,255,51,51,0,5,rank_in_slot,TDs per ranked candidate
1,random,10,2014,0.403921568627,1.26053757382,0.725490196078,510,51,51,0,10,rank_in_slot,TDs per ranked candidate
1,random,11,2014,0.470588235294,1.83024015252,0.686274509804,51,51,51,0,1,rank_available,TDs per ranked candidate
1,random,11,2014,0.40522875817,1.56801912864,0.686274509804,153,51,51,0,3,rank_available,TDs per ranked candidate
1,random,11,2014,0.372549019608,1.42581434998,0.705882352941,255,51,51,0,5,rank_available,TDs per ranked candidate
1,random,11,2014,0.354901960784,1.21566203508,0.682352941176,510,51,51,0,10,rank_available,TDs per ranked candidate
1,random,11,2014,0.705882352941,1.8901349688,0.78431372549,51,51,51,0,1,rank_in_slot,TDs per ranked candidate
1,random,11,2014,0.43137254902,1.61744667113,0.692810457516,153,51,51,0,3,rank_in_slot,TDs per ranked candidate
1,random,11,2014,0.454901960784,1.47273367755,0.725490196078,255,51,51,0,5,rank_in_slot,TDs per ranked candidate
1,random,11,2014,0.466666666667,1.25889666247,0.723529411765,510,51,51,0,10,rank_in_slot,TDs per ranked candidate
1,random,12,2014,0.313725490196,1.8916044898,0.705882352941,51,51,51,0,1,rank_available,TDs per ranked candidate
1,random,12,2014,0.320261437908,1.59625804208,0.679738562092,153,51,51,0,3,rank_available,TDs per ranked candidate
1,random,12,2014,0.372549019608,1.44482103305,0.721568627451,255,51,51,0,5,rank_available,TDs per ranked candidate
1,random,12,2014,0.327450980392,1.22262606477,0.7,510,51,51,0,10,rank_available,TDs per ranked candidate
1,random,12,2014,0.313725490196,1.8916044898,0.705882352941,51,51,51,0,1,rank_in_slot,TDs per ranked candidate
1,random,12,2014,0.444444444444,1.61855175693,0.725490196078,153,51,51,0,3,rank_in_slot,TDs per ranked candidate
1,random,12,2014,0.462745098039,1.47375511314,0.752941176471,255,51,51,0,5,rank_in_slot,TDs per ranked candidate
1,random,12,2014,0.441176470588,1.25991936292,0.727450980392,510,51,51,0,10,rank_in_slot,TDs per ranked candidate
1,random,13,2014,0.156862745098,1.89938597108,0.627450980392,51,51,51,0,1,rank_available,TDs per ranked candidate
1,random,13,2014,0.294117647059,1.59084866143,0.686274509804,153,51,51,0,3,rank_available,TDs per ranked candidate
1,random,13,2014,0.262745098039,1.43826787366,0.666666666667,255,51,51,0,5,rank_available,TDs per ranked candidate
1,random,13,2014,0.292156862745,1.21822825848,0.672549019608,510,51,51,0,10,rank_available,TDs per ranked candidate
1,random,13,2014,0.196078431373,1.90323412302,0.647058823529,51,51,51,0,1,rank_in_slot,TDs per ranked candidate
1,random,13,2014,0.418300653595,1.619808715,0.725490196078,153,51,51,0,3,rank_in_slot,TDs per ranked candidate
1,random,13,2014,0.38431372549,1.473573265,0.713725490196,255,51,51,0,5,rank_in_slot,TDs per ranked candidate
1,random,13,2014,0.425490196078,1.26011307314,0.71568627451,510,51,51,0,10,rank_in_slot,TDs per ranked candidate
1,random,14,2014,0.196078431373,1.8941471898,0.647058823529,51,51,51,0,1,rank_available,TDs per ranked candidate
1,random,14,2014,0.320261437908,1.5812754497,0.686274509804,153,51,51,0,3,rank_available,TDs per ranked candidate
1,random,14,2014,0.321568627451,1.42689980217,0.686274509804,255,51,51,0,5,rank_available,TDs per ranked candidate
1,random,14,2014,0.3,1.21766479573,0.662745098039,510,51,51,0,10,rank_available,TDs per ranked candidate
1,random,14,2014,0.21568627451,1.89689812189,0.647058823529,51,51,51,0,1,rank_in_slot,TDs per ranked candidate
1,random,14,2014,0.40522875817,1.6180300807,0.718954248366,153,51,51,0,3,rank_in_slot,TDs per ranked candidate
1,random,14,2014,0.4,1.47108614608,0.729411764706,255,51,51,0,5,rank_in_slot,TDs per ranked candidate
1,random,14,2014,0.378431372549,1.25971915065,0.690196078431,510,51,51,0,10,rank_in_slot,TDs per ranked candidate
1,random,15,2014,0.117647058824,1.90432491419,0.627450980392,51,51,51,0,1,rank_available,TDs per ranked candidate
1,random,15,2014,0.261437908497,1.60783958125,0.679738562092,153,51,51,0,3,rank_available,TDs per ranked candidate
1,random,15,2014,0.258823529412,1.45615384059,0.666666666667,255,51,51,0,5,rank_available,TDs per ranked candidate
1,random,15,2014,0.288235294118,1.24414748762,0.676470588235,510,51,51,0,10,rank_available,TDs per ranked candidate
1,random,15,2014,0.117647058824,1.90590073461,0.627450980392,51,51,51,0,1,rank_in_slot,TDs per ranked candidate
1,random,15,2014,0.267973856209,1.61858542812,0.686274509804,153,51,51,0,3,rank_in_slot,TDs per ranked candidate
1,random,15,2014,0.309803921569,1.47188748888,0.682352941176,255,51,51,0,5,rank_in_slot,TDs per ranked candidate
1,random,15,2014,0.323529411765,1.25996118327,0.686274509804,510,51,51,0,10,rank_in_slot,TDs per ranked candidate
1,random,16,2014,0.392156862745,1.84284484386,0.666666666667,51,51,51,0,1,rank_available,TDs per ranked candidate
1,random,16,2014,0.339869281046,1.57249365135,0.633986928105,153,51,51,0,3,rank_available,TDs per ranked candidate
1,random,16,2014,0.372549019608,1.42355164336,0.658823529412,255,51,51,0,5,rank_available,TDs per ranked candidate
1,random,16,2014,0.343137254902,1.21217435125,0.678431372549,510,51,51,0,10,rank_available,TDs per ranked candidate
1,random,16,2014,0.549019607843,1.89624438401,0.705882352941,51,51,51,0,1,rank_in_slot,TDs per ranked candidate
1,random,16,2014,0.418300653595,1.61992144968,0.679738562092,153,51,51,0,3,rank_in_slot,TDs per ranked candidate
1,random,16,2014,0.482352941176,1.47426982576,0.729411764706,255,51,51,0,5,rank_in_slot,TDs per ranked candidate
1,random,16,2014,0.437254901961,1.26087425328,0.713725490196,510,51,51,0,10,rank_in_slot,TDs per ranked candidate
1,random,17,2014,0.392156862745,1.87542566806,0.764705882353,51,51,51,0,1,rank_available,TDs per ranked candidate
1,random,17,2014,0.228758169935,1.59410869726,0.640522875817,153,51,51,0,3,rank_available,TDs per ranked candidate
1,random,17,2014,0.18431372549,1.44912621736,0.619607843137,255,51,51,0,5,rank_available,TDs per ranked candidate
1,random,17,2014,0.21568627451,1.23366123877,0.63137254902,510,51,51,0,10,rank_available,TDs per ranked candidate
1,random,17,2014,0.411764705882,1.90051463366,0.78431372549,51,51,51,0,1,rank_in_slot,TDs per ranked candidate
1,random,17,2014,0.287581699346,1.61748186987,0.673202614379,153,51,51,0,3,rank_in_slot,TDs per ranked candidate
1,random,17,2014,0.207843137255,1.47270977367,0.639215686275,255,51,51,0,5,rank_in_slot,TDs per ranked candidate
1,random,17,2014,0.274509803922,1.25984066222,0.654901960784,510,51,51,0,10,rank_in_slot,TDs per ranked candidate
1,random,18,2014,0.43137254902,1.8462328054,0.803921568627,51,51,51,0,1,rank_available,TDs per ranked candidate
1,random,18,2014,0.287581699346,1.56295173666,0.699346405229,153,51,51,0,3,rank_available,TDs per ranked candidate
1,random,18,2014,0.278431372549,1.42109174815,0.709803921569,255,51,51,0,5,rank_available,TDs per ranked candidate
1,random,18,2014,0.260784313725,1.21273731431,0.660784313725,510,51,51,0,10,rank_available,TDs per ranked candidate
1,random,18,2014,0.627450980392,1.90356863606,0.862745098039,51,51,51,0,1,rank_in_slot,TDs per ranked candidate
1,random,18,2014,0.470588235294,1.62185719481,0.790849673203,153,51,51,0,3,rank_in_slot,TDs per ranked candidate
1,random,18,2014,0.403921568627,1.47414198719,0.749019607843,255,51,51,0,5,rank_in_slot,TDs per ranked candidate
1,random,18,2014,0.335294117647,1.26048248503,0.690196078431,510,51,51,0,10,rank_in_slot,TDs per ranked candidate
1,random,19,2014,0.509803921569,1.75147516629,0.823529411765,51,51,51,0,1,rank_available,TDs per ranked candidate
1,random,19,2014,0.398692810458,1.54054372301,0.732026143791,153,51,51,0,3,rank_available,TDs per ranked candidate
1,random,19,2014,0.38431372549,1.41064329704,0.749019607843,255,51,51,0,5,rank_available,TDs per ranked candidate
1,random,19,2014,0.317647058824,1.20528198767,0.727450980392,510,51,51,0,10,rank_available,TDs per ranked candidate
1,random,19,2014,0.823529411765,1.90665893713,0.921568627451,51,51,51,0,1,rank_in_slot,TDs per ranked candidate
1,random,19,2014,0.496732026144,1.61758218008,0.777777777778,153,51,51,0,3,rank_in_slot,TDs per ranked candidate
1,random,19,2014,0.407843137255,1.472766839,0.76862745098,255,51,51,0,5,rank_in_slot,TDs per ranked candidate
1,random,19,2014,0.386274509804,1.25989305276,0.756862745098,510,51,51,0,10,rank_in_slot,TDs per ranked candidate
1,regressed-rate,-1,2014,1,1.10770903365,1,51,51,51,0,1,rank_available,TDs per ranked candidate
1,regressed-rate,-1,2014,0.875816993464,1.04440909545,1,153,51,51,0,3,rank_available,TDs per ranked candidate
1,regressed-rate,-1,2014,0.847058823529,0.99999388805,0.972549019608,255,51,51,0,5,rank_available,TDs per ranked candidate
1,regressed-rate,-1,2014,0.760784313725,0.92478997848,0.929411764706,510,51,51,0,10,rank_available,TDs per ranked candidate
1,regressed-rate,-1,2014,1.29411764706,1.57173653591,0.960784313725,51,51,51,0,1,rank_in_slot,TDs per ranked candidate
1,regressed-rate,-1,2014,1.1568627451,1.32236758796,0.980392156863,153,51,51,0,3,rank_in_slot,TDs per ranked candidate
1,regressed-rate,-1,2014,1.1137254902,1.22604633637,0.98431372549,255,51,51,0,5,rank_in_slot,TDs per ranked candidate
1,regressed-rate,-1,2014,0.990196078431,1.09784901762,0.96862745098,510,51,51,0,10,rank_in_slot,TDs per ranked candidate
1,shipped,-1,2014,1.13725490196,1.22170314054,0.980392156863,51,51,51,0,1,rank_available,TDs per ranked candidate
1,shipped,-1,2014,1.03267973856,1.11447773535,0.967320261438,153,51,51,0,3,rank_available,TDs per ranked candidate
1,shipped,-1,2014,0.956862745098,1.04148760254,0.952941176471,255,51,51,0,5,rank_available,TDs per ranked candidate
1,shipped,-1,2014,0.83137254902,0.915410682518,0.925490196078,510,51,51,0,10,rank_available,TDs per ranked candidate
1,shipped,-1,2014,1.3137254902,1.8991043885,0.960784313725,51,51,51,0,1,rank_in_slot,TDs per ranked candidate
1,shipped,-1,2014,1.22875816993,1.61708197467,0.97385620915,153,51,51,0,3,rank_in_slot,TDs per ranked candidate
1,shipped,-1,2014,1.16862745098,1.46998920418,0.976470588235,255,51,51,0,5,rank_in_slot,TDs per ranked candidate
1,shipped,-1,2014,1.07058823529,1.25752108509,0.978431372549,510,51,51,0,10,rank_in_slot,TDs per ranked candidate
1,vegas-environment,-1,2014,0.823529411765,0.898435989355,0.960784313725,51,51,51,0,1,rank_available,TDs per ranked candidate
1,vegas-environment,-1,2014,0.921568627451,0.870889622021,0.960784313725,153,51,51,0,3,rank_available,TDs per ranked candidate
1,vegas-environment,-1,2014,0.847058823529,0.852510801453,0.949019607843,255,51,51,0,5,rank_available,TDs per ranked candidate
1,vegas-environment,-1,2014,0.727450980392,0.816808455486,0.9,510,51,51,0,10,rank_available,TDs per ranked candidate
1,vegas-environment,-1,2014,1,0.969564962312,0.960784313725,51,51,51,0,1,rank_in_slot,TDs per ranked candidate
1,vegas-environment,-1,2014,1.06535947712,0.943657192045,0.980392156863,153,51,51,0,3,rank_in_slot,TDs per ranked candidate
1,vegas-environment,-1,2014,1.01176470588,0.924314998094,0.96862745098,255,51,51,0,5,rank_in_slot,TDs per ranked candidate
1,vegas-environment,-1,2014,0.964705882353,0.88684163881,0.96862745098,510,51,51,0,10,rank_in_slot,TDs per ranked candidate
1,within-player,0,2014,1.05882352941,1.24532452037,0.960784313725,51,51,51,0,1,rank_available,TDs per ranked candidate
1,within-player,0,2014,1.07843137255,1.12636586866,0.967320261438,153,51,51,0,3,rank_available,TDs per ranked candidate
1,within-player,0,2014,0.945098039216,1.05114420071,0.956862745098,255,51,51,0,5,rank_available,TDs per ranked candidate
1,within-player,0,2014,0.813725490196,0.922089893823,0.91568627451,510,51,51,0,10,rank_available,TDs per ranked candidate
1,within-player,0,2014,1.39215686275,1.88166569022,0.960784313725,51,51,51,0,1,rank_in_slot,TDs per ranked candidate
1,within-player,0,2014,1.16993464052,1.61670298906,0.960784313725,153,51,51,0,3,rank_in_slot,TDs per ranked candidate
1,within-player,0,2014,1.17647058824,1.47549843496,0.976470588235,255,51,51,0,5,rank_in_slot,TDs per ranked candidate
1,within-player,0,2014,1.09019607843,1.26389555142,0.980392156863,510,51,51,0,10,rank_in_slot,TDs per ranked candidate
1,within-player,1,2014,1.09803921569,1.22663023819,0.960784313725,51,51,51,0,1,rank_available,TDs per ranked candidate
1,within-player,1,2014,1.00653594771,1.11516501711,0.947712418301,153,51,51,0,3,rank_available,TDs per ranked candidate
1,within-player,1,2014,0.98431372549,1.04853592546,0.949019607843,255,51,51,0,5,rank_available,TDs per ranked candidate
1,within-player,1,2014,0.809803921569,0.918478186892,0.919607843137,510,51,51,0,10,rank_available,TDs per ranked candidate
1,within-player,1,2014,1.23529411765,1.88376432917,0.980392156863,51,51,51,0,1,rank_in_slot,TDs per ranked candidate
1,within-player,1,2014,1.24183006536,1.6183033133,0.97385620915,153,51,51,0,3,rank_in_slot,TDs per ranked candidate
1,within-player,1,2014,1.17254901961,1.48144852246,0.976470588235,255,51,51,0,5,rank_in_slot,TDs per ranked candidate
1,within-player,1,2014,1.06078431373,1.26561077365,0.974509803922,510,51,51,0,10,rank_in_slot,TDs per ranked candidate
1,within-player,2,2014,1.21568627451,1.22406204234,0.980392156863,51,51,51,0,1,rank_available,TDs per ranked candidate
1,within-player,2,2014,0.960784313725,1.12177608181,0.954248366013,153,51,51,0,3,rank_available,TDs per ranked candidate
1,within-player,2,2014,0.937254901961,1.05330258291,0.956862745098,255,51,51,0,5,rank_available,TDs per ranked candidate
1,within-player,2,2014,0.805882352941,0.925033069492,0.91568627451,510,51,51,0,10,rank_available,TDs per ranked candidate
1,within-player,2,2014,1.21568627451,1.85467912435,0.941176470588,51,51,51,0,1,rank_in_slot,TDs per ranked candidate
1,within-player,2,2014,1.22222222222,1.61763733761,0.967320261438,153,51,51,0,3,rank_in_slot,TDs per ranked candidate
1,within-player,2,2014,1.16078431373,1.47275129895,0.972549019608,255,51,51,0,5,rank_in_slot,TDs per ranked candidate
1,within-player,2,2014,1.06078431373,1.26584889763,0.974509803922,510,51,51,0,10,rank_in_slot,TDs per ranked candidate
1,within-player,3,2014,1.21568627451,1.20363395032,0.980392156863,51,51,51,0,1,rank_available,TDs per ranked candidate
1,within-player,3,2014,1.03921568627,1.10677628883,0.967320261438,153,51,51,0,3,rank_available,TDs per ranked candidate
1,within-player,3,2014,0.96862745098,1.03731938153,0.952941176471,255,51,51,0,5,rank_available,TDs per ranked candidate
1,within-player,3,2014,0.792156862745,0.913820464966,0.929411764706,510,51,51,0,10,rank_available,TDs per ranked candidate
1,within-player,3,2014,1.35294117647,1.85624982654,0.960784313725,51,51,51,0,1,rank_in_slot,TDs per ranked candidate
1,within-player,3,2014,1.2091503268,1.60144939987,0.967320261438,153,51,51,0,3,rank_in_slot,TDs per ranked candidate
1,within-player,3,2014,1.20784313725,1.46710501624,0.976470588235,255,51,51,0,5,rank_in_slot,TDs per ranked candidate
1,within-player,3,2014,1.05098039216,1.25916590329,0.972549019608,510,51,51,0,10,rank_in_slot,TDs per ranked candidate
1,within-player,4,2014,1.1568627451,1.22861865269,0.960784313725,51,51,51,0,1,rank_available,TDs per ranked candidate
1,within-player,4,2014,1.03921568627,1.11306466176,0.954248366013,153,51,51,0,3,rank_available,TDs per ranked candidate
1,within-player,4,2014,0.949019607843,1.04031233118,0.952941176471,255,51,51,0,5,rank_available,TDs per ranked candidate
1,within-player,4,2014,0.83137254902,0.914087579016,0.933333333333,510,51,51,0,10,rank_available,TDs per ranked candidate
1,within-player,4,2014,1.33333333333,1.89124329394,0.960784313725,51,51,51,0,1,rank_in_slot,TDs per ranked candidate
1,within-player,4,2014,1.15032679739,1.61857805496,0.967320261438,153,51,51,0,3,rank_in_slot,TDs per ranked candidate
1,within-player,4,2014,1.1568627451,1.47824125461,0.980392156863,255,51,51,0,5,rank_in_slot,TDs per ranked candidate
1,within-player,4,2014,1.06470588235,1.26406595222,0.976470588235,510,51,51,0,10,rank_in_slot,TDs per ranked candidate
1,within-player,5,2014,1.11764705882,1.21201845484,0.980392156863,51,51,51,0,1,rank_available,TDs per ranked candidate
1,within-player,5,2014,1.0522875817,1.11504656064,0.954248366013,153,51,51,0,3,rank_available,TDs per ranked candidate
1,within-player,5,2014,0.956862745098,1.04739725593,0.956862745098,255,51,51,0,5,rank_available,TDs per ranked candidate
1,within-player,5,2014,0.788235294118,0.922718866577,0.919607843137,510,51,51,0,10,rank_available,TDs per ranked candidate
1,within-player,5,2014,1.3137254902,1.88079064511,0.980392156863,51,51,51,0,1,rank_in_slot,TDs per ranked candidate
1,within-player,5,2014,1.27450980392,1.62046193553,0.967320261438,153,51,51,0,3,rank_in_slot,TDs per ranked candidate
1,within-player,5,2014,1.20784313725,1.48363430014,0.976470588235,255,51,51,0,5,rank_in_slot,TDs per ranked candidate
1,within-player,5,2014,1.06274509804,1.27099256198,0.978431372549,510,51,51,0,10,rank_in_slot,TDs per ranked candidate
1,within-player,6,2014,1.03921568627,1.26160263274,0.980392156863,51,51,51,0,1,rank_available,TDs per ranked candidate
1,within-player,6,2014,0.986928104575,1.12696953054,0.954248366013,153,51,51,0,3,rank_available,TDs per ranked candidate
1,within-player,6,2014,0.913725490196,1.05423525687,0.952941176471,255,51,51,0,5,rank_available,TDs per ranked candidate
1,within-player,6,2014,0.805882352941,0.925857423719,0.921568627451,510,51,51,0,10,rank_available,TDs per ranked candidate
1,within-player,6,2014,1.41176470588,1.86090323109,0.980392156863,51,51,51,0,1,rank_in_slot,TDs per ranked candidate
1,within-player,6,2014,1.28758169935,1.60780043206,0.97385620915,153,51,51,0,3,rank_in_slot,TDs per ranked candidate
1,within-player,6,2014,1.16470588235,1.47043995993,0.976470588235,255,51,51,0,5,rank_in_slot,TDs per ranked candidate
1,within-player,6,2014,1.04901960784,1.2602599337,0.972549019608,510,51,51,0,10,rank_in_slot,TDs per ranked candidate
1,within-player,7,2014,1.09803921569,1.22396283594,0.960784313725,51,51,51,0,1,rank_available,TDs per ranked candidate
1,within-player,7,2014,1.02614379085,1.115999383,0.967320261438,153,51,51,0,3,rank_available,TDs per ranked candidate
1,within-player,7,2014,0.937254901961,1.03707681606,0.952941176471,255,51,51,0,5,rank_available,TDs per ranked candidate
1,within-player,7,2014,0.772549019608,0.911886090407,0.923529411765,510,51,51,0,10,rank_available,TDs per ranked candidate
1,within-player,7,2014,1.41176470588,1.89089108147,0.960784313725,51,51,51,0,1,rank_in_slot,TDs per ranked candidate
1,within-player,7,2014,1.24183006536,1.61657280501,0.967320261438,153,51,51,0,3,rank_in_slot,TDs per ranked candidate
1,within-player,7,2014,1.17647058824,1.46595495413,0.972549019608,255,51,51,0,5,rank_in_slot,TDs per ranked candidate
1,within-player,7,2014,1.04705882353,1.25142835507,0.96862745098,510,51,51,0,10,rank_in_slot,TDs per ranked candidate
1,within-player,8,2014,1.05882352941,1.20220459099,0.980392156863,51,51,51,0,1,rank_available,TDs per ranked candidate
1,within-player,8,2014,1,1.10696330232,0.954248366013,153,51,51,0,3,rank_available,TDs per ranked candidate
1,within-player,8,2014,0.933333333333,1.03976689941,0.964705882353,255,51,51,0,5,rank_available,TDs per ranked candidate
1,within-player,8,2014,0.813725490196,0.916778077559,0.925490196078,510,51,51,0,10,rank_available,TDs per ranked candidate
1,within-player,8,2014,1.27450980392,1.89071517213,0.960784313725,51,51,51,0,1,rank_in_slot,TDs per ranked candidate
1,within-player,8,2014,1.24183006536,1.61864941022,0.97385620915,153,51,51,0,3,rank_in_slot,TDs per ranked candidate
1,within-player,8,2014,1.20784313725,1.4764006922,0.976470588235,255,51,51,0,5,rank_in_slot,TDs per ranked candidate
1,within-player,8,2014,1.0568627451,1.26430935405,0.976470588235,510,51,51,0,10,rank_in_slot,TDs per ranked candidate
1,within-player,9,2014,1.33333333333,1.25883914492,0.980392156863,51,51,51,0,1,rank_available,TDs per ranked candidate
1,within-player,9,2014,1.09150326797,1.12486079569,0.97385620915,153,51,51,0,3,rank_available,TDs per ranked candidate
1,within-player,9,2014,0.980392156863,1.05182054212,0.964705882353,255,51,51,0,5,rank_available,TDs per ranked candidate
1,within-player,9,2014,0.803921568627,0.921582496181,0.929411764706,510,51,51,0,10,rank_available,TDs per ranked candidate
1,within-player,9,2014,1.23529411765,1.91069228506,0.980392156863,51,51,51,0,1,rank_in_slot,TDs per ranked candidate
1,within-player,9,2014,1.27450980392,1.62787625887,0.97385620915,153,51,51,0,3,rank_in_slot,TDs per ranked candidate
1,within-player,9,2014,1.22745098039,1.48121525778,0.980392156863,255,51,51,0,5,rank_in_slot,TDs per ranked candidate
1,within-player,9,2014,1.08431372549,1.26545290689,0.974509803922,510,51,51,0,10,rank_in_slot,TDs per ranked candidate
1,within-player,10,2014,1.13725490196,1.23520898914,0.980392156863,51,51,51,0,1,rank_available,TDs per ranked candidate
1,within-player,10,2014,1.03921568627,1.1216059426,0.97385620915,153,51,51,0,3,rank_available,TDs per ranked candidate
1,within-player,10,2014,0.929411764706,1.04924332033,0.949019607843,255,51,51,0,5,rank_available,TDs per ranked candidate
1,within-player,10,2014,0.811764705882,0.919898903074,0.923529411765,510,51,51,0,10,rank_available,TDs per ranked candidate
1,within-player,10,2014,1.35294117647,1.84776363039,0.941176470588,51,51,51,0,1,rank_in_slot,TDs per ranked candidate
1,within-player,10,2014,1.25490196078,1.59122052158,0.967320261438,153,51,51,0,3,rank_in_slot,TDs per ranked candidate
1,within-player,10,2014,1.16470588235,1.45825835839,0.972549019608,255,51,51,0,5,rank_in_slot,TDs per ranked candidate
1,within-player,10,2014,1.06078431373,1.25263435722,0.976470588235,510,51,51,0,10,rank_in_slot,TDs per ranked candidate
1,within-player,11,2014,1.13725490196,1.21851211558,0.960784313725,51,51,51,0,1,rank_available,TDs per ranked candidate
1,within-player,11,2014,1.03921568627,1.12672355405,0.967320261438,153,51,51,0,3,rank_available,TDs per ranked candidate
1,within-player,11,2014,0.992156862745,1.05593332648,0.964705882353,255,51,51,0,5,rank_available,TDs per ranked candidate
1,within-player,11,2014,0.792156862745,0.930639641276,0.923529411765,510,51,51,0,10,rank_available,TDs per ranked candidate
1,within-player,11,2014,1.33333333333,1.85171903006,0.960784313725,51,51,51,0,1,rank_in_slot,TDs per ranked candidate
1,within-player,11,2014,1.12418300654,1.6030748756,0.97385620915,153,51,51,0,3,rank_in_slot,TDs per ranked candidate
1,within-player,11,2014,1.16862745098,1.46722008932,0.972549019608,255,51,51,0,5,rank_in_slot,TDs per ranked candidate
1,within-player,11,2014,1.0431372549,1.26507202407,0.972549019608,510,51,51,0,10,rank_in_slot,TDs per ranked candidate
1,within-player,12,2014,1.3137254902,1.25402980659,0.960784313725,51,51,51,0,1,rank_available,TDs per ranked candidate
1,within-player,12,2014,1.09150326797,1.13866599486,0.954248366013,153,51,51,0,3,rank_available,TDs per ranked candidate
1,within-player,12,2014,0.996078431373,1.06293121777,0.960784313725,255,51,51,0,5,rank_available,TDs per ranked candidate
1,within-player,12,2014,0.827450980392,0.927733060931,0.919607843137,510,51,51,0,10,rank_available,TDs per ranked candidate
1,within-player,12,2014,1.39215686275,1.89791575574,0.941176470588,51,51,51,0,1,rank_in_slot,TDs per ranked candidate
1,within-player,12,2014,1.23529411765,1.62422398566,0.97385620915,153,51,51,0,3,rank_in_slot,TDs per ranked candidate
1,within-player,12,2014,1.23529411765,1.47881804331,0.976470588235,255,51,51,0,5,rank_in_slot,TDs per ranked candidate
1,within-player,12,2014,1.08235294118,1.26317059742,0.976470588235,510,51,51,0,10,rank_in_slot,TDs per ranked candidate
1,within-player,13,2014,1.25490196078,1.20599853016,0.980392156863,51,51,51,0,1,rank_available,TDs per ranked candidate
1,within-player,13,2014,0.986928104575,1.10377151846,0.960784313725,153,51,51,0,3,rank_available,TDs per ranked candidate
1,within-player,13,2014,0.941176470588,1.03885195093,0.956862745098,255,51,51,0,5,rank_available,TDs per ranked candidate
1,within-player,13,2014,0.829411764706,0.91724923289,0.925490196078,510,51,51,0,10,rank_available,TDs per ranked candidate
1,within-player,13,2014,1.33333333333,1.8742501878,0.980392156863,51,51,51,0,1,rank_in_slot,TDs per ranked candidate
1,within-player,13,2014,1.22875816993,1.6007041595,0.97385620915,153,51,51,0,3,rank_in_slot,TDs per ranked candidate
1,within-player,13,2014,1.21176470588,1.46299453718,0.972549019608,255,51,51,0,5,rank_in_slot,TDs per ranked candidate
1,within-player,13,2014,1.06078431373,1.2554740201,0.978431372549,510,51,51,0,10,rank_in_slot,TDs per ranked candidate
1,within-player,14,2014,1.25490196078,1.26595592636,0.980392156863,51,51,51,0,1,rank_available,TDs per ranked candidate
1,within-player,14,2014,1.03267973856,1.13450958005,0.967320261438,153,51,51,0,3,rank_available,TDs per ranked candidate
1,within-player,14,2014,0.964705882353,1.05666996779,0.964705882353,255,51,51,0,5,rank_available,TDs per ranked candidate
1,within-player,14,2014,0.823529411765,0.923531141236,0.921568627451,510,51,51,0,10,rank_available,TDs per ranked candidate
1,within-player,14,2014,1.37254901961,1.8686101077,0.960784313725,51,51,51,0,1,rank_in_slot,TDs per ranked candidate
1,within-player,14,2014,1.2614379085,1.62618877379,0.97385620915,153,51,51,0,3,rank_in_slot,TDs per ranked candidate
1,within-player,14,2014,1.22352941176,1.48296856037,0.98431372549,255,51,51,0,5,rank_in_slot,TDs per ranked candidate
1,within-player,14,2014,1.05294117647,1.26802041139,0.978431372549,510,51,51,0,10,rank_in_slot,TDs per ranked candidate
1,within-player,15,2014,1.19607843137,1.25289272633,0.980392156863,51,51,51,0,1,rank_available,TDs per ranked candidate
1,within-player,15,2014,0.954248366013,1.13200107394,0.960784313725,153,51,51,0,3,rank_available,TDs per ranked candidate
1,within-player,15,2014,0.937254901961,1.0583945127,0.952941176471,255,51,51,0,5,rank_available,TDs per ranked candidate
1,within-player,15,2014,0.805882352941,0.929550890157,0.921568627451,510,51,51,0,10,rank_available,TDs per ranked candidate
1,within-player,15,2014,1.25490196078,1.90221326848,0.960784313725,51,51,51,0,1,rank_in_slot,TDs per ranked candidate
1,within-player,15,2014,1.2614379085,1.63836973771,0.97385620915,153,51,51,0,3,rank_in_slot,TDs per ranked candidate
1,within-player,15,2014,1.16862745098,1.48897202643,0.972549019608,255,51,51,0,5,rank_in_slot,TDs per ranked candidate
1,within-player,15,2014,1.05490196078,1.27076354417,0.974509803922,510,51,51,0,10,rank_in_slot,TDs per ranked candidate
1,within-player,16,2014,1.13725490196,1.22235765243,0.980392156863,51,51,51,0,1,rank_available,TDs per ranked candidate
1,within-player,16,2014,1.00653594771,1.11049543798,0.960784313725,153,51,51,0,3,rank_available,TDs per ranked candidate
1,within-player,16,2014,0.96862745098,1.04393203996,0.956862745098,255,51,51,0,5,rank_available,TDs per ranked candidate
1,within-player,16,2014,0.813725490196,0.918142923492,0.921568627451,510,51,51,0,10,rank_available,TDs per ranked candidate
1,within-player,16,2014,1.35294117647,1.88118387023,0.960784313725,51,51,51,0,1,rank_in_slot,TDs per ranked candidate
1,within-player,16,2014,1.18300653595,1.63298177961,0.97385620915,153,51,51,0,3,rank_in_slot,TDs per ranked candidate
1,within-player,16,2014,1.18431372549,1.48801070807,0.976470588235,255,51,51,0,5,rank_in_slot,TDs per ranked candidate
1,within-player,16,2014,1.06470588235,1.26958734837,0.978431372549,510,51,51,0,10,rank_in_slot,TDs per ranked candidate
1,within-player,17,2014,1.41176470588,1.21382149113,0.980392156863,51,51,51,0,1,rank_available,TDs per ranked candidate
1,within-player,17,2014,1.07843137255,1.11564021515,0.97385620915,153,51,51,0,3,rank_available,TDs per ranked candidate
1,within-player,17,2014,0.980392156863,1.04628826907,0.956862745098,255,51,51,0,5,rank_available,TDs per ranked candidate
1,within-player,17,2014,0.8,0.920795622133,0.929411764706,510,51,51,0,10,rank_available,TDs per ranked candidate
1,within-player,17,2014,1.3137254902,1.90694401567,0.960784313725,51,51,51,0,1,rank_in_slot,TDs per ranked candidate
1,within-player,17,2014,1.24836601307,1.61333791969,0.97385620915,153,51,51,0,3,rank_in_slot,TDs per ranked candidate
1,within-player,17,2014,1.21960784314,1.47385270237,0.972549019608,255,51,51,0,5,rank_in_slot,TDs per ranked candidate
1,within-player,17,2014,1.06274509804,1.26075139047,0.976470588235,510,51,51,0,10,rank_in_slot,TDs per ranked candidate
1,within-player,18,2014,1.13725490196,1.22541986568,0.980392156863,51,51,51,0,1,rank_available,TDs per ranked candidate
1,within-player,18,2014,0.980392156863,1.11656210697,0.960784313725,153,51,51,0,3,rank_available,TDs per ranked candidate
1,within-player,18,2014,0.898039215686,1.03918032206,0.949019607843,255,51,51,0,5,rank_available,TDs per ranked candidate
1,within-player,18,2014,0.811764705882,0.910834694695,0.925490196078,510,51,51,0,10,rank_available,TDs per ranked candidate
1,within-player,18,2014,1.29411764706,1.86075634027,0.980392156863,51,51,51,0,1,rank_in_slot,TDs per ranked candidate
1,within-player,18,2014,1.22875816993,1.62252093315,0.97385620915,153,51,51,0,3,rank_in_slot,TDs per ranked candidate
1,within-player,18,2014,1.2,1.48275447727,0.972549019608,255,51,51,0,5,rank_in_slot,TDs per ranked candidate
1,within-player,18,2014,1.06862745098,1.26524689815,0.976470588235,510,51,51,0,10,rank_in_slot,TDs per ranked candidate
1,within-player,19,2014,1.19607843137,1.24668022115,0.980392156863,51,51,51,0,1,rank_available,TDs per ranked candidate
1,within-player,19,2014,0.960784313725,1.11990085976,0.954248366013,153,51,51,0,3,rank_available,TDs per ranked candidate
1,within-player,19,2014,0.894117647059,1.04460972413,0.956862745098,255,51,51,0,5,rank_available,TDs per ranked candidate
1,within-player,19,2014,0.790196078431,0.917960237878,0.919607843137,510,51,51,0,10,rank_available,TDs per ranked candidate
1,within-player,19,2014,1.29411764706,1.89486609399,0.941176470588,51,51,51,0,1,rank_in_slot,TDs per ranked candidate
1,within-player,19,2014,1.24183006536,1.62909319427,0.967320261438,153,51,51,0,3,rank_in_slot,TDs per ranked candidate
1,within-player,19,2014,1.14117647059,1.4833880998,0.972549019608,255,51,51,0,5,rank_in_slot,TDs per ranked candidate
1,within-player,19,2014,1.04901960784,1.263396627,0.974509803922,510,51,51,0,10,rank_in_slot,TDs per ranked candidate
1,base-rate-only,-1,2015,0.823529411765,1.11669937164,1,51,51,51,0,1,rank_available,TDs per ranked candidate
1,base-rate-only,-1,2015,1.07843137255,1.04676653735,1,153,51,51,0,3,rank_available,TDs per ranked candidate
1,base-rate-only,-1,2015,1.02352941176,0.999685819592,1,255,51,51,0,5,rank_available,TDs per ranked candidate
1,base-rate-only,-1,2015,0.872549019608,0.921432797213,0.949019607843,510,51,51,0,10,rank_available,TDs per ranked candidate
1,base-rate-only,-1,2015,1.01960784314,1.33581339989,0.980392156863,51,51,51,0,1,rank_in_slot,TDs per ranked candidate
1,base-rate-only,-1,2015,1.11111111111,1.25034142759,0.993464052288,153,51,51,0,3,rank_in_slot,TDs per ranked candidate
1,base-rate-only,-1,2015,1,1.18214832595,0.992156862745,255,51,51,0,5,rank_in_slot,TDs per ranked candidate
1,base-rate-only,-1,2015,0.970588235294,1.07446634929,0.974509803922,510,51,51,0,10,rank_in_slot,TDs per ranked candidate
1,current-season-rate,-1,2015,1.05882352941,1.08042780992,0.980392156863,51,51,51,0,1,rank_available,TDs per ranked candidate
1,current-season-rate,-1,2015,1.01307189542,1.01730380698,0.986928104575,153,51,51,0,3,rank_available,TDs per ranked candidate
1,current-season-rate,-1,2015,0.929411764706,0.97654887335,0.976470588235,255,51,51,0,5,rank_available,TDs per ranked candidate
1,current-season-rate,-1,2015,0.778431372549,0.912784689333,0.894117647059,510,51,51,0,10,rank_available,TDs per ranked candidate
1,current-season-rate,-1,2015,1.23529411765,1.24039595997,0.980392156863,51,51,51,0,1,rank_in_slot,TDs per ranked candidate
1,current-season-rate,-1,2015,1,1.14541666356,0.993464052288,153,51,51,0,3,rank_in_slot,TDs per ranked candidate
1,current-season-rate,-1,2015,1.02352941176,1.09447541695,0.988235294118,255,51,51,0,5,rank_in_slot,TDs per ranked candidate
1,current-season-rate,-1,2015,0.958823529412,1.01616953231,0.980392156863,510,51,51,0,10,rank_in_slot,TDs per ranked candidate
1,historical-rate,-1,2015,0.56862745098,1.32884278711,1,51,51,51,0,1,rank_available,TDs per ranked candidate
1,historical-rate,-1,2015,0.888888888889,1.19913677009,0.980392156863,153,51,51,0,3,rank_available,TDs per ranked candidate
1,historical-rate,-1,2015,0.862745098039,1.11956684982,0.960784313725,255,51,51,0,5,rank_available,TDs per ranked candidate
1,historical-rate,-1,2015,0.745098039216,0.996431475795,0.923529411765,510,51,51,0,10,rank_available,TDs per ranked candidate
1,historical-rate,-1,2015,0.941176470588,1.48805147059,0.960784313725,51,51,51,0,1,rank_in_slot,TDs per ranked candidate
1,historical-rate,-1,2015,0.915032679739,1.37191001401,0.967320261438,153,51,51,0,3,rank_in_slot,TDs per ranked candidate
1,historical-rate,-1,2015,0.929411764706,1.28375,0.964705882353,255,51,51,0,5,rank_in_slot,TDs per ranked candidate
1,historical-rate,-1,2015,0.856862745098,1.15177768351,0.956862745098,510,51,51,0,10,rank_in_slot,TDs per ranked candidate
1,no-vegas,-1,2015,1.19607843137,1.17116965224,0.980392156863,51,51,51,0,1,rank_available,TDs per ranked candidate
1,no-vegas,-1,2015,1.18954248366,1.06859030994,0.967320261438,153,51,51,0,3,rank_available,TDs per ranked candidate
1,no-vegas,-1,2015,1.05490196078,1.0075651116,0.960784313725,255,51,51,0,5,rank_available,TDs per ranked candidate
1,no-vegas,-1,2015,0.892156862745,0.909523482694,0.943137254902,510,51,51,0,10,rank_available,TDs per ranked candidate
1,no-vegas,-1,2015,1.27450980392,1.43142041719,1,51,51,51,0,1,rank_in_slot,TDs per ranked candidate
1,no-vegas,-1,2015,1.11111111111,1.29683126885,0.980392156863,153,51,51,0,3,rank_in_slot,TDs per ranked candidate
1,no-vegas,-1,2015,1.06666666667,1.20979723325,0.976470588235,255,51,51,0,5,rank_in_slot,TDs per ranked candidate
1,no-vegas,-1,2015,1.01568627451,1.08472907662,0.956862745098,510,51,51,0,10,rank_in_slot,TDs per ranked candidate
1,player-vegas,-1,2015,0.882352941176,1.1551346213,1,51,51,51,0,1,rank_available,TDs per ranked candidate
1,player-vegas,-1,2015,1.01960784314,1.06970953117,0.980392156863,153,51,51,0,3,rank_available,TDs per ranked candidate
1,player-vegas,-1,2015,0.98431372549,1.01525519086,0.98431372549,255,51,51,0,5,rank_available,TDs per ranked candidate
1,player-vegas,-1,2015,0.878431372549,0.922220752533,0.945098039216,510,51,51,0,10,rank_available,TDs per ranked candidate
1,player-vegas,-1,2015,1.07843137255,1.5922251095,0.980392156863,51,51,51,0,1,rank_in_slot,TDs per ranked candidate
1,player-vegas,-1,2015,1,1.40674952758,0.986928104575,153,51,51,0,3,rank_in_slot,TDs per ranked candidate
1,player-vegas,-1,2015,0.988235294118,1.30069451588,0.96862745098,255,51,51,0,5,rank_in_slot,TDs per ranked candidate
1,player-vegas,-1,2015,0.992156862745,1.14575754562,0.96862745098,510,51,51,0,10,rank_in_slot,TDs per ranked candidate
1,random,0,2015,0.294117647059,1.6850211604,0.843137254902,51,51,51,0,1,rank_available,TDs per ranked candidate
1,random,0,2015,0.418300653595,1.44200750431,0.764705882353,153,51,51,0,3,rank_available,TDs per ranked candidate
1,random,0,2015,0.380392156863,1.31617541821,0.701960784314,255,51,51,0,5,rank_available,TDs per ranked candidate
1,random,0,2015,0.341176470588,1.13272858984,0.672549019608,510,51,51,0,10,rank_available,TDs per ranked candidate
1,random,0,2015,0.294117647059,1.6850211604,0.843137254902,51,51,51,0,1,rank_in_slot,TDs per ranked candidate
1,random,0,2015,0.418300653595,1.4475678536,0.764705882353,153,51,51,0,3,rank_in_slot,TDs per ranked candidate
1,random,0,2015,0.4,1.32984678122,0.721568627451,255,51,51,0,5,rank_in_slot,TDs per ranked candidate
1,random,0,2015,0.429411764706,1.15541345061,0.71568627451,510,51,51,0,10,rank_in_slot,TDs per ranked candidate
1,random,1,2015,0.21568627451,1.66570399022,0.666666666667,51,51,51,0,1,rank_available,TDs per ranked candidate
1,random,1,2015,0.261437908497,1.41196310776,0.647058823529,153,51,51,0,3,rank_available,TDs per ranked candidate
1,random,1,2015,0.262745098039,1.29951351388,0.639215686275,255,51,51,0,5,rank_available,TDs per ranked candidate
1,random,1,2015,0.313725490196,1.12452162334,0.656862745098,510,51,51,0,10,rank_available,TDs per ranked candidate
1,random,1,2015,0.294117647059,1.68756574456,0.686274509804,51,51,51,0,1,rank_in_slot,TDs per ranked candidate
1,random,1,2015,0.372549019608,1.44300915717,0.686274509804,153,51,51,0,3,rank_in_slot,TDs per ranked candidate
1,random,1,2015,0.309803921569,1.32563893109,0.654901960784,255,51,51,0,5,rank_in_slot,TDs per ranked candidate
1,random,1,2015,0.386274509804,1.15386258659,0.690196078431,510,51,51,0,10,rank_in_slot,TDs per ranked candidate
1,random,2,2015,0.43137254902,1.69416784267,0.764705882353,51,51,51,0,1,rank_available,TDs per ranked candidate
1,random,2,2015,0.411764705882,1.43946458751,0.732026143791,153,51,51,0,3,rank_available,TDs per ranked candidate
1,random,2,2015,0.36862745098,1.31441734761,0.737254901961,255,51,51,0,5,rank_available,TDs per ranked candidate
1,random,2,2015,0.356862745098,1.13770618318,0.680392156863,510,51,51,0,10,rank_available,TDs per ranked candidate
1,random,2,2015,0.43137254902,1.69416784267,0.764705882353,51,51,51,0,1,rank_in_slot,TDs per ranked candidate
1,random,2,2015,0.418300653595,1.44942700702,0.725490196078,153,51,51,0,3,rank_in_slot,TDs per ranked candidate
1,random,2,2015,0.427450980392,1.32837922581,0.764705882353,255,51,51,0,5,rank_in_slot,TDs per ranked candidate
1,random,2,2015,0.390196078431,1.15604363144,0.703921568627,510,51,51,0,10,rank_in_slot,TDs per ranked candidate
1,random,3,2015,0.078431372549,1.6898137534,0.529411764706,51,51,51,0,1,rank_available,TDs per ranked candidate
1,random,3,2015,0.209150326797,1.44115154078,0.549019607843,153,51,51,0,3,rank_available,TDs per ranked candidate
1,random,3,2015,0.250980392157,1.31702969004,0.564705882353,255,51,51,0,5,rank_available,TDs per ranked candidate
1,random,3,2015,0.301960784314,1.13747062484,0.6,510,51,51,0,10,rank_available,TDs per ranked candidate
1,random,3,2015,0.0588235294118,1.69275682541,0.529411764706,51,51,51,0,1,rank_in_slot,TDs per ranked candidate
1,random,3,2015,0.202614379085,1.45076297135,0.562091503268,153,51,51,0,3,rank_in_slot,TDs per ranked candidate
1,random,3,2015,0.282352941176,1.32960152117,0.58431372549,255,51,51,0,5,rank_in_slot,TDs per ranked candidate
1,random,3,2015,0.372549019608,1.15658216106,0.625490196078,510,51,51,0,10,rank_in_slot,TDs per ranked candidate
1,random,4,2015,0.392156862745,1.69079001883,0.686274509804,51,51,51,0,1,rank_available,TDs per ranked candidate
1,random,4,2015,0.267973856209,1.44283126417,0.588235294118,153,51,51,0,3,rank_available,TDs per ranked candidate
1,random,4,2015,0.298039215686,1.31841091122,0.607843137255,255,51,51,0,5,rank_available,TDs per ranked candidate
1,random,4,2015,0.335294117647,1.14265778043,0.639215686275,510,51,51,0,10,rank_available,TDs per ranked candidate
1,random,4,2015,0.392156862745,1.69079001883,0.686274509804,51,51,51,0,1,rank_in_slot,TDs per ranked candidate
1,random,4,2015,0.294117647059,1.44870469131,0.62091503268,153,51,51,0,3,rank_in_slot,TDs per ranked candidate
1,random,4,2015,0.317647058824,1.33005281402,0.63137254902,255,51,51,0,5,rank_in_slot,TDs per ranked candidate
1,random,4,2015,0.33137254902,1.15619169274,0.654901960784,510,51,51,0,10,rank_in_slot,TDs per ranked candidate
1,random,5,2015,0.235294117647,1.67293217853,0.666666666667,51,51,51,0,1,rank_available,TDs per ranked candidate
1,random,5,2015,0.352941176471,1.43166796212,0.705882352941,153,51,51,0,3,rank_available,TDs per ranked candidate
1,random,5,2015,0.356862745098,1.30466253689,0.694117647059,255,51,51,0,5,rank_available,TDs per ranked candidate
1,random,5,2015,0.313725490196,1.12327953175,0.664705882353,510,51,51,0,10,rank_available,TDs per ranked candidate
1,random,5,2015,0.21568627451,1.68730256769,0.686274509804,51,51,51,0,1,rank_in_slot,TDs per ranked candidate
1,random,5,2015,0.411764705882,1.44639224638,0.732026143791,153,51,51,0,3,rank_in_slot,TDs per ranked candidate
1,random,5,2015,0.454901960784,1.32692640215,0.729411764706,255,51,51,0,5,rank_in_slot,TDs per ranked candidate
1,random,5,2015,0.411764705882,1.15454239073,0.694117647059,510,51,51,0,10,rank_in_slot,TDs per ranked candidate
1,random,6,2015,0.235294117647,1.68427028477,0.56862745098,51,51,51,0,1,rank_available,TDs per ranked candidate
1,random,6,2015,0.281045751634,1.43311467512,0.633986928105,153,51,51,0,3,rank_available,TDs per ranked candidate
1,random,6,2015,0.341176470588,1.30638117832,0.694117647059,255,51,51,0,5,rank_available,TDs per ranked candidate
1,random,6,2015,0.36862745098,1.12836408908,0.717647058824,510,51,51,0,10,rank_available,TDs per ranked candidate
1,random,6,2015,0.274509803922,1.69366328161,0.56862745098,51,51,51,0,1,rank_in_slot,TDs per ranked candidate
1,random,6,2015,0.352941176471,1.44729328421,0.666666666667,153,51,51,0,3,rank_in_slot,TDs per ranked candidate
1,random,6,2015,0.38431372549,1.32804380617,0.713725490196,255,51,51,0,5,rank_in_slot,TDs per ranked candidate
1,random,6,2015,0.419607843137,1.15555576169,0.749019607843,510,51,51,0,10,rank_in_slot,TDs per ranked candidate
1,random,7,2015,0.352941176471,1.63861004477,0.725490196078,51,51,51,0,1,rank_available,TDs per ranked candidate
1,random,7,2015,0.372549019608,1.40493396279,0.679738562092,153,51,51,0,3,rank_available,TDs per ranked candidate
1,random,7,2015,0.380392156863,1.29121672048,0.670588235294,255,51,51,0,5,rank_available,TDs per ranked candidate
1,random,7,2015,0.380392156863,1.12364392406,0.688235294118,510,51,51,0,10,rank_available,TDs per ranked candidate
1,random,7,2015,0.549019607843,1.68397740416,0.803921568627,51,51,51,0,1,rank_in_slot,TDs per ranked candidate
1,random,7,2015,0.450980392157,1.44318289486,0.745098039216,153,51,51,0,3,rank_in_slot,TDs per ranked candidate
1,random,7,2015,0.454901960784,1.32576072367,0.701960784314,255,51,51,0,5,rank_in_slot,TDs per ranked candidate
1,random,7,2015,0.435294117647,1.15390809367,0.709803921569,510,51,51,0,10,rank_in_slot,TDs per ranked candidate
1,random,8,2015,0.450980392157,1.63994405269,0.803921568627,51,51,51,0,1,rank_available,TDs per ranked candidate
1,random,8,2015,0.307189542484,1.40885071401,0.666666666667,153,51,51,0,3,rank_available,TDs per ranked candidate
1,random,8,2015,0.337254901961,1.29812651431,0.658823529412,255,51,51,0,5,rank_available,TDs per ranked candidate
1,random,8,2015,0.392156862745,1.13008336679,0.670588235294,510,51,51,0,10,rank_available,TDs per ranked candidate
1,random,8,2015,0.490196078431,1.69456183069,0.803921568627,51,51,51,0,1,rank_in_slot,TDs per ranked candidate
1,random,8,2015,0.352941176471,1.44972918721,0.692810457516,153,51,51,0,3,rank_in_slot,TDs per ranked candidate
1,random,8,2015,0.376470588235,1.32920262391,0.690196078431,255,51,51,0,5,rank_in_slot,TDs per ranked candidate
1,random,8,2015,0.405882352941,1.15600010127,0.688235294118,510,51,51,0,10,rank_in_slot,TDs per ranked candidate
1,random,9,2015,0.392156862745,1.57754754894,0.666666666667,51,51,51,0,1,rank_available,TDs per ranked candidate
1,random,9,2015,0.346405228758,1.37433471713,0.692810457516,153,51,51,0,3,rank_available,TDs per ranked candidate
1,random,9,2015,0.325490196078,1.26556476448,0.666666666667,255,51,51,0,5,rank_available,TDs per ranked candidate
1,random,9,2015,0.307843137255,1.10078494422,0.66862745098,510,51,51,0,10,rank_available,TDs per ranked candidate
1,random,9,2015,0.529411764706,1.68855673008,0.705882352941,51,51,51,0,1,rank_in_slot,TDs per ranked candidate
1,random,9,2015,0.496732026144,1.4450342785,0.745098039216,153,51,51,0,3,rank_in_slot,TDs per ranked candidate
1,random,9,2015,0.38431372549,1.32625866956,0.717647058824,255,51,51,0,5,rank_in_slot,TDs per ranked candidate
1,random,9,2015,0.376470588235,1.15366657141,0.696078431373,510,51,51,0,10,rank_in_slot,TDs per ranked candidate
1,random,10,2015,0.137254901961,1.68825375556,0.705882352941,51,51,51,0,1,rank_available,TDs per ranked candidate
1,random,10,2015,0.18954248366,1.44343617257,0.679738562092,153,51,51,0,3,rank_available,TDs per ranked candidate
1,random,10,2015,0.23137254902,1.32063597148,0.682352941176,255,51,51,0,5,rank_available,TDs per ranked candidate
1,random,10,2015,0.305882352941,1.13838299044,0.680392156863,510,51,51,0,10,rank_available,TDs per ranked candidate
1,random,10,2015,0.196078431373,1.69657392458,0.725490196078,51,51,51,0,1,rank_in_slot,TDs per ranked candidate
1,random,10,2015,0.222222222222,1.44898106041,0.692810457516,153,51,51,0,3,rank_in_slot,TDs per ranked candidate
1,random,10,2015,0.309803921569,1.32877838883,0.725490196078,255,51,51,0,5,rank_in_slot,TDs per ranked candidate
1,random,10,2015,0.378431372549,1.15505213862,0.7,510,51,51,0,10,rank_in_slot,TDs per ranked candidate
1,random,11,2015,0.411764705882,1.67490089427,0.627450980392,51,51,51,0,1,rank_available,TDs per ranked candidate
1,random,11,2015,0.496732026144,1.43762104789,0.679738562092,153,51,51,0,3,rank_available,TDs per ranked candidate
1,random,11,2015,0.458823529412,1.31421236216,0.682352941176,255,51,51,0,5,rank_available,TDs per ranked candidate
1,random,11,2015,0.378431372549,1.13403615273,0.676470588235,510,51,51,0,10,rank_available,TDs per ranked candidate
1,random,11,2015,0.470588235294,1.69370269433,0.666666666667,51,51,51,0,1,rank_in_slot,TDs per ranked candidate
1,random,11,2015,0.483660130719,1.45190918001,0.686274509804,153,51,51,0,3,rank_in_slot,TDs per ranked candidate
1,random,11,2015,0.498039215686,1.3318130261,0.705882352941,255,51,51,0,5,rank_in_slot,TDs per ranked candidate
1,random,11,2015,0.456862745098,1.15577298691,0.71568627451,510,51,51,0,10,rank_in_slot,TDs per ranked candidate
1,random,12,2015,0.313725490196,1.63948364047,0.78431372549,51,51,51,0,1,rank_available,TDs per ranked candidate
1,random,12,2015,0.392156862745,1.39286237295,0.725490196078,153,51,51,0,3,rank_available,TDs per ranked candidate
1,random,12,2015,0.341176470588,1.27700116577,0.705882352941,255,51,51,0,5,rank_available,TDs per ranked candidate
1,random,12,2015,0.327450980392,1.11077459098,0.688235294118,510,51,51,0,10,rank_available,TDs per ranked candidate
1,random,12,2015,0.352941176471,1.6881744761,0.78431372549,51,51,51,0,1,rank_in_slot,TDs per ranked candidate
1,random,12,2015,0.529411764706,1.44382033499,0.790849673203,153,51,51,0,3,rank_in_slot,TDs per ranked candidate
1,random,12,2015,0.435294117647,1.32565633573,0.745098039216,255,51,51,0,5,rank_in_slot,TDs per ranked candidate
1,random,12,2015,0.38431372549,1.15393971964,0.709803921569,510,51,51,0,10,rank_in_slot,TDs per ranked candidate
1,random,13,2015,0.313725490196,1.63591568017,0.764705882353,51,51,51,0,1,rank_available,TDs per ranked candidate
1,random,13,2015,0.43137254902,1.41306110308,0.797385620915,153,51,51,0,3,rank_available,TDs per ranked candidate
1,random,13,2015,0.41568627451,1.29997516071,0.760784313725,255,51,51,0,5,rank_available,TDs per ranked candidate
1,random,13,2015,0.358823529412,1.1249681751,0.701960784314,510,51,51,0,10,rank_available,TDs per ranked candidate
1,random,13,2015,0.392156862745,1.67571791891,0.803921568627,51,51,51,0,1,rank_in_slot,TDs per ranked candidate
1,random,13,2015,0.490196078431,1.44361683871,0.803921568627,153,51,51,0,3,rank_in_slot,TDs per ranked candidate
1,random,13,2015,0.521568627451,1.32679105347,0.78431372549,255,51,51,0,5,rank_in_slot,TDs per ranked candidate
1,random,13,2015,0.48431372549,1.15388340544,0.756862745098,510,51,51,0,10,rank_in_slot,TDs per ranked candidate
1,random,14,2015,0.137254901961,1.68533414166,0.529411764706,51,51,51,0,1,rank_available,TDs per ranked candidate
1,random,14,2015,0.339869281046,1.42535533634,0.692810457516,153,51,51,0,3,rank_available,TDs per ranked candidate
1,random,14,2015,0.38431372549,1.30028469962,0.694117647059,255,51,51,0,5,rank_available,TDs per ranked candidate
1,random,14,2015,0.337254901961,1.12454549089,0.692156862745,510,51,51,0,10,rank_available,TDs per ranked candidate
1,random,14,2015,0.137254901961,1.69360614618,0.529411764706,51,51,51,0,1,rank_in_slot,TDs per ranked candidate
1,random,14,2015,0.418300653595,1.45110738122,0.712418300654,153,51,51,0,3,rank_in_slot,TDs per ranked candidate
1,random,14,2015,0.435294117647,1.33074818033,0.717647058824,255,51,51,0,5,rank_in_slot,TDs per ranked candidate
1,random,14,2015,0.382352941176,1.15757897605,0.703921568627,510,51,51,0,10,rank_in_slot,TDs per ranked candidate
1,random,15,2015,0.294117647059,1.69464159648,0.56862745098,51,51,51,0,1,rank_available,TDs per ranked candidate
1,random,15,2015,0.320261437908,1.43883429309,0.614379084967,153,51,51,0,3,rank_available,TDs per ranked candidate
1,random,15,2015,0.337254901961,1.31667232577,0.647058823529,255,51,51,0,5,rank_available,TDs per ranked candidate
1,random,15,2015,0.280392156863,1.14391876642,0.641176470588,510,51,51,0,10,rank_available,TDs per ranked candidate
1,random,15,2015,0.294117647059,1.69464159648,0.56862745098,51,51,51,0,1,rank_in_slot,TDs per ranked candidate
1,random,15,2015,0.352941176471,1.44301988316,0.627450980392,153,51,51,0,3,rank_in_slot,TDs per ranked candidate
1,random,15,2015,0.372549019608,1.32617586497,0.658823529412,255,51,51,0,5,rank_in_slot,TDs per ranked candidate
1,random,15,2015,0.31568627451,1.15551402804,0.660784313725,510,51,51,0,10,rank_in_slot,TDs per ranked candidate
1,random,16,2015,0.411764705882,1.65361420855,0.647058823529,51,51,51,0,1,rank_available,TDs per ranked candidate
1,random,16,2015,0.372549019608,1.41986691203,0.640522875817,153,51,51,0,3,rank_available,TDs per ranked candidate
1,random,16,2015,0.423529411765,1.2996850796,0.666666666667,255,51,51,0,5,rank_available,TDs per ranked candidate
1,random,16,2015,0.38431372549,1.12704124824,0.672549019608,510,51,51,0,10,rank_available,TDs per ranked candidate
1,random,16,2015,0.470588235294,1.69671168572,0.705882352941,51,51,51,0,1,rank_in_slot,TDs per ranked candidate
1,random,16,2015,0.43137254902,1.44729305221,0.679738562092,153,51,51,0,3,rank_in_slot,TDs per ranked candidate
1,random,16,2015,0.466666666667,1.32624348536,0.698039215686,255,51,51,0,5,rank_in_slot,TDs per ranked candidate
1,random,16,2015,0.450980392157,1.15473785077,0.703921568627,510,51,51,0,10,rank_in_slot,TDs per ranked candidate
1,random,17,2015,0.392156862745,1.6187096636,0.78431372549,51,51,51,0,1,rank_available,TDs per ranked candidate
1,random,17,2015,0.274509803922,1.39739029639,0.686274509804,153,51,51,0,3,rank_available,TDs per ranked candidate
1,random,17,2015,0.250980392157,1.28964961187,0.627450980392,255,51,51,0,5,rank_available,TDs per ranked candidate
1,random,17,2015,0.311764705882,1.12224578149,0.645098039216,510,51,51,0,10,rank_available,TDs per ranked candidate
1,random,17,2015,0.647058823529,1.69347287332,0.843137254902,51,51,51,0,1,rank_in_slot,TDs per ranked candidate
1,random,17,2015,0.398692810458,1.44960213113,0.725490196078,153,51,51,0,3,rank_in_slot,TDs per ranked candidate
1,random,17,2015,0.305882352941,1.32987304727,0.643137254902,255,51,51,0,5,rank_in_slot,TDs per ranked candidate
1,random,17,2015,0.358823529412,1.15604819456,0.662745098039,510,51,51,0,10,rank_in_slot,TDs per ranked candidate
1,random,18,2015,0.372549019608,1.63192840531,0.647058823529,51,51,51,0,1,rank_available,TDs per ranked candidate
1,random,18,2015,0.274509803922,1.41205032232,0.640522875817,153,51,51,0,3,rank_available,TDs per ranked candidate
1,random,18,2015,0.270588235294,1.29337565898,0.643137254902,255,51,51,0,5,rank_available,TDs per ranked candidate
1,random,18,2015,0.333333333333,1.12387599509,0.670588235294,510,51,51,0,10,rank_available,TDs per ranked candidate
1,random,18,2015,0.352941176471,1.68299292673,0.686274509804,51,51,51,0,1,rank_in_slot,TDs per ranked candidate
1,random,18,2015,0.366013071895,1.44462833898,0.673202614379,153,51,51,0,3,rank_in_slot,TDs per ranked candidate
1,random,18,2015,0.333333333333,1.32538687899,0.670588235294,255,51,51,0,5,rank_in_slot,TDs per ranked candidate
1,random,18,2015,0.388235294118,1.15257417245,0.692156862745,510,51,51,0,10,rank_in_slot,TDs per ranked candidate
1,random,19,2015,0.509803921569,1.57591251503,0.745098039216,51,51,51,0,1,rank_available,TDs per ranked candidate
1,random,19,2015,0.346405228758,1.39094637696,0.679738562092,153,51,51,0,3,rank_available,TDs per ranked candidate
1,random,19,2015,0.380392156863,1.27873620568,0.690196078431,255,51,51,0,5,rank_available,TDs per ranked candidate
1,random,19,2015,0.360784313725,1.11188687868,0.698039215686,510,51,51,0,10,rank_available,TDs per ranked candidate
1,random,19,2015,0.686274509804,1.69428145583,0.882352941176,51,51,51,0,1,rank_in_slot,TDs per ranked candidate
1,random,19,2015,0.359477124183,1.44972173403,0.725490196078,153,51,51,0,3,rank_in_slot,TDs per ranked candidate
1,random,19,2015,0.41568627451,1.32972249779,0.725490196078,255,51,51,0,5,rank_in_slot,TDs per ranked candidate
1,random,19,2015,0.429411764706,1.15628474349,0.723529411765,510,51,51,0,10,rank_in_slot,TDs per ranked candidate
1,regressed-rate,-1,2015,0.56862745098,1.16671453214,1,51,51,51,0,1,rank_available,TDs per ranked candidate
1,regressed-rate,-1,2015,0.888888888889,1.07701976089,0.980392156863,153,51,51,0,3,rank_available,TDs per ranked candidate
1,regressed-rate,-1,2015,0.847058823529,1.02153571346,0.956862745098,255,51,51,0,5,rank_available,TDs per ranked candidate
1,regressed-rate,-1,2015,0.71568627451,0.939737865475,0.907843137255,510,51,51,0,10,rank_available,TDs per ranked candidate
1,regressed-rate,-1,2015,0.980392156863,1.28085063828,0.960784313725,51,51,51,0,1,rank_in_slot,TDs per ranked candidate
1,regressed-rate,-1,2015,0.915032679739,1.20035023065,0.967320261438,153,51,51,0,3,rank_in_slot,TDs per ranked candidate
1,regressed-rate,-1,2015,0.909803921569,1.13773765061,0.964705882353,255,51,51,0,5,rank_in_slot,TDs per ranked candidate
1,regressed-rate,-1,2015,0.850980392157,1.04384035113,0.954901960784,510,51,51,0,10,rank_in_slot,TDs per ranked candidate
1,shipped,-1,2015,1.19607843137,1.18264732893,0.960784313725,51,51,51,0,1,rank_available,TDs per ranked candidate
1,shipped,-1,2015,1.13071895425,1.07594094477,0.967320261438,153,51,51,0,3,rank_available,TDs per ranked candidate
1,shipped,-1,2015,1.07058823529,1.01025372532,0.956862745098,255,51,51,0,5,rank_available,TDs per ranked candidate
1,shipped,-1,2015,0.888235294118,0.901193554087,0.941176470588,510,51,51,0,10,rank_available,TDs per ranked candidate
1,shipped,-1,2015,1.07843137255,1.68118149284,1,51,51,51,0,1,rank_in_slot,TDs per ranked candidate
1,shipped,-1,2015,1.13071895425,1.4404488024,0.980392156863,153,51,51,0,3,rank_in_slot,TDs per ranked candidate
1,shipped,-1,2015,1,1.32017122562,0.949019607843,255,51,51,0,5,rank_in_slot,TDs per ranked candidate
1,shipped,-1,2015,0.988235294118,1.15009355019,0.960784313725,510,51,51,0,10,rank_in_slot,TDs per ranked candidate
1,vegas-environment,-1,2015,1.03921568627,0.898127350616,0.901960784314,51,51,51,0,1,rank_available,TDs per ranked candidate
1,vegas-environment,-1,2015,0.869281045752,0.856795616938,0.901960784314,153,51,51,0,3,rank_available,TDs per ranked candidate
1,vegas-environment,-1,2015,0.81568627451,0.835481519215,0.917647058824,255,51,51,0,5,rank_available,TDs per ranked candidate
1,vegas-environment,-1,2015,0.796078431373,0.804283970817,0.921568627451,510,51,51,0,10,rank_available,TDs per ranked candidate
1,vegas-environment,-1,2015,0.882352941176,0.966987696906,0.921568627451,51,51,51,0,1,rank_in_slot,TDs per ranked candidate
1,vegas-environment,-1,2015,0.764705882353,0.923875031461,0.895424836601,153,51,51,0,3,rank_in_slot,TDs per ranked candidate
1,vegas-environment,-1,2015,0.780392156863,0.896614315778,0.913725490196,255,51,51,0,5,rank_in_slot,TDs per ranked candidate
1,vegas-environment,-1,2015,0.911764705882,0.856676002212,0.941176470588,510,51,51,0,10,rank_in_slot,TDs per ranked candidate
1,within-player,0,2015,1,1.16732211883,0.960784313725,51,51,51,0,1,rank_available,TDs per ranked candidate
1,within-player,0,2015,0.980392156863,1.06698959119,0.980392156863,153,51,51,0,3,rank_available,TDs per ranked candidate
1,within-player,0,2015,0.945098039216,1.00255032614,0.96862745098,255,51,51,0,5,rank_available,TDs per ranked candidate
1,within-player,0,2015,0.841176470588,0.898740023406,0.939215686275,510,51,51,0,10,rank_available,TDs per ranked candidate
1,within-player,0,2015,1,1.6653911625,0.980392156863,51,51,51,0,1,rank_in_slot,TDs per ranked candidate
1,within-player,0,2015,1.11764705882,1.42852014749,0.980392156863,153,51,51,0,3,rank_in_slot,TDs per ranked candidate
1,within-player,0,2015,1.01960784314,1.30443502425,0.980392156863,255,51,51,0,5,rank_in_slot,TDs per ranked candidate
1,within-player,0,2015,0.907843137255,1.13985245275,0.952941176471,510,51,51,0,10,rank_in_slot,TDs per ranked candidate
1,within-player,1,2015,1.1568627451,1.18337735588,0.960784313725,51,51,51,0,1,rank_available,TDs per ranked candidate
1,within-player,1,2015,0.97385620915,1.07269335525,0.967320261438,153,51,51,0,3,rank_available,TDs per ranked candidate
1,within-player,1,2015,1,1.00932435134,0.96862745098,255,51,51,0,5,rank_available,TDs per ranked candidate
1,within-player,1,2015,0.860784313725,0.90096122633,0.943137254902,510,51,51,0,10,rank_available,TDs per ranked candidate
1,within-player,1,2015,1.13725490196,1.70896817448,0.980392156863,51,51,51,0,1,rank_in_slot,TDs per ranked candidate
1,within-player,1,2015,1.0522875817,1.45328446745,0.97385620915,153,51,51,0,3,rank_in_slot,TDs per ranked candidate
1,within-player,1,2015,0.980392156863,1.32672106772,0.960784313725,255,51,51,0,5,rank_in_slot,TDs per ranked candidate
1,within-player,1,2015,0.947058823529,1.15211610795,0.962745098039,510,51,51,0,10,rank_in_slot,TDs per ranked candidate
1,within-player,2,2015,0.941176470588,1.17597092472,0.980392156863,51,51,51,0,1,rank_available,TDs per ranked candidate
1,within-player,2,2015,0.941176470588,1.07239424865,0.97385620915,153,51,51,0,3,rank_available,TDs per ranked candidate
1,within-player,2,2015,0.992156862745,1.00651276911,0.972549019608,255,51,51,0,5,rank_available,TDs per ranked candidate
1,within-player,2,2015,0.858823529412,0.900691920416,0.941176470588,510,51,51,0,10,rank_available,TDs per ranked candidate
1,within-player,2,2015,1.01960784314,1.65378041623,0.980392156863,51,51,51,0,1,rank_in_slot,TDs per ranked candidate
1,within-player,2,2015,1.14379084967,1.44028512581,0.967320261438,153,51,51,0,3,rank_in_slot,TDs per ranked candidate
1,within-player,2,2015,1,1.32587792222,0.96862745098,255,51,51,0,5,rank_in_slot,TDs per ranked candidate
1,within-player,2,2015,0.939215686275,1.15336430983,0.960784313725,510,51,51,0,10,rank_in_slot,TDs per ranked candidate
1,within-player,3,2015,1.05882352941,1.17191844781,0.960784313725,51,51,51,0,1,rank_available,TDs per ranked candidate
1,within-player,3,2015,1.06535947712,1.07616396877,0.967320261438,153,51,51,0,3,rank_available,TDs per ranked candidate
1,within-player,3,2015,0.929411764706,1.01490103578,0.956862745098,255,51,51,0,5,rank_available,TDs per ranked candidate
1,within-player,3,2015,0.862745098039,0.907504241863,0.945098039216,510,51,51,0,10,rank_available,TDs per ranked candidate
1,within-player,3,2015,0.960784313725,1.63882110938,0.980392156863,51,51,51,0,1,rank_in_slot,TDs per ranked candidate
1,within-player,3,2015,0.980392156863,1.41886444916,0.980392156863,153,51,51,0,3,rank_in_slot,TDs per ranked candidate
1,within-player,3,2015,0.992156862745,1.30613325845,0.972549019608,255,51,51,0,5,rank_in_slot,TDs per ranked candidate
1,within-player,3,2015,0.937254901961,1.14346818307,0.952941176471,510,51,51,0,10,rank_in_slot,TDs per ranked candidate
1,within-player,4,2015,1.19607843137,1.1970660316,0.980392156863,51,51,51,0,1,rank_available,TDs per ranked candidate
1,within-player,4,2015,1.07189542484,1.09126809888,0.980392156863,153,51,51,0,3,rank_available,TDs per ranked candidate
1,within-player,4,2015,1.03529411765,1.02452525918,0.964705882353,255,51,51,0,5,rank_available,TDs per ranked candidate
1,within-player,4,2015,0.854901960784,0.914021028627,0.943137254902,510,51,51,0,10,rank_available,TDs per ranked candidate
1,within-player,4,2015,1.11764705882,1.67530348892,0.980392156863,51,51,51,0,1,rank_in_slot,TDs per ranked candidate
1,within-player,4,2015,1.07843137255,1.44627234705,0.980392156863,153,51,51,0,3,rank_in_slot,TDs per ranked candidate
1,within-player,4,2015,1,1.32315149019,0.980392156863,255,51,51,0,5,rank_in_slot,TDs per ranked candidate
1,within-player,4,2015,0.966666666667,1.15634824781,0.966666666667,510,51,51,0,10,rank_in_slot,TDs per ranked candidate
1,within-player,5,2015,0.78431372549,1.21218638367,0.921568627451,51,51,51,0,1,rank_available,TDs per ranked candidate
1,within-player,5,2015,0.967320261438,1.09008045853,0.954248366013,153,51,51,0,3,rank_available,TDs per ranked candidate
1,within-player,5,2015,0.980392156863,1.01973692257,0.96862745098,255,51,51,0,5,rank_available,TDs per ranked candidate
1,within-player,5,2015,0.896078431373,0.90748290723,0.950980392157,510,51,51,0,10,rank_available,TDs per ranked candidate
1,within-player,5,2015,1.05882352941,1.68957546902,0.980392156863,51,51,51,0,1,rank_in_slot,TDs per ranked candidate
1,within-player,5,2015,0.954248366013,1.43680232781,0.967320261438,153,51,51,0,3,rank_in_slot,TDs per ranked candidate
1,within-player,5,2015,0.980392156863,1.32439383397,0.952941176471,255,51,51,0,5,rank_in_slot,TDs per ranked candidate
1,within-player,5,2015,0.956862745098,1.15410160508,0.960784313725,510,51,51,0,10,rank_in_slot,TDs per ranked candidate
1,within-player,6,2015,1.13725490196,1.2251794757,1,51,51,51,0,1,rank_available,TDs per ranked candidate
1,within-player,6,2015,1.01960784314,1.09382955073,0.980392156863,153,51,51,0,3,rank_available,TDs per ranked candidate
1,within-player,6,2015,1.0431372549,1.02010669378,0.96862745098,255,51,51,0,5,rank_available,TDs per ranked candidate
1,within-player,6,2015,0.866666666667,0.90793525832,0.943137254902,510,51,51,0,10,rank_available,TDs per ranked candidate
1,within-player,6,2015,0.941176470588,1.69064248435,0.980392156863,51,51,51,0,1,rank_in_slot,TDs per ranked candidate
1,within-player,6,2015,1.07189542484,1.46196305722,0.960784313725,153,51,51,0,3,rank_in_slot,TDs per ranked candidate
1,within-player,6,2015,1.00784313725,1.33842687194,0.96862745098,255,51,51,0,5,rank_in_slot,TDs per ranked candidate
1,within-player,6,2015,0.974509803922,1.16261692456,0.956862745098,510,51,51,0,10,rank_in_slot,TDs per ranked candidate
1,within-player,7,2015,1.11764705882,1.21024426847,1,51,51,51,0,1,rank_available,TDs per ranked candidate
1,within-player,7,2015,1.00653594771,1.09904757271,0.967320261438,153,51,51,0,3,rank_available,TDs per ranked candidate
1,within-player,7,2015,0.992156862745,1.03065249387,0.972549019608,255,51,51,0,5,rank_available,TDs per ranked candidate
1,within-player,7,2015,0.882352941176,0.919497029533,0.943137254902,510,51,51,0,10,rank_available,TDs per ranked candidate
1,within-player,7,2015,0.941176470588,1.70918419583,0.980392156863,51,51,51,0,1,rank_in_slot,TDs per ranked candidate
1,within-player,7,2015,1.11764705882,1.46098206122,0.980392156863,153,51,51,0,3,rank_in_slot,TDs per ranked candidate
1,within-player,7,2015,1.00392156863,1.33752134956,0.960784313725,255,51,51,0,5,rank_in_slot,TDs per ranked candidate
1,within-player,7,2015,0.923529411765,1.15857395852,0.956862745098,510,51,51,0,10,rank_in_slot,TDs per ranked candidate
1,within-player,8,2015,1.25490196078,1.18857334321,0.960784313725,51,51,51,0,1,rank_available,TDs per ranked candidate
1,within-player,8,2015,1.07843137255,1.08421179979,0.97385620915,153,51,51,0,3,rank_available,TDs per ranked candidate
1,within-player,8,2015,0.976470588235,1.0160931123,0.949019607843,255,51,51,0,5,rank_available,TDs per ranked candidate
1,within-player,8,2015,0.888235294118,0.90569066868,0.943137254902,510,51,51,0,10,rank_available,TDs per ranked candidate
1,within-player,8,2015,1.13725490196,1.68276416427,0.980392156863,51,51,51,0,1,rank_in_slot,TDs per ranked candidate
1,within-player,8,2015,1.08496732026,1.44566432083,0.97385620915,153,51,51,0,3,rank_in_slot,TDs per ranked candidate
1,within-player,8,2015,0.980392156863,1.32509176963,0.964705882353,255,51,51,0,5,rank_in_slot,TDs per ranked candidate
1,within-player,8,2015,0.939215686275,1.15367961026,0.954901960784,510,51,51,0,10,rank_in_slot,TDs per ranked candidate
1,within-player,9,2015,1.03921568627,1.1939878565,1,51,51,51,0,1,rank_available,TDs per ranked candidate
1,within-player,9,2015,1.09150326797,1.08854291247,0.980392156863,153,51,51,0,3,rank_available,TDs per ranked candidate
1,within-player,9,2015,1.03921568627,1.0218747015,0.96862745098,255,51,51,0,5,rank_available,TDs per ranked candidate
1,within-player,9,2015,0.876470588235,0.910812707927,0.945098039216,510,51,51,0,10,rank_available,TDs per ranked candidate
1,within-player,9,2015,0.960784313725,1.6179367697,0.980392156863,51,51,51,0,1,rank_in_slot,TDs per ranked candidate
1,within-player,9,2015,1.07189542484,1.42479843724,0.980392156863,153,51,51,0,3,rank_in_slot,TDs per ranked candidate
1,within-player,9,2015,0.964705882353,1.31805134968,0.96862745098,255,51,51,0,5,rank_in_slot,TDs per ranked candidate
1,within-player,9,2015,0.93137254902,1.15457852354,0.952941176471,510,51,51,0,10,rank_in_slot,TDs per ranked candidate
1,within-player,10,2015,1.17647058824,1.18801652808,0.980392156863,51,51,51,0,1,rank_available,TDs per ranked candidate
1,within-player,10,2015,1,1.07292127655,0.97385620915,153,51,51,0,3,rank_available,TDs per ranked candidate
1,within-player,10,2015,1.03137254902,1.00552993768,0.976470588235,255,51,51,0,5,rank_available,TDs per ranked candidate
1,within-player,10,2015,0.872549019608,0.899052404757,0.943137254902,510,51,51,0,10,rank_available,TDs per ranked candidate
1,within-player,10,2015,1.01960784314,1.67264363586,0.980392156863,51,51,51,0,1,rank_in_slot,TDs per ranked candidate
1,within-player,10,2015,1.05882352941,1.43725672352,0.960784313725,153,51,51,0,3,rank_in_slot,TDs per ranked candidate
1,within-player,10,2015,0.988235294118,1.31544935813,0.960784313725,255,51,51,0,5,rank_in_slot,TDs per ranked candidate
1,within-player,10,2015,0.949019607843,1.14404929343,0.958823529412,510,51,51,0,10,rank_in_slot,TDs per ranked candidate
1,within-player,11,2015,1.09803921569,1.18242203577,0.960784313725,51,51,51,0,1,rank_available,TDs per ranked candidate
1,within-player,11,2015,0.993464052288,1.06940533402,0.960784313725,153,51,51,0,3,rank_available,TDs per ranked candidate
1,within-player,11,2015,0.956862745098,1.00681282019,0.949019607843,255,51,51,0,5,rank_available,TDs per ranked candidate
1,within-player,11,2015,0.862745098039,0.898815823759,0.945098039216,510,51,51,0,10,rank_available,TDs per ranked candidate
1,within-player,11,2015,1.05882352941,1.68192220586,0.980392156863,51,51,51,0,1,rank_in_slot,TDs per ranked candidate
1,within-player,11,2015,1.03267973856,1.42549121261,0.980392156863,153,51,51,0,3,rank_in_slot,TDs per ranked candidate
1,within-player,11,2015,0.996078431373,1.30900236068,0.96862745098,255,51,51,0,5,rank_in_slot,TDs per ranked candidate
1,within-player,11,2015,0.925490196078,1.1403865136,0.956862745098,510,51,51,0,10,rank_in_slot,TDs per ranked candidate
1,within-player,12,2015,1.13725490196,1.19601218089,1,51,51,51,0,1,rank_available,TDs per ranked candidate
1,within-player,12,2015,0.993464052288,1.09252488034,0.980392156863,153,51,51,0,3,rank_available,TDs per ranked candidate
1,within-player,12,2015,0.988235294118,1.02022379966,0.96862745098,255,51,51,0,5,rank_available,TDs per ranked candidate
1,within-player,12,2015,0.870588235294,0.906998724679,0.941176470588,510,51,51,0,10,rank_available,TDs per ranked candidate
1,within-player,12,2015,1.03921568627,1.66686757371,0.980392156863,51,51,51,0,1,rank_in_slot,TDs per ranked candidate
1,within-player,12,2015,1.09803921569,1.44827493702,0.986928104575,153,51,51,0,3,rank_in_slot,TDs per ranked candidate
1,within-player,12,2015,1,1.32804709374,0.980392156863,255,51,51,0,5,rank_in_slot,TDs per ranked candidate
1,within-player,12,2015,0.958823529412,1.15133883889,0.950980392157,510,51,51,0,10,rank_in_slot,TDs per ranked candidate
1,within-player,13,2015,1.19607843137,1.20723898727,0.980392156863,51,51,51,0,1,rank_available,TDs per ranked candidate
1,within-player,13,2015,1.05882352941,1.08798932903,0.97385620915,153,51,51,0,3,rank_available,TDs per ranked candidate
1,within-player,13,2015,0.980392156863,1.01841252321,0.964705882353,255,51,51,0,5,rank_available,TDs per ranked candidate
1,within-player,13,2015,0.872549019608,0.908541769716,0.945098039216,510,51,51,0,10,rank_available,TDs per ranked candidate
1,within-player,13,2015,1,1.6659313363,0.980392156863,51,51,51,0,1,rank_in_slot,TDs per ranked candidate
1,within-player,13,2015,1.07189542484,1.44483396336,0.986928104575,153,51,51,0,3,rank_in_slot,TDs per ranked candidate
1,within-player,13,2015,1.01568627451,1.32014102739,0.96862745098,255,51,51,0,5,rank_in_slot,TDs per ranked candidate
1,within-player,13,2015,0.966666666667,1.15319376838,0.962745098039,510,51,51,0,10,rank_in_slot,TDs per ranked candidate
1,within-player,14,2015,1.1568627451,1.19746193154,0.980392156863,51,51,51,0,1,rank_available,TDs per ranked candidate
1,within-player,14,2015,0.960784313725,1.08841937192,0.967320261438,153,51,51,0,3,rank_available,TDs per ranked candidate
1,within-player,14,2015,0.996078431373,1.01936580667,0.964705882353,255,51,51,0,5,rank_available,TDs per ranked candidate
1,within-player,14,2015,0.837254901961,0.904382488888,0.943137254902,510,51,51,0,10,rank_available,TDs per ranked candidate
1,within-player,14,2015,1.11764705882,1.68573752498,0.980392156863,51,51,51,0,1,rank_in_slot,TDs per ranked candidate
1,within-player,14,2015,1.09803921569,1.44011620741,0.986928104575,153,51,51,0,3,rank_in_slot,TDs per ranked candidate
1,within-player,14,2015,1.00784313725,1.31940724868,0.972549019608,255,51,51,0,5,rank_in_slot,TDs per ranked candidate
1,within-player,14,2015,0.935294117647,1.14932164959,0.950980392157,510,51,51,0,10,rank_in_slot,TDs per ranked candidate
1,within-player,15,2015,1.17647058824,1.21359236496,0.960784313725,51,51,51,0,1,rank_available,TDs per ranked candidate
1,within-player,15,2015,1.06535947712,1.09868684774,0.97385620915,153,51,51,0,3,rank_available,TDs per ranked candidate
1,within-player,15,2015,1.00392156863,1.02650966215,0.960784313725,255,51,51,0,5,rank_available,TDs per ranked candidate
1,within-player,15,2015,0.876470588235,0.90892819163,0.945098039216,510,51,51,0,10,rank_available,TDs per ranked candidate
1,within-player,15,2015,1.01960784314,1.6442747129,0.980392156863,51,51,51,0,1,rank_in_slot,TDs per ranked candidate
1,within-player,15,2015,1.09150326797,1.4353205392,0.97385620915,153,51,51,0,3,rank_in_slot,TDs per ranked candidate
1,within-player,15,2015,1.01960784314,1.32152716167,0.964705882353,255,51,51,0,5,rank_in_slot,TDs per ranked candidate
1,within-player,15,2015,0.949019607843,1.15451724918,0.960784313725,510,51,51,0,10,rank_in_slot,TDs per ranked candidate
1,within-player,16,2015,1.1568627451,1.21841081078,0.980392156863,51,51,51,0,1,rank_available,TDs per ranked candidate
1,within-player,16,2015,1.03267973856,1.08846667365,0.980392156863,153,51,51,0,3,rank_available,TDs per ranked candidate
1,within-player,16,2015,1.00392156863,1.02272809874,0.960784313725,255,51,51,0,5,rank_available,TDs per ranked candidate
1,within-player,16,2015,0.870588235294,0.911142957566,0.939215686275,510,51,51,0,10,rank_available,TDs per ranked candidate
1,within-player,16,2015,1,1.66098264893,0.980392156863,51,51,51,0,1,rank_in_slot,TDs per ranked candidate
1,within-player,16,2015,1.03921568627,1.44678067693,0.980392156863,153,51,51,0,3,rank_in_slot,TDs per ranked candidate
1,within-player,16,2015,1,1.32837100329,0.972549019608,255,51,51,0,5,rank_in_slot,TDs per ranked candidate
1,within-player,16,2015,0.949019607843,1.1585063526,0.958823529412,510,51,51,0,10,rank_in_slot,TDs per ranked candidate
1,within-player,17,2015,0.960784313725,1.19162388698,0.960784313725,51,51,51,0,1,rank_available,TDs per ranked candidate
1,within-player,17,2015,0.97385620915,1.07465876046,0.980392156863,153,51,51,0,3,rank_available,TDs per ranked candidate
1,within-player,17,2015,0.988235294118,1.01158104433,0.976470588235,255,51,51,0,5,rank_available,TDs per ranked candidate
1,within-player,17,2015,0.880392156863,0.907646315697,0.945098039216,510,51,51,0,10,rank_available,TDs per ranked candidate
1,within-player,17,2015,1.17647058824,1.64872375154,0.980392156863,51,51,51,0,1,rank_in_slot,TDs per ranked candidate
1,within-player,17,2015,1.07189542484,1.42594018373,0.980392156863,153,51,51,0,3,rank_in_slot,TDs per ranked candidate
1,within-player,17,2015,1.01176470588,1.30561046821,0.980392156863,255,51,51,0,5,rank_in_slot,TDs per ranked candidate
1,within-player,17,2015,0.933333333333,1.14110572576,0.958823529412,510,51,51,0,10,rank_in_slot,TDs per ranked candidate
1,within-player,18,2015,1.1568627451,1.2006946991,1,51,51,51,0,1,rank_available,TDs per ranked candidate
1,within-player,18,2015,1.11764705882,1.08427796867,0.980392156863,153,51,51,0,3,rank_available,TDs per ranked candidate
1,within-player,18,2015,1.01960784314,1.0182809572,0.976470588235,255,51,51,0,5,rank_available,TDs per ranked candidate
1,within-player,18,2015,0.880392156863,0.905429863353,0.941176470588,510,51,51,0,10,rank_available,TDs per ranked candidate
1,within-player,18,2015,1.09803921569,1.68355469323,0.980392156863,51,51,51,0,1,rank_in_slot,TDs per ranked candidate
1,within-player,18,2015,1.07843137255,1.45349622825,0.980392156863,153,51,51,0,3,rank_in_slot,TDs per ranked candidate
1,within-player,18,2015,1.01568627451,1.32720940956,0.972549019608,255,51,51,0,5,rank_in_slot,TDs per ranked candidate
1,within-player,18,2015,0.964705882353,1.15589394398,0.960784313725,510,51,51,0,10,rank_in_slot,TDs per ranked candidate
1,within-player,19,2015,1.21568627451,1.18488663613,0.980392156863,51,51,51,0,1,rank_available,TDs per ranked candidate
1,within-player,19,2015,1.01307189542,1.08612978539,0.967320261438,153,51,51,0,3,rank_available,TDs per ranked candidate
1,within-player,19,2015,0.972549019608,1.02533800616,0.972549019608,255,51,51,0,5,rank_available,TDs per ranked candidate
1,within-player,19,2015,0.882352941176,0.910891399379,0.945098039216,510,51,51,0,10,rank_available,TDs per ranked candidate
1,within-player,19,2015,0.980392156863,1.68056380768,0.980392156863,51,51,51,0,1,rank_in_slot,TDs per ranked candidate
1,within-player,19,2015,1.01307189542,1.44032203958,0.980392156863,153,51,51,0,3,rank_in_slot,TDs per ranked candidate
1,within-player,19,2015,0.96862745098,1.32164836779,0.96862745098,255,51,51,0,5,rank_in_slot,TDs per ranked candidate
1,within-player,19,2015,0.93137254902,1.15307245133,0.962745098039,510,51,51,0,10,rank_in_slot,TDs per ranked candidate
1,base-rate-only,-1,2016,0.921568627451,1.18470543643,0.980392156863,51,51,51,0,1,rank_available,TDs per ranked candidate
1,base-rate-only,-1,2016,0.856209150327,1.11450379937,0.908496732026,153,51,51,0,3,rank_available,TDs per ranked candidate
1,base-rate-only,-1,2016,0.921568627451,1.0682858043,0.917647058824,255,51,51,0,5,rank_available,TDs per ranked candidate
1,base-rate-only,-1,2016,0.829411764706,0.987995863515,0.909803921569,510,51,51,0,10,rank_available,TDs per ranked candidate
1,base-rate-only,-1,2016,1.01960784314,1.35566830016,0.980392156863,51,51,51,0,1,rank_in_slot,TDs per ranked candidate
1,base-rate-only,-1,2016,1.08496732026,1.27565142335,0.980392156863,153,51,51,0,3,rank_in_slot,TDs per ranked candidate
1,base-rate-only,-1,2016,1.00784313725,1.2189799812,0.980392156863,255,51,51,0,5,rank_in_slot,TDs per ranked candidate
1,base-rate-only,-1,2016,0.998039215686,1.13353935862,0.945098039216,510,51,51,0,10,rank_in_slot,TDs per ranked candidate
1,current-season-rate,-1,2016,0.745098039216,1.13776954981,0.843137254902,51,51,51,0,1,rank_available,TDs per ranked candidate
1,current-season-rate,-1,2016,0.888888888889,1.08077542232,0.888888888889,153,51,51,0,3,rank_available,TDs per ranked candidate
1,current-season-rate,-1,2016,0.843137254902,1.03390155277,0.886274509804,255,51,51,0,5,rank_available,TDs per ranked candidate
1,current-season-rate,-1,2016,0.68431372549,0.968514037224,0.811764705882,510,51,51,0,10,rank_available,TDs per ranked candidate
1,current-season-rate,-1,2016,0.921568627451,1.23452416477,0.960784313725,51,51,51,0,1,rank_in_slot,TDs per ranked candidate
1,current-season-rate,-1,2016,1.09150326797,1.18111267555,0.941176470588,153,51,51,0,3,rank_in_slot,TDs per ranked candidate
1,current-season-rate,-1,2016,0.988235294118,1.13860029411,0.921568627451,255,51,51,0,5,rank_in_slot,TDs per ranked candidate
1,current-season-rate,-1,2016,0.986274509804,1.06092203775,0.935294117647,510,51,51,0,10,rank_in_slot,TDs per ranked candidate
1,historical-rate,-1,2016,1.07843137255,1.33452380952,1,51,51,51,0,1,rank_available,TDs per ranked candidate
1,historical-rate,-1,2016,0.875816993464,1.25191886454,0.980392156863,153,51,51,0,3,rank_available,TDs per ranked candidate
1,historical-rate,-1,2016,0.823529411765,1.20012978307,0.956862745098,255,51,51,0,5,rank_available,TDs per ranked candidate
1,historical-rate,-1,2016,0.762745098039,1.09810094413,0.935294117647,510,51,51,0,10,rank_available,TDs per ranked candidate
1,historical-rate,-1,2016,1.01960784314,1.51868872549,1,51,51,51,0,1,rank_in_slot,TDs per ranked candidate
1,historical-rate,-1,2016,1.01960784314,1.38816072952,0.986928104575,153,51,51,0,3,rank_in_slot,TDs per ranked candidate
1,historical-rate,-1,2016,0.98431372549,1.32897979199,0.980392156863,255,51,51,0,5,rank_in_slot,TDs per ranked candidate
1,historical-rate,-1,2016,0.919607843137,1.23464492221,0.966666666667,510,51,51,0,10,rank_in_slot,TDs per ranked candidate
1,no-vegas,-1,2016,0.882352941176,1.23885120188,0.941176470588,51,51,51,0,1,rank_available,TDs per ranked candidate
1,no-vegas,-1,2016,0.908496732026,1.15136337827,0.954248366013,153,51,51,0,3,rank_available,TDs per ranked candidate
1,no-vegas,-1,2016,0.866666666667,1.08941557338,0.949019607843,255,51,51,0,5,rank_available,TDs per ranked candidate
1,no-vegas,-1,2016,0.837254901961,0.983332895296,0.941176470588,510,51,51,0,10,rank_available,TDs per ranked candidate
1,no-vegas,-1,2016,1.13725490196,1.46062283823,0.980392156863,51,51,51,0,1,rank_in_slot,TDs per ranked candidate
1,no-vegas,-1,2016,1.01960784314,1.32765227844,0.980392156863,153,51,51,0,3,rank_in_slot,TDs per ranked candidate
1,no-vegas,-1,2016,1.09019607843,1.25888084885,0.980392156863,255,51,51,0,5,rank_in_slot,TDs per ranked candidate
1,no-vegas,-1,2016,0.978431372549,1.15067752801,0.972549019608,510,51,51,0,10,rank_in_slot,TDs per ranked candidate
1,player-vegas,-1,2016,0.980392156863,1.25900293172,0.941176470588,51,51,51,0,1,rank_available,TDs per ranked candidate
1,player-vegas,-1,2016,0.888888888889,1.17101194517,0.869281045752,153,51,51,0,3,rank_available,TDs per ranked candidate
1,player-vegas,-1,2016,0.909803921569,1.11540616901,0.905882352941,255,51,51,0,5,rank_available,TDs per ranked candidate
1,player-vegas,-1,2016,0.83137254902,1.02057167657,0.901960784314,510,51,51,0,10,rank_available,TDs per ranked candidate
1,player-vegas,-1,2016,0.980392156863,1.50839813415,0.980392156863,51,51,51,0,1,rank_in_slot,TDs per ranked candidate
1,player-vegas,-1,2016,1.11111111111,1.40303895701,0.960784313725,153,51,51,0,3,rank_in_slot,TDs per ranked candidate
1,player-vegas,-1,2016,1.0431372549,1.32470841462,0.945098039216,255,51,51,0,5,rank_in_slot,TDs per ranked candidate
1,player-vegas,-1,2016,1.01568627451,1.20521660389,0.941176470588,510,51,51,0,10,rank_in_slot,TDs per ranked candidate
1,random,0,2016,0.274509803922,1.59492062948,0.588235294118,51,51,51,0,1,rank_available,TDs per ranked candidate
1,random,0,2016,0.254901960784,1.4366617339,0.549019607843,153,51,51,0,3,rank_available,TDs per ranked candidate
1,random,0,2016,0.250980392157,1.34350379283,0.56862745098,255,51,51,0,5,rank_available,TDs per ranked candidate
1,random,0,2016,0.272549019608,1.19544604791,0.572549019608,510,51,51,0,10,rank_available,TDs per ranked candidate
1,random,0,2016,0.352941176471,1.60556790121,0.607843137255,51,51,51,0,1,rank_in_slot,TDs per ranked candidate
1,random,0,2016,0.281045751634,1.44499089889,0.562091503268,153,51,51,0,3,rank_in_slot,TDs per ranked candidate
1,random,0,2016,0.298039215686,1.35599588218,0.592156862745,255,51,51,0,5,rank_in_slot,TDs per ranked candidate
1,random,0,2016,0.354901960784,1.21389589045,0.607843137255,510,51,51,0,10,rank_in_slot,TDs per ranked candidate
1,random,1,2016,0.196078431373,1.61287210677,0.490196078431,51,51,51,0,1,rank_available,TDs per ranked candidate
1,random,1,2016,0.267973856209,1.43872135462,0.56862745098,153,51,51,0,3,rank_available,TDs per ranked candidate
1,random,1,2016,0.227450980392,1.34713380416,0.533333333333,255,51,51,0,5,rank_available,TDs per ranked candidate
1,random,1,2016,0.337254901961,1.20486214578,0.611764705882,510,51,51,0,10,rank_available,TDs per ranked candidate
1,random,1,2016,0.196078431373,1.61287210677,0.490196078431,51,51,51,0,1,rank_in_slot,TDs per ranked candidate
1,random,1,2016,0.300653594771,1.44680048874,0.601307189542,153,51,51,0,3,rank_in_slot,TDs per ranked candidate
1,random,1,2016,0.239215686275,1.35550044804,0.545098039216,255,51,51,0,5,rank_in_slot,TDs per ranked candidate
1,random,1,2016,0.386274509804,1.21580624132,0.627450980392,510,51,51,0,10,rank_in_slot,TDs per ranked candidate
1,random,2,2016,0.137254901961,1.61048928642,0.607843137255,51,51,51,0,1,rank_available,TDs per ranked candidate
1,random,2,2016,0.241830065359,1.44498369137,0.627450980392,153,51,51,0,3,rank_available,TDs per ranked candidate
1,random,2,2016,0.235294117647,1.35562828938,0.623529411765,255,51,51,0,5,rank_available,TDs per ranked candidate
1,random,2,2016,0.249019607843,1.20873166099,0.603921568627,510,51,51,0,10,rank_available,TDs per ranked candidate
1,random,2,2016,0.156862745098,1.61259582648,0.647058823529,51,51,51,0,1,rank_in_slot,TDs per ranked candidate
1,random,2,2016,0.248366013072,1.4502843904,0.647058823529,153,51,51,0,3,rank_in_slot,TDs per ranked candidate
1,random,2,2016,0.262745098039,1.36172099101,0.639215686275,255,51,51,0,5,rank_in_slot,TDs per ranked candidate
1,random,2,2016,0.3,1.22039913723,0.635294117647,510,51,51,0,10,rank_in_slot,TDs per ranked candidate
1,random,3,2016,0.117647058824,1.59550785982,0.470588235294,51,51,51,0,1,rank_available,TDs per ranked candidate
1,random,3,2016,0.209150326797,1.43461227199,0.509803921569,153,51,51,0,3,rank_available,TDs per ranked candidate
1,random,3,2016,0.262745098039,1.34273399419,0.545098039216,255,51,51,0,5,rank_available,TDs per ranked candidate
1,random,3,2016,0.252941176471,1.2010793421,0.566666666667,510,51,51,0,10,rank_available,TDs per ranked candidate
1,random,3,2016,0.156862745098,1.59954458965,0.490196078431,51,51,51,0,1,rank_in_slot,TDs per ranked candidate
1,random,3,2016,0.248366013072,1.44361373269,0.529411764706,153,51,51,0,3,rank_in_slot,TDs per ranked candidate
1,random,3,2016,0.298039215686,1.35541807711,0.560784313725,255,51,51,0,5,rank_in_slot,TDs per ranked candidate
1,random,3,2016,0.325490196078,1.21790944134,0.596078431373,510,51,51,0,10,rank_in_slot,TDs per ranked candidate
1,random,4,2016,0.117647058824,1.59958339734,0.470588235294,51,51,51,0,1,rank_available,TDs per ranked candidate
1,random,4,2016,0.130718954248,1.43210963914,0.503267973856,153,51,51,0,3,rank_available,TDs per ranked candidate
1,random,4,2016,0.196078431373,1.34669854989,0.545098039216,255,51,51,0,5,rank_available,TDs per ranked candidate
1,random,4,2016,0.288235294118,1.20342284696,0.611764705882,510,51,51,0,10,rank_available,TDs per ranked candidate
1,random,4,2016,0.117647058824,1.60172368212,0.470588235294,51,51,51,0,1,rank_in_slot,TDs per ranked candidate
1,random,4,2016,0.18954248366,1.43797034399,0.529411764706,153,51,51,0,3,rank_in_slot,TDs per ranked candidate
1,random,4,2016,0.23137254902,1.35316359093,0.56862745098,255,51,51,0,5,rank_in_slot,TDs per ranked candidate
1,random,4,2016,0.323529411765,1.21590693775,0.623529411765,510,51,51,0,10,rank_in_slot,TDs per ranked candidate
1,random,5,2016,0.450980392157,1.60126058739,0.588235294118,51,51,51,0,1,rank_available,TDs per ranked candidate
1,random,5,2016,0.392156862745,1.43807191241,0.640522875817,153,51,51,0,3,rank_available,TDs per ranked candidate
1,random,5,2016,0.329411764706,1.3495209257,0.627450980392,255,51,51,0,5,rank_available,TDs per ranked candidate
1,random,5,2016,0.301960784314,1.205544584,0.601960784314,510,51,51,0,10,rank_available,TDs per ranked candidate
1,random,5,2016,0.509803921569,1.61018370818,0.607843137255,51,51,51,0,1,rank_in_slot,TDs per ranked candidate
1,random,5,2016,0.43137254902,1.44713401435,0.653594771242,153,51,51,0,3,rank_in_slot,TDs per ranked candidate
1,random,5,2016,0.376470588235,1.36018821295,0.650980392157,255,51,51,0,5,rank_in_slot,TDs per ranked candidate
1,random,5,2016,0.339215686275,1.21870950126,0.621568627451,510,51,51,0,10,rank_in_slot,TDs per ranked candidate
1,random,6,2016,0.509803921569,1.57815830333,0.666666666667,51,51,51,0,1,rank_available,TDs per ranked candidate
1,random,6,2016,0.366013071895,1.41957225878,0.56862745098,153,51,51,0,3,rank_available,TDs per ranked candidate
1,random,6,2016,0.349019607843,1.33300914166,0.596078431373,255,51,51,0,5,rank_available,TDs per ranked candidate
1,random,6,2016,0.323529411765,1.19275809697,0.578431372549,510,51,51,0,10,rank_available,TDs per ranked candidate
1,random,6,2016,0.705882352941,1.61171457974,0.78431372549,51,51,51,0,1,rank_in_slot,TDs per ranked candidate
1,random,6,2016,0.444444444444,1.44992250896,0.640522875817,153,51,51,0,3,rank_in_slot,TDs per ranked candidate
1,random,6,2016,0.423529411765,1.36110129705,0.639215686275,255,51,51,0,5,rank_in_slot,TDs per ranked candidate
1,random,6,2016,0.378431372549,1.21901517363,0.61568627451,510,51,51,0,10,rank_in_slot,TDs per ranked candidate
1,random,7,2016,0.549019607843,1.58502016602,0.803921568627,51,51,51,0,1,rank_available,TDs per ranked candidate
1,random,7,2016,0.411764705882,1.4202814626,0.699346405229,153,51,51,0,3,rank_available,TDs per ranked candidate
1,random,7,2016,0.337254901961,1.33444489088,0.658823529412,255,51,51,0,5,rank_available,TDs per ranked candidate
1,random,7,2016,0.278431372549,1.19619995929,0.621568627451,510,51,51,0,10,rank_available,TDs per ranked candidate
1,random,7,2016,0.823529411765,1.60805703181,0.921568627451,51,51,51,0,1,rank_in_slot,TDs per ranked candidate
1,random,7,2016,0.535947712418,1.44668857873,0.738562091503,153,51,51,0,3,rank_in_slot,TDs per ranked candidate
1,random,7,2016,0.4,1.35558194456,0.690196078431,255,51,51,0,5,rank_in_slot,TDs per ranked candidate
1,random,7,2016,0.335294117647,1.2157652005,0.650980392157,510,51,51,0,10,rank_in_slot,TDs per ranked candidate
1,random,8,2016,0.21568627451,1.60256770881,0.529411764706,51,51,51,0,1,rank_available,TDs per ranked candidate
1,random,8,2016,0.261437908497,1.43222490112,0.542483660131,153,51,51,0,3,rank_available,TDs per ranked candidate
1,random,8,2016,0.262745098039,1.34561257079,0.545098039216,255,51,51,0,5,rank_available,TDs per ranked candidate
1,random,8,2016,0.278431372549,1.20334186043,0.580392156863,510,51,51,0,10,rank_available,TDs per ranked candidate
1,random,8,2016,0.21568627451,1.60256770881,0.529411764706,51,51,51,0,1,rank_in_slot,TDs per ranked candidate
1,random,8,2016,0.333333333333,1.44262667252,0.581699346405,153,51,51,0,3,rank_in_slot,TDs per ranked candidate
1,random,8,2016,0.313725490196,1.35460664059,0.576470588235,255,51,51,0,5,rank_in_slot,TDs per ranked candidate
1,random,8,2016,0.335294117647,1.21654989227,0.603921568627,510,51,51,0,10,rank_in_slot,TDs per ranked candidate
1,random,9,2016,0.352941176471,1.5879264917,0.627450980392,51,51,51,0,1,rank_available,TDs per ranked candidate
1,random,9,2016,0.307189542484,1.426681446,0.614379084967,153,51,51,0,3,rank_available,TDs per ranked candidate
1,random,9,2016,0.337254901961,1.34104207187,0.63137254902,255,51,51,0,5,rank_available,TDs per ranked candidate
1,random,9,2016,0.345098039216,1.19677560143,0.619607843137,510,51,51,0,10,rank_available,TDs per ranked candidate
1,random,9,2016,0.43137254902,1.59635196848,0.647058823529,51,51,51,0,1,rank_in_slot,TDs per ranked candidate
1,random,9,2016,0.385620915033,1.44042375256,0.647058823529,153,51,51,0,3,rank_in_slot,TDs per ranked candidate
1,random,9,2016,0.4,1.35507054989,0.658823529412,255,51,51,0,5,rank_in_slot,TDs per ranked candidate
1,random,9,2016,0.427450980392,1.21565332592,0.658823529412,510,51,51,0,10,rank_in_slot,TDs per ranked candidate
1,random,10,2016,0.078431372549,1.60677646464,0.470588235294,51,51,51,0,1,rank_available,TDs per ranked candidate
1,random,10,2016,0.156862745098,1.44391922314,0.496732026144,153,51,51,0,3,rank_available,TDs per ranked candidate
1,random,10,2016,0.270588235294,1.35317995261,0.572549019608,255,51,51,0,5,rank_available,TDs per ranked candidate
1,random,10,2016,0.264705882353,1.21109387834,0.572549019608,510,51,51,0,10,rank_available,TDs per ranked candidate
1,random,10,2016,0.078431372549,1.60677646464,0.470588235294,51,51,51,0,1,rank_in_slot,TDs per ranked candidate
1,random,10,2016,0.169934640523,1.44624510793,0.503267973856,153,51,51,0,3,rank_in_slot,TDs per ranked candidate
1,random,10,2016,0.290196078431,1.35733112302,0.580392156863,255,51,51,0,5,rank_in_slot,TDs per ranked candidate
1,random,10,2016,0.292156862745,1.21707121138,0.578431372549,510,51,51,0,10,rank_in_slot,TDs per ranked candidate
1,random,11,2016,0.235294117647,1.59148234044,0.56862745098,51,51,51,0,1,rank_available,TDs per ranked candidate
1,random,11,2016,0.235294117647,1.42774138458,0.614379084967,153,51,51,0,3,rank_available,TDs per ranked candidate
1,random,11,2016,0.23137254902,1.33533790218,0.572549019608,255,51,51,0,5,rank_available,TDs per ranked candidate
1,random,11,2016,0.241176470588,1.1947740179,0.574509803922,510,51,51,0,10,rank_available,TDs per ranked candidate
1,random,11,2016,0.274509803922,1.60752362159,0.627450980392,51,51,51,0,1,rank_in_slot,TDs per ranked candidate
1,random,11,2016,0.326797385621,1.44705353167,0.653594771242,153,51,51,0,3,rank_in_slot,TDs per ranked candidate
1,random,11,2016,0.349019607843,1.35976232691,0.627450980392,255,51,51,0,5,rank_in_slot,TDs per ranked candidate
1,random,11,2016,0.311764705882,1.21904067628,0.607843137255,510,51,51,0,10,rank_in_slot,TDs per ranked candidate
1,random,12,2016,0.352941176471,1.60025843258,0.705882352941,51,51,51,0,1,rank_available,TDs per ranked candidate
1,random,12,2016,0.281045751634,1.437540515,0.614379084967,153,51,51,0,3,rank_available,TDs per ranked candidate
1,random,12,2016,0.223529411765,1.35003218223,0.611764705882,255,51,51,0,5,rank_available,TDs per ranked candidate
1,random,12,2016,0.282352941176,1.20751153406,0.629411764706,510,51,51,0,10,rank_available,TDs per ranked candidate
1,random,12,2016,0.352941176471,1.60291963762,0.705882352941,51,51,51,0,1,rank_in_slot,TDs per ranked candidate
1,random,12,2016,0.320261437908,1.4453932711,0.62091503268,153,51,51,0,3,rank_in_slot,TDs per ranked candidate
1,random,12,2016,0.258823529412,1.35802140078,0.611764705882,255,51,51,0,5,rank_in_slot,TDs per ranked candidate
1,random,12,2016,0.337254901961,1.21834481005,0.647058823529,510,51,51,0,10,rank_in_slot,TDs per ranked candidate
1,random,13,2016,0.450980392157,1.59928263328,0.666666666667,51,51,51,0,1,rank_available,TDs per ranked candidate
1,random,13,2016,0.37908496732,1.42698008022,0.627450980392,153,51,51,0,3,rank_available,TDs per ranked candidate
1,random,13,2016,0.290196078431,1.33899308873,0.556862745098,255,51,51,0,5,rank_available,TDs per ranked candidate
1,random,13,2016,0.276470588235,1.19794026466,0.574509803922,510,51,51,0,10,rank_available,TDs per ranked candidate
1,random,13,2016,0.450980392157,1.59928263328,0.666666666667,51,51,51,0,1,rank_in_slot,TDs per ranked candidate
1,random,13,2016,0.496732026144,1.44126078854,0.686274509804,153,51,51,0,3,rank_in_slot,TDs per ranked candidate
1,random,13,2016,0.376470588235,1.35642614963,0.607843137255,255,51,51,0,5,rank_in_slot,TDs per ranked candidate
1,random,13,2016,0.337254901961,1.21796103622,0.601960784314,510,51,51,0,10,rank_in_slot,TDs per ranked candidate
1,random,14,2016,0.450980392157,1.57835600138,0.745098039216,51,51,51,0,1,rank_available,TDs per ranked candidate
1,random,14,2016,0.470588235294,1.40943127247,0.718954248366,153,51,51,0,3,rank_available,TDs per ranked candidate
1,random,14,2016,0.352941176471,1.32459485247,0.650980392157,255,51,51,0,5,rank_available,TDs per ranked candidate
1,random,14,2016,0.352941176471,1.18169985583,0.641176470588,510,51,51,0,10,rank_available,TDs per ranked candidate
1,random,14,2016,0.509803921569,1.61210180651,0.745098039216,51,51,51,0,1,rank_in_slot,TDs per ranked candidate
1,random,14,2016,0.56862745098,1.44596431081,0.764705882353,153,51,51,0,3,rank_in_slot,TDs per ranked candidate
1,random,14,2016,0.450980392157,1.35929372102,0.682352941176,255,51,51,0,5,rank_in_slot,TDs per ranked candidate
1,random,14,2016,0.425490196078,1.21910726246,0.678431372549,510,51,51,0,10,rank_in_slot,TDs per ranked candidate
1,random,15,2016,0.352941176471,1.60732407129,0.666666666667,51,51,51,0,1,rank_available,TDs per ranked candidate
1,random,15,2016,0.294117647059,1.4374680749,0.653594771242,153,51,51,0,3,rank_available,TDs per ranked candidate
1,random,15,2016,0.301960784314,1.34549454896,0.658823529412,255,51,51,0,5,rank_available,TDs per ranked candidate
1,random,15,2016,0.280392156863,1.20343450601,0.603921568627,510,51,51,0,10,rank_available,TDs per ranked candidate
1,random,15,2016,0.392156862745,1.60771262876,0.686274509804,51,51,51,0,1,rank_in_slot,TDs per ranked candidate
1,random,15,2016,0.359477124183,1.44442470738,0.673202614379,153,51,51,0,3,rank_in_slot,TDs per ranked candidate
1,random,15,2016,0.392156862745,1.35720362994,0.694117647059,255,51,51,0,5,rank_in_slot,TDs per ranked candidate
1,random,15,2016,0.341176470588,1.21804462272,0.627450980392,510,51,51,0,10,rank_in_slot,TDs per ranked candidate
1,random,16,2016,0.294117647059,1.58822598083,0.588235294118,51,51,51,0,1,rank_available,TDs per ranked candidate
1,random,16,2016,0.254901960784,1.42870629447,0.588235294118,153,51,51,0,3,rank_available,TDs per ranked candidate
1,random,16,2016,0.333333333333,1.33651130103,0.627450980392,255,51,51,0,5,rank_available,TDs per ranked candidate
1,random,16,2016,0.3,1.19490012985,0.61568627451,510,51,51,0,10,rank_available,TDs per ranked candidate
1,random,16,2016,0.411764705882,1.60292577676,0.627450980392,51,51,51,0,1,rank_in_slot,TDs per ranked candidate
1,random,16,2016,0.339869281046,1.44369121826,0.614379084967,153,51,51,0,3,rank_in_slot,TDs per ranked candidate
1,random,16,2016,0.38431372549,1.35559936505,0.647058823529,255,51,51,0,5,rank_in_slot,TDs per ranked candidate
1,random,16,2016,0.33137254902,1.21688072365,0.633333333333,510,51,51,0,10,rank_in_slot,TDs per ranked candidate
1,random,17,2016,0.0980392156863,1.58567975521,0.549019607843,51,51,51,0,1,rank_available,TDs per ranked candidate
1,random,17,2016,0.176470588235,1.430317065,0.503267973856,153,51,51,0,3,rank_available,TDs per ranked candidate
1,random,17,2016,0.164705882353,1.34483899278,0.509803921569,255,51,51,0,5,rank_available,TDs per ranked candidate
1,random,17,2016,0.227450980392,1.20512721375,0.556862745098,510,51,51,0,10,rank_available,TDs per ranked candidate
1,random,17,2016,0.196078431373,1.60683292271,0.627450980392,51,51,51,0,1,rank_in_slot,TDs per ranked candidate
1,random,17,2016,0.248366013072,1.44725060982,0.535947712418,153,51,51,0,3,rank_in_slot,TDs per ranked candidate
1,random,17,2016,0.2,1.3587797915,0.521568627451,255,51,51,0,5,rank_in_slot,TDs per ranked candidate
1,random,17,2016,0.274509803922,1.21833177462,0.578431372549,510,51,51,0,10,rank_in_slot,TDs per ranked candidate
1,random,18,2016,0.235294117647,1.60532479312,0.549019607843,51,51,51,0,1,rank_available,TDs per ranked candidate
1,random,18,2016,0.248366013072,1.43561043866,0.56862745098,153,51,51,0,3,rank_available,TDs per ranked candidate
1,random,18,2016,0.301960784314,1.34433664543,0.56862745098,255,51,51,0,5,rank_available,TDs per ranked candidate
1,random,18,2016,0.347058823529,1.19706302978,0.601960784314,510,51,51,0,10,rank_available,TDs per ranked candidate
1,random,18,2016,0.254901960784,1.61287210677,0.56862745098,51,51,51,0,1,rank_in_slot,TDs per ranked candidate
1,random,18,2016,0.307189542484,1.44654601573,0.601307189542,153,51,51,0,3,rank_in_slot,TDs per ranked candidate
1,random,18,2016,0.36862745098,1.35688672333,0.6,255,51,51,0,5,rank_in_slot,TDs per ranked candidate
1,random,18,2016,0.425490196078,1.2173255735,0.627450980392,510,51,51,0,10,rank_in_slot,TDs per ranked candidate
1,random,19,2016,0.333333333333,1.55944357649,0.627450980392,51,51,51,0,1,rank_available,TDs per ranked candidate
1,random,19,2016,0.333333333333,1.41401269166,0.633986928105,153,51,51,0,3,rank_available,TDs per ranked candidate
1,random,19,2016,0.345098039216,1.32962973005,0.623529411765,255,51,51,0,5,rank_available,TDs per ranked candidate
1,random,19,2016,0.305882352941,1.19371077049,0.588235294118,510,51,51,0,10,rank_available,TDs per ranked candidate
1,random,19,2016,0.666666666667,1.59613779732,0.764705882353,51,51,51,0,1,rank_in_slot,TDs per ranked candidate
1,random,19,2016,0.437908496732,1.44347709831,0.653594771242,153,51,51,0,3,rank_in_slot,TDs per ranked candidate
1,random,19,2016,0.43137254902,1.35583087551,0.662745098039,255,51,51,0,5,rank_in_slot,TDs per ranked candidate
1,random,19,2016,0.360784313725,1.2179638932,0.619607843137,510,51,51,0,10,rank_in_slot,TDs per ranked candidate
1,regressed-rate,-1,2016,1.07843137255,1.17260613001,0.980392156863,51,51,51,0,1,rank_available,TDs per ranked candidate
1,regressed-rate,-1,2016,0.869281045752,1.11228620255,0.980392156863,153,51,51,0,3,rank_available,TDs per ranked candidate
1,regressed-rate,-1,2016,0.835294117647,1.07528001918,0.972549019608,255,51,51,0,5,rank_available,TDs per ranked candidate
1,regressed-rate,-1,2016,0.750980392157,1.0029489913,0.935294117647,510,51,51,0,10,rank_available,TDs per ranked candidate
1,regressed-rate,-1,2016,1,1.31333271744,1,51,51,51,0,1,rank_in_slot,TDs per ranked candidate
1,regressed-rate,-1,2016,1.03921568627,1.22017055475,0.986928104575,153,51,51,0,3,rank_in_slot,TDs per ranked candidate
1,regressed-rate,-1,2016,0.98431372549,1.17546158373,0.976470588235,255,51,51,0,5,rank_in_slot,TDs per ranked candidate
1,regressed-rate,-1,2016,0.9,1.10266848974,0.974509803922,510,51,51,0,10,rank_in_slot,TDs per ranked candidate
1,shipped,-1,2016,0.78431372549,1.27431662086,0.941176470588,51,51,51,0,1,rank_available,TDs per ranked candidate
1,shipped,-1,2016,0.83660130719,1.18631779689,0.947712418301,153,51,51,0,3,rank_available,TDs per ranked candidate
1,shipped,-1,2016,0.898039215686,1.11945362867,0.952941176471,255,51,51,0,5,rank_available,TDs per ranked candidate
1,shipped,-1,2016,0.864705882353,0.996309377304,0.93137254902,510,51,51,0,10,rank_available,TDs per ranked candidate
1,shipped,-1,2016,1.05882352941,1.5944591553,0.960784313725,51,51,51,0,1,rank_in_slot,TDs per ranked candidate
1,shipped,-1,2016,1,1.43406436291,0.967320261438,153,51,51,0,3,rank_in_slot,TDs per ranked candidate
1,shipped,-1,2016,1.04705882353,1.34773597922,0.96862745098,255,51,51,0,5,rank_in_slot,TDs per ranked candidate
1,shipped,-1,2016,1.02941176471,1.21154004367,0.970588235294,510,51,51,0,10,rank_in_slot,TDs per ranked candidate
1,vegas-environment,-1,2016,0.78431372549,0.902157260761,0.921568627451,51,51,51,0,1,rank_available,TDs per ranked candidate
1,vegas-environment,-1,2016,0.856209150327,0.881890202416,0.928104575163,153,51,51,0,3,rank_available,TDs per ranked candidate
1,vegas-environment,-1,2016,0.776470588235,0.8683933636,0.917647058824,255,51,51,0,5,rank_available,TDs per ranked candidate
1,vegas-environment,-1,2016,0.745098039216,0.840566494643,0.886274509804,510,51,51,0,10,rank_available,TDs per ranked candidate
1,vegas-environment,-1,2016,0.980392156863,0.921742116666,0.941176470588,51,51,51,0,1,rank_in_slot,TDs per ranked candidate
1,vegas-environment,-1,2016,1.03267973856,0.910172947326,0.954248366013,153,51,51,0,3,rank_in_slot,TDs per ranked candidate
1,vegas-environment,-1,2016,1.01960784314,0.897246306466,0.956862745098,255,51,51,0,5,rank_in_slot,TDs per ranked candidate
1,vegas-environment,-1,2016,0.925490196078,0.872975749463,0.939215686275,510,51,51,0,10,rank_in_slot,TDs per ranked candidate
1,within-player,0,2016,0.823529411765,1.27448241018,0.941176470588,51,51,51,0,1,rank_available,TDs per ranked candidate
1,within-player,0,2016,0.849673202614,1.1624513051,0.941176470588,153,51,51,0,3,rank_available,TDs per ranked candidate
1,within-player,0,2016,0.866666666667,1.09739543562,0.937254901961,255,51,51,0,5,rank_available,TDs per ranked candidate
1,within-player,0,2016,0.798039215686,0.982119226155,0.927450980392,510,51,51,0,10,rank_available,TDs per ranked candidate
1,within-player,0,2016,0.921568627451,1.6594477664,0.960784313725,51,51,51,0,1,rank_in_slot,TDs per ranked candidate
1,within-player,0,2016,1.05882352941,1.47193696347,0.967320261438,153,51,51,0,3,rank_in_slot,TDs per ranked candidate
1,within-player,0,2016,1.01568627451,1.37421646509,0.956862745098,255,51,51,0,5,rank_in_slot,TDs per ranked candidate
1,within-player,0,2016,1.01764705882,1.22159021162,0.96862745098,510,51,51,0,10,rank_in_slot,TDs per ranked candidate
1,within-player,1,2016,0.843137254902,1.28062124864,0.921568627451,51,51,51,0,1,rank_available,TDs per ranked candidate
1,within-player,1,2016,0.869281045752,1.18378609553,0.928104575163,153,51,51,0,3,rank_available,TDs per ranked candidate
1,within-player,1,2016,0.858823529412,1.11876661975,0.941176470588,255,51,51,0,5,rank_available,TDs per ranked candidate
1,within-player,1,2016,0.81568627451,0.995524543719,0.923529411765,510,51,51,0,10,rank_available,TDs per ranked candidate
1,within-player,1,2016,1.11764705882,1.62147718636,0.960784313725,51,51,51,0,1,rank_in_slot,TDs per ranked candidate
1,within-player,1,2016,1.11111111111,1.4734818807,0.960784313725,153,51,51,0,3,rank_in_slot,TDs per ranked candidate
1,within-player,1,2016,0.996078431373,1.38106146932,0.949019607843,255,51,51,0,5,rank_in_slot,TDs per ranked candidate
1,within-player,1,2016,0.98431372549,1.23027407512,0.966666666667,510,51,51,0,10,rank_in_slot,TDs per ranked candidate
1,within-player,2,2016,0.588235294118,1.29654824564,0.882352941176,51,51,51,0,1,rank_available,TDs per ranked candidate
1,within-player,2,2016,0.81045751634,1.18484751194,0.934640522876,153,51,51,0,3,rank_available,TDs per ranked candidate
1,within-player,2,2016,0.835294117647,1.11197759016,0.941176470588,255,51,51,0,5,rank_available,TDs per ranked candidate
1,within-player,2,2016,0.845098039216,0.991514957563,0.927450980392,510,51,51,0,10,rank_available,TDs per ranked candidate
1,within-player,2,2016,0.843137254902,1.6729997881,0.960784313725,51,51,51,0,1,rank_in_slot,TDs per ranked candidate
1,within-player,2,2016,1.03921568627,1.49277910712,0.960784313725,153,51,51,0,3,rank_in_slot,TDs per ranked candidate
1,within-player,2,2016,1.02745098039,1.38874270127,0.949019607843,255,51,51,0,5,rank_in_slot,TDs per ranked candidate
1,within-player,2,2016,0.990196078431,1.23002842067,0.962745098039,510,51,51,0,10,rank_in_slot,TDs per ranked candidate
1,within-player,3,2016,1,1.27179320529,0.960784313725,51,51,51,0,1,rank_available,TDs per ranked candidate
1,within-player,3,2016,0.83660130719,1.17505683133,0.954248366013,153,51,51,0,3,rank_available,TDs per ranked candidate
1,within-player,3,2016,0.835294117647,1.10673138881,0.937254901961,255,51,51,0,5,rank_available,TDs per ranked candidate
1,within-player,3,2016,0.825490196078,0.988845814048,0.93137254902,510,51,51,0,10,rank_available,TDs per ranked candidate
1,within-player,3,2016,0.960784313725,1.65560095616,0.960784313725,51,51,51,0,1,rank_in_slot,TDs per ranked candidate
1,within-player,3,2016,1.09150326797,1.47453397256,0.97385620915,153,51,51,0,3,rank_in_slot,TDs per ranked candidate
1,within-player,3,2016,1.05882352941,1.37343803249,0.964705882353,255,51,51,0,5,rank_in_slot,TDs per ranked candidate
1,within-player,3,2016,0.998039215686,1.22407046791,0.96862745098,510,51,51,0,10,rank_in_slot,TDs per ranked candidate
1,within-player,4,2016,0.843137254902,1.27724760217,0.941176470588,51,51,51,0,1,rank_available,TDs per ranked candidate
1,within-player,4,2016,0.869281045752,1.18491963408,0.934640522876,153,51,51,0,3,rank_available,TDs per ranked candidate
1,within-player,4,2016,0.905882352941,1.11450056756,0.933333333333,255,51,51,0,5,rank_available,TDs per ranked candidate
1,within-player,4,2016,0.829411764706,0.992825536053,0.923529411765,510,51,51,0,10,rank_available,TDs per ranked candidate
1,within-player,4,2016,0.980392156863,1.62635702181,0.960784313725,51,51,51,0,1,rank_in_slot,TDs per ranked candidate
1,within-player,4,2016,1.05882352941,1.47061903512,0.960784313725,153,51,51,0,3,rank_in_slot,TDs per ranked candidate
1,within-player,4,2016,1.09803921569,1.37261584347,0.949019607843,255,51,51,0,5,rank_in_slot,TDs per ranked candidate
1,within-player,4,2016,1.01568627451,1.22080791069,0.962745098039,510,51,51,0,10,rank_in_slot,TDs per ranked candidate
1,within-player,5,2016,0.705882352941,1.29369738037,0.901960784314,51,51,51,0,1,rank_available,TDs per ranked candidate
1,within-player,5,2016,0.862745098039,1.16921991652,0.934640522876,153,51,51,0,3,rank_available,TDs per ranked candidate
1,within-player,5,2016,0.83137254902,1.09648034123,0.933333333333,255,51,51,0,5,rank_available,TDs per ranked candidate
1,within-player,5,2016,0.839215686275,0.983684074442,0.923529411765,510,51,51,0,10,rank_available,TDs per ranked candidate
1,within-player,5,2016,0.921568627451,1.65892311691,0.960784313725,51,51,51,0,1,rank_in_slot,TDs per ranked candidate
1,within-player,5,2016,1,1.46877378922,0.97385620915,153,51,51,0,3,rank_in_slot,TDs per ranked candidate
1,within-player,5,2016,0.980392156863,1.36832365285,0.964705882353,255,51,51,0,5,rank_in_slot,TDs per ranked candidate
1,within-player,5,2016,1.00784313725,1.22157488287,0.966666666667,510,51,51,0,10,rank_in_slot,TDs per ranked candidate
1,within-player,6,2016,0.901960784314,1.28514892955,0.960784313725,51,51,51,0,1,rank_available,TDs per ranked candidate
1,within-player,6,2016,0.849673202614,1.17767633005,0.947712418301,153,51,51,0,3,rank_available,TDs per ranked candidate
1,within-player,6,2016,0.898039215686,1.10939124198,0.929411764706,255,51,51,0,5,rank_available,TDs per ranked candidate
1,within-player,6,2016,0.786274509804,0.987531218796,0.917647058824,510,51,51,0,10,rank_available,TDs per ranked candidate
1,within-player,6,2016,1.1568627451,1.66429126992,0.960784313725,51,51,51,0,1,rank_in_slot,TDs per ranked candidate
1,within-player,6,2016,1.03267973856,1.4695178323,0.967320261438,153,51,51,0,3,rank_in_slot,TDs per ranked candidate
1,within-player,6,2016,1.03529411765,1.36463462655,0.96862745098,255,51,51,0,5,rank_in_slot,TDs per ranked candidate
1,within-player,6,2016,1.00392156863,1.21397154616,0.96862745098,510,51,51,0,10,rank_in_slot,TDs per ranked candidate
1,within-player,7,2016,0.725490196078,1.32096940974,0.960784313725,51,51,51,0,1,rank_available,TDs per ranked candidate
1,within-player,7,2016,0.803921568627,1.19910093569,0.941176470588,153,51,51,0,3,rank_available,TDs per ranked candidate
1,within-player,7,2016,0.854901960784,1.12218852232,0.941176470588,255,51,51,0,5,rank_available,TDs per ranked candidate
1,within-player,7,2016,0.805882352941,0.990937694451,0.923529411765,510,51,51,0,10,rank_available,TDs per ranked candidate
1,within-player,7,2016,0.843137254902,1.64976351393,0.941176470588,51,51,51,0,1,rank_in_slot,TDs per ranked candidate
1,within-player,7,2016,1.0522875817,1.4826573892,0.954248366013,153,51,51,0,3,rank_in_slot,TDs per ranked candidate
1,within-player,7,2016,1.05098039216,1.3832227609,0.956862745098,255,51,51,0,5,rank_in_slot,TDs per ranked candidate
1,within-player,7,2016,1.00392156863,1.22559770252,0.962745098039,510,51,51,0,10,rank_in_slot,TDs per ranked candidate
1,within-player,8,2016,0.882352941176,1.30269137285,0.921568627451,51,51,51,0,1,rank_available,TDs per ranked candidate
1,within-player,8,2016,0.882352941176,1.19008849793,0.934640522876,153,51,51,0,3,rank_available,TDs per ranked candidate
1,within-player,8,2016,0.839215686275,1.11445888188,0.925490196078,255,51,51,0,5,rank_available,TDs per ranked candidate
1,within-player,8,2016,0.827450980392,0.990772347244,0.919607843137,510,51,51,0,10,rank_available,TDs per ranked candidate
1,within-player,8,2016,1.01960784314,1.65075530084,0.960784313725,51,51,51,0,1,rank_in_slot,TDs per ranked candidate
1,within-player,8,2016,1.16339869281,1.47601565605,0.960784313725,153,51,51,0,3,rank_in_slot,TDs per ranked candidate
1,within-player,8,2016,1.05882352941,1.38014891438,0.949019607843,255,51,51,0,5,rank_in_slot,TDs per ranked candidate
1,within-player,8,2016,0.990196078431,1.22813892425,0.962745098039,510,51,51,0,10,rank_in_slot,TDs per ranked candidate
1,within-player,9,2016,0.803921568627,1.31332041895,0.921568627451,51,51,51,0,1,rank_available,TDs per ranked candidate
1,within-player,9,2016,0.81045751634,1.18274072448,0.947712418301,153,51,51,0,3,rank_available,TDs per ranked candidate
1,within-player,9,2016,0.823529411765,1.11235483184,0.945098039216,255,51,51,0,5,rank_available,TDs per ranked candidate
1,within-player,9,2016,0.858823529412,0.993218959575,0.925490196078,510,51,51,0,10,rank_available,TDs per ranked candidate
1,within-player,9,2016,1.09803921569,1.66325369754,0.960784313725,51,51,51,0,1,rank_in_slot,TDs per ranked candidate
1,within-player,9,2016,1.05882352941,1.47776928572,0.980392156863,153,51,51,0,3,rank_in_slot,TDs per ranked candidate
1,within-player,9,2016,1.02352941176,1.37441350812,0.964705882353,255,51,51,0,5,rank_in_slot,TDs per ranked candidate
1,within-player,9,2016,0.972549019608,1.22409996361,0.962745098039,510,51,51,0,10,rank_in_slot,TDs per ranked candidate
1,within-player,10,2016,0.686274509804,1.29437209736,0.941176470588,51,51,51,0,1,rank_available,TDs per ranked candidate
1,within-player,10,2016,0.803921568627,1.19920160893,0.934640522876,153,51,51,0,3,rank_available,TDs per ranked candidate
1,within-player,10,2016,0.83137254902,1.12424257637,0.945098039216,255,51,51,0,5,rank_available,TDs per ranked candidate
1,within-player,10,2016,0.845098039216,0.995491280109,0.927450980392,510,51,51,0,10,rank_available,TDs per ranked candidate
1,within-player,10,2016,0.882352941176,1.64838983366,0.941176470588,51,51,51,0,1,rank_in_slot,TDs per ranked candidate
1,within-player,10,2016,0.941176470588,1.48700668188,0.960784313725,153,51,51,0,3,rank_in_slot,TDs per ranked candidate
1,within-player,10,2016,0.956862745098,1.38881313209,0.964705882353,255,51,51,0,5,rank_in_slot,TDs per ranked candidate
1,within-player,10,2016,1.00980392157,1.23339255946,0.964705882353,510,51,51,0,10,rank_in_slot,TDs per ranked candidate
1,within-player,11,2016,0.764705882353,1.28542432251,0.941176470588,51,51,51,0,1,rank_available,TDs per ranked candidate
1,within-player,11,2016,0.725490196078,1.18544004591,0.934640522876,153,51,51,0,3,rank_available,TDs per ranked candidate
1,within-player,11,2016,0.835294117647,1.11863581733,0.941176470588,255,51,51,0,5,rank_available,TDs per ranked candidate
1,within-player,11,2016,0.805882352941,0.997095838544,0.919607843137,510,51,51,0,10,rank_available,TDs per ranked candidate
1,within-player,11,2016,1.05882352941,1.65586553131,0.960784313725,51,51,51,0,1,rank_in_slot,TDs per ranked candidate
1,within-player,11,2016,0.967320261438,1.47115981987,0.947712418301,153,51,51,0,3,rank_in_slot,TDs per ranked candidate
1,within-player,11,2016,0.972549019608,1.37887398995,0.956862745098,255,51,51,0,5,rank_in_slot,TDs per ranked candidate
1,within-player,11,2016,0.980392156863,1.23014232522,0.958823529412,510,51,51,0,10,rank_in_slot,TDs per ranked candidate
1,within-player,12,2016,0.764705882353,1.27637391169,0.960784313725,51,51,51,0,1,rank_available,TDs per ranked candidate
1,within-player,12,2016,0.888888888889,1.17831683615,0.947712418301,153,51,51,0,3,rank_available,TDs per ranked candidate
1,within-player,12,2016,0.901960784314,1.11186677606,0.945098039216,255,51,51,0,5,rank_available,TDs per ranked candidate
1,within-player,12,2016,0.8,0.992720720405,0.91568627451,510,51,51,0,10,rank_available,TDs per ranked candidate
1,within-player,12,2016,1,1.6290893474,0.960784313725,51,51,51,0,1,rank_in_slot,TDs per ranked candidate
1,within-player,12,2016,1.11111111111,1.46884823838,0.97385620915,153,51,51,0,3,rank_in_slot,TDs per ranked candidate
1,within-player,12,2016,1.01568627451,1.37311454719,0.964705882353,255,51,51,0,5,rank_in_slot,TDs per ranked candidate
1,within-player,12,2016,0.976470588235,1.22469401569,0.970588235294,510,51,51,0,10,rank_in_slot,TDs per ranked candidate
1,within-player,13,2016,0.666666666667,1.31651927733,0.921568627451,51,51,51,0,1,rank_available,TDs per ranked candidate
1,within-player,13,2016,0.797385620915,1.20081985265,0.947712418301,153,51,51,0,3,rank_available,TDs per ranked candidate
1,within-player,13,2016,0.796078431373,1.12718478864,0.945098039216,255,51,51,0,5,rank_available,TDs per ranked candidate
1,within-player,13,2016,0.788235294118,1.0041941358,0.925490196078,510,51,51,0,10,rank_available,TDs per ranked candidate
1,within-player,13,2016,1.09803921569,1.65974751011,0.960784313725,51,51,51,0,1,rank_in_slot,TDs per ranked candidate
1,within-player,13,2016,1.06535947712,1.4949871394,0.980392156863,153,51,51,0,3,rank_in_slot,TDs per ranked candidate
1,within-player,13,2016,1.00392156863,1.39428747204,0.956862745098,255,51,51,0,5,rank_in_slot,TDs per ranked candidate
1,within-player,13,2016,0.992156862745,1.24023296395,0.966666666667,510,51,51,0,10,rank_in_slot,TDs per ranked candidate
1,within-player,14,2016,0.803921568627,1.30103091185,0.960784313725,51,51,51,0,1,rank_available,TDs per ranked candidate
1,within-player,14,2016,0.862745098039,1.19144977757,0.954248366013,153,51,51,0,3,rank_available,TDs per ranked candidate
1,within-player,14,2016,0.882352941176,1.11641745679,0.956862745098,255,51,51,0,5,rank_available,TDs per ranked candidate
1,within-player,14,2016,0.801960784314,0.991786115348,0.921568627451,510,51,51,0,10,rank_available,TDs per ranked candidate
1,within-player,14,2016,0.843137254902,1.66340934835,0.960784313725,51,51,51,0,1,rank_in_slot,TDs per ranked candidate
1,within-player,14,2016,1.11111111111,1.48944665937,0.97385620915,153,51,51,0,3,rank_in_slot,TDs per ranked candidate
1,within-player,14,2016,1.09019607843,1.38683259946,0.964705882353,255,51,51,0,5,rank_in_slot,TDs per ranked candidate
1,within-player,14,2016,1.00392156863,1.23360767539,0.966666666667,510,51,51,0,10,rank_in_slot,TDs per ranked candidate
1,within-player,15,2016,0.882352941176,1.31499527804,0.960784313725,51,51,51,0,1,rank_available,TDs per ranked candidate
1,within-player,15,2016,0.928104575163,1.19835970129,0.941176470588,153,51,51,0,3,rank_available,TDs per ranked candidate
1,within-player,15,2016,0.890196078431,1.12592254356,0.937254901961,255,51,51,0,5,rank_available,TDs per ranked candidate
1,within-player,15,2016,0.854901960784,0.997920294241,0.923529411765,510,51,51,0,10,rank_available,TDs per ranked candidate
1,within-player,15,2016,0.901960784314,1.69353043141,0.960784313725,51,51,51,0,1,rank_in_slot,TDs per ranked candidate
1,within-player,15,2016,1.08496732026,1.49043238619,0.967320261438,153,51,51,0,3,rank_in_slot,TDs per ranked candidate
1,within-player,15,2016,1.02352941176,1.39103494572,0.964705882353,255,51,51,0,5,rank_in_slot,TDs per ranked candidate
1,within-player,15,2016,0.988235294118,1.23688096977,0.972549019608,510,51,51,0,10,rank_in_slot,TDs per ranked candidate
1,within-player,16,2016,0.843137254902,1.30793926367,0.901960784314,51,51,51,0,1,rank_available,TDs per ranked candidate
1,within-player,16,2016,0.856209150327,1.19396274792,0.928104575163,153,51,51,0,3,rank_available,TDs per ranked candidate
1,within-player,16,2016,0.921568627451,1.12339322641,0.941176470588,255,51,51,0,5,rank_available,TDs per ranked candidate
1,within-player,16,2016,0.819607843137,0.999661954053,0.917647058824,510,51,51,0,10,rank_available,TDs per ranked candidate
1,within-player,16,2016,1.03921568627,1.67522873224,0.960784313725,51,51,51,0,1,rank_in_slot,TDs per ranked candidate
1,within-player,16,2016,1.13071895425,1.50454897528,0.967320261438,153,51,51,0,3,rank_in_slot,TDs per ranked candidate
1,within-player,16,2016,1.06666666667,1.39764011644,0.964705882353,255,51,51,0,5,rank_in_slot,TDs per ranked candidate
1,within-player,16,2016,1,1.23748181616,0.966666666667,510,51,51,0,10,rank_in_slot,TDs per ranked candidate
1,within-player,17,2016,0.843137254902,1.2585241521,0.980392156863,51,51,51,0,1,rank_available,TDs per ranked candidate
1,within-player,17,2016,0.862745098039,1.1756178117,0.941176470588,153,51,51,0,3,rank_available,TDs per ranked candidate
1,within-player,17,2016,0.894117647059,1.11372302994,0.937254901961,255,51,51,0,5,rank_available,TDs per ranked candidate
1,within-player,17,2016,0.798039215686,0.996053761981,0.911764705882,510,51,51,0,10,rank_available,TDs per ranked candidate
1,within-player,17,2016,1.29411764706,1.5933265296,0.941176470588,51,51,51,0,1,rank_in_slot,TDs per ranked candidate
1,within-player,17,2016,1.16993464052,1.44908304403,0.947712418301,153,51,51,0,3,rank_in_slot,TDs per ranked candidate
1,within-player,17,2016,1.09411764706,1.35700301957,0.960784313725,255,51,51,0,5,rank_in_slot,TDs per ranked candidate
1,within-player,17,2016,0.996078431373,1.21487663621,0.962745098039,510,51,51,0,10,rank_in_slot,TDs per ranked candidate
1,within-player,18,2016,0.764705882353,1.31043148436,0.901960784314,51,51,51,0,1,rank_available,TDs per ranked candidate
1,within-player,18,2016,0.875816993464,1.187894568,0.915032679739,153,51,51,0,3,rank_available,TDs per ranked candidate
1,within-player,18,2016,0.921568627451,1.1199089561,0.933333333333,255,51,51,0,5,rank_available,TDs per ranked candidate
1,within-player,18,2016,0.817647058824,0.996199313549,0.917647058824,510,51,51,0,10,rank_available,TDs per ranked candidate
1,within-player,18,2016,0.980392156863,1.65837980543,0.960784313725,51,51,51,0,1,rank_in_slot,TDs per ranked candidate
1,within-player,18,2016,1.01307189542,1.47763033806,0.947712418301,153,51,51,0,3,rank_in_slot,TDs per ranked candidate
1,within-player,18,2016,1.05490196078,1.37917934515,0.945098039216,255,51,51,0,5,rank_in_slot,TDs per ranked candidate
1,within-player,18,2016,1.01568627451,1.22595344139,0.956862745098,510,51,51,0,10,rank_in_slot,TDs per ranked candidate
1,within-player,19,2016,0.725490196078,1.29375018354,0.941176470588,51,51,51,0,1,rank_available,TDs per ranked candidate
1,within-player,19,2016,0.83660130719,1.18927360359,0.934640522876,153,51,51,0,3,rank_available,TDs per ranked candidate
1,within-player,19,2016,0.796078431373,1.1174524994,0.941176470588,255,51,51,0,5,rank_available,TDs per ranked candidate
1,within-player,19,2016,0.813725490196,0.995480494708,0.935294117647,510,51,51,0,10,rank_available,TDs per ranked candidate
1,within-player,19,2016,0.960784313725,1.63290133573,0.960784313725,51,51,51,0,1,rank_in_slot,TDs per ranked candidate
1,within-player,19,2016,1.03267973856,1.46644230485,0.980392156863,153,51,51,0,3,rank_in_slot,TDs per ranked candidate
1,within-player,19,2016,0.964705882353,1.36968600792,0.96862745098,255,51,51,0,5,rank_in_slot,TDs per ranked candidate
1,within-player,19,2016,0.974509803922,1.22181199896,0.970588235294,510,51,51,0,10,rank_in_slot,TDs per ranked candidate
1,base-rate-only,-1,2017,0.882352941176,1.1309093902,0.823529411765,51,51,51,0,1,rank_available,TDs per ranked candidate
1,base-rate-only,-1,2017,0.745098039216,1.06215568241,0.823529411765,153,51,51,0,3,rank_available,TDs per ranked candidate
1,base-rate-only,-1,2017,0.733333333333,1.02346268893,0.83137254902,255,51,51,0,5,rank_available,TDs per ranked candidate
1,base-rate-only,-1,2017,0.733333333333,0.95346516017,0.835294117647,510,51,51,0,10,rank_available,TDs per ranked candidate
1,base-rate-only,-1,2017,0.980392156863,1.30411799673,0.960784313725,51,51,51,0,1,rank_in_slot,TDs per ranked candidate
1,base-rate-only,-1,2017,0.97385620915,1.21659971096,0.980392156863,153,51,51,0,3,rank_in_slot,TDs per ranked candidate
1,base-rate-only,-1,2017,0.901960784314,1.15639484973,0.941176470588,255,51,51,0,5,rank_in_slot,TDs per ranked candidate
1,base-rate-only,-1,2017,0.807843137255,1.07062909879,0.905882352941,510,51,51,0,10,rank_in_slot,TDs per ranked candidate
1,current-season-rate,-1,2017,0.803921568627,1.11194649308,0.901960784314,51,51,51,0,1,rank_available,TDs per ranked candidate
1,current-season-rate,-1,2017,0.745098039216,1.0433366496,0.895424836601,153,51,51,0,3,rank_available,TDs per ranked candidate
1,current-season-rate,-1,2017,0.721568627451,1.00042670093,0.819607843137,255,51,51,0,5,rank_available,TDs per ranked candidate
1,current-season-rate,-1,2017,0.574509803922,0.943665497166,0.764705882353,510,51,51,0,10,rank_available,TDs per ranked candidate
1,current-season-rate,-1,2017,1,1.21755648343,0.960784313725,51,51,51,0,1,rank_in_slot,TDs per ranked candidate
1,current-season-rate,-1,2017,0.934640522876,1.13531622422,0.960784313725,153,51,51,0,3,rank_in_slot,TDs per ranked candidate
1,current-season-rate,-1,2017,0.850980392157,1.08437156851,0.952941176471,255,51,51,0,5,rank_in_slot,TDs per ranked candidate
1,current-season-rate,-1,2017,0.798039215686,1.00734314437,0.892156862745,510,51,51,0,10,rank_in_slot,TDs per ranked candidate
1,historical-rate,-1,2017,0.686274509804,1.32818627451,0.666666666667,51,51,51,0,1,rank_available,TDs per ranked candidate
1,historical-rate,-1,2017,0.653594771242,1.25526367242,0.686274509804,153,51,51,0,3,rank_available,TDs per ranked candidate
1,historical-rate,-1,2017,0.654901960784,1.19844361249,0.752941176471,255,51,51,0,5,rank_available,TDs per ranked candidate
1,historical-rate,-1,2017,0.658823529412,1.07913753471,0.809803921569,510,51,51,0,10,rank_available,TDs per ranked candidate
1,historical-rate,-1,2017,0.705882352941,1.53545751634,0.921568627451,51,51,51,0,1,rank_in_slot,TDs per ranked candidate
1,historical-rate,-1,2017,0.712418300654,1.4361049263,0.83660130719,153,51,51,0,3,rank_in_slot,TDs per ranked candidate
1,historical-rate,-1,2017,0.772549019608,1.37597590318,0.8,255,51,51,0,5,rank_in_slot,TDs per ranked candidate
1,historical-rate,-1,2017,0.739215686275,1.24935454075,0.856862745098,510,51,51,0,10,rank_in_slot,TDs per ranked candidate
1,no-vegas,-1,2017,0.803921568627,1.16103043343,0.980392156863,51,51,51,0,1,rank_available,TDs per ranked candidate
1,no-vegas,-1,2017,0.869281045752,1.07111874658,0.986928104575,153,51,51,0,3,rank_available,TDs per ranked candidate
1,no-vegas,-1,2017,0.81568627451,1.01754822364,0.972549019608,255,51,51,0,5,rank_available,TDs per ranked candidate
1,no-vegas,-1,2017,0.766666666667,0.924344162159,0.950980392157,510,51,51,0,10,rank_available,TDs per ranked candidate
1,no-vegas,-1,2017,0.980392156863,1.36517397258,0.921568627451,51,51,51,0,1,rank_in_slot,TDs per ranked candidate
1,no-vegas,-1,2017,0.993464052288,1.24602383464,0.97385620915,153,51,51,0,3,rank_in_slot,TDs per ranked candidate
1,no-vegas,-1,2017,0.937254901961,1.17788290196,0.976470588235,255,51,51,0,5,rank_in_slot,TDs per ranked candidate
1,no-vegas,-1,2017,0.905882352941,1.06632856013,0.978431372549,510,51,51,0,10,rank_in_slot,TDs per ranked candidate
1,player-vegas,-1,2017,0.960784313725,1.2135304042,0.901960784314,51,51,51,0,1,rank_available,TDs per ranked candidate
1,player-vegas,-1,2017,0.823529411765,1.13044918257,0.862745098039,153,51,51,0,3,rank_available,TDs per ranked candidate
1,player-vegas,-1,2017,0.780392156863,1.07483980075,0.823529411765,255,51,51,0,5,rank_available,TDs per ranked candidate
1,player-vegas,-1,2017,0.647058823529,0.982712041402,0.788235294118,510,51,51,0,10,rank_available,TDs per ranked candidate
1,player-vegas,-1,2017,0.862745098039,1.53105515135,0.941176470588,51,51,51,0,1,rank_in_slot,TDs per ranked candidate
1,player-vegas,-1,2017,0.928104575163,1.38316684518,0.97385620915,153,51,51,0,3,rank_in_slot,TDs per ranked candidate
1,player-vegas,-1,2017,0.874509803922,1.30250370988,0.952941176471,255,51,51,0,5,rank_in_slot,TDs per ranked candidate
1,player-vegas,-1,2017,0.854901960784,1.17602991746,0.921568627451,510,51,51,0,10,rank_in_slot,TDs per ranked candidate
1,random,0,2017,0.176470588235,1.56023820508,0.509803921569,51,51,51,0,1,rank_available,TDs per ranked candidate
1,random,0,2017,0.222222222222,1.39078900961,0.542483660131,153,51,51,0,3,rank_available,TDs per ranked candidate
1,random,0,2017,0.262745098039,1.29604943465,0.572549019608,255,51,51,0,5,rank_available,TDs per ranked candidate
1,random,0,2017,0.254901960784,1.14153472586,0.570588235294,510,51,51,0,10,rank_available,TDs per ranked candidate
1,random,0,2017,0.196078431373,1.57059570416,0.490196078431,51,51,51,0,1,rank_in_slot,TDs per ranked candidate
1,random,0,2017,0.267973856209,1.40061382496,0.555555555556,153,51,51,0,3,rank_in_slot,TDs per ranked candidate
1,random,0,2017,0.349019607843,1.31284971454,0.607843137255,255,51,51,0,5,rank_in_slot,TDs per ranked candidate
1,random,0,2017,0.337254901961,1.16192967616,0.6,510,51,51,0,10,rank_in_slot,TDs per ranked candidate
1,random,1,2017,0.176470588235,1.57096519997,0.549019607843,51,51,51,0,1,rank_available,TDs per ranked candidate
1,random,1,2017,0.241830065359,1.39638507998,0.614379084967,153,51,51,0,3,rank_available,TDs per ranked candidate
1,random,1,2017,0.2,1.30852704087,0.576470588235,255,51,51,0,5,rank_available,TDs per ranked candidate
1,random,1,2017,0.292156862745,1.15099826589,0.625490196078,510,51,51,0,10,rank_available,TDs per ranked candidate
1,random,1,2017,0.176470588235,1.57096519997,0.549019607843,51,51,51,0,1,rank_in_slot,TDs per ranked candidate
1,random,1,2017,0.254901960784,1.40168076241,0.627450980392,153,51,51,0,3,rank_in_slot,TDs per ranked candidate
1,random,1,2017,0.219607843137,1.31468488448,0.588235294118,255,51,51,0,5,rank_in_slot,TDs per ranked candidate
1,random,1,2017,0.354901960784,1.16244786407,0.650980392157,510,51,51,0,10,rank_in_slot,TDs per ranked candidate
1,random,2,2017,0.333333333333,1.56062594386,0.705882352941,51,51,51,0,1,rank_available,TDs per ranked candidate
1,random,2,2017,0.307189542484,1.39100684784,0.653594771242,153,51,51,0,3,rank_available,TDs per ranked candidate
1,random,2,2017,0.298039215686,1.30430239264,0.635294117647,255,51,51,0,5,rank_available,TDs per ranked candidate
1,random,2,2017,0.292156862745,1.14833119496,0.639215686275,510,51,51,0,10,rank_available,TDs per ranked candidate
1,random,2,2017,0.372549019608,1.57154025646,0.725490196078,51,51,51,0,1,rank_in_slot,TDs per ranked candidate
1,random,2,2017,0.307189542484,1.3994832763,0.660130718954,153,51,51,0,3,rank_in_slot,TDs per ranked candidate
1,random,2,2017,0.317647058824,1.31181618992,0.643137254902,255,51,51,0,5,rank_in_slot,TDs per ranked candidate
1,random,2,2017,0.335294117647,1.16041370856,0.662745098039,510,51,51,0,10,rank_in_slot,TDs per ranked candidate
1,random,3,2017,0.137254901961,1.57558433656,0.490196078431,51,51,51,0,1,rank_available,TDs per ranked candidate
1,random,3,2017,0.254901960784,1.40007391285,0.522875816993,153,51,51,0,3,rank_available,TDs per ranked candidate
1,random,3,2017,0.301960784314,1.30862890879,0.572549019608,255,51,51,0,5,rank_available,TDs per ranked candidate
1,random,3,2017,0.26862745098,1.14893471289,0.588235294118,510,51,51,0,10,rank_available,TDs per ranked candidate
1,random,3,2017,0.137254901961,1.57558433656,0.490196078431,51,51,51,0,1,rank_in_slot,TDs per ranked candidate
1,random,3,2017,0.267973856209,1.4017377512,0.529411764706,153,51,51,0,3,rank_in_slot,TDs per ranked candidate
1,random,3,2017,0.349019607843,1.3153302366,0.58431372549,255,51,51,0,5,rank_in_slot,TDs per ranked candidate
1,random,3,2017,0.309803921569,1.16196664564,0.607843137255,510,51,51,0,10,rank_in_slot,TDs per ranked candidate
1,random,4,2017,0.196078431373,1.57599182071,0.56862745098,51,51,51,0,1,rank_available,TDs per ranked candidate
1,random,4,2017,0.143790849673,1.39878055018,0.483660130719,153,51,51,0,3,rank_available,TDs per ranked candidate
1,random,4,2017,0.223529411765,1.30485658902,0.537254901961,255,51,51,0,5,rank_available,TDs per ranked candidate
1,random,4,2017,0.278431372549,1.14883066805,0.578431372549,510,51,51,0,10,rank_available,TDs per ranked candidate
1,random,4,2017,0.196078431373,1.57668783385,0.588235294118,51,51,51,0,1,rank_in_slot,TDs per ranked candidate
1,random,4,2017,0.202614379085,1.40285328345,0.496732026144,153,51,51,0,3,rank_in_slot,TDs per ranked candidate
1,random,4,2017,0.262745098039,1.31485343833,0.556862745098,255,51,51,0,5,rank_in_slot,TDs per ranked candidate
1,random,4,2017,0.311764705882,1.1630087294,0.590196078431,510,51,51,0,10,rank_in_slot,TDs per ranked candidate
1,random,5,2017,0.490196078431,1.56354943729,0.745098039216,51,51,51,0,1,rank_available,TDs per ranked candidate
1,random,5,2017,0.333333333333,1.39218073968,0.653594771242,153,51,51,0,3,rank_available,TDs per ranked candidate
1,random,5,2017,0.341176470588,1.30450329241,0.674509803922,255,51,51,0,5,rank_available,TDs per ranked candidate
1,random,5,2017,0.323529411765,1.15177166098,0.666666666667,510,51,51,0,10,rank_available,TDs per ranked candidate
1,random,5,2017,0.509803921569,1.56800376475,0.745098039216,51,51,51,0,1,rank_in_slot,TDs per ranked candidate
1,random,5,2017,0.385620915033,1.39777627726,0.666666666667,153,51,51,0,3,rank_in_slot,TDs per ranked candidate
1,random,5,2017,0.376470588235,1.31222517451,0.694117647059,255,51,51,0,5,rank_in_slot,TDs per ranked candidate
1,random,5,2017,0.366666666667,1.16132400875,0.688235294118,510,51,51,0,10,rank_in_slot,TDs per ranked candidate
1,random,6,2017,0.274509803922,1.48927172294,0.56862745098,51,51,51,0,1,rank_available,TDs per ranked candidate
1,random,6,2017,0.294117647059,1.34697826124,0.588235294118,153,51,51,0,3,rank_available,TDs per ranked candidate
1,random,6,2017,0.243137254902,1.26565338551,0.56862745098,255,51,51,0,5,rank_available,TDs per ranked candidate
1,random,6,2017,0.301960784314,1.12548801735,0.586274509804,510,51,51,0,10,rank_available,TDs per ranked candidate
1,random,6,2017,0.549019607843,1.57338215622,0.666666666667,51,51,51,0,1,rank_in_slot,TDs per ranked candidate
1,random,6,2017,0.418300653595,1.39908037474,0.640522875817,153,51,51,0,3,rank_in_slot,TDs per ranked candidate
1,random,6,2017,0.364705882353,1.31160867254,0.61568627451,255,51,51,0,5,rank_in_slot,TDs per ranked candidate
1,random,6,2017,0.374509803922,1.16173086489,0.617647058824,510,51,51,0,10,rank_in_slot,TDs per ranked candidate
1,random,7,2017,0.549019607843,1.52689011544,0.862745098039,51,51,51,0,1,rank_available,TDs per ranked candidate
1,random,7,2017,0.464052287582,1.36542173831,0.764705882353,153,51,51,0,3,rank_available,TDs per ranked candidate
1,random,7,2017,0.356862745098,1.28050790021,0.674509803922,255,51,51,0,5,rank_available,TDs per ranked candidate
1,random,7,2017,0.309803921569,1.13233888952,0.647058823529,510,51,51,0,10,rank_available,TDs per ranked candidate
1,random,7,2017,0.78431372549,1.57668783385,0.941176470588,51,51,51,0,1,rank_in_slot,TDs per ranked candidate
1,random,7,2017,0.562091503268,1.4007931817,0.81045751634,153,51,51,0,3,rank_in_slot,TDs per ranked candidate
1,random,7,2017,0.423529411765,1.31298316072,0.705882352941,255,51,51,0,5,rank_in_slot,TDs per ranked candidate
1,random,7,2017,0.38431372549,1.16109179305,0.678431372549,510,51,51,0,10,rank_in_slot,TDs per ranked candidate
1,random,8,2017,0.196078431373,1.57668783385,0.470588235294,51,51,51,0,1,rank_available,TDs per ranked candidate
1,random,8,2017,0.281045751634,1.39500699244,0.601307189542,153,51,51,0,3,rank_available,TDs per ranked candidate
1,random,8,2017,0.258823529412,1.30629876189,0.6,255,51,51,0,5,rank_available,TDs per ranked candidate
1,random,8,2017,0.278431372549,1.15070816598,0.609803921569,510,51,51,0,10,rank_available,TDs per ranked candidate
1,random,8,2017,0.196078431373,1.57668783385,0.470588235294,51,51,51,0,1,rank_in_slot,TDs per ranked candidate
1,random,8,2017,0.326797385621,1.40226966338,0.633986928105,153,51,51,0,3,rank_in_slot,TDs per ranked candidate
1,random,8,2017,0.282352941176,1.31481878649,0.61568627451,255,51,51,0,5,rank_in_slot,TDs per ranked candidate
1,random,8,2017,0.337254901961,1.16299390994,0.629411764706,510,51,51,0,10,rank_in_slot,TDs per ranked candidate
1,random,9,2017,0.470588235294,1.56764248677,0.686274509804,51,51,51,0,1,rank_available,TDs per ranked candidate
1,random,9,2017,0.444444444444,1.39262893027,0.725490196078,153,51,51,0,3,rank_available,TDs per ranked candidate
1,random,9,2017,0.388235294118,1.30585158506,0.682352941176,255,51,51,0,5,rank_available,TDs per ranked candidate
1,random,9,2017,0.311764705882,1.15080168017,0.660784313725,510,51,51,0,10,rank_available,TDs per ranked candidate
1,random,9,2017,0.470588235294,1.56972966721,0.666666666667,51,51,51,0,1,rank_in_slot,TDs per ranked candidate
1,random,9,2017,0.450980392157,1.39753682269,0.718954248366,153,51,51,0,3,rank_in_slot,TDs per ranked candidate
1,random,9,2017,0.41568627451,1.31025644713,0.694117647059,255,51,51,0,5,rank_in_slot,TDs per ranked candidate
1,random,9,2017,0.356862745098,1.15905054067,0.672549019608,510,51,51,0,10,rank_in_slot,TDs per ranked candidate
1,random,10,2017,0.0588235294118,1.56276876721,0.372549019608,51,51,51,0,1,rank_available,TDs per ranked candidate
1,random,10,2017,0.169934640523,1.39502939052,0.509803921569,153,51,51,0,3,rank_available,TDs per ranked candidate
1,random,10,2017,0.258823529412,1.30637783788,0.56862745098,255,51,51,0,5,rank_available,TDs per ranked candidate
1,random,10,2017,0.241176470588,1.15325305482,0.582352941176,510,51,51,0,10,rank_available,TDs per ranked candidate
1,random,10,2017,0.117647058824,1.56907784666,0.392156862745,51,51,51,0,1,rank_in_slot,TDs per ranked candidate
1,random,10,2017,0.18954248366,1.39818471522,0.516339869281,153,51,51,0,3,rank_in_slot,TDs per ranked candidate
1,random,10,2017,0.290196078431,1.31151394,0.596078431373,255,51,51,0,5,rank_in_slot,TDs per ranked candidate
1,random,10,2017,0.254901960784,1.16168521556,0.6,510,51,51,0,10,rank_in_slot,TDs per ranked candidate
1,random,11,2017,0.235294117647,1.54070329589,0.686274509804,51,51,51,0,1,rank_available,TDs per ranked candidate
1,random,11,2017,0.21568627451,1.37626534581,0.575163398693,153,51,51,0,3,rank_available,TDs per ranked candidate
1,random,11,2017,0.227450980392,1.28290840221,0.58431372549,255,51,51,0,5,rank_available,TDs per ranked candidate
1,random,11,2017,0.217647058824,1.13254356123,0.560784313725,510,51,51,0,10,rank_available,TDs per ranked candidate
1,random,11,2017,0.313725490196,1.57658928546,0.745098039216,51,51,51,0,1,rank_in_slot,TDs per ranked candidate
1,random,11,2017,0.235294117647,1.40238731376,0.601307189542,153,51,51,0,3,rank_in_slot,TDs per ranked candidate
1,random,11,2017,0.301960784314,1.31178292189,0.627450980392,255,51,51,0,5,rank_in_slot,TDs per ranked candidate
1,random,11,2017,0.276470588235,1.16059807679,0.598039215686,510,51,51,0,10,rank_in_slot,TDs per ranked candidate
1,random,12,2017,0.313725490196,1.56915046179,0.647058823529,51,51,51,0,1,rank_available,TDs per ranked candidate
1,random,12,2017,0.300653594771,1.39570790945,0.640522875817,153,51,51,0,3,rank_available,TDs per ranked candidate
1,random,12,2017,0.243137254902,1.30886931214,0.627450980392,255,51,51,0,5,rank_available,TDs per ranked candidate
1,random,12,2017,0.305882352941,1.15545154518,0.656862745098,510,51,51,0,10,rank_available,TDs per ranked candidate
1,random,12,2017,0.333333333333,1.57006360621,0.647058823529,51,51,51,0,1,rank_in_slot,TDs per ranked candidate
1,random,12,2017,0.352941176471,1.40146643006,0.647058823529,153,51,51,0,3,rank_in_slot,TDs per ranked candidate
1,random,12,2017,0.278431372549,1.31441536992,0.635294117647,255,51,51,0,5,rank_in_slot,TDs per ranked candidate
1,random,12,2017,0.343137254902,1.16369223619,0.672549019608,510,51,51,0,10,rank_in_slot,TDs per ranked candidate
1,random,13,2017,0.196078431373,1.56930417026,0.666666666667,51,51,51,0,1,rank_available,TDs per ranked candidate
1,random,13,2017,0.333333333333,1.38408070993,0.653594771242,153,51,51,0,3,rank_available,TDs per ranked candidate
1,random,13,2017,0.247058823529,1.29500856896,0.596078431373,255,51,51,0,5,rank_available,TDs per ranked candidate
1,random,13,2017,0.272549019608,1.1459985456,0.594117647059,510,51,51,0,10,rank_available,TDs per ranked candidate
1,random,13,2017,0.196078431373,1.56930417026,0.666666666667,51,51,51,0,1,rank_in_slot,TDs per ranked candidate
1,random,13,2017,0.346405228758,1.39375775006,0.679738562092,153,51,51,0,3,rank_in_slot,TDs per ranked candidate
1,random,13,2017,0.290196078431,1.30801552963,0.627450980392,255,51,51,0,5,rank_in_slot,TDs per ranked candidate
1,random,13,2017,0.305882352941,1.16010013916,0.613725490196,510,51,51,0,10,rank_in_slot,TDs per ranked candidate
1,random,14,2017,0.333333333333,1.53577021656,0.627450980392,51,51,51,0,1,rank_available,TDs per ranked candidate
1,random,14,2017,0.333333333333,1.37390713728,0.712418300654,153,51,51,0,3,rank_available,TDs per ranked candidate
1,random,14,2017,0.282352941176,1.28086123492,0.658823529412,255,51,51,0,5,rank_available,TDs per ranked candidate
1,random,14,2017,0.301960784314,1.13311050913,0.658823529412,510,51,51,0,10,rank_available,TDs per ranked candidate
1,random,14,2017,0.352941176471,1.57269202242,0.627450980392,51,51,51,0,1,rank_in_slot,TDs per ranked candidate
1,random,14,2017,0.444444444444,1.40155523441,0.745098039216,153,51,51,0,3,rank_in_slot,TDs per ranked candidate
1,random,14,2017,0.38431372549,1.31397856016,0.705882352941,255,51,51,0,5,rank_in_slot,TDs per ranked candidate
1,random,14,2017,0.38431372549,1.16342864645,0.688235294118,510,51,51,0,10,rank_in_slot,TDs per ranked candidate
1,random,15,2017,0.254901960784,1.56332819651,0.666666666667,51,51,51,0,1,rank_available,TDs per ranked candidate
1,random,15,2017,0.300653594771,1.38131137891,0.640522875817,153,51,51,0,3,rank_available,TDs per ranked candidate
1,random,15,2017,0.313725490196,1.29518100632,0.63137254902,255,51,51,0,5,rank_available,TDs per ranked candidate
1,random,15,2017,0.301960784314,1.1445528618,0.61568627451,510,51,51,0,10,rank_available,TDs per ranked candidate
1,random,15,2017,0.294117647059,1.57668783385,0.686274509804,51,51,51,0,1,rank_in_slot,TDs per ranked candidate
1,random,15,2017,0.352941176471,1.40141287616,0.660130718954,153,51,51,0,3,rank_in_slot,TDs per ranked candidate
1,random,15,2017,0.4,1.31495757975,0.654901960784,255,51,51,0,5,rank_in_slot,TDs per ranked candidate
1,random,15,2017,0.347058823529,1.16262313172,0.633333333333,510,51,51,0,10,rank_in_slot,TDs per ranked candidate
1,random,16,2017,0.176470588235,1.54083473386,0.490196078431,51,51,51,0,1,rank_available,TDs per ranked candidate
1,random,16,2017,0.267973856209,1.37722533513,0.56862745098,153,51,51,0,3,rank_available,TDs per ranked candidate
1,random,16,2017,0.317647058824,1.28829564377,0.592156862745,255,51,51,0,5,rank_available,TDs per ranked candidate
1,random,16,2017,0.313725490196,1.13786055932,0.601960784314,510,51,51,0,10,rank_available,TDs per ranked candidate
1,random,16,2017,0.392156862745,1.5738584341,0.588235294118,51,51,51,0,1,rank_in_slot,TDs per ranked candidate
1,random,16,2017,0.300653594771,1.39758993722,0.59477124183,153,51,51,0,3,rank_in_slot,TDs per ranked candidate
1,random,16,2017,0.36862745098,1.30858715439,0.623529411765,255,51,51,0,5,rank_in_slot,TDs per ranked candidate
1,random,16,2017,0.36862745098,1.16003282847,0.633333333333,510,51,51,0,10,rank_in_slot,TDs per ranked candidate
1,random,17,2017,0.294117647059,1.54872729181,0.666666666667,51,51,51,0,1,rank_available,TDs per ranked candidate
1,random,17,2017,0.222222222222,1.38444888927,0.56862745098,153,51,51,0,3,rank_available,TDs per ranked candidate
1,random,17,2017,0.2,1.29884908904,0.537254901961,255,51,51,0,5,rank_available,TDs per ranked candidate
1,random,17,2017,0.258823529412,1.14776433156,0.570588235294,510,51,51,0,10,rank_available,TDs per ranked candidate
1,random,17,2017,0.313725490196,1.57044815599,0.686274509804,51,51,51,0,1,rank_in_slot,TDs per ranked candidate
1,random,17,2017,0.21568627451,1.39723019947,0.581699346405,153,51,51,0,3,rank_in_slot,TDs per ranked candidate
1,random,17,2017,0.2,1.31202234694,0.541176470588,255,51,51,0,5,rank_in_slot,TDs per ranked candidate
1,random,17,2017,0.288235294118,1.1604423548,0.58431372549,510,51,51,0,10,rank_in_slot,TDs per ranked candidate
1,random,18,2017,0.176470588235,1.56073826227,0.490196078431,51,51,51,0,1,rank_available,TDs per ranked candidate
1,random,18,2017,0.235294117647,1.38684061552,0.601307189542,153,51,51,0,3,rank_available,TDs per ranked candidate
1,random,18,2017,0.243137254902,1.29481135138,0.580392156863,255,51,51,0,5,rank_available,TDs per ranked candidate
1,random,18,2017,0.323529411765,1.14075223718,0.61568627451,510,51,51,0,10,rank_available,TDs per ranked candidate
1,random,18,2017,0.176470588235,1.5619815727,0.509803921569,51,51,51,0,1,rank_in_slot,TDs per ranked candidate
1,random,18,2017,0.313725490196,1.39679389124,0.627450980392,153,51,51,0,3,rank_in_slot,TDs per ranked candidate
1,random,18,2017,0.309803921569,1.31079805935,0.607843137255,255,51,51,0,5,rank_in_slot,TDs per ranked candidate
1,random,18,2017,0.405882352941,1.16107948074,0.649019607843,510,51,51,0,10,rank_in_slot,TDs per ranked candidate
1,random,19,2017,0.509803921569,1.53856240073,0.803921568627,51,51,51,0,1,rank_available,TDs per ranked candidate
1,random,19,2017,0.40522875817,1.37302394989,0.692810457516,153,51,51,0,3,rank_available,TDs per ranked candidate
1,random,19,2017,0.325490196078,1.28482733346,0.678431372549,255,51,51,0,5,rank_available,TDs per ranked candidate
1,random,19,2017,0.337254901961,1.13699234711,0.641176470588,510,51,51,0,10,rank_available,TDs per ranked candidate
1,random,19,2017,0.607843137255,1.57275493681,0.843137254902,51,51,51,0,1,rank_in_slot,TDs per ranked candidate
1,random,19,2017,0.470588235294,1.39889555569,0.725490196078,153,51,51,0,3,rank_in_slot,TDs per ranked candidate
1,random,19,2017,0.372549019608,1.31019738521,0.713725490196,255,51,51,0,5,rank_in_slot,TDs per ranked candidate
1,random,19,2017,0.405882352941,1.15954802818,0.670588235294,510,51,51,0,10,rank_in_slot,TDs per ranked candidate
1,regressed-rate,-1,2017,1.03921568627,1.13791298955,0.980392156863,51,51,51,0,1,rank_available,TDs per ranked candidate
1,regressed-rate,-1,2017,0.849673202614,1.07729200991,0.921568627451,153,51,51,0,3,rank_available,TDs per ranked candidate
1,regressed-rate,-1,2017,0.772549019608,1.03642826895,0.917647058824,255,51,51,0,5,rank_available,TDs per ranked candidate
1,regressed-rate,-1,2017,0.647058823529,0.9667294259,0.843137254902,510,51,51,0,10,rank_available,TDs per ranked candidate
1,regressed-rate,-1,2017,0.705882352941,1.3255603705,0.980392156863,51,51,51,0,1,rank_in_slot,TDs per ranked candidate
1,regressed-rate,-1,2017,0.830065359477,1.24609570009,0.986928104575,153,51,51,0,3,rank_in_slot,TDs per ranked candidate
1,regressed-rate,-1,2017,0.890196078431,1.19266715632,0.972549019608,255,51,51,0,5,rank_in_slot,TDs per ranked candidate
1,regressed-rate,-1,2017,0.801960784314,1.09237502337,0.941176470588,510,51,51,0,10,rank_in_slot,TDs per ranked candidate
1,shipped,-1,2017,0.882352941176,1.22158686998,0.980392156863,51,51,51,0,1,rank_available,TDs per ranked candidate
1,shipped,-1,2017,0.941176470588,1.12115602269,0.993464052288,153,51,51,0,3,rank_available,TDs per ranked candidate
1,shipped,-1,2017,0.898039215686,1.05232861477,0.976470588235,255,51,51,0,5,rank_available,TDs per ranked candidate
1,shipped,-1,2017,0.780392156863,0.937173389236,0.947058823529,510,51,51,0,10,rank_available,TDs per ranked candidate
1,shipped,-1,2017,0.921568627451,1.57558433656,0.941176470588,51,51,51,0,1,rank_in_slot,TDs per ranked candidate
1,shipped,-1,2017,0.97385620915,1.40217359122,0.967320261438,153,51,51,0,3,rank_in_slot,TDs per ranked candidate
1,shipped,-1,2017,0.909803921569,1.31240651883,0.972549019608,255,51,51,0,5,rank_in_slot,TDs per ranked candidate
1,shipped,-1,2017,0.905882352941,1.16104273115,0.966666666667,510,51,51,0,10,rank_in_slot,TDs per ranked candidate
1,vegas-environment,-1,2017,0.823529411765,0.949336081403,0.980392156863,51,51,51,0,1,rank_available,TDs per ranked candidate
1,vegas-environment,-1,2017,0.830065359477,0.914953052684,0.967320261438,153,51,51,0,3,rank_available,TDs per ranked candidate
1,vegas-environment,-1,2017,0.827450980392,0.895670069693,0.937254901961,255,51,51,0,5,rank_available,TDs per ranked candidate
1,vegas-environment,-1,2017,0.764705882353,0.860832832768,0.939215686275,510,51,51,0,10,rank_available,TDs per ranked candidate
1,vegas-environment,-1,2017,0.980392156863,1.04523755649,1,51,51,51,0,1,rank_in_slot,TDs per ranked candidate
1,vegas-environment,-1,2017,0.830065359477,0.994436328087,0.986928104575,153,51,51,0,3,rank_in_slot,TDs per ranked candidate
1,vegas-environment,-1,2017,0.894117647059,0.964730452526,0.976470588235,255,51,51,0,5,rank_in_slot,TDs per ranked candidate
1,vegas-environment,-1,2017,0.886274509804,0.925857002104,0.958823529412,510,51,51,0,10,rank_in_slot,TDs per ranked candidate
1,within-player,0,2017,1,1.2458126237,0.960784313725,51,51,51,0,1,rank_available,TDs per ranked candidate
1,within-player,0,2017,1.01307189542,1.13527569105,0.986928104575,153,51,51,0,3,rank_available,TDs per ranked candidate
1,within-player,0,2017,0.905882352941,1.06498865449,0.960784313725,255,51,51,0,5,rank_available,TDs per ranked candidate
1,within-player,0,2017,0.803921568627,0.949331199016,0.939215686275,510,51,51,0,10,rank_available,TDs per ranked candidate
1,within-player,0,2017,1,1.58743701692,0.941176470588,51,51,51,0,1,rank_in_slot,TDs per ranked candidate
1,within-player,0,2017,0.901960784314,1.41955200149,0.97385620915,153,51,51,0,3,rank_in_slot,TDs per ranked candidate
1,within-player,0,2017,0.929411764706,1.33053979028,0.964705882353,255,51,51,0,5,rank_in_slot,TDs per ranked candidate
1,within-player,0,2017,0.921568627451,1.18352628945,0.956862745098,510,51,51,0,10,rank_in_slot,TDs per ranked candidate
1,within-player,1,2017,0.901960784314,1.22873816082,0.980392156863,51,51,51,0,1,rank_available,TDs per ranked candidate
1,within-player,1,2017,0.921568627451,1.12726866569,0.97385620915,153,51,51,0,3,rank_available,TDs per ranked candidate
1,within-player,1,2017,0.83137254902,1.06091185029,0.964705882353,255,51,51,0,5,rank_available,TDs per ranked candidate
1,within-player,1,2017,0.788235294118,0.949276124881,0.949019607843,510,51,51,0,10,rank_available,TDs per ranked candidate
1,within-player,1,2017,0.960784313725,1.58251340854,0.941176470588,51,51,51,0,1,rank_in_slot,TDs per ranked candidate
1,within-player,1,2017,0.875816993464,1.41638175239,0.97385620915,153,51,51,0,3,rank_in_slot,TDs per ranked candidate
1,within-player,1,2017,0.898039215686,1.32434281596,0.972549019608,255,51,51,0,5,rank_in_slot,TDs per ranked candidate
1,within-player,1,2017,0.882352941176,1.17699266378,0.966666666667,510,51,51,0,10,rank_in_slot,TDs per ranked candidate
1,within-player,2,2017,1.01960784314,1.25296597829,0.980392156863,51,51,51,0,1,rank_available,TDs per ranked candidate
1,within-player,2,2017,0.888888888889,1.14397968858,0.986928104575,153,51,51,0,3,rank_available,TDs per ranked candidate
1,within-player,2,2017,0.843137254902,1.07305909481,0.952941176471,255,51,51,0,5,rank_available,TDs per ranked candidate
1,within-player,2,2017,0.803921568627,0.953295391884,0.945098039216,510,51,51,0,10,rank_available,TDs per ranked candidate
1,within-player,2,2017,0.941176470588,1.58089869572,0.941176470588,51,51,51,0,1,rank_in_slot,TDs per ranked candidate
1,within-player,2,2017,0.928104575163,1.42859330791,0.97385620915,153,51,51,0,3,rank_in_slot,TDs per ranked candidate
1,within-player,2,2017,0.886274509804,1.33261916804,0.96862745098,255,51,51,0,5,rank_in_slot,TDs per ranked candidate
1,within-player,2,2017,0.882352941176,1.18487427381,0.962745098039,510,51,51,0,10,rank_in_slot,TDs per ranked candidate
1,within-player,3,2017,0.882352941176,1.25038808575,0.980392156863,51,51,51,0,1,rank_available,TDs per ranked candidate
1,within-player,3,2017,0.849673202614,1.13819554934,0.993464052288,153,51,51,0,3,rank_available,TDs per ranked candidate
1,within-player,3,2017,0.83137254902,1.06187971502,0.972549019608,255,51,51,0,5,rank_available,TDs per ranked candidate
1,within-player,3,2017,0.811764705882,0.941201069934,0.952941176471,510,51,51,0,10,rank_available,TDs per ranked candidate
1,within-player,3,2017,1,1.65893780331,0.941176470588,51,51,51,0,1,rank_in_slot,TDs per ranked candidate
1,within-player,3,2017,0.888888888889,1.44514098657,0.97385620915,153,51,51,0,3,rank_in_slot,TDs per ranked candidate
1,within-player,3,2017,0.866666666667,1.33862451985,0.972549019608,255,51,51,0,5,rank_in_slot,TDs per ranked candidate
1,within-player,3,2017,0.892156862745,1.17841193334,0.966666666667,510,51,51,0,10,rank_in_slot,TDs per ranked candidate
1,within-player,4,2017,0.882352941176,1.22546786441,1,51,51,51,0,1,rank_available,TDs per ranked candidate
1,within-player,4,2017,0.849673202614,1.11520399337,0.986928104575,153,51,51,0,3,rank_available,TDs per ranked candidate
1,within-player,4,2017,0.870588235294,1.04793955968,0.964705882353,255,51,51,0,5,rank_available,TDs per ranked candidate
1,within-player,4,2017,0.796078431373,0.938331603734,0.949019607843,510,51,51,0,10,rank_available,TDs per ranked candidate
1,within-player,4,2017,0.901960784314,1.59065509536,0.960784313725,51,51,51,0,1,rank_in_slot,TDs per ranked candidate
1,within-player,4,2017,0.875816993464,1.41620127081,0.97385620915,153,51,51,0,3,rank_in_slot,TDs per ranked candidate
1,within-player,4,2017,0.882352941176,1.32101720174,0.972549019608,255,51,51,0,5,rank_in_slot,TDs per ranked candidate
1,within-player,4,2017,0.862745098039,1.16941624748,0.966666666667,510,51,51,0,10,rank_in_slot,TDs per ranked candidate
1,within-player,5,2017,0.862745098039,1.25568503817,0.980392156863,51,51,51,0,1,rank_available,TDs per ranked candidate
1,within-player,5,2017,0.921568627451,1.1272122351,0.986928104575,153,51,51,0,3,rank_available,TDs per ranked candidate
1,within-player,5,2017,0.882352941176,1.0574217975,0.960784313725,255,51,51,0,5,rank_available,TDs per ranked candidate
1,within-player,5,2017,0.798039215686,0.944362815638,0.945098039216,510,51,51,0,10,rank_available,TDs per ranked candidate
1,within-player,5,2017,1.01960784314,1.65911770563,0.941176470588,51,51,51,0,1,rank_in_slot,TDs per ranked candidate
1,within-player,5,2017,0.986928104575,1.44905466852,0.960784313725,153,51,51,0,3,rank_in_slot,TDs per ranked candidate
1,within-player,5,2017,0.901960784314,1.34157213584,0.96862745098,255,51,51,0,5,rank_in_slot,TDs per ranked candidate
1,within-player,5,2017,0.903921568627,1.18333510502,0.964705882353,510,51,51,0,10,rank_in_slot,TDs per ranked candidate
1,within-player,6,2017,0.823529411765,1.24874300655,0.980392156863,51,51,51,0,1,rank_available,TDs per ranked candidate
1,within-player,6,2017,0.81045751634,1.13592126268,0.980392156863,153,51,51,0,3,rank_available,TDs per ranked candidate
1,within-player,6,2017,0.850980392157,1.0651168512,0.964705882353,255,51,51,0,5,rank_available,TDs per ranked candidate
1,within-player,6,2017,0.78431372549,0.949943247501,0.945098039216,510,51,51,0,10,rank_available,TDs per ranked candidate
1,within-player,6,2017,1,1.61714370606,0.960784313725,51,51,51,0,1,rank_in_slot,TDs per ranked candidate
1,within-player,6,2017,0.895424836601,1.43117248075,0.967320261438,153,51,51,0,3,rank_in_slot,TDs per ranked candidate
1,within-player,6,2017,0.898039215686,1.33245909036,0.96862745098,255,51,51,0,5,rank_in_slot,TDs per ranked candidate
1,within-player,6,2017,0.866666666667,1.18045365432,0.960784313725,510,51,51,0,10,rank_in_slot,TDs per ranked candidate
1,within-player,7,2017,1.01960784314,1.25033937134,0.980392156863,51,51,51,0,1,rank_available,TDs per ranked candidate
1,within-player,7,2017,0.862745098039,1.13242613146,0.97385620915,153,51,51,0,3,rank_available,TDs per ranked candidate
1,within-player,7,2017,0.890196078431,1.06021824586,0.96862745098,255,51,51,0,5,rank_available,TDs per ranked candidate
1,within-player,7,2017,0.796078431373,0.946095108551,0.945098039216,510,51,51,0,10,rank_available,TDs per ranked candidate
1,within-player,7,2017,1.05882352941,1.58597424518,0.941176470588,51,51,51,0,1,rank_in_slot,TDs per ranked candidate
1,within-player,7,2017,0.941176470588,1.41964832256,0.967320261438,153,51,51,0,3,rank_in_slot,TDs per ranked candidate
1,within-player,7,2017,0.929411764706,1.32422093335,0.964705882353,255,51,51,0,5,rank_in_slot,TDs per ranked candidate
1,within-player,7,2017,0.905882352941,1.17430467728,0.96862745098,510,51,51,0,10,rank_in_slot,TDs per ranked candidate
1,within-player,8,2017,0.803921568627,1.24643256065,0.980392156863,51,51,51,0,1,rank_available,TDs per ranked candidate
1,within-player,8,2017,0.869281045752,1.13471560461,0.986928104575,153,51,51,0,3,rank_available,TDs per ranked candidate
1,within-player,8,2017,0.843137254902,1.05835875941,0.972549019608,255,51,51,0,5,rank_available,TDs per ranked candidate
1,within-player,8,2017,0.778431372549,0.943005040607,0.949019607843,510,51,51,0,10,rank_available,TDs per ranked candidate
1,within-player,8,2017,0.843137254902,1.62601953136,0.941176470588,51,51,51,0,1,rank_in_slot,TDs per ranked candidate
1,within-player,8,2017,0.895424836601,1.43891338165,0.97385620915,153,51,51,0,3,rank_in_slot,TDs per ranked candidate
1,within-player,8,2017,0.913725490196,1.33298192865,0.972549019608,255,51,51,0,5,rank_in_slot,TDs per ranked candidate
1,within-player,8,2017,0.878431372549,1.17566468868,0.960784313725,510,51,51,0,10,rank_in_slot,TDs per ranked candidate
1,within-player,9,2017,0.941176470588,1.258605905,0.960784313725,51,51,51,0,1,rank_available,TDs per ranked candidate
1,within-player,9,2017,0.869281045752,1.14131115655,0.986928104575,153,51,51,0,3,rank_available,TDs per ranked candidate
1,within-player,9,2017,0.850980392157,1.06545441149,0.96862745098,255,51,51,0,5,rank_available,TDs per ranked candidate
1,within-player,9,2017,0.811764705882,0.941273528558,0.949019607843,510,51,51,0,10,rank_available,TDs per ranked candidate
1,within-player,9,2017,0.882352941176,1.62020658361,0.941176470588,51,51,51,0,1,rank_in_slot,TDs per ranked candidate
1,within-player,9,2017,0.986928104575,1.42003849623,0.97385620915,153,51,51,0,3,rank_in_slot,TDs per ranked candidate
1,within-player,9,2017,0.909803921569,1.32059237171,0.972549019608,255,51,51,0,5,rank_in_slot,TDs per ranked candidate
1,within-player,9,2017,0.901960784314,1.16907536748,0.962745098039,510,51,51,0,10,rank_in_slot,TDs per ranked candidate
1,within-player,10,2017,1.09803921569,1.22803132552,0.980392156863,51,51,51,0,1,rank_available,TDs per ranked candidate
1,within-player,10,2017,0.934640522876,1.12436890038,0.993464052288,153,51,51,0,3,rank_available,TDs per ranked candidate
1,within-player,10,2017,0.835294117647,1.0508391618,0.976470588235,255,51,51,0,5,rank_available,TDs per ranked candidate
1,within-player,10,2017,0.788235294118,0.938242218117,0.947058823529,510,51,51,0,10,rank_available,TDs per ranked candidate
1,within-player,10,2017,0.882352941176,1.60624959139,0.960784313725,51,51,51,0,1,rank_in_slot,TDs per ranked candidate
1,within-player,10,2017,0.941176470588,1.41891495039,0.97385620915,153,51,51,0,3,rank_in_slot,TDs per ranked candidate
1,within-player,10,2017,0.862745098039,1.32177277535,0.972549019608,255,51,51,0,5,rank_in_slot,TDs per ranked candidate
1,within-player,10,2017,0.890196078431,1.17201584709,0.96862745098,510,51,51,0,10,rank_in_slot,TDs per ranked candidate
1,within-player,11,2017,0.941176470588,1.23170296755,0.980392156863,51,51,51,0,1,rank_available,TDs per ranked candidate
1,within-player,11,2017,0.901960784314,1.12325611257,0.97385620915,153,51,51,0,3,rank_available,TDs per ranked candidate
1,within-player,11,2017,0.866666666667,1.05725429267,0.933333333333,255,51,51,0,5,rank_available,TDs per ranked candidate
1,within-player,11,2017,0.8,0.94597679474,0.939215686275,510,51,51,0,10,rank_available,TDs per ranked candidate
1,within-player,11,2017,0.901960784314,1.6115579323,0.960784313725,51,51,51,0,1,rank_in_slot,TDs per ranked candidate
1,within-player,11,2017,0.908496732026,1.42464711325,0.97385620915,153,51,51,0,3,rank_in_slot,TDs per ranked candidate
1,within-player,11,2017,0.937254901961,1.32619140535,0.960784313725,255,51,51,0,5,rank_in_slot,TDs per ranked candidate
1,within-player,11,2017,0.901960784314,1.17654367316,0.958823529412,510,51,51,0,10,rank_in_slot,TDs per ranked candidate
1,within-player,12,2017,0.921568627451,1.23022562252,0.980392156863,51,51,51,0,1,rank_available,TDs per ranked candidate
1,within-player,12,2017,0.980392156863,1.12534577354,0.993464052288,153,51,51,0,3,rank_available,TDs per ranked candidate
1,within-player,12,2017,0.847058823529,1.06163528526,0.988235294118,255,51,51,0,5,rank_available,TDs per ranked candidate
1,within-player,12,2017,0.780392156863,0.94860761704,0.950980392157,510,51,51,0,10,rank_available,TDs per ranked candidate
1,within-player,12,2017,0.882352941176,1.57685110806,0.941176470588,51,51,51,0,1,rank_in_slot,TDs per ranked candidate
1,within-player,12,2017,1.01307189542,1.40359664319,0.967320261438,153,51,51,0,3,rank_in_slot,TDs per ranked candidate
1,within-player,12,2017,0.96862745098,1.31563504087,0.96862745098,255,51,51,0,5,rank_in_slot,TDs per ranked candidate
1,within-player,12,2017,0.890196078431,1.17360887216,0.96862745098,510,51,51,0,10,rank_in_slot,TDs per ranked candidate
1,within-player,13,2017,1.13725490196,1.24570061856,0.980392156863,51,51,51,0,1,rank_available,TDs per ranked candidate
1,within-player,13,2017,0.915032679739,1.13101138351,0.993464052288,153,51,51,0,3,rank_available,TDs per ranked candidate
1,within-player,13,2017,0.894117647059,1.06171354327,0.980392156863,255,51,51,0,5,rank_available,TDs per ranked candidate
1,within-player,13,2017,0.829411764706,0.945950302452,0.952941176471,510,51,51,0,10,rank_available,TDs per ranked candidate
1,within-player,13,2017,1.01960784314,1.63583605298,0.960784313725,51,51,51,0,1,rank_in_slot,TDs per ranked candidate
1,within-player,13,2017,0.928104575163,1.44689880463,0.967320261438,153,51,51,0,3,rank_in_slot,TDs per ranked candidate
1,within-player,13,2017,0.921568627451,1.34127811705,0.972549019608,255,51,51,0,5,rank_in_slot,TDs per ranked candidate
1,within-player,13,2017,0.9,1.18436657338,0.966666666667,510,51,51,0,10,rank_in_slot,TDs per ranked candidate
1,within-player,14,2017,0.882352941176,1.28321288458,0.980392156863,51,51,51,0,1,rank_available,TDs per ranked candidate
1,within-player,14,2017,0.908496732026,1.15525614969,0.993464052288,153,51,51,0,3,rank_available,TDs per ranked candidate
1,within-player,14,2017,0.866666666667,1.07503557906,0.972549019608,255,51,51,0,5,rank_available,TDs per ranked candidate
1,within-player,14,2017,0.8,0.954070036934,0.947058823529,510,51,51,0,10,rank_available,TDs per ranked candidate
1,within-player,14,2017,0.882352941176,1.62328978746,0.941176470588,51,51,51,0,1,rank_in_slot,TDs per ranked candidate
1,within-player,14,2017,0.934640522876,1.43476968525,0.967320261438,153,51,51,0,3,rank_in_slot,TDs per ranked candidate
1,within-player,14,2017,0.901960784314,1.33772223792,0.96862745098,255,51,51,0,5,rank_in_slot,TDs per ranked candidate
1,within-player,14,2017,0.888235294118,1.18099519516,0.964705882353,510,51,51,0,10,rank_in_slot,TDs per ranked candidate
1,within-player,15,2017,0.921568627451,1.24579136017,0.980392156863,51,51,51,0,1,rank_available,TDs per ranked candidate
1,within-player,15,2017,0.888888888889,1.13505009715,0.986928104575,153,51,51,0,3,rank_available,TDs per ranked candidate
1,within-player,15,2017,0.843137254902,1.06359376624,0.964705882353,255,51,51,0,5,rank_available,TDs per ranked candidate
1,within-player,15,2017,0.792156862745,0.946966126551,0.945098039216,510,51,51,0,10,rank_available,TDs per ranked candidate
1,within-player,15,2017,0.960784313725,1.59444440604,0.941176470588,51,51,51,0,1,rank_in_slot,TDs per ranked candidate
1,within-player,15,2017,0.928104575163,1.42192603594,0.97385620915,153,51,51,0,3,rank_in_slot,TDs per ranked candidate
1,within-player,15,2017,0.913725490196,1.32651105942,0.964705882353,255,51,51,0,5,rank_in_slot,TDs per ranked candidate
1,within-player,15,2017,0.872549019608,1.17786409763,0.964705882353,510,51,51,0,10,rank_in_slot,TDs per ranked candidate
1,within-player,16,2017,1,1.23064635466,0.960784313725,51,51,51,0,1,rank_available,TDs per ranked candidate
1,within-player,16,2017,0.934640522876,1.12961580191,0.986928104575,153,51,51,0,3,rank_available,TDs per ranked candidate
1,within-player,16,2017,0.866666666667,1.05398919006,0.964705882353,255,51,51,0,5,rank_available,TDs per ranked candidate
1,within-player,16,2017,0.817647058824,0.939104136218,0.952941176471,510,51,51,0,10,rank_available,TDs per ranked candidate
1,within-player,16,2017,1.05882352941,1.57331244495,0.941176470588,51,51,51,0,1,rank_in_slot,TDs per ranked candidate
1,within-player,16,2017,0.928104575163,1.41333885679,0.967320261438,153,51,51,0,3,rank_in_slot,TDs per ranked candidate
1,within-player,16,2017,0.866666666667,1.31817544828,0.96862745098,255,51,51,0,5,rank_in_slot,TDs per ranked candidate
1,within-player,16,2017,0.901960784314,1.16479170646,0.964705882353,510,51,51,0,10,rank_in_slot,TDs per ranked candidate
1,within-player,17,2017,0.823529411765,1.26054731776,0.960784313725,51,51,51,0,1,rank_available,TDs per ranked candidate
1,within-player,17,2017,0.790849673203,1.13552052746,0.97385620915,153,51,51,0,3,rank_available,TDs per ranked candidate
1,within-player,17,2017,0.854901960784,1.06143809037,0.952941176471,255,51,51,0,5,rank_available,TDs per ranked candidate
1,within-player,17,2017,0.801960784314,0.944365816639,0.937254901961,510,51,51,0,10,rank_available,TDs per ranked candidate
1,within-player,17,2017,1.07843137255,1.64894149739,0.941176470588,51,51,51,0,1,rank_in_slot,TDs per ranked candidate
1,within-player,17,2017,0.986928104575,1.44924902778,0.967320261438,153,51,51,0,3,rank_in_slot,TDs per ranked candidate
1,within-player,17,2017,0.909803921569,1.34263736516,0.960784313725,255,51,51,0,5,rank_in_slot,TDs per ranked candidate
1,within-player,17,2017,0.901960784314,1.18165313403,0.956862745098,510,51,51,0,10,rank_in_slot,TDs per ranked candidate
1,within-player,18,2017,0.921568627451,1.2598113874,0.980392156863,51,51,51,0,1,rank_available,TDs per ranked candidate
1,within-player,18,2017,0.921568627451,1.14312366394,0.993464052288,153,51,51,0,3,rank_available,TDs per ranked candidate
1,within-player,18,2017,0.847058823529,1.06949301124,0.96862745098,255,51,51,0,5,rank_available,TDs per ranked candidate
1,within-player,18,2017,0.8,0.95211835081,0.941176470588,510,51,51,0,10,rank_available,TDs per ranked candidate
1,within-player,18,2017,1,1.5720703728,0.941176470588,51,51,51,0,1,rank_in_slot,TDs per ranked candidate
1,within-player,18,2017,0.895424836601,1.41215083025,0.967320261438,153,51,51,0,3,rank_in_slot,TDs per ranked candidate
1,within-player,18,2017,0.913725490196,1.32277477428,0.96862745098,255,51,51,0,5,rank_in_slot,TDs per ranked candidate
1,within-player,18,2017,0.894117647059,1.17776322953,0.974509803922,510,51,51,0,10,rank_in_slot,TDs per ranked candidate
1,within-player,19,2017,0.882352941176,1.28893718351,0.980392156863,51,51,51,0,1,rank_available,TDs per ranked candidate
1,within-player,19,2017,0.915032679739,1.16868163848,0.993464052288,153,51,51,0,3,rank_available,TDs per ranked candidate
1,within-player,19,2017,0.917647058824,1.08638674278,0.96862745098,255,51,51,0,5,rank_available,TDs per ranked candidate
1,within-player,19,2017,0.81568627451,0.956109271228,0.949019607843,510,51,51,0,10,rank_available,TDs per ranked candidate
1,within-player,19,2017,0.980392156863,1.61204379913,0.941176470588,51,51,51,0,1,rank_in_slot,TDs per ranked candidate
1,within-player,19,2017,0.888888888889,1.44527117263,0.967320261438,153,51,51,0,3,rank_in_slot,TDs per ranked candidate
1,within-player,19,2017,0.913725490196,1.34864879819,0.96862745098,255,51,51,0,5,rank_in_slot,TDs per ranked candidate
1,within-player,19,2017,0.909803921569,1.19208321057,0.96862745098,510,51,51,0,10,rank_in_slot,TDs per ranked candidate
1,base-rate-only,-1,2018,0.803921568627,1.17762877757,0.921568627451,51,51,51,0,1,rank_available,TDs per ranked candidate
1,base-rate-only,-1,2018,0.921568627451,1.10433472584,0.849673202614,153,51,51,0,3,rank_available,TDs per ranked candidate
1,base-rate-only,-1,2018,0.909803921569,1.0625515178,0.858823529412,255,51,51,0,5,rank_available,TDs per ranked candidate
1,base-rate-only,-1,2018,0.801960784314,0.984624358022,0.811764705882,510,51,51,0,10,rank_available,TDs per ranked candidate
1,base-rate-only,-1,2018,1.39215686275,1.49319652782,0.941176470588,51,51,51,0,1,rank_in_slot,TDs per ranked candidate
1,base-rate-only,-1,2018,1.24183006536,1.34468131304,0.967320261438,153,51,51,0,3,rank_in_slot,TDs per ranked candidate
1,base-rate-only,-1,2018,1.12941176471,1.26735995889,0.952941176471,255,51,51,0,5,rank_in_slot,TDs per ranked candidate
1,base-rate-only,-1,2018,1.07843137255,1.15810900116,0.927450980392,510,51,51,0,10,rank_in_slot,TDs per ranked candidate
1,current-season-rate,-1,2018,0.843137254902,1.17335368808,0.843137254902,51,51,51,0,1,rank_available,TDs per ranked candidate
1,current-season-rate,-1,2018,0.915032679739,1.08679449389,0.882352941176,153,51,51,0,3,rank_available,TDs per ranked candidate
1,current-season-rate,-1,2018,0.913725490196,1.03767032999,0.913725490196,255,51,51,0,5,rank_available,TDs per ranked candidate
1,current-season-rate,-1,2018,0.821568627451,0.960085431335,0.919607843137,510,51,51,0,10,rank_available,TDs per ranked candidate
1,current-season-rate,-1,2018,1.50980392157,1.40552133764,0.941176470588,51,51,51,0,1,rank_in_slot,TDs per ranked candidate
1,current-season-rate,-1,2018,1.18954248366,1.26163767445,0.934640522876,153,51,51,0,3,rank_in_slot,TDs per ranked candidate
1,current-season-rate,-1,2018,1.15294117647,1.19553718155,0.941176470588,255,51,51,0,5,rank_in_slot,TDs per ranked candidate
1,current-season-rate,-1,2018,1.01764705882,1.09842866566,0.937254901961,510,51,51,0,10,rank_in_slot,TDs per ranked candidate
1,historical-rate,-1,2018,0.745098039216,1.51326312576,0.627450980392,51,51,51,0,1,rank_available,TDs per ranked candidate
1,historical-rate,-1,2018,0.738562091503,1.32803260193,0.666666666667,153,51,51,0,3,rank_available,TDs per ranked candidate
1,historical-rate,-1,2018,0.717647058824,1.24780664189,0.670588235294,255,51,51,0,5,rank_available,TDs per ranked candidate
1,historical-rate,-1,2018,0.692156862745,1.13016340318,0.71568627451,510,51,51,0,10,rank_available,TDs per ranked candidate
1,historical-rate,-1,2018,0.882352941176,1.75702865762,0.686274509804,51,51,51,0,1,rank_in_slot,TDs per ranked candidate
1,historical-rate,-1,2018,1.05882352941,1.51181222917,0.758169934641,153,51,51,0,3,rank_in_slot,TDs per ranked candidate
1,historical-rate,-1,2018,0.956862745098,1.3958776485,0.729411764706,255,51,51,0,5,rank_in_slot,TDs per ranked candidate
1,historical-rate,-1,2018,0.856862745098,1.25954414757,0.735294117647,510,51,51,0,10,rank_in_slot,TDs per ranked candidate
1,no-vegas,-1,2018,1.05882352941,1.21968876001,1,51,51,51,0,1,rank_available,TDs per ranked candidate
1,no-vegas,-1,2018,0.993464052288,1.11998828477,1,153,51,51,0,3,rank_available,TDs per ranked candidate
1,no-vegas,-1,2018,0.941176470588,1.0625700359,0.988235294118,255,51,51,0,5,rank_available,TDs per ranked candidate
1,no-vegas,-1,2018,0.839215686275,0.956501238365,0.950980392157,510,51,51,0,10,rank_available,TDs per ranked candidate
1,no-vegas,-1,2018,1.27450980392,1.50818177744,0.941176470588,51,51,51,0,1,rank_in_slot,TDs per ranked candidate
1,no-vegas,-1,2018,1.32679738562,1.37177906598,0.960784313725,153,51,51,0,3,rank_in_slot,TDs per ranked candidate
1,no-vegas,-1,2018,1.20784313725,1.28675150072,0.96862745098,255,51,51,0,5,rank_in_slot,TDs per ranked candidate
1,no-vegas,-1,2018,1.11764705882,1.15651356045,0.980392156863,510,51,51,0,10,rank_in_slot,TDs per ranked candidate
1,player-vegas,-1,2018,0.803921568627,1.24054504275,0.843137254902,51,51,51,0,1,rank_available,TDs per ranked candidate
1,player-vegas,-1,2018,0.862745098039,1.16265708371,0.764705882353,153,51,51,0,3,rank_available,TDs per ranked candidate
1,player-vegas,-1,2018,0.878431372549,1.11585233033,0.78431372549,255,51,51,0,5,rank_available,TDs per ranked candidate
1,player-vegas,-1,2018,0.782352941176,1.01943071268,0.786274509804,510,51,51,0,10,rank_available,TDs per ranked candidate
1,player-vegas,-1,2018,1.47058823529,1.7717585775,0.960784313725,51,51,51,0,1,rank_in_slot,TDs per ranked candidate
1,player-vegas,-1,2018,1.22875816993,1.55626496698,0.960784313725,153,51,51,0,3,rank_in_slot,TDs per ranked candidate
1,player-vegas,-1,2018,1.21960784314,1.43820154147,0.949019607843,255,51,51,0,5,rank_in_slot,TDs per ranked candidate
1,player-vegas,-1,2018,1.07058823529,1.27717358511,0.890196078431,510,51,51,0,10,rank_in_slot,TDs per ranked candidate
1,random,0,2018,0.313725490196,1.75219014448,0.627450980392,51,51,51,0,1,rank_available,TDs per ranked candidate
1,random,0,2018,0.326797385621,1.54585956864,0.660130718954,153,51,51,0,3,rank_available,TDs per ranked candidate
1,random,0,2018,0.294117647059,1.41766276905,0.635294117647,255,51,51,0,5,rank_available,TDs per ranked candidate
1,random,0,2018,0.317647058824,1.23422105561,0.641176470588,510,51,51,0,10,rank_available,TDs per ranked candidate
1,random,0,2018,0.392156862745,1.76462218214,0.627450980392,51,51,51,0,1,rank_in_slot,TDs per ranked candidate
1,random,0,2018,0.385620915033,1.56500655487,0.692810457516,153,51,51,0,3,rank_in_slot,TDs per ranked candidate
1,random,0,2018,0.4,1.44190675022,0.650980392157,255,51,51,0,5,rank_in_slot,TDs per ranked candidate
1,random,0,2018,0.425490196078,1.26285209901,0.674509803922,510,51,51,0,10,rank_in_slot,TDs per ranked candidate
1,random,1,2018,0.078431372549,1.778562045,0.666666666667,51,51,51,0,1,rank_available,TDs per ranked candidate
1,random,1,2018,0.209150326797,1.56819062278,0.653594771242,153,51,51,0,3,rank_available,TDs per ranked candidate
1,random,1,2018,0.192156862745,1.44252318093,0.603921568627,255,51,51,0,5,rank_available,TDs per ranked candidate
1,random,1,2018,0.309803921569,1.25120509027,0.639215686275,510,51,51,0,10,rank_available,TDs per ranked candidate
1,random,1,2018,0.078431372549,1.778562045,0.666666666667,51,51,51,0,1,rank_in_slot,TDs per ranked candidate
1,random,1,2018,0.222222222222,1.57196838239,0.666666666667,153,51,51,0,3,rank_in_slot,TDs per ranked candidate
1,random,1,2018,0.211764705882,1.44635221644,0.607843137255,255,51,51,0,5,rank_in_slot,TDs per ranked candidate
1,random,1,2018,0.376470588235,1.26436220188,0.66862745098,510,51,51,0,10,rank_in_slot,TDs per ranked candidate
1,random,2,2018,0.333333333333,1.72940006272,0.549019607843,51,51,51,0,1,rank_available,TDs per ranked candidate
1,random,2,2018,0.313725490196,1.54425247578,0.588235294118,153,51,51,0,3,rank_available,TDs per ranked candidate
1,random,2,2018,0.278431372549,1.42168418506,0.596078431373,255,51,51,0,5,rank_available,TDs per ranked candidate
1,random,2,2018,0.354901960784,1.24424185455,0.609803921569,510,51,51,0,10,rank_available,TDs per ranked candidate
1,random,2,2018,0.372549019608,1.77323380643,0.607843137255,51,51,51,0,1,rank_in_slot,TDs per ranked candidate
1,random,2,2018,0.313725490196,1.56948516701,0.59477124183,153,51,51,0,3,rank_in_slot,TDs per ranked candidate
1,random,2,2018,0.282352941176,1.44184152551,0.6,255,51,51,0,5,rank_in_slot,TDs per ranked candidate
1,random,2,2018,0.401960784314,1.26330030298,0.627450980392,510,51,51,0,10,rank_in_slot,TDs per ranked candidate
1,random,3,2018,0.235294117647,1.77845345309,0.588235294118,51,51,51,0,1,rank_available,TDs per ranked candidate
1,random,3,2018,0.274509803922,1.55027360699,0.62091503268,153,51,51,0,3,rank_available,TDs per ranked candidate
1,random,3,2018,0.286274509804,1.42101455669,0.63137254902,255,51,51,0,5,rank_available,TDs per ranked candidate
1,random,3,2018,0.28431372549,1.23688141365,0.672549019608,510,51,51,0,10,rank_available,TDs per ranked candidate
1,random,3,2018,0.235294117647,1.77845345309,0.588235294118,51,51,51,0,1,rank_in_slot,TDs per ranked candidate
1,random,3,2018,0.352941176471,1.56587480671,0.633986928105,153,51,51,0,3,rank_in_slot,TDs per ranked candidate
1,random,3,2018,0.360784313725,1.44206337792,0.658823529412,255,51,51,0,5,rank_in_slot,TDs per ranked candidate
1,random,3,2018,0.349019607843,1.26231213583,0.696078431373,510,51,51,0,10,rank_in_slot,TDs per ranked candidate
1,random,4,2018,0.137254901961,1.74651193793,0.529411764706,51,51,51,0,1,rank_available,TDs per ranked candidate
1,random,4,2018,0.143790849673,1.55484642361,0.503267973856,153,51,51,0,3,rank_available,TDs per ranked candidate
1,random,4,2018,0.207843137255,1.42853091408,0.549019607843,255,51,51,0,5,rank_available,TDs per ranked candidate
1,random,4,2018,0.266666666667,1.24085148172,0.623529411765,510,51,51,0,10,rank_available,TDs per ranked candidate
1,random,4,2018,0.176470588235,1.76986390871,0.56862745098,51,51,51,0,1,rank_in_slot,TDs per ranked candidate
1,random,4,2018,0.222222222222,1.57087810444,0.529411764706,153,51,51,0,3,rank_in_slot,TDs per ranked candidate
1,random,4,2018,0.305882352941,1.44593837531,0.56862745098,255,51,51,0,5,rank_in_slot,TDs per ranked candidate
1,random,4,2018,0.337254901961,1.26539231621,0.647058823529,510,51,51,0,10,rank_in_slot,TDs per ranked candidate
1,random,5,2018,0.666666666667,1.73331527174,0.78431372549,51,51,51,0,1,rank_available,TDs per ranked candidate
1,random,5,2018,0.418300653595,1.55136373615,0.686274509804,153,51,51,0,3,rank_available,TDs per ranked candidate
1,random,5,2018,0.341176470588,1.42624356919,0.698039215686,255,51,51,0,5,rank_available,TDs per ranked candidate
1,random,5,2018,0.364705882353,1.24390560412,0.676470588235,510,51,51,0,10,rank_available,TDs per ranked candidate
1,random,5,2018,0.725490196078,1.7613474949,0.823529411765,51,51,51,0,1,rank_in_slot,TDs per ranked candidate
1,random,5,2018,0.437908496732,1.56620799501,0.692810457516,153,51,51,0,3,rank_in_slot,TDs per ranked candidate
1,random,5,2018,0.376470588235,1.44165053189,0.717647058824,255,51,51,0,5,rank_in_slot,TDs per ranked candidate
1,random,5,2018,0.447058823529,1.26183011174,0.705882352941,510,51,51,0,10,rank_in_slot,TDs per ranked candidate
1,random,6,2018,0.549019607843,1.71097986595,0.705882352941,51,51,51,0,1,rank_available,TDs per ranked candidate
1,random,6,2018,0.385620915033,1.52144149607,0.647058823529,153,51,51,0,3,rank_available,TDs per ranked candidate
1,random,6,2018,0.407843137255,1.4062905133,0.658823529412,255,51,51,0,5,rank_available,TDs per ranked candidate
1,random,6,2018,0.333333333333,1.23522738482,0.633333333333,510,51,51,0,10,rank_available,TDs per ranked candidate
1,random,6,2018,0.549019607843,1.76696234281,0.725490196078,51,51,51,0,1,rank_in_slot,TDs per ranked candidate
1,random,6,2018,0.444444444444,1.56929073655,0.653594771242,153,51,51,0,3,rank_in_slot,TDs per ranked candidate
1,random,6,2018,0.466666666667,1.44428405764,0.682352941176,255,51,51,0,5,rank_in_slot,TDs per ranked candidate
1,random,6,2018,0.41568627451,1.26384993919,0.652941176471,510,51,51,0,10,rank_in_slot,TDs per ranked candidate
1,random,7,2018,0.627450980392,1.72025148883,0.823529411765,51,51,51,0,1,rank_available,TDs per ranked candidate
1,random,7,2018,0.457516339869,1.53390317713,0.751633986928,153,51,51,0,3,rank_available,TDs per ranked candidate
1,random,7,2018,0.356862745098,1.41219903908,0.682352941176,255,51,51,0,5,rank_available,TDs per ranked candidate
1,random,7,2018,0.309803921569,1.23620398284,0.652941176471,510,51,51,0,10,rank_available,TDs per ranked candidate
1,random,7,2018,1,1.77116492441,0.901960784314,51,51,51,0,1,rank_in_slot,TDs per ranked candidate
1,random,7,2018,0.555555555556,1.5694502047,0.78431372549,153,51,51,0,3,rank_in_slot,TDs per ranked candidate
1,random,7,2018,0.443137254902,1.44487635688,0.717647058824,255,51,51,0,5,rank_in_slot,TDs per ranked candidate
1,random,7,2018,0.38431372549,1.26493168664,0.674509803922,510,51,51,0,10,rank_in_slot,TDs per ranked candidate
1,random,8,2018,0.156862745098,1.76651721235,0.490196078431,51,51,51,0,1,rank_available,TDs per ranked candidate
1,random,8,2018,0.300653594771,1.55143295745,0.562091503268,153,51,51,0,3,rank_available,TDs per ranked candidate
1,random,8,2018,0.321568627451,1.42493779443,0.588235294118,255,51,51,0,5,rank_available,TDs per ranked candidate
1,random,8,2018,0.349019607843,1.2426702232,0.617647058824,510,51,51,0,10,rank_available,TDs per ranked candidate
1,random,8,2018,0.156862745098,1.77247951173,0.490196078431,51,51,51,0,1,rank_in_slot,TDs per ranked candidate
1,random,8,2018,0.37908496732,1.57051849316,0.614379084967,153,51,51,0,3,rank_in_slot,TDs per ranked candidate
1,random,8,2018,0.372549019608,1.44389284504,0.619607843137,255,51,51,0,5,rank_in_slot,TDs per ranked candidate
1,random,8,2018,0.386274509804,1.26270535303,0.639215686275,510,51,51,0,10,rank_in_slot,TDs per ranked candidate
1,random,9,2018,0.294117647059,1.75451167414,0.607843137255,51,51,51,0,1,rank_available,TDs per ranked candidate
1,random,9,2018,0.333333333333,1.54737145249,0.647058823529,153,51,51,0,3,rank_available,TDs per ranked candidate
1,random,9,2018,0.301960784314,1.42240628028,0.635294117647,255,51,51,0,5,rank_available,TDs per ranked candidate
1,random,9,2018,0.290196078431,1.23747694295,0.641176470588,510,51,51,0,10,rank_available,TDs per ranked candidate
1,random,9,2018,0.313725490196,1.77980775876,0.647058823529,51,51,51,0,1,rank_in_slot,TDs per ranked candidate
1,random,9,2018,0.43137254902,1.57221150859,0.673202614379,153,51,51,0,3,rank_in_slot,TDs per ranked candidate
1,random,9,2018,0.4,1.44640527661,0.674509803922,255,51,51,0,5,rank_in_slot,TDs per ranked candidate
1,random,9,2018,0.38431372549,1.2639648669,0.66862745098,510,51,51,0,10,rank_in_slot,TDs per ranked candidate
1,random,10,2018,0.0392156862745,1.76779786626,0.509803921569,51,51,51,0,1,rank_available,TDs per ranked candidate
1,random,10,2018,0.16339869281,1.56620608099,0.529411764706,153,51,51,0,3,rank_available,TDs per ranked candidate
1,random,10,2018,0.235294117647,1.43681223893,0.588235294118,255,51,51,0,5,rank_available,TDs per ranked candidate
1,random,10,2018,0.258823529412,1.25068142296,0.601960784314,510,51,51,0,10,rank_available,TDs per ranked candidate
1,random,10,2018,0.0392156862745,1.76779786626,0.509803921569,51,51,51,0,1,rank_in_slot,TDs per ranked candidate
1,random,10,2018,0.176470588235,1.56656684669,0.535947712418,153,51,51,0,3,rank_in_slot,TDs per ranked candidate
1,random,10,2018,0.298039215686,1.44091054994,0.627450980392,255,51,51,0,5,rank_in_slot,TDs per ranked candidate
1,random,10,2018,0.305882352941,1.26184269351,0.623529411765,510,51,51,0,10,rank_in_slot,TDs per ranked candidate
1,random,11,2018,0.333333333333,1.73606852276,0.607843137255,51,51,51,0,1,rank_available,TDs per ranked candidate
1,random,11,2018,0.37908496732,1.54047166395,0.666666666667,153,51,51,0,3,rank_available,TDs per ranked candidate
1,random,11,2018,0.313725490196,1.41431957896,0.635294117647,255,51,51,0,5,rank_available,TDs per ranked candidate
1,random,11,2018,0.325490196078,1.23589987946,0.607843137255,510,51,51,0,10,rank_available,TDs per ranked candidate
1,random,11,2018,0.627450980392,1.77033115544,0.705882352941,51,51,51,0,1,rank_in_slot,TDs per ranked candidate
1,random,11,2018,0.457516339869,1.57078162451,0.686274509804,153,51,51,0,3,rank_in_slot,TDs per ranked candidate
1,random,11,2018,0.411764705882,1.4449346911,0.674509803922,255,51,51,0,5,rank_in_slot,TDs per ranked candidate
1,random,11,2018,0.41568627451,1.26464001532,0.652941176471,510,51,51,0,10,rank_in_slot,TDs per ranked candidate
1,random,12,2018,0.411764705882,1.76177567221,0.843137254902,51,51,51,0,1,rank_available,TDs per ranked candidate
1,random,12,2018,0.352941176471,1.55966894612,0.718954248366,153,51,51,0,3,rank_available,TDs per ranked candidate
1,random,12,2018,0.321568627451,1.43452996928,0.678431372549,255,51,51,0,5,rank_available,TDs per ranked candidate
1,random,12,2018,0.313725490196,1.2518581665,0.641176470588,510,51,51,0,10,rank_available,TDs per ranked candidate
1,random,12,2018,0.392156862745,1.77358087372,0.843137254902,51,51,51,0,1,rank_in_slot,TDs per ranked candidate
1,random,12,2018,0.392156862745,1.57278055456,0.732026143791,153,51,51,0,3,rank_in_slot,TDs per ranked candidate
1,random,12,2018,0.352941176471,1.44620868512,0.690196078431,255,51,51,0,5,rank_in_slot,TDs per ranked candidate
1,random,12,2018,0.370588235294,1.26542787816,0.662745098039,510,51,51,0,10,rank_in_slot,TDs per ranked candidate
1,random,13,2018,0.274509803922,1.77408307951,0.607843137255,51,51,51,0,1,rank_available,TDs per ranked candidate
1,random,13,2018,0.40522875817,1.54571435661,0.640522875817,153,51,51,0,3,rank_available,TDs per ranked candidate
1,random,13,2018,0.329411764706,1.42134800745,0.619607843137,255,51,51,0,5,rank_available,TDs per ranked candidate
1,random,13,2018,0.286274509804,1.24183927214,0.594117647059,510,51,51,0,10,rank_available,TDs per ranked candidate
1,random,13,2018,0.274509803922,1.77408307951,0.607843137255,51,51,51,0,1,rank_in_slot,TDs per ranked candidate
1,random,13,2018,0.549019607843,1.56728708608,0.679738562092,153,51,51,0,3,rank_in_slot,TDs per ranked candidate
1,random,13,2018,0.435294117647,1.44245283859,0.647058823529,255,51,51,0,5,rank_in_slot,TDs per ranked candidate
1,random,13,2018,0.36862745098,1.26367483484,0.621568627451,510,51,51,0,10,rank_in_slot,TDs per ranked candidate
1,random,14,2018,0.529411764706,1.73096653118,0.705882352941,51,51,51,0,1,rank_available,TDs per ranked candidate
1,random,14,2018,0.483660130719,1.52371265306,0.705882352941,153,51,51,0,3,rank_available,TDs per ranked candidate
1,random,14,2018,0.403921568627,1.40188649672,0.662745098039,255,51,51,0,5,rank_available,TDs per ranked candidate
1,random,14,2018,0.382352941176,1.22171232648,0.678431372549,510,51,51,0,10,rank_available,TDs per ranked candidate
1,random,14,2018,0.56862745098,1.77427146959,0.725490196078,51,51,51,0,1,rank_in_slot,TDs per ranked candidate
1,random,14,2018,0.62091503268,1.56904172443,0.771241830065,153,51,51,0,3,rank_in_slot,TDs per ranked candidate
1,random,14,2018,0.470588235294,1.44302742344,0.705882352941,255,51,51,0,5,rank_in_slot,TDs per ranked candidate
1,random,14,2018,0.462745098039,1.2630307456,0.71568627451,510,51,51,0,10,rank_in_slot,TDs per ranked candidate
1,random,15,2018,0.372549019608,1.76590371752,0.666666666667,51,51,51,0,1,rank_available,TDs per ranked candidate
1,random,15,2018,0.352941176471,1.5467345968,0.62091503268,153,51,51,0,3,rank_available,TDs per ranked candidate
1,random,15,2018,0.317647058824,1.41583267776,0.674509803922,255,51,51,0,5,rank_available,TDs per ranked candidate
1,random,15,2018,0.3,1.2357957373,0.633333333333,510,51,51,0,10,rank_available,TDs per ranked candidate
1,random,15,2018,0.411764705882,1.77853437753,0.705882352941,51,51,51,0,1,rank_in_slot,TDs per ranked candidate
1,random,15,2018,0.437908496732,1.57131819992,0.660130718954,153,51,51,0,3,rank_in_slot,TDs per ranked candidate
1,random,15,2018,0.43137254902,1.44533675793,0.694117647059,255,51,51,0,5,rank_in_slot,TDs per ranked candidate
1,random,15,2018,0.390196078431,1.2639189935,0.66862745098,510,51,51,0,10,rank_in_slot,TDs per ranked candidate
1,random,16,2018,0.313725490196,1.7289174746,0.627450980392,51,51,51,0,1,rank_available,TDs per ranked candidate
1,random,16,2018,0.307189542484,1.54943015476,0.59477124183,153,51,51,0,3,rank_available,TDs per ranked candidate
1,random,16,2018,0.396078431373,1.42153040779,0.643137254902,255,51,51,0,5,rank_available,TDs per ranked candidate
1,random,16,2018,0.347058823529,1.23850558282,0.625490196078,510,51,51,0,10,rank_available,TDs per ranked candidate
1,random,16,2018,0.372549019608,1.77073725005,0.666666666667,51,51,51,0,1,rank_in_slot,TDs per ranked candidate
1,random,16,2018,0.352941176471,1.57076742045,0.62091503268,153,51,51,0,3,rank_in_slot,TDs per ranked candidate
1,random,16,2018,0.447058823529,1.44482779384,0.678431372549,255,51,51,0,5,rank_in_slot,TDs per ranked candidate
1,random,16,2018,0.419607843137,1.26376534475,0.654901960784,510,51,51,0,10,rank_in_slot,TDs per ranked candidate
1,random,17,2018,0.490196078431,1.73087743686,0.627450980392,51,51,51,0,1,rank_available,TDs per ranked candidate
1,random,17,2018,0.294117647059,1.53446808644,0.601307189542,153,51,51,0,3,rank_available,TDs per ranked candidate
1,random,17,2018,0.247058823529,1.41847586653,0.572549019608,255,51,51,0,5,rank_available,TDs per ranked candidate
1,random,17,2018,0.247058823529,1.2432440349,0.588235294118,510,51,51,0,10,rank_available,TDs per ranked candidate
1,random,17,2018,0.607843137255,1.76906394617,0.686274509804,51,51,51,0,1,rank_in_slot,TDs per ranked candidate
1,random,17,2018,0.366013071895,1.56909759645,0.607843137255,153,51,51,0,3,rank_in_slot,TDs per ranked candidate
1,random,17,2018,0.278431372549,1.44416170041,0.56862745098,255,51,51,0,5,rank_in_slot,TDs per ranked candidate
1,random,17,2018,0.282352941176,1.26365741092,0.592156862745,510,51,51,0,10,rank_in_slot,TDs per ranked candidate
1,random,18,2018,0.254901960784,1.77699684707,0.56862745098,51,51,51,0,1,rank_available,TDs per ranked candidate
1,random,18,2018,0.333333333333,1.5579371847,0.633986928105,153,51,51,0,3,rank_available,TDs per ranked candidate
1,random,18,2018,0.294117647059,1.42561248579,0.596078431373,255,51,51,0,5,rank_available,TDs per ranked candidate
1,random,18,2018,0.349019607843,1.23454743021,0.621568627451,510,51,51,0,10,rank_available,TDs per ranked candidate
1,random,18,2018,0.254901960784,1.77699684707,0.56862745098,51,51,51,0,1,rank_in_slot,TDs per ranked candidate
1,random,18,2018,0.450980392157,1.57171663128,0.673202614379,153,51,51,0,3,rank_in_slot,TDs per ranked candidate
1,random,18,2018,0.439215686275,1.4434756358,0.635294117647,255,51,51,0,5,rank_in_slot,TDs per ranked candidate
1,random,18,2018,0.433333333333,1.2631655659,0.645098039216,510,51,51,0,10,rank_in_slot,TDs per ranked candidate
1,random,19,2018,0.411764705882,1.726348447,0.745098039216,51,51,51,0,1,rank_available,TDs per ranked candidate
1,random,19,2018,0.346405228758,1.52540100602,0.666666666667,153,51,51,0,3,rank_available,TDs per ranked candidate
1,random,19,2018,0.349019607843,1.40371284298,0.643137254902,255,51,51,0,5,rank_available,TDs per ranked candidate
1,random,19,2018,0.356862745098,1.22968177005,0.641176470588,510,51,51,0,10,rank_available,TDs per ranked candidate
1,random,19,2018,0.78431372549,1.77064617981,0.823529411765,51,51,51,0,1,rank_in_slot,TDs per ranked candidate
1,random,19,2018,0.464052287582,1.56526763831,0.712418300654,153,51,51,0,3,rank_in_slot,TDs per ranked candidate
1,random,19,2018,0.458823529412,1.44036083692,0.686274509804,255,51,51,0,5,rank_in_slot,TDs per ranked candidate
1,random,19,2018,0.41568627451,1.26244187432,0.660784313725,510,51,51,0,10,rank_in_slot,TDs per ranked candidate
1,regressed-rate,-1,2018,0.901960784314,1.1175364177,0.921568627451,51,51,51,0,1,rank_available,TDs per ranked candidate
1,regressed-rate,-1,2018,0.856209150327,1.04339903677,0.862745098039,153,51,51,0,3,rank_available,TDs per ranked candidate
1,regressed-rate,-1,2018,0.862745098039,0.993547676519,0.850980392157,255,51,51,0,5,rank_available,TDs per ranked candidate
1,regressed-rate,-1,2018,0.698039215686,0.922382700389,0.76862745098,510,51,51,0,10,rank_available,TDs per ranked candidate
1,regressed-rate,-1,2018,1.35294117647,1.31492717713,0.960784313725,51,51,51,0,1,rank_in_slot,TDs per ranked candidate
1,regressed-rate,-1,2018,1.21568627451,1.18179770428,0.954248366013,153,51,51,0,3,rank_in_slot,TDs per ranked candidate
1,regressed-rate,-1,2018,1.1137254902,1.11207348371,0.921568627451,255,51,51,0,5,rank_in_slot,TDs per ranked candidate
1,regressed-rate,-1,2018,0.941176470588,1.02135023902,0.880392156863,510,51,51,0,10,rank_in_slot,TDs per ranked candidate
1,shipped,-1,2018,1.19607843137,1.28349800677,1,51,51,51,0,1,rank_available,TDs per ranked candidate
1,shipped,-1,2018,1.0522875817,1.16608511809,1,153,51,51,0,3,rank_available,TDs per ranked candidate
1,shipped,-1,2018,0.964705882353,1.09359931904,0.988235294118,255,51,51,0,5,rank_available,TDs per ranked candidate
1,shipped,-1,2018,0.864705882353,0.970544573077,0.954901960784,510,51,51,0,10,rank_available,TDs per ranked candidate
1,shipped,-1,2018,1.39215686275,1.7711038275,0.941176470588,51,51,51,0,1,rank_in_slot,TDs per ranked candidate
1,shipped,-1,2018,1.37908496732,1.56797146266,0.967320261438,153,51,51,0,3,rank_in_slot,TDs per ranked candidate
1,shipped,-1,2018,1.27058823529,1.44258425152,0.972549019608,255,51,51,0,5,rank_in_slot,TDs per ranked candidate
1,shipped,-1,2018,1.14509803922,1.26231736633,0.978431372549,510,51,51,0,10,rank_in_slot,TDs per ranked candidate
1,vegas-environment,-1,2018,1.07843137255,0.842533235824,0.980392156863,51,51,51,0,1,rank_available,TDs per ranked candidate
1,vegas-environment,-1,2018,0.954248366013,0.810046732272,0.947712418301,153,51,51,0,3,rank_available,TDs per ranked candidate
1,vegas-environment,-1,2018,0.890196078431,0.78994053889,0.925490196078,255,51,51,0,5,rank_available,TDs per ranked candidate
1,vegas-environment,-1,2018,0.809803921569,0.757602642415,0.901960784314,510,51,51,0,10,rank_available,TDs per ranked candidate
1,vegas-environment,-1,2018,1.23529411765,0.904711385591,0.980392156863,51,51,51,0,1,rank_in_slot,TDs per ranked candidate
1,vegas-environment,-1,2018,1.20261437908,0.880927260351,0.967320261438,153,51,51,0,3,rank_in_slot,TDs per ranked candidate
1,vegas-environment,-1,2018,1.23921568627,0.859157254669,0.972549019608,255,51,51,0,5,rank_in_slot,TDs per ranked candidate
1,vegas-environment,-1,2018,1.08039215686,0.817015822599,0.956862745098,510,51,51,0,10,rank_in_slot,TDs per ranked candidate
1,within-player,0,2018,1.07843137255,1.26796530498,1,51,51,51,0,1,rank_available,TDs per ranked candidate
1,within-player,0,2018,0.993464052288,1.16591192359,0.980392156863,153,51,51,0,3,rank_available,TDs per ranked candidate
1,within-player,0,2018,0.929411764706,1.09561612873,0.980392156863,255,51,51,0,5,rank_available,TDs per ranked candidate
1,within-player,0,2018,0.860784313725,0.970033957219,0.943137254902,510,51,51,0,10,rank_available,TDs per ranked candidate
1,within-player,0,2018,1.29411764706,1.77447353016,0.941176470588,51,51,51,0,1,rank_in_slot,TDs per ranked candidate
1,within-player,0,2018,1.26797385621,1.5830315279,0.954248366013,153,51,51,0,3,rank_in_slot,TDs per ranked candidate
1,within-player,0,2018,1.20784313725,1.46344991705,0.96862745098,255,51,51,0,5,rank_in_slot,TDs per ranked candidate
1,within-player,0,2018,1.12352941176,1.2787698185,0.96862745098,510,51,51,0,10,rank_in_slot,TDs per ranked candidate
1,within-player,1,2018,1.05882352941,1.27682333447,1,51,51,51,0,1,rank_available,TDs per ranked candidate
1,within-player,1,2018,1.03921568627,1.16260953031,1,153,51,51,0,3,rank_available,TDs per ranked candidate
1,within-player,1,2018,0.964705882353,1.09281309566,0.980392156863,255,51,51,0,5,rank_available,TDs per ranked candidate
1,within-player,1,2018,0.872549019608,0.97326008791,0.950980392157,510,51,51,0,10,rank_available,TDs per ranked candidate
1,within-player,1,2018,1.11764705882,1.76806065198,0.941176470588,51,51,51,0,1,rank_in_slot,TDs per ranked candidate
1,within-player,1,2018,1.28104575163,1.56659225445,0.960784313725,153,51,51,0,3,rank_in_slot,TDs per ranked candidate
1,within-player,1,2018,1.21568627451,1.44925946752,0.972549019608,255,51,51,0,5,rank_in_slot,TDs per ranked candidate
1,within-player,1,2018,1.1137254902,1.26997334214,0.974509803922,510,51,51,0,10,rank_in_slot,TDs per ranked candidate
1,within-player,2,2018,1.17647058824,1.26487414229,1,51,51,51,0,1,rank_available,TDs per ranked candidate
1,within-player,2,2018,1.01307189542,1.15653932056,0.993464052288,153,51,51,0,3,rank_available,TDs per ranked candidate
1,within-player,2,2018,0.988235294118,1.08634446281,0.976470588235,255,51,51,0,5,rank_available,TDs per ranked candidate
1,within-player,2,2018,0.88431372549,0.966847448751,0.950980392157,510,51,51,0,10,rank_available,TDs per ranked candidate
1,within-player,2,2018,1.45098039216,1.79246077065,0.941176470588,51,51,51,0,1,rank_in_slot,TDs per ranked candidate
1,within-player,2,2018,1.3137254902,1.57824803611,0.967320261438,153,51,51,0,3,rank_in_slot,TDs per ranked candidate
1,within-player,2,2018,1.24705882353,1.46150166678,0.960784313725,255,51,51,0,5,rank_in_slot,TDs per ranked candidate
1,within-player,2,2018,1.1431372549,1.27534111498,0.96862745098,510,51,51,0,10,rank_in_slot,TDs per ranked candidate
1,within-player,3,2018,0.960784313725,1.28296109926,1,51,51,51,0,1,rank_available,TDs per ranked candidate
1,within-player,3,2018,1.03921568627,1.14901627042,1,153,51,51,0,3,rank_available,TDs per ranked candidate
1,within-player,3,2018,0.976470588235,1.07915800388,0.976470588235,255,51,51,0,5,rank_available,TDs per ranked candidate
1,within-player,3,2018,0.850980392157,0.961853468188,0.958823529412,510,51,51,0,10,rank_available,TDs per ranked candidate
1,within-player,3,2018,1.23529411765,1.79853474576,0.941176470588,51,51,51,0,1,rank_in_slot,TDs per ranked candidate
1,within-player,3,2018,1.33986928105,1.57642544902,0.960784313725,153,51,51,0,3,rank_in_slot,TDs per ranked candidate
1,within-player,3,2018,1.22745098039,1.45835180112,0.972549019608,255,51,51,0,5,rank_in_slot,TDs per ranked candidate
1,within-player,3,2018,1.11764705882,1.27480002065,0.974509803922,510,51,51,0,10,rank_in_slot,TDs per ranked candidate
1,within-player,4,2018,1.21568627451,1.25400254763,1,51,51,51,0,1,rank_available,TDs per ranked candidate
1,within-player,4,2018,1.01307189542,1.14698795611,0.986928104575,153,51,51,0,3,rank_available,TDs per ranked candidate
1,within-player,4,2018,0.98431372549,1.07907052207,0.980392156863,255,51,51,0,5,rank_available,TDs per ranked candidate
1,within-player,4,2018,0.860784313725,0.962677412434,0.949019607843,510,51,51,0,10,rank_available,TDs per ranked candidate
1,within-player,4,2018,1.45098039216,1.73805381383,0.941176470588,51,51,51,0,1,rank_in_slot,TDs per ranked candidate
1,within-player,4,2018,1.29411764706,1.552665824,0.960784313725,153,51,51,0,3,rank_in_slot,TDs per ranked candidate
1,within-player,4,2018,1.25882352941,1.43958488847,0.96862745098,255,51,51,0,5,rank_in_slot,TDs per ranked candidate
1,within-player,4,2018,1.13333333333,1.27084084206,0.974509803922,510,51,51,0,10,rank_in_slot,TDs per ranked candidate
1,within-player,5,2018,1.09803921569,1.25169499127,1,51,51,51,0,1,rank_available,TDs per ranked candidate
1,within-player,5,2018,0.947712418301,1.14096156235,0.980392156863,153,51,51,0,3,rank_available,TDs per ranked candidate
1,within-player,5,2018,0.964705882353,1.07482666498,0.964705882353,255,51,51,0,5,rank_available,TDs per ranked candidate
1,within-player,5,2018,0.852941176471,0.958552790114,0.945098039216,510,51,51,0,10,rank_available,TDs per ranked candidate
1,within-player,5,2018,1.27450980392,1.81442879611,0.941176470588,51,51,51,0,1,rank_in_slot,TDs per ranked candidate
1,within-player,5,2018,1.3137254902,1.58032847039,0.954248366013,153,51,51,0,3,rank_in_slot,TDs per ranked candidate
1,within-player,5,2018,1.26274509804,1.44981701437,0.96862745098,255,51,51,0,5,rank_in_slot,TDs per ranked candidate
1,within-player,5,2018,1.11764705882,1.266680358,0.970588235294,510,51,51,0,10,rank_in_slot,TDs per ranked candidate
1,within-player,6,2018,0.843137254902,1.29480873202,1,51,51,51,0,1,rank_available,TDs per ranked candidate
1,within-player,6,2018,0.967320261438,1.16178641836,0.993464052288,153,51,51,0,3,rank_available,TDs per ranked candidate
1,within-player,6,2018,0.929411764706,1.08825915545,0.980392156863,255,51,51,0,5,rank_available,TDs per ranked candidate
1,within-player,6,2018,0.862745098039,0.965794610704,0.949019607843,510,51,51,0,10,rank_available,TDs per ranked candidate
1,within-player,6,2018,1.17647058824,1.81058026975,0.941176470588,51,51,51,0,1,rank_in_slot,TDs per ranked candidate
1,within-player,6,2018,1.21568627451,1.58726046156,0.954248366013,153,51,51,0,3,rank_in_slot,TDs per ranked candidate
1,within-player,6,2018,1.25098039216,1.46202034916,0.964705882353,255,51,51,0,5,rank_in_slot,TDs per ranked candidate
1,within-player,6,2018,1.10392156863,1.27518086169,0.974509803922,510,51,51,0,10,rank_in_slot,TDs per ranked candidate
1,within-player,7,2018,1.05882352941,1.26520291469,1,51,51,51,0,1,rank_available,TDs per ranked candidate
1,within-player,7,2018,0.980392156863,1.14699121242,0.993464052288,153,51,51,0,3,rank_available,TDs per ranked candidate
1,within-player,7,2018,0.980392156863,1.07905017268,0.972549019608,255,51,51,0,5,rank_available,TDs per ranked candidate
1,within-player,7,2018,0.890196078431,0.962464013425,0.954901960784,510,51,51,0,10,rank_available,TDs per ranked candidate
1,within-player,7,2018,1.11764705882,1.78752137395,0.941176470588,51,51,51,0,1,rank_in_slot,TDs per ranked candidate
1,within-player,7,2018,1.35294117647,1.57553950537,0.960784313725,153,51,51,0,3,rank_in_slot,TDs per ranked candidate
1,within-player,7,2018,1.23529411765,1.45835983428,0.964705882353,255,51,51,0,5,rank_in_slot,TDs per ranked candidate
1,within-player,7,2018,1.11176470588,1.27466001585,0.974509803922,510,51,51,0,10,rank_in_slot,TDs per ranked candidate
1,within-player,8,2018,0.960784313725,1.26478981501,1,51,51,51,0,1,rank_available,TDs per ranked candidate
1,within-player,8,2018,0.97385620915,1.15759487621,0.980392156863,153,51,51,0,3,rank_available,TDs per ranked candidate
1,within-player,8,2018,0.952941176471,1.09143133982,0.972549019608,255,51,51,0,5,rank_available,TDs per ranked candidate
1,within-player,8,2018,0.872549019608,0.970927656134,0.952941176471,510,51,51,0,10,rank_available,TDs per ranked candidate
1,within-player,8,2018,1.43137254902,1.79576877282,0.941176470588,51,51,51,0,1,rank_in_slot,TDs per ranked candidate
1,within-player,8,2018,1.32679738562,1.58777265386,0.967320261438,153,51,51,0,3,rank_in_slot,TDs per ranked candidate
1,within-player,8,2018,1.25098039216,1.46469816345,0.96862745098,255,51,51,0,5,rank_in_slot,TDs per ranked candidate
1,within-player,8,2018,1.1431372549,1.28032607545,0.976470588235,510,51,51,0,10,rank_in_slot,TDs per ranked candidate
1,within-player,9,2018,1,1.28350350662,1,51,51,51,0,1,rank_available,TDs per ranked candidate
1,within-player,9,2018,0.993464052288,1.16654820572,0.993464052288,153,51,51,0,3,rank_available,TDs per ranked candidate
1,within-player,9,2018,0.952941176471,1.08667721312,0.976470588235,255,51,51,0,5,rank_available,TDs per ranked candidate
1,within-player,9,2018,0.856862745098,0.963097298264,0.950980392157,510,51,51,0,10,rank_available,TDs per ranked candidate
1,within-player,9,2018,1.21568627451,1.81143074208,0.941176470588,51,51,51,0,1,rank_in_slot,TDs per ranked candidate
1,within-player,9,2018,1.24183006536,1.58953095543,0.960784313725,153,51,51,0,3,rank_in_slot,TDs per ranked candidate
1,within-player,9,2018,1.17254901961,1.46081262338,0.972549019608,255,51,51,0,5,rank_in_slot,TDs per ranked candidate
1,within-player,9,2018,1.13725490196,1.2704729969,0.970588235294,510,51,51,0,10,rank_in_slot,TDs per ranked candidate
1,within-player,10,2018,1.11764705882,1.30058588149,1,51,51,51,0,1,rank_available,TDs per ranked candidate
1,within-player,10,2018,1,1.16467650037,0.993464052288,153,51,51,0,3,rank_available,TDs per ranked candidate
1,within-player,10,2018,0.996078431373,1.09417893549,0.980392156863,255,51,51,0,5,rank_available,TDs per ranked candidate
1,within-player,10,2018,0.86862745098,0.971548248943,0.950980392157,510,51,51,0,10,rank_available,TDs per ranked candidate
1,within-player,10,2018,1.25490196078,1.80677326038,0.941176470588,51,51,51,0,1,rank_in_slot,TDs per ranked candidate
1,within-player,10,2018,1.23529411765,1.58596535774,0.967320261438,153,51,51,0,3,rank_in_slot,TDs per ranked candidate
1,within-player,10,2018,1.2,1.4605900798,0.972549019608,255,51,51,0,5,rank_in_slot,TDs per ranked candidate
1,within-player,10,2018,1.11764705882,1.27979543618,0.980392156863,510,51,51,0,10,rank_in_slot,TDs per ranked candidate
1,within-player,11,2018,1.09803921569,1.265281965,1,51,51,51,0,1,rank_available,TDs per ranked candidate
1,within-player,11,2018,0.97385620915,1.15249973065,1,153,51,51,0,3,rank_available,TDs per ranked candidate
1,within-player,11,2018,0.925490196078,1.08875657654,0.976470588235,255,51,51,0,5,rank_available,TDs per ranked candidate
1,within-player,11,2018,0.870588235294,0.966908028921,0.954901960784,510,51,51,0,10,rank_available,TDs per ranked candidate
1,within-player,11,2018,1.43137254902,1.7564676215,0.941176470588,51,51,51,0,1,rank_in_slot,TDs per ranked candidate
1,within-player,11,2018,1.33333333333,1.55695642575,0.967320261438,153,51,51,0,3,rank_in_slot,TDs per ranked candidate
1,within-player,11,2018,1.21568627451,1.44956099612,0.96862745098,255,51,51,0,5,rank_in_slot,TDs per ranked candidate
1,within-player,11,2018,1.1137254902,1.26898013904,0.976470588235,510,51,51,0,10,rank_in_slot,TDs per ranked candidate
1,within-player,12,2018,0.882352941176,1.27556688355,1,51,51,51,0,1,rank_available,TDs per ranked candidate
1,within-player,12,2018,0.967320261438,1.15439402715,1,153,51,51,0,3,rank_available,TDs per ranked candidate
1,within-player,12,2018,0.933333333333,1.08753094785,0.98431372549,255,51,51,0,5,rank_available,TDs per ranked candidate
1,within-player,12,2018,0.823529411765,0.966268707337,0.949019607843,510,51,51,0,10,rank_available,TDs per ranked candidate
1,within-player,12,2018,1.29411764706,1.81581124258,0.941176470588,51,51,51,0,1,rank_in_slot,TDs per ranked candidate
1,within-player,12,2018,1.24183006536,1.57972932256,0.967320261438,153,51,51,0,3,rank_in_slot,TDs per ranked candidate
1,within-player,12,2018,1.21176470588,1.45205739229,0.960784313725,255,51,51,0,5,rank_in_slot,TDs per ranked candidate
1,within-player,12,2018,1.07843137255,1.27338460939,0.974509803922,510,51,51,0,10,rank_in_slot,TDs per ranked candidate
1,within-player,13,2018,0.960784313725,1.26170082908,1,51,51,51,0,1,rank_available,TDs per ranked candidate
1,within-player,13,2018,0.928104575163,1.15218879821,0.980392156863,153,51,51,0,3,rank_available,TDs per ranked candidate
1,within-player,13,2018,0.960784313725,1.07986739656,0.972549019608,255,51,51,0,5,rank_available,TDs per ranked candidate
1,within-player,13,2018,0.864705882353,0.960809085575,0.947058823529,510,51,51,0,10,rank_available,TDs per ranked candidate
1,within-player,13,2018,1.07843137255,1.79838939548,0.941176470588,51,51,51,0,1,rank_in_slot,TDs per ranked candidate
1,within-player,13,2018,1.26797385621,1.5742235843,0.967320261438,153,51,51,0,3,rank_in_slot,TDs per ranked candidate
1,within-player,13,2018,1.23137254902,1.45992687579,0.964705882353,255,51,51,0,5,rank_in_slot,TDs per ranked candidate
1,within-player,13,2018,1.1137254902,1.27481151619,0.974509803922,510,51,51,0,10,rank_in_slot,TDs per ranked candidate
1,within-player,14,2018,0.921568627451,1.28936697293,1,51,51,51,0,1,rank_available,TDs per ranked candidate
1,within-player,14,2018,1.0522875817,1.17172927733,0.993464052288,153,51,51,0,3,rank_available,TDs per ranked candidate
1,within-player,14,2018,0.964705882353,1.09822563975,0.972549019608,255,51,51,0,5,rank_available,TDs per ranked candidate
1,within-player,14,2018,0.862745098039,0.974847598068,0.958823529412,510,51,51,0,10,rank_available,TDs per ranked candidate
1,within-player,14,2018,1.17647058824,1.82570130267,0.941176470588,51,51,51,0,1,rank_in_slot,TDs per ranked candidate
1,within-player,14,2018,1.29411764706,1.59499626737,0.960784313725,153,51,51,0,3,rank_in_slot,TDs per ranked candidate
1,within-player,14,2018,1.27058823529,1.47287282815,0.96862745098,255,51,51,0,5,rank_in_slot,TDs per ranked candidate
1,within-player,14,2018,1.12941176471,1.28635835276,0.976470588235,510,51,51,0,10,rank_in_slot,TDs per ranked candidate
1,within-player,15,2018,1,1.26678811473,1,51,51,51,0,1,rank_available,TDs per ranked candidate
1,within-player,15,2018,0.986928104575,1.15385370265,0.986928104575,153,51,51,0,3,rank_available,TDs per ranked candidate
1,within-player,15,2018,0.929411764706,1.08295701945,0.96862745098,255,51,51,0,5,rank_available,TDs per ranked candidate
1,within-player,15,2018,0.870588235294,0.963523338726,0.950980392157,510,51,51,0,10,rank_available,TDs per ranked candidate
1,within-player,15,2018,1.19607843137,1.80787958441,0.941176470588,51,51,51,0,1,rank_in_slot,TDs per ranked candidate
1,within-player,15,2018,1.28104575163,1.57965986472,0.960784313725,153,51,51,0,3,rank_in_slot,TDs per ranked candidate
1,within-player,15,2018,1.21960784314,1.45685997601,0.960784313725,255,51,51,0,5,rank_in_slot,TDs per ranked candidate
1,within-player,15,2018,1.09803921569,1.27440457378,0.970588235294,510,51,51,0,10,rank_in_slot,TDs per ranked candidate
1,within-player,16,2018,1.09803921569,1.27672163492,1,51,51,51,0,1,rank_available,TDs per ranked candidate
1,within-player,16,2018,1.02614379085,1.15941530144,0.993464052288,153,51,51,0,3,rank_available,TDs per ranked candidate
1,within-player,16,2018,0.945098039216,1.08844580112,0.972549019608,255,51,51,0,5,rank_available,TDs per ranked candidate
1,within-player,16,2018,0.870588235294,0.969227376622,0.949019607843,510,51,51,0,10,rank_available,TDs per ranked candidate
1,within-player,16,2018,1.21568627451,1.79903488833,0.941176470588,51,51,51,0,1,rank_in_slot,TDs per ranked candidate
1,within-player,16,2018,1.3660130719,1.58343647146,0.967320261438,153,51,51,0,3,rank_in_slot,TDs per ranked candidate
1,within-player,16,2018,1.24705882353,1.46070835094,0.96862745098,255,51,51,0,5,rank_in_slot,TDs per ranked candidate
1,within-player,16,2018,1.12352941176,1.28379397666,0.976470588235,510,51,51,0,10,rank_in_slot,TDs per ranked candidate
1,within-player,17,2018,0.960784313725,1.27205084904,0.980392156863,51,51,51,0,1,rank_available,TDs per ranked candidate
1,within-player,17,2018,1.09803921569,1.14141804257,0.980392156863,153,51,51,0,3,rank_available,TDs per ranked candidate
1,within-player,17,2018,0.980392156863,1.07457227205,0.96862745098,255,51,51,0,5,rank_available,TDs per ranked candidate
1,within-player,17,2018,0.864705882353,0.960871388446,0.950980392157,510,51,51,0,10,rank_available,TDs per ranked candidate
1,within-player,17,2018,1.35294117647,1.8447855209,0.941176470588,51,51,51,0,1,rank_in_slot,TDs per ranked candidate
1,within-player,17,2018,1.26797385621,1.57726653888,0.954248366013,153,51,51,0,3,rank_in_slot,TDs per ranked candidate
1,within-player,17,2018,1.27450980392,1.45159476404,0.96862745098,255,51,51,0,5,rank_in_slot,TDs per ranked candidate
1,within-player,17,2018,1.13137254902,1.27017579337,0.972549019608,510,51,51,0,10,rank_in_slot,TDs per ranked candidate
1,within-player,18,2018,0.921568627451,1.28129473197,1,51,51,51,0,1,rank_available,TDs per ranked candidate
1,within-player,18,2018,1.03921568627,1.16706938552,0.986928104575,153,51,51,0,3,rank_available,TDs per ranked candidate
1,within-player,18,2018,0.98431372549,1.09947345407,0.972549019608,255,51,51,0,5,rank_available,TDs per ranked candidate
1,within-player,18,2018,0.850980392157,0.975678921412,0.949019607843,510,51,51,0,10,rank_available,TDs per ranked candidate
1,within-player,18,2018,1.25490196078,1.82522844063,0.941176470588,51,51,51,0,1,rank_in_slot,TDs per ranked candidate
1,within-player,18,2018,1.30065359477,1.60971886609,0.967320261438,153,51,51,0,3,rank_in_slot,TDs per ranked candidate
1,within-player,18,2018,1.23921568627,1.47790576515,0.960784313725,255,51,51,0,5,rank_in_slot,TDs per ranked candidate
1,within-player,18,2018,1.11764705882,1.28267556001,0.972549019608,510,51,51,0,10,rank_in_slot,TDs per ranked candidate
1,within-player,19,2018,1.19607843137,1.28897529542,1,51,51,51,0,1,rank_available,TDs per ranked candidate
1,within-player,19,2018,0.967320261438,1.16975604945,0.986928104575,153,51,51,0,3,rank_available,TDs per ranked candidate
1,within-player,19,2018,0.972549019608,1.09508017693,0.980392156863,255,51,51,0,5,rank_available,TDs per ranked candidate
1,within-player,19,2018,0.829411764706,0.974077510124,0.949019607843,510,51,51,0,10,rank_available,TDs per ranked candidate
1,within-player,19,2018,1.35294117647,1.82377429438,0.941176470588,51,51,51,0,1,rank_in_slot,TDs per ranked candidate
1,within-player,19,2018,1.24183006536,1.5892695764,0.967320261438,153,51,51,0,3,rank_in_slot,TDs per ranked candidate
1,within-player,19,2018,1.21960784314,1.46746044445,0.96862745098,255,51,51,0,5,rank_in_slot,TDs per ranked candidate
1,within-player,19,2018,1.10392156863,1.28230987529,0.972549019608,510,51,51,0,10,rank_in_slot,TDs per ranked candidate
1,base-rate-only,-1,2019,1.07843137255,1.22796486756,0.901960784314,51,51,51,0,1,rank_available,TDs per ranked candidate
1,base-rate-only,-1,2019,0.960784313725,1.1465807477,0.921568627451,153,51,51,0,3,rank_available,TDs per ranked candidate
1,base-rate-only,-1,2019,0.945098039216,1.0972592949,0.933333333333,255,51,51,0,5,rank_available,TDs per ranked candidate
1,base-rate-only,-1,2019,0.819607843137,1.0210473004,0.907843137255,510,51,51,0,10,rank_available,TDs per ranked candidate
1,base-rate-only,-1,2019,1.07843137255,1.4668362367,0.960784313725,51,51,51,0,1,rank_in_slot,TDs per ranked candidate
1,base-rate-only,-1,2019,1.01307189542,1.34991525018,0.960784313725,153,51,51,0,3,rank_in_slot,TDs per ranked candidate
1,base-rate-only,-1,2019,0.972549019608,1.28086744991,0.96862745098,255,51,51,0,5,rank_in_slot,TDs per ranked candidate
1,base-rate-only,-1,2019,0.970588235294,1.17195509222,0.972549019608,510,51,51,0,10,rank_in_slot,TDs per ranked candidate
1,current-season-rate,-1,2019,1,1.17199062456,0.980392156863,51,51,51,0,1,rank_available,TDs per ranked candidate
1,current-season-rate,-1,2019,0.862745098039,1.10227728431,0.915032679739,153,51,51,0,3,rank_available,TDs per ranked candidate
1,current-season-rate,-1,2019,0.8,1.06418142245,0.878431372549,255,51,51,0,5,rank_available,TDs per ranked candidate
1,current-season-rate,-1,2019,0.643137254902,1.00882952351,0.821568627451,510,51,51,0,10,rank_available,TDs per ranked candidate
1,current-season-rate,-1,2019,0.843137254902,1.28548006543,1,51,51,51,0,1,rank_in_slot,TDs per ranked candidate
1,current-season-rate,-1,2019,1.03921568627,1.21725311494,0.960784313725,153,51,51,0,3,rank_in_slot,TDs per ranked candidate
1,current-season-rate,-1,2019,0.960784313725,1.16915584164,0.964705882353,255,51,51,0,5,rank_in_slot,TDs per ranked candidate
1,current-season-rate,-1,2019,0.919607843137,1.0931666439,0.954901960784,510,51,51,0,10,rank_in_slot,TDs per ranked candidate
1,historical-rate,-1,2019,0.862745098039,1.52857036754,0.666666666667,51,51,51,0,1,rank_available,TDs per ranked candidate
1,historical-rate,-1,2019,0.59477124183,1.37280076677,0.653594771242,153,51,51,0,3,rank_available,TDs per ranked candidate
1,historical-rate,-1,2019,0.686274509804,1.3003530685,0.741176470588,255,51,51,0,5,rank_available,TDs per ranked candidate
1,historical-rate,-1,2019,0.747058823529,1.1743501425,0.829411764706,510,51,51,0,10,rank_available,TDs per ranked candidate
1,historical-rate,-1,2019,1.01960784314,1.85906862745,0.882352941176,51,51,51,0,1,rank_in_slot,TDs per ranked candidate
1,historical-rate,-1,2019,1,1.59253094672,0.895424836601,153,51,51,0,3,rank_in_slot,TDs per ranked candidate
1,historical-rate,-1,2019,0.83137254902,1.48109676598,0.839215686275,255,51,51,0,5,rank_in_slot,TDs per ranked candidate
1,historical-rate,-1,2019,0.81568627451,1.3234195845,0.854901960784,510,51,51,0,10,rank_in_slot,TDs per ranked candidate
1,no-vegas,-1,2019,1.05882352941,1.28065768039,0.960784313725,51,51,51,0,1,rank_available,TDs per ranked candidate
1,no-vegas,-1,2019,0.941176470588,1.18673386423,0.967320261438,153,51,51,0,3,rank_available,TDs per ranked candidate
1,no-vegas,-1,2019,0.972549019608,1.12040482709,0.976470588235,255,51,51,0,5,rank_available,TDs per ranked candidate
1,no-vegas,-1,2019,0.841176470588,1.01590414459,0.958823529412,510,51,51,0,10,rank_available,TDs per ranked candidate
1,no-vegas,-1,2019,0.803921568627,1.51677988016,0.960784313725,51,51,51,0,1,rank_in_slot,TDs per ranked candidate
1,no-vegas,-1,2019,1.03921568627,1.38085323903,0.980392156863,153,51,51,0,3,rank_in_slot,TDs per ranked candidate
1,no-vegas,-1,2019,1.06274509804,1.30501001253,0.988235294118,255,51,51,0,5,rank_in_slot,TDs per ranked candidate
1,no-vegas,-1,2019,1,1.18060473328,0.98431372549,510,51,51,0,10,rank_in_slot,TDs per ranked candidate
1,player-vegas,-1,2019,1,1.2916521599,0.843137254902,51,51,51,0,1,rank_available,TDs per ranked candidate
1,player-vegas,-1,2019,0.908496732026,1.19971936223,0.862745098039,153,51,51,0,3,rank_available,TDs per ranked candidate
1,player-vegas,-1,2019,0.894117647059,1.1463079006,0.882352941176,255,51,51,0,5,rank_available,TDs per ranked candidate
1,player-vegas,-1,2019,0.780392156863,1.05277523816,0.864705882353,510,51,51,0,10,rank_available,TDs per ranked candidate
1,player-vegas,-1,2019,1.07843137255,1.69010310699,0.980392156863,51,51,51,0,1,rank_in_slot,TDs per ranked candidate
1,player-vegas,-1,2019,1.00653594771,1.50981212199,0.947712418301,153,51,51,0,3,rank_in_slot,TDs per ranked candidate
1,player-vegas,-1,2019,0.976470588235,1.41782329355,0.952941176471,255,51,51,0,5,rank_in_slot,TDs per ranked candidate
1,player-vegas,-1,2019,0.974509803922,1.27594943404,0.952941176471,510,51,51,0,10,rank_in_slot,TDs per ranked candidate
1,random,0,2019,0.235294117647,1.68755124466,0.627450980392,51,51,51,0,1,rank_available,TDs per ranked candidate
1,random,0,2019,0.261437908497,1.52158318761,0.627450980392,153,51,51,0,3,rank_available,TDs per ranked candidate
1,random,0,2019,0.298039215686,1.41665468567,0.650980392157,255,51,51,0,5,rank_available,TDs per ranked candidate
1,random,0,2019,0.341176470588,1.24331006509,0.674509803922,510,51,51,0,10,rank_available,TDs per ranked candidate
1,random,0,2019,0.235294117647,1.68856007068,0.627450980392,51,51,51,0,1,rank_in_slot,TDs per ranked candidate
1,random,0,2019,0.294117647059,1.52529173123,0.640522875817,153,51,51,0,3,rank_in_slot,TDs per ranked candidate
1,random,0,2019,0.341176470588,1.43115043518,0.662745098039,255,51,51,0,5,rank_in_slot,TDs per ranked candidate
1,random,0,2019,0.405882352941,1.27586242808,0.705882352941,510,51,51,0,10,rank_in_slot,TDs per ranked candidate
1,random,1,2019,0.254901960784,1.69030495695,0.490196078431,51,51,51,0,1,rank_available,TDs per ranked candidate
1,random,1,2019,0.346405228758,1.52419520816,0.62091503268,153,51,51,0,3,rank_available,TDs per ranked candidate
1,random,1,2019,0.309803921569,1.42509459355,0.61568627451,255,51,51,0,5,rank_available,TDs per ranked candidate
1,random,1,2019,0.323529411765,1.25016291975,0.690196078431,510,51,51,0,10,rank_available,TDs per ranked candidate
1,random,1,2019,0.254901960784,1.69030495695,0.490196078431,51,51,51,0,1,rank_in_slot,TDs per ranked candidate
1,random,1,2019,0.366013071895,1.52818640536,0.640522875817,153,51,51,0,3,rank_in_slot,TDs per ranked candidate
1,random,1,2019,0.329411764706,1.43220623515,0.619607843137,255,51,51,0,5,rank_in_slot,TDs per ranked candidate
1,random,1,2019,0.407843137255,1.27497335776,0.717647058824,510,51,51,0,10,rank_in_slot,TDs per ranked candidate
1,random,2,2019,0.137254901961,1.68555386568,0.607843137255,51,51,51,0,1,rank_available,TDs per ranked candidate
1,random,2,2019,0.320261437908,1.52335847638,0.666666666667,153,51,51,0,3,rank_available,TDs per ranked candidate
1,random,2,2019,0.341176470588,1.42530706041,0.666666666667,255,51,51,0,5,rank_available,TDs per ranked candidate
1,random,2,2019,0.360784313725,1.26091255723,0.682352941176,510,51,51,0,10,rank_available,TDs per ranked candidate
1,random,2,2019,0.0980392156863,1.68958041543,0.607843137255,51,51,51,0,1,rank_in_slot,TDs per ranked candidate
1,random,2,2019,0.346405228758,1.52929225934,0.673202614379,153,51,51,0,3,rank_in_slot,TDs per ranked candidate
1,random,2,2019,0.380392156863,1.43372732042,0.682352941176,255,51,51,0,5,rank_in_slot,TDs per ranked candidate
1,random,2,2019,0.413725490196,1.27712535659,0.703921568627,510,51,51,0,10,rank_in_slot,TDs per ranked candidate
1,random,3,2019,0.156862745098,1.68462762902,0.549019607843,51,51,51,0,1,rank_available,TDs per ranked candidate
1,random,3,2019,0.320261437908,1.52775567192,0.653594771242,153,51,51,0,3,rank_available,TDs per ranked candidate
1,random,3,2019,0.364705882353,1.42863500603,0.666666666667,255,51,51,0,5,rank_available,TDs per ranked candidate
1,random,3,2019,0.323529411765,1.26083078729,0.672549019608,510,51,51,0,10,rank_available,TDs per ranked candidate
1,random,3,2019,0.156862745098,1.68462762902,0.549019607843,51,51,51,0,1,rank_in_slot,TDs per ranked candidate
1,random,3,2019,0.333333333333,1.52849800008,0.653594771242,153,51,51,0,3,rank_in_slot,TDs per ranked candidate
1,random,3,2019,0.423529411765,1.43207424697,0.682352941176,255,51,51,0,5,rank_in_slot,TDs per ranked candidate
1,random,3,2019,0.378431372549,1.27641805654,0.694117647059,510,51,51,0,10,rank_in_slot,TDs per ranked candidate
1,random,4,2019,0.294117647059,1.68257494182,0.725490196078,51,51,51,0,1,rank_available,TDs per ranked candidate
1,random,4,2019,0.281045751634,1.51875137422,0.666666666667,153,51,51,0,3,rank_available,TDs per ranked candidate
1,random,4,2019,0.286274509804,1.4178298156,0.670588235294,255,51,51,0,5,rank_available,TDs per ranked candidate
1,random,4,2019,0.339215686275,1.2526845512,0.703921568627,510,51,51,0,10,rank_available,TDs per ranked candidate
1,random,4,2019,0.333333333333,1.68660149158,0.745098039216,51,51,51,0,1,rank_in_slot,TDs per ranked candidate
1,random,4,2019,0.352941176471,1.53003925612,0.699346405229,153,51,51,0,3,rank_in_slot,TDs per ranked candidate
1,random,4,2019,0.376470588235,1.43468187368,0.717647058824,255,51,51,0,5,rank_in_slot,TDs per ranked candidate
1,random,4,2019,0.38431372549,1.27997920905,0.719607843137,510,51,51,0,10,rank_in_slot,TDs per ranked candidate
1,random,5,2019,0.392156862745,1.6839052757,0.745098039216,51,51,51,0,1,rank_available,TDs per ranked candidate
1,random,5,2019,0.274509803922,1.52400226661,0.705882352941,153,51,51,0,3,rank_available,TDs per ranked candidate
1,random,5,2019,0.341176470588,1.42378755788,0.701960784314,255,51,51,0,5,rank_available,TDs per ranked candidate
1,random,5,2019,0.333333333333,1.26005340929,0.686274509804,510,51,51,0,10,rank_available,TDs per ranked candidate
1,random,5,2019,0.372549019608,1.68846403717,0.745098039216,51,51,51,0,1,rank_in_slot,TDs per ranked candidate
1,random,5,2019,0.287581699346,1.52889636335,0.718954248366,153,51,51,0,3,rank_in_slot,TDs per ranked candidate
1,random,5,2019,0.403921568627,1.43250914654,0.729411764706,255,51,51,0,5,rank_in_slot,TDs per ranked candidate
1,random,5,2019,0.394117647059,1.27817892078,0.711764705882,510,51,51,0,10,rank_in_slot,TDs per ranked candidate
1,random,6,2019,0.509803921569,1.68028418051,0.686274509804,51,51,51,0,1,rank_available,TDs per ranked candidate
1,random,6,2019,0.372549019608,1.51518031806,0.699346405229,153,51,51,0,3,rank_available,TDs per ranked candidate
1,random,6,2019,0.360784313725,1.41694645658,0.698039215686,255,51,51,0,5,rank_available,TDs per ranked candidate
1,random,6,2019,0.38431372549,1.2553011959,0.707843137255,510,51,51,0,10,rank_available,TDs per ranked candidate
1,random,6,2019,0.549019607843,1.68751046647,0.725490196078,51,51,51,0,1,rank_in_slot,TDs per ranked candidate
1,random,6,2019,0.398692810458,1.52916197088,0.705882352941,153,51,51,0,3,rank_in_slot,TDs per ranked candidate
1,random,6,2019,0.423529411765,1.4337566652,0.733333333333,255,51,51,0,5,rank_in_slot,TDs per ranked candidate
1,random,6,2019,0.41568627451,1.27768630595,0.723529411765,510,51,51,0,10,rank_in_slot,TDs per ranked candidate
1,random,7,2019,0.588235294118,1.65442167616,0.843137254902,51,51,51,0,1,rank_available,TDs per ranked candidate
1,random,7,2019,0.444444444444,1.50647285206,0.745098039216,153,51,51,0,3,rank_available,TDs per ranked candidate
1,random,7,2019,0.4,1.41094733467,0.717647058824,255,51,51,0,5,rank_available,TDs per ranked candidate
1,random,7,2019,0.341176470588,1.25158936578,0.701960784314,510,51,51,0,10,rank_available,TDs per ranked candidate
1,random,7,2019,0.588235294118,1.68487030478,0.901960784314,51,51,51,0,1,rank_in_slot,TDs per ranked candidate
1,random,7,2019,0.444444444444,1.5272550684,0.771241830065,153,51,51,0,3,rank_in_slot,TDs per ranked candidate
1,random,7,2019,0.435294117647,1.43161298575,0.749019607843,255,51,51,0,5,rank_in_slot,TDs per ranked candidate
1,random,7,2019,0.4,1.27664487334,0.733333333333,510,51,51,0,10,rank_in_slot,TDs per ranked candidate
1,random,8,2019,0.176470588235,1.65683727981,0.666666666667,51,51,51,0,1,rank_available,TDs per ranked candidate
1,random,8,2019,0.281045751634,1.50569379879,0.660130718954,153,51,51,0,3,rank_available,TDs per ranked candidate
1,random,8,2019,0.305882352941,1.41316286457,0.662745098039,255,51,51,0,5,rank_available,TDs per ranked candidate
1,random,8,2019,0.349019607843,1.2503083917,0.709803921569,510,51,51,0,10,rank_available,TDs per ranked candidate
1,random,8,2019,0.254901960784,1.69198669484,0.686274509804,51,51,51,0,1,rank_in_slot,TDs per ranked candidate
1,random,8,2019,0.326797385621,1.52711363718,0.679738562092,153,51,51,0,3,rank_in_slot,TDs per ranked candidate
1,random,8,2019,0.356862745098,1.43242087376,0.682352941176,255,51,51,0,5,rank_in_slot,TDs per ranked candidate
1,random,8,2019,0.4,1.27691357685,0.733333333333,510,51,51,0,10,rank_in_slot,TDs per ranked candidate
1,random,9,2019,0.333333333333,1.67811752458,0.745098039216,51,51,51,0,1,rank_available,TDs per ranked candidate
1,random,9,2019,0.320261437908,1.51634866237,0.718954248366,153,51,51,0,3,rank_available,TDs per ranked candidate
1,random,9,2019,0.388235294118,1.41894073842,0.705882352941,255,51,51,0,5,rank_available,TDs per ranked candidate
1,random,9,2019,0.398039215686,1.24902663416,0.703921568627,510,51,51,0,10,rank_available,TDs per ranked candidate
1,random,9,2019,0.392156862745,1.68904375546,0.764705882353,51,51,51,0,1,rank_in_slot,TDs per ranked candidate
1,random,9,2019,0.398692810458,1.53021327927,0.745098039216,153,51,51,0,3,rank_in_slot,TDs per ranked candidate
1,random,9,2019,0.462745098039,1.43474476536,0.745098039216,255,51,51,0,5,rank_in_slot,TDs per ranked candidate
1,random,9,2019,0.464705882353,1.27839726647,0.735294117647,510,51,51,0,10,rank_in_slot,TDs per ranked candidate
1,random,10,2019,0.137254901961,1.69188965973,0.56862745098,51,51,51,0,1,rank_available,TDs per ranked candidate
1,random,10,2019,0.21568627451,1.52620278258,0.627450980392,153,51,51,0,3,rank_available,TDs per ranked candidate
1,random,10,2019,0.305882352941,1.42509585577,0.686274509804,255,51,51,0,5,rank_available,TDs per ranked candidate
1,random,10,2019,0.321568627451,1.25889985314,0.66862745098,510,51,51,0,10,rank_available,TDs per ranked candidate
1,random,10,2019,0.137254901961,1.69188965973,0.56862745098,51,51,51,0,1,rank_in_slot,TDs per ranked candidate
1,random,10,2019,0.287581699346,1.53053067882,0.647058823529,153,51,51,0,3,rank_in_slot,TDs per ranked candidate
1,random,10,2019,0.419607843137,1.43524211248,0.721568627451,255,51,51,0,5,rank_in_slot,TDs per ranked candidate
1,random,10,2019,0.382352941176,1.27966486239,0.688235294118,510,51,51,0,10,rank_in_slot,TDs per ranked candidate
1,random,11,2019,0.392156862745,1.69198669484,0.764705882353,51,51,51,0,1,rank_available,TDs per ranked candidate
1,random,11,2019,0.385620915033,1.52223338202,0.725490196078,153,51,51,0,3,rank_available,TDs per ranked candidate
1,random,11,2019,0.38431372549,1.42289228936,0.733333333333,255,51,51,0,5,rank_available,TDs per ranked candidate
1,random,11,2019,0.339215686275,1.26487965393,0.692156862745,510,51,51,0,10,rank_available,TDs per ranked candidate
1,random,11,2019,0.392156862745,1.69198669484,0.764705882353,51,51,51,0,1,rank_in_slot,TDs per ranked candidate
1,random,11,2019,0.418300653595,1.53028340865,0.738562091503,153,51,51,0,3,rank_in_slot,TDs per ranked candidate
1,random,11,2019,0.419607843137,1.43370405785,0.745098039216,255,51,51,0,5,rank_in_slot,TDs per ranked candidate
1,random,11,2019,0.388235294118,1.27819144953,0.713725490196,510,51,51,0,10,rank_in_slot,TDs per ranked candidate
1,random,12,2019,0.196078431373,1.6885219354,0.705882352941,51,51,51,0,1,rank_available,TDs per ranked candidate
1,random,12,2019,0.320261437908,1.51994046886,0.692810457516,153,51,51,0,3,rank_available,TDs per ranked candidate
1,random,12,2019,0.329411764706,1.42245494013,0.670588235294,255,51,51,0,5,rank_available,TDs per ranked candidate
1,random,12,2019,0.41568627451,1.25360770673,0.709803921569,510,51,51,0,10,rank_available,TDs per ranked candidate
1,random,12,2019,0.196078431373,1.6885219354,0.705882352941,51,51,51,0,1,rank_in_slot,TDs per ranked candidate
1,random,12,2019,0.40522875817,1.52876987979,0.725490196078,153,51,51,0,3,rank_in_slot,TDs per ranked candidate
1,random,12,2019,0.392156862745,1.43465181866,0.690196078431,255,51,51,0,5,rank_in_slot,TDs per ranked candidate
1,random,12,2019,0.429411764706,1.27773480694,0.725490196078,510,51,51,0,10,rank_in_slot,TDs per ranked candidate
1,random,13,2019,0.43137254902,1.68546514484,0.607843137255,51,51,51,0,1,rank_available,TDs per ranked candidate
1,random,13,2019,0.490196078431,1.51243546924,0.712418300654,153,51,51,0,3,rank_available,TDs per ranked candidate
1,random,13,2019,0.419607843137,1.41449904701,0.674509803922,255,51,51,0,5,rank_available,TDs per ranked candidate
1,random,13,2019,0.38431372549,1.25647532486,0.66862745098,510,51,51,0,10,rank_available,TDs per ranked candidate
1,random,13,2019,0.450980392157,1.6894916946,0.627450980392,51,51,51,0,1,rank_in_slot,TDs per ranked candidate
1,random,13,2019,0.522875816993,1.52841966675,0.745098039216,153,51,51,0,3,rank_in_slot,TDs per ranked candidate
1,random,13,2019,0.470588235294,1.43271230813,0.705882352941,255,51,51,0,5,rank_in_slot,TDs per ranked candidate
1,random,13,2019,0.425490196078,1.27826335205,0.7,510,51,51,0,10,rank_in_slot,TDs per ranked candidate
1,random,14,2019,0.372549019608,1.68542991937,0.745098039216,51,51,51,0,1,rank_available,TDs per ranked candidate
1,random,14,2019,0.516339869281,1.51195456523,0.751633986928,153,51,51,0,3,rank_available,TDs per ranked candidate
1,random,14,2019,0.419607843137,1.4086755891,0.721568627451,255,51,51,0,5,rank_available,TDs per ranked candidate
1,random,14,2019,0.425490196078,1.23813745327,0.7,510,51,51,0,10,rank_available,TDs per ranked candidate
1,random,14,2019,0.411764705882,1.69198669484,0.764705882353,51,51,51,0,1,rank_in_slot,TDs per ranked candidate
1,random,14,2019,0.562091503268,1.52753576072,0.771241830065,153,51,51,0,3,rank_in_slot,TDs per ranked candidate
1,random,14,2019,0.494117647059,1.43258722826,0.749019607843,255,51,51,0,5,rank_in_slot,TDs per ranked candidate
1,random,14,2019,0.490196078431,1.27709569659,0.73137254902,510,51,51,0,10,rank_in_slot,TDs per ranked candidate
1,random,15,2019,0.274509803922,1.68273810736,0.686274509804,51,51,51,0,1,rank_available,TDs per ranked candidate
1,random,15,2019,0.326797385621,1.52136019149,0.692810457516,153,51,51,0,3,rank_available,TDs per ranked candidate
1,random,15,2019,0.356862745098,1.42190844571,0.729411764706,255,51,51,0,5,rank_available,TDs per ranked candidate
1,random,15,2019,0.33137254902,1.26118631273,0.696078431373,510,51,51,0,10,rank_available,TDs per ranked candidate
1,random,15,2019,0.274509803922,1.68273810736,0.686274509804,51,51,51,0,1,rank_in_slot,TDs per ranked candidate
1,random,15,2019,0.339869281046,1.52851515002,0.705882352941,153,51,51,0,3,rank_in_slot,TDs per ranked candidate
1,random,15,2019,0.403921568627,1.4333996318,0.745098039216,255,51,51,0,5,rank_in_slot,TDs per ranked candidate
1,random,15,2019,0.364705882353,1.2781002875,0.709803921569,510,51,51,0,10,rank_in_slot,TDs per ranked candidate
1,random,16,2019,0.411764705882,1.68037838156,0.705882352941,51,51,51,0,1,rank_available,TDs per ranked candidate
1,random,16,2019,0.274509803922,1.51520969674,0.62091503268,153,51,51,0,3,rank_available,TDs per ranked candidate
1,random,16,2019,0.262745098039,1.41654287085,0.635294117647,255,51,51,0,5,rank_available,TDs per ranked candidate
1,random,16,2019,0.303921568627,1.25699465948,0.650980392157,510,51,51,0,10,rank_available,TDs per ranked candidate
1,random,16,2019,0.470588235294,1.68238040905,0.725490196078,51,51,51,0,1,rank_in_slot,TDs per ranked candidate
1,random,16,2019,0.352941176471,1.52387440294,0.660130718954,153,51,51,0,3,rank_in_slot,TDs per ranked candidate
1,random,16,2019,0.364705882353,1.43004758748,0.674509803922,255,51,51,0,5,rank_in_slot,TDs per ranked candidate
1,random,16,2019,0.333333333333,1.27565296289,0.670588235294,510,51,51,0,10,rank_in_slot,TDs per ranked candidate
1,random,17,2019,0.43137254902,1.67711554192,0.705882352941,51,51,51,0,1,rank_available,TDs per ranked candidate
1,random,17,2019,0.346405228758,1.52036575997,0.653594771242,153,51,51,0,3,rank_available,TDs per ranked candidate
1,random,17,2019,0.349019607843,1.42304385784,0.63137254902,255,51,51,0,5,rank_available,TDs per ranked candidate
1,random,17,2019,0.38431372549,1.26515662047,0.643137254902,510,51,51,0,10,rank_available,TDs per ranked candidate
1,random,17,2019,0.450980392157,1.68933536068,0.705882352941,51,51,51,0,1,rank_in_slot,TDs per ranked candidate
1,random,17,2019,0.359477124183,1.53011993234,0.673202614379,153,51,51,0,3,rank_in_slot,TDs per ranked candidate
1,random,17,2019,0.333333333333,1.43368424346,0.639215686275,255,51,51,0,5,rank_in_slot,TDs per ranked candidate
1,random,17,2019,0.398039215686,1.27915143902,0.658823529412,510,51,51,0,10,rank_in_slot,TDs per ranked candidate
1,random,18,2019,0.352941176471,1.6841236329,0.607843137255,51,51,51,0,1,rank_available,TDs per ranked candidate
1,random,18,2019,0.320261437908,1.51087665369,0.666666666667,153,51,51,0,3,rank_available,TDs per ranked candidate
1,random,18,2019,0.286274509804,1.40789273236,0.654901960784,255,51,51,0,5,rank_available,TDs per ranked candidate
1,random,18,2019,0.394117647059,1.24083454479,0.719607843137,510,51,51,0,10,rank_available,TDs per ranked candidate
1,random,18,2019,0.352941176471,1.68815018266,0.607843137255,51,51,51,0,1,rank_in_slot,TDs per ranked candidate
1,random,18,2019,0.437908496732,1.52799539787,0.705882352941,153,51,51,0,3,rank_in_slot,TDs per ranked candidate
1,random,18,2019,0.403921568627,1.43309430298,0.721568627451,255,51,51,0,5,rank_in_slot,TDs per ranked candidate
1,random,18,2019,0.425490196078,1.27839714352,0.739215686275,510,51,51,0,10,rank_in_slot,TDs per ranked candidate
1,random,19,2019,0.352941176471,1.63298311701,0.705882352941,51,51,51,0,1,rank_available,TDs per ranked candidate
1,random,19,2019,0.352941176471,1.49306134763,0.725490196078,153,51,51,0,3,rank_available,TDs per ranked candidate
1,random,19,2019,0.380392156863,1.40090975279,0.713725490196,255,51,51,0,5,rank_available,TDs per ranked candidate
1,random,19,2019,0.33137254902,1.23883642735,0.68431372549,510,51,51,0,10,rank_available,TDs per ranked candidate
1,random,19,2019,0.549019607843,1.68980538027,0.843137254902,51,51,51,0,1,rank_in_slot,TDs per ranked candidate
1,random,19,2019,0.372549019608,1.5285392675,0.745098039216,153,51,51,0,3,rank_in_slot,TDs per ranked candidate
1,random,19,2019,0.43137254902,1.43371360067,0.749019607843,255,51,51,0,5,rank_in_slot,TDs per ranked candidate
1,random,19,2019,0.380392156863,1.27757630855,0.723529411765,510,51,51,0,10,rank_in_slot,TDs per ranked candidate
1,regressed-rate,-1,2019,1.11764705882,1.27167644322,0.921568627451,51,51,51,0,1,rank_available,TDs per ranked candidate
1,regressed-rate,-1,2019,0.856209150327,1.16949830734,0.947712418301,153,51,51,0,3,rank_available,TDs per ranked candidate
1,regressed-rate,-1,2019,0.878431372549,1.12063732034,0.945098039216,255,51,51,0,5,rank_available,TDs per ranked candidate
1,regressed-rate,-1,2019,0.778431372549,1.04660146331,0.892156862745,510,51,51,0,10,rank_available,TDs per ranked candidate
1,regressed-rate,-1,2019,1.13725490196,1.54023221022,0.980392156863,51,51,51,0,1,rank_in_slot,TDs per ranked candidate
1,regressed-rate,-1,2019,1.02614379085,1.3564107824,0.947712418301,153,51,51,0,3,rank_in_slot,TDs per ranked candidate
1,regressed-rate,-1,2019,0.960784313725,1.27494198729,0.96862745098,255,51,51,0,5,rank_in_slot,TDs per ranked candidate
1,regressed-rate,-1,2019,0.947058823529,1.15924662255,0.964705882353,510,51,51,0,10,rank_in_slot,TDs per ranked candidate
1,shipped,-1,2019,1.05882352941,1.33369171011,0.941176470588,51,51,51,0,1,rank_available,TDs per ranked candidate
1,shipped,-1,2019,0.934640522876,1.22388214352,0.967320261438,153,51,51,0,3,rank_available,TDs per ranked candidate
1,shipped,-1,2019,0.909803921569,1.14800651917,0.964705882353,255,51,51,0,5,rank_available,TDs per ranked candidate
1,shipped,-1,2019,0.850980392157,1.02984309747,0.956862745098,510,51,51,0,10,rank_available,TDs per ranked candidate
1,shipped,-1,2019,0.882352941176,1.69161494209,0.960784313725,51,51,51,0,1,rank_in_slot,TDs per ranked candidate
1,shipped,-1,2019,1.00653594771,1.52897392944,0.97385620915,153,51,51,0,3,rank_in_slot,TDs per ranked candidate
1,shipped,-1,2019,1.03137254902,1.43111376941,0.98431372549,255,51,51,0,5,rank_in_slot,TDs per ranked candidate
1,shipped,-1,2019,0.994117647059,1.27360665937,0.980392156863,510,51,51,0,10,rank_in_slot,TDs per ranked candidate
1,vegas-environment,-1,2019,0.803921568627,1.0046660383,0.941176470588,51,51,51,0,1,rank_available,TDs per ranked candidate
1,vegas-environment,-1,2019,0.862745098039,0.968877256887,0.954248366013,153,51,51,0,3,rank_available,TDs per ranked candidate
1,vegas-environment,-1,2019,0.796078431373,0.94753152414,0.933333333333,255,51,51,0,5,rank_available,TDs per ranked candidate
1,vegas-environment,-1,2019,0.811764705882,0.91185137992,0.945098039216,510,51,51,0,10,rank_available,TDs per ranked candidate
1,vegas-environment,-1,2019,0.78431372549,1.06652511851,0.960784313725,51,51,51,0,1,rank_in_slot,TDs per ranked candidate
1,vegas-environment,-1,2019,0.882352941176,1.03530023936,0.980392156863,153,51,51,0,3,rank_in_slot,TDs per ranked candidate
1,vegas-environment,-1,2019,0.980392156863,1.0094630317,0.972549019608,255,51,51,0,5,rank_in_slot,TDs per ranked candidate
1,vegas-environment,-1,2019,0.935294117647,0.971762884868,0.964705882353,510,51,51,0,10,rank_in_slot,TDs per ranked candidate
1,within-player,0,2019,1.01960784314,1.34197198287,0.980392156863,51,51,51,0,1,rank_available,TDs per ranked candidate
1,within-player,0,2019,0.915032679739,1.2243122518,0.97385620915,153,51,51,0,3,rank_available,TDs per ranked candidate
1,within-player,0,2019,0.870588235294,1.14930958143,0.952941176471,255,51,51,0,5,rank_available,TDs per ranked candidate
1,within-player,0,2019,0.827450980392,1.02800292976,0.952941176471,510,51,51,0,10,rank_available,TDs per ranked candidate
1,within-player,0,2019,1.05882352941,1.670577017,0.980392156863,51,51,51,0,1,rank_in_slot,TDs per ranked candidate
1,within-player,0,2019,0.960784313725,1.5257804219,0.97385620915,153,51,51,0,3,rank_in_slot,TDs per ranked candidate
1,within-player,0,2019,1.01568627451,1.42459606973,0.98431372549,255,51,51,0,5,rank_in_slot,TDs per ranked candidate
1,within-player,0,2019,1.00196078431,1.26960849865,0.982352941176,510,51,51,0,10,rank_in_slot,TDs per ranked candidate
1,within-player,1,2019,1,1.32546229126,0.960784313725,51,51,51,0,1,rank_available,TDs per ranked candidate
1,within-player,1,2019,0.83660130719,1.22926827247,0.967320261438,153,51,51,0,3,rank_available,TDs per ranked candidate
1,within-player,1,2019,0.874509803922,1.16121609718,0.960784313725,255,51,51,0,5,rank_available,TDs per ranked candidate
1,within-player,1,2019,0.862745098039,1.03992175364,0.945098039216,510,51,51,0,10,rank_available,TDs per ranked candidate
1,within-player,1,2019,1.05882352941,1.70655895528,0.980392156863,51,51,51,0,1,rank_in_slot,TDs per ranked candidate
1,within-player,1,2019,1,1.52548910348,0.97385620915,153,51,51,0,3,rank_in_slot,TDs per ranked candidate
1,within-player,1,2019,1.01960784314,1.42787385829,0.98431372549,255,51,51,0,5,rank_in_slot,TDs per ranked candidate
1,within-player,1,2019,0.994117647059,1.27882527175,0.978431372549,510,51,51,0,10,rank_in_slot,TDs per ranked candidate
1,within-player,2,2019,1.07843137255,1.33625948402,0.941176470588,51,51,51,0,1,rank_available,TDs per ranked candidate
1,within-player,2,2019,0.960784313725,1.22213816305,0.967320261438,153,51,51,0,3,rank_available,TDs per ranked candidate
1,within-player,2,2019,0.941176470588,1.14665938426,0.952941176471,255,51,51,0,5,rank_available,TDs per ranked candidate
1,within-player,2,2019,0.862745098039,1.02540713534,0.950980392157,510,51,51,0,10,rank_available,TDs per ranked candidate
1,within-player,2,2019,0.941176470588,1.66031662033,0.960784313725,51,51,51,0,1,rank_in_slot,TDs per ranked candidate
1,within-player,2,2019,0.986928104575,1.5139695373,0.980392156863,153,51,51,0,3,rank_in_slot,TDs per ranked candidate
1,within-player,2,2019,1.07058823529,1.42417611126,0.98431372549,255,51,51,0,5,rank_in_slot,TDs per ranked candidate
1,within-player,2,2019,1.04509803922,1.27090950567,0.982352941176,510,51,51,0,10,rank_in_slot,TDs per ranked candidate
1,within-player,3,2019,0.882352941176,1.35036813727,0.960784313725,51,51,51,0,1,rank_available,TDs per ranked candidate
1,within-player,3,2019,0.83660130719,1.22728667859,0.967320261438,153,51,51,0,3,rank_available,TDs per ranked candidate
1,within-player,3,2019,0.854901960784,1.15581377358,0.964705882353,255,51,51,0,5,rank_available,TDs per ranked candidate
1,within-player,3,2019,0.83137254902,1.03270124786,0.949019607843,510,51,51,0,10,rank_available,TDs per ranked candidate
1,within-player,3,2019,1.1568627451,1.69700369748,0.980392156863,51,51,51,0,1,rank_in_slot,TDs per ranked candidate
1,within-player,3,2019,0.986928104575,1.5416492299,0.980392156863,153,51,51,0,3,rank_in_slot,TDs per ranked candidate
1,within-player,3,2019,0.956862745098,1.4434458825,0.98431372549,255,51,51,0,5,rank_in_slot,TDs per ranked candidate
1,within-player,3,2019,0.986274509804,1.28042240301,0.98431372549,510,51,51,0,10,rank_in_slot,TDs per ranked candidate
1,within-player,4,2019,0.921568627451,1.33487387956,0.960784313725,51,51,51,0,1,rank_available,TDs per ranked candidate
1,within-player,4,2019,0.895424836601,1.2228362537,0.980392156863,153,51,51,0,3,rank_available,TDs per ranked candidate
1,within-player,4,2019,0.878431372549,1.15155892096,0.96862745098,255,51,51,0,5,rank_available,TDs per ranked candidate
1,within-player,4,2019,0.841176470588,1.03039888453,0.950980392157,510,51,51,0,10,rank_available,TDs per ranked candidate
1,within-player,4,2019,0.980392156863,1.68655667221,0.980392156863,51,51,51,0,1,rank_in_slot,TDs per ranked candidate
1,within-player,4,2019,0.915032679739,1.54156263945,0.986928104575,153,51,51,0,3,rank_in_slot,TDs per ranked candidate
1,within-player,4,2019,0.929411764706,1.44140318153,0.992156862745,255,51,51,0,5,rank_in_slot,TDs per ranked candidate
1,within-player,4,2019,1.00392156863,1.28223694073,0.98431372549,510,51,51,0,10,rank_in_slot,TDs per ranked candidate
1,within-player,5,2019,0.960784313725,1.32646733699,0.980392156863,51,51,51,0,1,rank_available,TDs per ranked candidate
1,within-player,5,2019,0.901960784314,1.21045297686,0.967320261438,153,51,51,0,3,rank_available,TDs per ranked candidate
1,within-player,5,2019,0.878431372549,1.1420783343,0.956862745098,255,51,51,0,5,rank_available,TDs per ranked candidate
1,within-player,5,2019,0.858823529412,1.02721863904,0.947058823529,510,51,51,0,10,rank_available,TDs per ranked candidate
1,within-player,5,2019,0.882352941176,1.68062757128,1,51,51,51,0,1,rank_in_slot,TDs per ranked candidate
1,within-player,5,2019,1,1.52857645173,0.986928104575,153,51,51,0,3,rank_in_slot,TDs per ranked candidate
1,within-player,5,2019,1.01960784314,1.43233775705,0.988235294118,255,51,51,0,5,rank_in_slot,TDs per ranked candidate
1,within-player,5,2019,0.966666666667,1.27702045403,0.980392156863,510,51,51,0,10,rank_in_slot,TDs per ranked candidate
1,within-player,6,2019,0.921568627451,1.33105708783,0.901960784314,51,51,51,0,1,rank_available,TDs per ranked candidate
1,within-player,6,2019,0.797385620915,1.21637824172,0.947712418301,153,51,51,0,3,rank_available,TDs per ranked candidate
1,within-player,6,2019,0.827450980392,1.14473850313,0.952941176471,255,51,51,0,5,rank_available,TDs per ranked candidate
1,within-player,6,2019,0.850980392157,1.02292823918,0.950980392157,510,51,51,0,10,rank_available,TDs per ranked candidate
1,within-player,6,2019,1.01960784314,1.66565926681,0.960784313725,51,51,51,0,1,rank_in_slot,TDs per ranked candidate
1,within-player,6,2019,0.960784313725,1.51514278832,0.97385620915,153,51,51,0,3,rank_in_slot,TDs per ranked candidate
1,within-player,6,2019,0.945098039216,1.4187986522,0.98431372549,255,51,51,0,5,rank_in_slot,TDs per ranked candidate
1,within-player,6,2019,0.990196078431,1.26529592791,0.980392156863,510,51,51,0,10,rank_in_slot,TDs per ranked candidate
1,within-player,7,2019,0.862745098039,1.3568453708,0.941176470588,51,51,51,0,1,rank_available,TDs per ranked candidate
1,within-player,7,2019,0.843137254902,1.22909233033,0.941176470588,153,51,51,0,3,rank_available,TDs per ranked candidate
1,within-player,7,2019,0.811764705882,1.15911484434,0.941176470588,255,51,51,0,5,rank_available,TDs per ranked candidate
1,within-player,7,2019,0.854901960784,1.03257214508,0.950980392157,510,51,51,0,10,rank_available,TDs per ranked candidate
1,within-player,7,2019,0.960784313725,1.71735541725,0.980392156863,51,51,51,0,1,rank_in_slot,TDs per ranked candidate
1,within-player,7,2019,0.980392156863,1.52376820589,0.980392156863,153,51,51,0,3,rank_in_slot,TDs per ranked candidate
1,within-player,7,2019,0.96862745098,1.4282655033,0.980392156863,255,51,51,0,5,rank_in_slot,TDs per ranked candidate
1,within-player,7,2019,0.91568627451,1.27714859776,0.970588235294,510,51,51,0,10,rank_in_slot,TDs per ranked candidate
1,within-player,8,2019,0.745098039216,1.31763142522,1,51,51,51,0,1,rank_available,TDs per ranked candidate
1,within-player,8,2019,0.843137254902,1.22108812002,0.97385620915,153,51,51,0,3,rank_available,TDs per ranked candidate
1,within-player,8,2019,0.843137254902,1.1479705314,0.960784313725,255,51,51,0,5,rank_available,TDs per ranked candidate
1,within-player,8,2019,0.823529411765,1.02954895926,0.950980392157,510,51,51,0,10,rank_available,TDs per ranked candidate
1,within-player,8,2019,0.823529411765,1.72820230548,1,51,51,51,0,1,rank_in_slot,TDs per ranked candidate
1,within-player,8,2019,0.83660130719,1.54010551286,0.993464052288,153,51,51,0,3,rank_in_slot,TDs per ranked candidate
1,within-player,8,2019,0.898039215686,1.44286000691,0.988235294118,255,51,51,0,5,rank_in_slot,TDs per ranked candidate
1,within-player,8,2019,0.978431372549,1.28445503546,0.986274509804,510,51,51,0,10,rank_in_slot,TDs per ranked candidate
1,within-player,9,2019,0.921568627451,1.36147198583,0.960784313725,51,51,51,0,1,rank_available,TDs per ranked candidate
1,within-player,9,2019,0.849673202614,1.2337872092,0.941176470588,153,51,51,0,3,rank_available,TDs per ranked candidate
1,within-player,9,2019,0.878431372549,1.1559896814,0.956862745098,255,51,51,0,5,rank_available,TDs per ranked candidate
1,within-player,9,2019,0.83137254902,1.02929508362,0.952941176471,510,51,51,0,10,rank_available,TDs per ranked candidate
1,within-player,9,2019,0.960784313725,1.67293935897,0.960784313725,51,51,51,0,1,rank_in_slot,TDs per ranked candidate
1,within-player,9,2019,0.934640522876,1.5223731741,0.980392156863,153,51,51,0,3,rank_in_slot,TDs per ranked candidate
1,within-player,9,2019,0.980392156863,1.42837901032,0.98431372549,255,51,51,0,5,rank_in_slot,TDs per ranked candidate
1,within-player,9,2019,0.998039215686,1.27227180519,0.982352941176,510,51,51,0,10,rank_in_slot,TDs per ranked candidate
1,within-player,10,2019,0.803921568627,1.32890480669,0.941176470588,51,51,51,0,1,rank_available,TDs per ranked candidate
1,within-player,10,2019,0.83660130719,1.22207677333,0.947712418301,153,51,51,0,3,rank_available,TDs per ranked candidate
1,within-player,10,2019,0.847058823529,1.15181019226,0.952941176471,255,51,51,0,5,rank_available,TDs per ranked candidate
1,within-player,10,2019,0.825490196078,1.02915799122,0.950980392157,510,51,51,0,10,rank_available,TDs per ranked candidate
1,within-player,10,2019,0.882352941176,1.66432521489,0.960784313725,51,51,51,0,1,rank_in_slot,TDs per ranked candidate
1,within-player,10,2019,0.882352941176,1.50968219633,0.980392156863,153,51,51,0,3,rank_in_slot,TDs per ranked candidate
1,within-player,10,2019,0.917647058824,1.42524138849,0.980392156863,255,51,51,0,5,rank_in_slot,TDs per ranked candidate
1,within-player,10,2019,1.00392156863,1.2758923089,0.978431372549,510,51,51,0,10,rank_in_slot,TDs per ranked candidate
1,within-player,11,2019,0.882352941176,1.36089629095,0.980392156863,51,51,51,0,1,rank_available,TDs per ranked candidate
1,within-player,11,2019,0.830065359477,1.2196410998,0.97385620915,153,51,51,0,3,rank_available,TDs per ranked candidate
1,within-player,11,2019,0.854901960784,1.14486104893,0.96862745098,255,51,51,0,5,rank_available,TDs per ranked candidate
1,within-player,11,2019,0.882352941176,1.02586774122,0.956862745098,510,51,51,0,10,rank_available,TDs per ranked candidate
1,within-player,11,2019,1.03921568627,1.70919721744,0.980392156863,51,51,51,0,1,rank_in_slot,TDs per ranked candidate
1,within-player,11,2019,0.901960784314,1.53715188544,0.986928104575,153,51,51,0,3,rank_in_slot,TDs per ranked candidate
1,within-player,11,2019,0.937254901961,1.43461765375,0.988235294118,255,51,51,0,5,rank_in_slot,TDs per ranked candidate
1,within-player,11,2019,0.954901960784,1.27308963827,0.978431372549,510,51,51,0,10,rank_in_slot,TDs per ranked candidate
1,within-player,12,2019,1.01960784314,1.35147216121,0.980392156863,51,51,51,0,1,rank_available,TDs per ranked candidate
1,within-player,12,2019,0.980392156863,1.22782473765,0.960784313725,153,51,51,0,3,rank_available,TDs per ranked candidate
1,within-player,12,2019,0.917647058824,1.14997418706,0.964705882353,255,51,51,0,5,rank_available,TDs per ranked candidate
1,within-player,12,2019,0.843137254902,1.02360283269,0.952941176471,510,51,51,0,10,rank_available,TDs per ranked candidate
1,within-player,12,2019,0.901960784314,1.657674523,1,51,51,51,0,1,rank_in_slot,TDs per ranked candidate
1,within-player,12,2019,0.908496732026,1.49147604819,0.986928104575,153,51,51,0,3,rank_in_slot,TDs per ranked candidate
1,within-player,12,2019,1.00392156863,1.40750253719,0.980392156863,255,51,51,0,5,rank_in_slot,TDs per ranked candidate
1,within-player,12,2019,1.00196078431,1.2607706988,0.982352941176,510,51,51,0,10,rank_in_slot,TDs per ranked candidate
1,within-player,13,2019,1,1.36406894295,1,51,51,51,0,1,rank_available,TDs per ranked candidate
1,within-player,13,2019,0.869281045752,1.2462474682,0.947712418301,153,51,51,0,3,rank_available,TDs per ranked candidate
1,within-player,13,2019,0.862745098039,1.17357817015,0.945098039216,255,51,51,0,5,rank_available,TDs per ranked candidate
1,within-player,13,2019,0.813725490196,1.04525020647,0.943137254902,510,51,51,0,10,rank_available,TDs per ranked candidate
1,within-player,13,2019,0.960784313725,1.70052388392,1,51,51,51,0,1,rank_in_slot,TDs per ranked candidate
1,within-player,13,2019,0.915032679739,1.53910227789,0.986928104575,153,51,51,0,3,rank_in_slot,TDs per ranked candidate
1,within-player,13,2019,0.960784313725,1.44902672448,0.980392156863,255,51,51,0,5,rank_in_slot,TDs per ranked candidate
1,within-player,13,2019,0.982352941176,1.29314756119,0.978431372549,510,51,51,0,10,rank_in_slot,TDs per ranked candidate
1,within-player,14,2019,0.980392156863,1.317219745,0.960784313725,51,51,51,0,1,rank_available,TDs per ranked candidate
1,within-player,14,2019,0.908496732026,1.22251156164,0.960784313725,153,51,51,0,3,rank_available,TDs per ranked candidate
1,within-player,14,2019,0.941176470588,1.1566810578,0.964705882353,255,51,51,0,5,rank_available,TDs per ranked candidate
1,within-player,14,2019,0.841176470588,1.03637367636,0.954901960784,510,51,51,0,10,rank_available,TDs per ranked candidate
1,within-player,14,2019,0.843137254902,1.66965628428,0.980392156863,51,51,51,0,1,rank_in_slot,TDs per ranked candidate
1,within-player,14,2019,0.967320261438,1.51132177596,0.980392156863,153,51,51,0,3,rank_in_slot,TDs per ranked candidate
1,within-player,14,2019,1.02745098039,1.42286428413,0.980392156863,255,51,51,0,5,rank_in_slot,TDs per ranked candidate
1,within-player,14,2019,0.98431372549,1.27510862801,0.98431372549,510,51,51,0,10,rank_in_slot,TDs per ranked candidate
1,within-player,15,2019,0.843137254902,1.34730545333,0.941176470588,51,51,51,0,1,rank_available,TDs per ranked candidate
1,within-player,15,2019,0.928104575163,1.2333445561,0.967320261438,153,51,51,0,3,rank_available,TDs per ranked candidate
1,within-player,15,2019,0.929411764706,1.15572819727,0.964705882353,255,51,51,0,5,rank_available,TDs per ranked candidate
1,within-player,15,2019,0.827450980392,1.0280552462,0.960784313725,510,51,51,0,10,rank_available,TDs per ranked candidate
1,within-player,15,2019,1,1.69465253105,0.960784313725,51,51,51,0,1,rank_in_slot,TDs per ranked candidate
1,within-player,15,2019,1.01307189542,1.51863554849,0.97385620915,153,51,51,0,3,rank_in_slot,TDs per ranked candidate
1,within-player,15,2019,1.00784313725,1.42368268553,0.98431372549,255,51,51,0,5,rank_in_slot,TDs per ranked candidate
1,within-player,15,2019,1.00392156863,1.27037300752,0.98431372549,510,51,51,0,10,rank_in_slot,TDs per ranked candidate
1,within-player,16,2019,0.941176470588,1.32370753998,0.960784313725,51,51,51,0,1,rank_available,TDs per ranked candidate
1,within-player,16,2019,0.915032679739,1.21184105187,0.97385620915,153,51,51,0,3,rank_available,TDs per ranked candidate
1,within-player,16,2019,0.894117647059,1.13907279226,0.956862745098,255,51,51,0,5,rank_available,TDs per ranked candidate
1,within-player,16,2019,0.833333333333,1.02217778648,0.954901960784,510,51,51,0,10,rank_available,TDs per ranked candidate
1,within-player,16,2019,1,1.68324191674,0.980392156863,51,51,51,0,1,rank_in_slot,TDs per ranked candidate
1,within-player,16,2019,0.97385620915,1.5218346761,0.986928104575,153,51,51,0,3,rank_in_slot,TDs per ranked candidate
1,within-player,16,2019,1.02352941176,1.42058478079,0.98431372549,255,51,51,0,5,rank_in_slot,TDs per ranked candidate
1,within-player,16,2019,0.954901960784,1.26985863278,0.980392156863,510,51,51,0,10,rank_in_slot,TDs per ranked candidate
1,within-player,17,2019,0.882352941176,1.3543725063,0.980392156863,51,51,51,0,1,rank_available,TDs per ranked candidate
1,within-player,17,2019,0.954248366013,1.2457005497,0.967320261438,153,51,51,0,3,rank_available,TDs per ranked candidate
1,within-player,17,2019,0.890196078431,1.17405942557,0.964705882353,255,51,51,0,5,rank_available,TDs per ranked candidate
1,within-player,17,2019,0.850980392157,1.04367652158,0.956862745098,510,51,51,0,10,rank_available,TDs per ranked candidate
1,within-player,17,2019,0.901960784314,1.70377851452,0.980392156863,51,51,51,0,1,rank_in_slot,TDs per ranked candidate
1,within-player,17,2019,1.06535947712,1.54503638973,0.980392156863,153,51,51,0,3,rank_in_slot,TDs per ranked candidate
1,within-player,17,2019,1.05490196078,1.44734413105,0.98431372549,255,51,51,0,5,rank_in_slot,TDs per ranked candidate
1,within-player,17,2019,1.00196078431,1.29147755669,0.98431372549,510,51,51,0,10,rank_in_slot,TDs per ranked candidate
1,within-player,18,2019,0.901960784314,1.32404336656,1,51,51,51,0,1,rank_available,TDs per ranked candidate
1,within-player,18,2019,0.830065359477,1.21566775769,0.967320261438,153,51,51,0,3,rank_available,TDs per ranked candidate
1,within-player,18,2019,0.909803921569,1.14478251438,0.952941176471,255,51,51,0,5,rank_available,TDs per ranked candidate
1,within-player,18,2019,0.845098039216,1.02789877418,0.950980392157,510,51,51,0,10,rank_available,TDs per ranked candidate
1,within-player,18,2019,0.980392156863,1.65672311962,1,51,51,51,0,1,rank_in_slot,TDs per ranked candidate
1,within-player,18,2019,0.97385620915,1.51155311461,0.986928104575,153,51,51,0,3,rank_in_slot,TDs per ranked candidate
1,within-player,18,2019,1.02745098039,1.41666590027,0.98431372549,255,51,51,0,5,rank_in_slot,TDs per ranked candidate
1,within-player,18,2019,1.00196078431,1.26894474917,0.98431372549,510,51,51,0,10,rank_in_slot,TDs per ranked candidate
1,within-player,19,2019,0.862745098039,1.3653450297,0.941176470588,51,51,51,0,1,rank_available,TDs per ranked candidate
1,within-player,19,2019,0.928104575163,1.23620077796,0.954248366013,153,51,51,0,3,rank_available,TDs per ranked candidate
1,within-player,19,2019,0.952941176471,1.15785170947,0.960784313725,255,51,51,0,5,rank_available,TDs per ranked candidate
1,within-player,19,2019,0.841176470588,1.03381101509,0.952941176471,510,51,51,0,10,rank_available,TDs per ranked candidate
1,within-player,19,2019,0.921568627451,1.6894432612,0.960784313725,51,51,51,0,1,rank_in_slot,TDs per ranked candidate
1,within-player,19,2019,0.947712418301,1.53749187258,0.980392156863,153,51,51,0,3,rank_in_slot,TDs per ranked candidate
1,within-player,19,2019,1.03137254902,1.44282816807,0.980392156863,255,51,51,0,5,rank_in_slot,TDs per ranked candidate
1,within-player,19,2019,1.02745098039,1.28454975725,0.982352941176,510,51,51,0,10,rank_in_slot,TDs per ranked candidate
1,base-rate-only,-1,2020,1.37254901961,1.24857214366,0.960784313725,51,51,51,0,1,rank_available,TDs per ranked candidate
1,base-rate-only,-1,2020,1.17647058824,1.17669849294,0.967320261438,153,51,51,0,3,rank_available,TDs per ranked candidate
1,base-rate-only,-1,2020,1.05490196078,1.12644563808,0.917647058824,255,51,51,0,5,rank_available,TDs per ranked candidate
1,base-rate-only,-1,2020,0.964705882353,1.03979045182,0.874509803922,510,51,51,0,10,rank_available,TDs per ranked candidate
1,base-rate-only,-1,2020,1.52941176471,1.54419928302,1,51,51,51,0,1,rank_in_slot,TDs per ranked candidate
1,base-rate-only,-1,2020,1.39869281046,1.42717362598,0.993464052288,153,51,51,0,3,rank_in_slot,TDs per ranked candidate
1,base-rate-only,-1,2020,1.32549019608,1.3571002101,0.992156862745,255,51,51,0,5,rank_in_slot,TDs per ranked candidate
1,base-rate-only,-1,2020,1.23529411765,1.24022379194,0.964705882353,510,51,51,0,10,rank_in_slot,TDs per ranked candidate
1,current-season-rate,-1,2020,1.09803921569,1.21473057837,0.960784313725,51,51,51,0,1,rank_available,TDs per ranked candidate
1,current-season-rate,-1,2020,1.00653594771,1.13493406166,0.941176470588,153,51,51,0,3,rank_available,TDs per ranked candidate
1,current-season-rate,-1,2020,0.980392156863,1.08938095366,0.933333333333,255,51,51,0,5,rank_available,TDs per ranked candidate
1,current-season-rate,-1,2020,0.847058823529,1.01776382974,0.872549019608,510,51,51,0,10,rank_available,TDs per ranked candidate
1,current-season-rate,-1,2020,1.41176470588,1.42313861558,1,51,51,51,0,1,rank_in_slot,TDs per ranked candidate
1,current-season-rate,-1,2020,1.28758169935,1.32026131927,0.986928104575,153,51,51,0,3,rank_in_slot,TDs per ranked candidate
1,current-season-rate,-1,2020,1.26666666667,1.26477600057,0.980392156863,255,51,51,0,5,rank_in_slot,TDs per ranked candidate
1,current-season-rate,-1,2020,1.16274509804,1.16602379653,0.964705882353,510,51,51,0,10,rank_in_slot,TDs per ranked candidate
1,historical-rate,-1,2020,1.07843137255,1.43394007953,0.78431372549,51,51,51,0,1,rank_available,TDs per ranked candidate
1,historical-rate,-1,2020,0.875816993464,1.32107081372,0.725490196078,153,51,51,0,3,rank_available,TDs per ranked candidate
1,historical-rate,-1,2020,0.81568627451,1.25590130458,0.698039215686,255,51,51,0,5,rank_available,TDs per ranked candidate
1,historical-rate,-1,2020,0.792156862745,1.13708501942,0.760784313725,510,51,51,0,10,rank_available,TDs per ranked candidate
1,historical-rate,-1,2020,1.23529411765,1.64287730244,0.980392156863,51,51,51,0,1,rank_in_slot,TDs per ranked candidate
1,historical-rate,-1,2020,1.13725490196,1.47858946745,0.888888888889,153,51,51,0,3,rank_in_slot,TDs per ranked candidate
1,historical-rate,-1,2020,1.02352941176,1.3968789552,0.807843137255,255,51,51,0,5,rank_in_slot,TDs per ranked candidate
1,historical-rate,-1,2020,0.941176470588,1.2877326565,0.76862745098,510,51,51,0,10,rank_in_slot,TDs per ranked candidate
1,no-vegas,-1,2020,1.27450980392,1.3159475377,1,51,51,51,0,1,rank_available,TDs per ranked candidate
1,no-vegas,-1,2020,1.09150326797,1.21850928814,0.967320261438,153,51,51,0,3,rank_available,TDs per ranked candidate
1,no-vegas,-1,2020,1.05882352941,1.1503425135,0.964705882353,255,51,51,0,5,rank_available,TDs per ranked candidate
1,no-vegas,-1,2020,0.974509803922,1.03250730648,0.962745098039,510,51,51,0,10,rank_available,TDs per ranked candidate
1,no-vegas,-1,2020,1.35294117647,1.6614427632,1,51,51,51,0,1,rank_in_slot,TDs per ranked candidate
1,no-vegas,-1,2020,1.40522875817,1.48916336103,0.993464052288,153,51,51,0,3,rank_in_slot,TDs per ranked candidate
1,no-vegas,-1,2020,1.35294117647,1.39077359006,0.988235294118,255,51,51,0,5,rank_in_slot,TDs per ranked candidate
1,no-vegas,-1,2020,1.20588235294,1.24167887884,0.98431372549,510,51,51,0,10,rank_in_slot,TDs per ranked candidate
1,player-vegas,-1,2020,1.35294117647,1.33468424815,0.941176470588,51,51,51,0,1,rank_available,TDs per ranked candidate
1,player-vegas,-1,2020,1.2091503268,1.24657221367,0.928104575163,153,51,51,0,3,rank_available,TDs per ranked candidate
1,player-vegas,-1,2020,1.08235294118,1.18287162816,0.909803921569,255,51,51,0,5,rank_available,TDs per ranked candidate
1,player-vegas,-1,2020,0.952941176471,1.0763518066,0.860784313725,510,51,51,0,10,rank_available,TDs per ranked candidate
1,player-vegas,-1,2020,1.29411764706,1.74918721775,1,51,51,51,0,1,rank_in_slot,TDs per ranked candidate
1,player-vegas,-1,2020,1.34640522876,1.61869508695,1,153,51,51,0,3,rank_in_slot,TDs per ranked candidate
1,player-vegas,-1,2020,1.37647058824,1.51912799977,0.988235294118,255,51,51,0,5,rank_in_slot,TDs per ranked candidate
1,player-vegas,-1,2020,1.23725490196,1.35616482384,0.952941176471,510,51,51,0,10,rank_in_slot,TDs per ranked candidate
1,random,0,2020,0.372549019608,1.83733415839,0.627450980392,51,51,51,0,1,rank_available,TDs per ranked candidate
1,random,0,2020,0.307189542484,1.62582723808,0.653594771242,153,51,51,0,3,rank_available,TDs per ranked candidate
1,random,0,2020,0.380392156863,1.49559938348,0.698039215686,255,51,51,0,5,rank_available,TDs per ranked candidate
1,random,0,2020,0.409803921569,1.29696337486,0.717647058824,510,51,51,0,10,rank_available,TDs per ranked candidate
1,random,0,2020,0.43137254902,1.86333805758,0.647058823529,51,51,51,0,1,rank_in_slot,TDs per ranked candidate
1,random,0,2020,0.398692810458,1.65250874362,0.679738562092,153,51,51,0,3,rank_in_slot,TDs per ranked candidate
1,random,0,2020,0.486274509804,1.53177341334,0.701960784314,255,51,51,0,5,rank_in_slot,TDs per ranked candidate
1,random,0,2020,0.570588235294,1.34320676064,0.764705882353,510,51,51,0,10,rank_in_slot,TDs per ranked candidate
1,random,1,2020,0.196078431373,1.86951309065,0.627450980392,51,51,51,0,1,rank_available,TDs per ranked candidate
1,random,1,2020,0.385620915033,1.64299008331,0.699346405229,153,51,51,0,3,rank_available,TDs per ranked candidate
1,random,1,2020,0.325490196078,1.52528278673,0.694117647059,255,51,51,0,5,rank_available,TDs per ranked candidate
1,random,1,2020,0.445098039216,1.32213603851,0.749019607843,510,51,51,0,10,rank_available,TDs per ranked candidate
1,random,1,2020,0.196078431373,1.86951309065,0.627450980392,51,51,51,0,1,rank_in_slot,TDs per ranked candidate
1,random,1,2020,0.483660130719,1.65442080325,0.705882352941,153,51,51,0,3,rank_in_slot,TDs per ranked candidate
1,random,1,2020,0.372549019608,1.53580802702,0.701960784314,255,51,51,0,5,rank_in_slot,TDs per ranked candidate
1,random,1,2020,0.539215686275,1.3452408224,0.772549019608,510,51,51,0,10,rank_in_slot,TDs per ranked candidate
1,random,2,2020,0.274509803922,1.86773259638,0.745098039216,51,51,51,0,1,rank_available,TDs per ranked candidate
1,random,2,2020,0.307189542484,1.63418321813,0.699346405229,153,51,51,0,3,rank_available,TDs per ranked candidate
1,random,2,2020,0.333333333333,1.51711550459,0.701960784314,255,51,51,0,5,rank_available,TDs per ranked candidate
1,random,2,2020,0.33137254902,1.32063072318,0.692156862745,510,51,51,0,10,rank_available,TDs per ranked candidate
1,random,2,2020,0.274509803922,1.86951309065,0.745098039216,51,51,51,0,1,rank_in_slot,TDs per ranked candidate
1,random,2,2020,0.372549019608,1.65417925902,0.718954248366,153,51,51,0,3,rank_in_slot,TDs per ranked candidate
1,random,2,2020,0.36862745098,1.5333004213,0.717647058824,255,51,51,0,5,rank_in_slot,TDs per ranked candidate
1,random,2,2020,0.413725490196,1.34466200512,0.713725490196,510,51,51,0,10,rank_in_slot,TDs per ranked candidate
1,random,3,2020,0.274509803922,1.86071938959,0.627450980392,51,51,51,0,1,rank_available,TDs per ranked candidate
1,random,3,2020,0.457516339869,1.64801933033,0.705882352941,153,51,51,0,3,rank_available,TDs per ranked candidate
1,random,3,2020,0.501960784314,1.5222657414,0.725490196078,255,51,51,0,5,rank_available,TDs per ranked candidate
1,random,3,2020,0.443137254902,1.31969883617,0.703921568627,510,51,51,0,10,rank_available,TDs per ranked candidate
1,random,3,2020,0.274509803922,1.86071938959,0.627450980392,51,51,51,0,1,rank_in_slot,TDs per ranked candidate
1,random,3,2020,0.450980392157,1.65030491901,0.705882352941,153,51,51,0,3,rank_in_slot,TDs per ranked candidate
1,random,3,2020,0.517647058824,1.53063069047,0.729411764706,255,51,51,0,5,rank_in_slot,TDs per ranked candidate
1,random,3,2020,0.494117647059,1.34378457714,0.717647058824,510,51,51,0,10,rank_in_slot,TDs per ranked candidate
1,random,4,2020,0.137254901961,1.85383258118,0.509803921569,51,51,51,0,1,rank_available,TDs per ranked candidate
1,random,4,2020,0.333333333333,1.64826020439,0.607843137255,153,51,51,0,3,rank_available,TDs per ranked candidate
1,random,4,2020,0.345098039216,1.52749257979,0.643137254902,255,51,51,0,5,rank_available,TDs per ranked candidate
1,random,4,2020,0.354901960784,1.32390918315,0.682352941176,510,51,51,0,10,rank_available,TDs per ranked candidate
1,random,4,2020,0.137254901961,1.85383258118,0.509803921569,51,51,51,0,1,rank_in_slot,TDs per ranked candidate
1,random,4,2020,0.398692810458,1.64982024255,0.633986928105,153,51,51,0,3,rank_in_slot,TDs per ranked candidate
1,random,4,2020,0.407843137255,1.53283985844,0.662745098039,255,51,51,0,5,rank_in_slot,TDs per ranked candidate
1,random,4,2020,0.407843137255,1.34282761832,0.701960784314,510,51,51,0,10,rank_in_slot,TDs per ranked candidate
1,random,5,2020,0.725490196078,1.85062916305,0.901960784314,51,51,51,0,1,rank_available,TDs per ranked candidate
1,random,5,2020,0.490196078431,1.63979760533,0.797385620915,153,51,51,0,3,rank_available,TDs per ranked candidate
1,random,5,2020,0.501960784314,1.51990435969,0.772549019608,255,51,51,0,5,rank_available,TDs per ranked candidate
1,random,5,2020,0.535294117647,1.32103737172,0.727450980392,510,51,51,0,10,rank_available,TDs per ranked candidate
1,random,5,2020,0.882352941176,1.86208079444,0.901960784314,51,51,51,0,1,rank_in_slot,TDs per ranked candidate
1,random,5,2020,0.575163398693,1.65619018226,0.816993464052,153,51,51,0,3,rank_in_slot,TDs per ranked candidate
1,random,5,2020,0.545098039216,1.53671866047,0.792156862745,255,51,51,0,5,rank_in_slot,TDs per ranked candidate
1,random,5,2020,0.596078431373,1.34610097534,0.749019607843,510,51,51,0,10,rank_in_slot,TDs per ranked candidate
1,random,6,2020,0.352941176471,1.83564633081,0.686274509804,51,51,51,0,1,rank_available,TDs per ranked candidate
1,random,6,2020,0.346405228758,1.61614827612,0.653594771242,153,51,51,0,3,rank_available,TDs per ranked candidate
1,random,6,2020,0.376470588235,1.49660150022,0.694117647059,255,51,51,0,5,rank_available,TDs per ranked candidate
1,random,6,2020,0.401960784314,1.30789489033,0.7,510,51,51,0,10,rank_available,TDs per ranked candidate
1,random,6,2020,0.411764705882,1.85338173719,0.725490196078,51,51,51,0,1,rank_in_slot,TDs per ranked candidate
1,random,6,2020,0.424836601307,1.64921785112,0.673202614379,153,51,51,0,3,rank_in_slot,TDs per ranked candidate
1,random,6,2020,0.439215686275,1.52964078982,0.713725490196,255,51,51,0,5,rank_in_slot,TDs per ranked candidate
1,random,6,2020,0.460784313725,1.3429225584,0.723529411765,510,51,51,0,10,rank_in_slot,TDs per ranked candidate
1,random,7,2020,0.549019607843,1.81777158942,0.882352941176,51,51,51,0,1,rank_available,TDs per ranked candidate
1,random,7,2020,0.56862745098,1.60696291925,0.823529411765,153,51,51,0,3,rank_available,TDs per ranked candidate
1,random,7,2020,0.443137254902,1.49769817196,0.752941176471,255,51,51,0,5,rank_available,TDs per ranked candidate
1,random,7,2020,0.343137254902,1.31141101781,0.690196078431,510,51,51,0,10,rank_available,TDs per ranked candidate
1,random,7,2020,0.823529411765,1.85993568171,0.921568627451,51,51,51,0,1,rank_in_slot,TDs per ranked candidate
1,random,7,2020,0.732026143791,1.65324643225,0.869281045752,153,51,51,0,3,rank_in_slot,TDs per ranked candidate
1,random,7,2020,0.560784313725,1.53471620926,0.788235294118,255,51,51,0,5,rank_in_slot,TDs per ranked candidate
1,random,7,2020,0.419607843137,1.34591632022,0.71568627451,510,51,51,0,10,rank_in_slot,TDs per ranked candidate
1,random,8,2020,0.43137254902,1.86412512063,0.627450980392,51,51,51,0,1,rank_available,TDs per ranked candidate
1,random,8,2020,0.346405228758,1.63632553671,0.666666666667,153,51,51,0,3,rank_available,TDs per ranked candidate
1,random,8,2020,0.4,1.51906946728,0.717647058824,255,51,51,0,5,rank_available,TDs per ranked candidate
1,random,8,2020,0.398039215686,1.32590607313,0.717647058824,510,51,51,0,10,rank_available,TDs per ranked candidate
1,random,8,2020,0.490196078431,1.86951309065,0.627450980392,51,51,51,0,1,rank_in_slot,TDs per ranked candidate
1,random,8,2020,0.483660130719,1.65663015332,0.686274509804,153,51,51,0,3,rank_in_slot,TDs per ranked candidate
1,random,8,2020,0.478431372549,1.53704261474,0.737254901961,255,51,51,0,5,rank_in_slot,TDs per ranked candidate
1,random,8,2020,0.462745098039,1.34703678194,0.729411764706,510,51,51,0,10,rank_in_slot,TDs per ranked candidate
1,random,9,2020,0.627450980392,1.81244057144,0.666666666667,51,51,51,0,1,rank_available,TDs per ranked candidate
1,random,9,2020,0.385620915033,1.6276981052,0.62091503268,153,51,51,0,3,rank_available,TDs per ranked candidate
1,random,9,2020,0.388235294118,1.51189165026,0.635294117647,255,51,51,0,5,rank_available,TDs per ranked candidate
1,random,9,2020,0.427450980392,1.31269334118,0.645098039216,510,51,51,0,10,rank_available,TDs per ranked candidate
1,random,9,2020,0.549019607843,1.86552565266,0.666666666667,51,51,51,0,1,rank_in_slot,TDs per ranked candidate
1,random,9,2020,0.418300653595,1.65748865476,0.640522875817,153,51,51,0,3,rank_in_slot,TDs per ranked candidate
1,random,9,2020,0.447058823529,1.53769806675,0.650980392157,255,51,51,0,5,rank_in_slot,TDs per ranked candidate
1,random,9,2020,0.51568627451,1.34441236425,0.672549019608,510,51,51,0,10,rank_in_slot,TDs per ranked candidate
1,random,10,2020,0.137254901961,1.86127151201,0.588235294118,51,51,51,0,1,rank_available,TDs per ranked candidate
1,random,10,2020,0.228758169935,1.65320538096,0.660130718954,153,51,51,0,3,rank_available,TDs per ranked candidate
1,random,10,2020,0.356862745098,1.52761001039,0.713725490196,255,51,51,0,5,rank_available,TDs per ranked candidate
1,random,10,2020,0.366666666667,1.33163669566,0.71568627451,510,51,51,0,10,rank_available,TDs per ranked candidate
1,random,10,2020,0.137254901961,1.86127151201,0.588235294118,51,51,51,0,1,rank_in_slot,TDs per ranked candidate
1,random,10,2020,0.248366013072,1.65417758357,0.660130718954,153,51,51,0,3,rank_in_slot,TDs per ranked candidate
1,random,10,2020,0.403921568627,1.53398641236,0.733333333333,255,51,51,0,5,rank_in_slot,TDs per ranked candidate
1,random,10,2020,0.394117647059,1.3459178183,0.725490196078,510,51,51,0,10,rank_in_slot,TDs per ranked candidate
1,random,11,2020,0.313725490196,1.83169824678,0.666666666667,51,51,51,0,1,rank_available,TDs per ranked candidate
1,random,11,2020,0.398692810458,1.62989009507,0.712418300654,153,51,51,0,3,rank_available,TDs per ranked candidate
1,random,11,2020,0.407843137255,1.51459102629,0.686274509804,255,51,51,0,5,rank_available,TDs per ranked candidate
1,random,11,2020,0.38431372549,1.32511773635,0.676470588235,510,51,51,0,10,rank_available,TDs per ranked candidate
1,random,11,2020,0.392156862745,1.86951309065,0.666666666667,51,51,51,0,1,rank_in_slot,TDs per ranked candidate
1,random,11,2020,0.411764705882,1.65477996939,0.718954248366,153,51,51,0,3,rank_in_slot,TDs per ranked candidate
1,random,11,2020,0.458823529412,1.53411177201,0.694117647059,255,51,51,0,5,rank_in_slot,TDs per ranked candidate
1,random,11,2020,0.443137254902,1.34644219697,0.698039215686,510,51,51,0,10,rank_in_slot,TDs per ranked candidate
1,random,12,2020,0.529411764706,1.86085755259,0.941176470588,51,51,51,0,1,rank_available,TDs per ranked candidate
1,random,12,2020,0.464052287582,1.63948122389,0.797385620915,153,51,51,0,3,rank_available,TDs per ranked candidate
1,random,12,2020,0.356862745098,1.52122297696,0.725490196078,255,51,51,0,5,rank_available,TDs per ranked candidate
1,random,12,2020,0.486274509804,1.32233425613,0.721568627451,510,51,51,0,10,rank_available,TDs per ranked candidate
1,random,12,2020,0.627450980392,1.86488343986,0.941176470588,51,51,51,0,1,rank_in_slot,TDs per ranked candidate
1,random,12,2020,0.516339869281,1.65082861525,0.823529411765,153,51,51,0,3,rank_in_slot,TDs per ranked candidate
1,random,12,2020,0.403921568627,1.53165127301,0.741176470588,255,51,51,0,5,rank_in_slot,TDs per ranked candidate
1,random,12,2020,0.554901960784,1.34312842002,0.743137254902,510,51,51,0,10,rank_in_slot,TDs per ranked candidate
1,random,13,2020,0.43137254902,1.86533698082,0.764705882353,51,51,51,0,1,rank_available,TDs per ranked candidate
1,random,13,2020,0.516339869281,1.63450571849,0.81045751634,153,51,51,0,3,rank_available,TDs per ranked candidate
1,random,13,2020,0.388235294118,1.51979470188,0.725490196078,255,51,51,0,5,rank_available,TDs per ranked candidate
1,random,13,2020,0.337254901961,1.3227050153,0.698039215686,510,51,51,0,10,rank_available,TDs per ranked candidate
1,random,13,2020,0.43137254902,1.86533698082,0.764705882353,51,51,51,0,1,rank_in_slot,TDs per ranked candidate
1,random,13,2020,0.581699346405,1.65613447062,0.816993464052,153,51,51,0,3,rank_in_slot,TDs per ranked candidate
1,random,13,2020,0.447058823529,1.53722747233,0.745098039216,255,51,51,0,5,rank_in_slot,TDs per ranked candidate
1,random,13,2020,0.403921568627,1.34495390409,0.723529411765,510,51,51,0,10,rank_in_slot,TDs per ranked candidate
1,random,14,2020,0.745098039216,1.77777922588,0.745098039216,51,51,51,0,1,rank_available,TDs per ranked candidate
1,random,14,2020,0.581699346405,1.58125766408,0.81045751634,153,51,51,0,3,rank_available,TDs per ranked candidate
1,random,14,2020,0.517647058824,1.46346345082,0.776470588235,255,51,51,0,5,rank_available,TDs per ranked candidate
1,random,14,2020,0.503921568627,1.27563364601,0.754901960784,510,51,51,0,10,rank_available,TDs per ranked candidate
1,random,14,2020,0.823529411765,1.86520272956,0.745098039216,51,51,51,0,1,rank_in_slot,TDs per ranked candidate
1,random,14,2020,0.803921568627,1.6560948706,0.830065359477,153,51,51,0,3,rank_in_slot,TDs per ranked candidate
1,random,14,2020,0.61568627451,1.53550307031,0.78431372549,255,51,51,0,5,rank_in_slot,TDs per ranked candidate
1,random,14,2020,0.611764705882,1.34470024168,0.782352941176,510,51,51,0,10,rank_in_slot,TDs per ranked candidate
1,random,15,2020,0.352941176471,1.84718561766,0.705882352941,51,51,51,0,1,rank_available,TDs per ranked candidate
1,random,15,2020,0.392156862745,1.6223786478,0.718954248366,153,51,51,0,3,rank_available,TDs per ranked candidate
1,random,15,2020,0.38431372549,1.50280103863,0.709803921569,255,51,51,0,5,rank_available,TDs per ranked candidate
1,random,15,2020,0.362745098039,1.31043581337,0.717647058824,510,51,51,0,10,rank_available,TDs per ranked candidate
1,random,15,2020,0.43137254902,1.86797598332,0.705882352941,51,51,51,0,1,rank_in_slot,TDs per ranked candidate
1,random,15,2020,0.490196078431,1.65649202239,0.745098039216,153,51,51,0,3,rank_in_slot,TDs per ranked candidate
1,random,15,2020,0.482352941176,1.53610486847,0.745098039216,255,51,51,0,5,rank_in_slot,TDs per ranked candidate
1,random,15,2020,0.421568627451,1.34444221146,0.727450980392,510,51,51,0,10,rank_in_slot,TDs per ranked candidate
1,random,16,2020,0.254901960784,1.86951309065,0.705882352941,51,51,51,0,1,rank_available,TDs per ranked candidate
1,random,16,2020,0.287581699346,1.65472060938,0.738562091503,153,51,51,0,3,rank_available,TDs per ranked candidate
1,random,16,2020,0.301960784314,1.52398434166,0.729411764706,255,51,51,0,5,rank_available,TDs per ranked candidate
1,random,16,2020,0.296078431373,1.3212174342,0.705882352941,510,51,51,0,10,rank_available,TDs per ranked candidate
1,random,16,2020,0.254901960784,1.86951309065,0.705882352941,51,51,51,0,1,rank_in_slot,TDs per ranked candidate
1,random,16,2020,0.307189542484,1.65776131863,0.751633986928,153,51,51,0,3,rank_in_slot,TDs per ranked candidate
1,random,16,2020,0.419607843137,1.53571161852,0.76862745098,255,51,51,0,5,rank_in_slot,TDs per ranked candidate
1,random,16,2020,0.370588235294,1.34609832838,0.725490196078,510,51,51,0,10,rank_in_slot,TDs per ranked candidate
1,random,17,2020,0.372549019608,1.85680047742,0.666666666667,51,51,51,0,1,rank_available,TDs per ranked candidate
1,random,17,2020,0.37908496732,1.64441029376,0.607843137255,153,51,51,0,3,rank_available,TDs per ranked candidate
1,random,17,2020,0.317647058824,1.52738454358,0.607843137255,255,51,51,0,5,rank_available,TDs per ranked candidate
1,random,17,2020,0.313725490196,1.33108144318,0.643137254902,510,51,51,0,10,rank_available,TDs per ranked candidate
1,random,17,2020,0.43137254902,1.86216547995,0.686274509804,51,51,51,0,1,rank_in_slot,TDs per ranked candidate
1,random,17,2020,0.398692810458,1.64978969304,0.614379084967,153,51,51,0,3,rank_in_slot,TDs per ranked candidate
1,random,17,2020,0.321568627451,1.53267051109,0.611764705882,255,51,51,0,5,rank_in_slot,TDs per ranked candidate
1,random,17,2020,0.341176470588,1.34257528539,0.647058823529,510,51,51,0,10,rank_in_slot,TDs per ranked candidate
1,random,18,2020,0.352941176471,1.86746331362,0.56862745098,51,51,51,0,1,rank_available,TDs per ranked candidate
1,random,18,2020,0.411764705882,1.63201151209,0.705882352941,153,51,51,0,3,rank_available,TDs per ranked candidate
1,random,18,2020,0.380392156863,1.50903173017,0.745098039216,255,51,51,0,5,rank_available,TDs per ranked candidate
1,random,18,2020,0.460784313725,1.30779656713,0.754901960784,510,51,51,0,10,rank_available,TDs per ranked candidate
1,random,18,2020,0.352941176471,1.86746331362,0.56862745098,51,51,51,0,1,rank_in_slot,TDs per ranked candidate
1,random,18,2020,0.562091503268,1.65699179615,0.751633986928,153,51,51,0,3,rank_in_slot,TDs per ranked candidate
1,random,18,2020,0.486274509804,1.53666334787,0.76862745098,255,51,51,0,5,rank_in_slot,TDs per ranked candidate
1,random,18,2020,0.513725490196,1.34629335546,0.764705882353,510,51,51,0,10,rank_in_slot,TDs per ranked candidate
1,random,19,2020,0.607843137255,1.79759211498,0.78431372549,51,51,51,0,1,rank_available,TDs per ranked candidate
1,random,19,2020,0.464052287582,1.60364957981,0.745098039216,153,51,51,0,3,rank_available,TDs per ranked candidate
1,random,19,2020,0.486274509804,1.49420158685,0.76862745098,255,51,51,0,5,rank_available,TDs per ranked candidate
1,random,19,2020,0.464705882353,1.30684340879,0.743137254902,510,51,51,0,10,rank_available,TDs per ranked candidate
1,random,19,2020,0.901960784314,1.8569333982,0.921568627451,51,51,51,0,1,rank_in_slot,TDs per ranked candidate
1,random,19,2020,0.542483660131,1.65183304666,0.771241830065,153,51,51,0,3,rank_in_slot,TDs per ranked candidate
1,random,19,2020,0.529411764706,1.53395829131,0.776470588235,255,51,51,0,5,rank_in_slot,TDs per ranked candidate
1,random,19,2020,0.527450980392,1.34424991993,0.758823529412,510,51,51,0,10,rank_in_slot,TDs per ranked candidate
1,regressed-rate,-1,2020,1.39215686275,1.15192531885,1,51,51,51,0,1,rank_available,TDs per ranked candidate
1,regressed-rate,-1,2020,1.04575163399,1.0866057046,0.97385620915,153,51,51,0,3,rank_available,TDs per ranked candidate
1,regressed-rate,-1,2020,0.952941176471,1.04075507829,0.909803921569,255,51,51,0,5,rank_available,TDs per ranked candidate
1,regressed-rate,-1,2020,0.852941176471,0.974003453217,0.83137254902,510,51,51,0,10,rank_available,TDs per ranked candidate
1,regressed-rate,-1,2020,1.3137254902,1.34731203293,1,51,51,51,0,1,rank_in_slot,TDs per ranked candidate
1,regressed-rate,-1,2020,1.18300653595,1.24462676623,0.993464052288,153,51,51,0,3,rank_in_slot,TDs per ranked candidate
1,regressed-rate,-1,2020,1.14117647059,1.18772628736,0.980392156863,255,51,51,0,5,rank_in_slot,TDs per ranked candidate
1,regressed-rate,-1,2020,1.0568627451,1.09087873218,0.93137254902,510,51,51,0,10,rank_in_slot,TDs per ranked candidate
1,shipped,-1,2020,1.27450980392,1.38700499091,0.980392156863,51,51,51,0,1,rank_available,TDs per ranked candidate
1,shipped,-1,2020,1.13725490196,1.26607320491,0.980392156863,153,51,51,0,3,rank_available,TDs per ranked candidate
1,shipped,-1,2020,1.0862745098,1.18930575165,0.976470588235,255,51,51,0,5,rank_available,TDs per ranked candidate
1,shipped,-1,2020,1,1.05316925276,0.960784313725,510,51,51,0,10,rank_available,TDs per ranked candidate
1,shipped,-1,2020,1.39215686275,1.86520272956,1,51,51,51,0,1,rank_in_slot,TDs per ranked candidate
1,shipped,-1,2020,1.39215686275,1.65540447929,0.986928104575,153,51,51,0,3,rank_in_slot,TDs per ranked candidate
1,shipped,-1,2020,1.37647058824,1.53438277397,0.988235294118,255,51,51,0,5,rank_in_slot,TDs per ranked candidate
1,shipped,-1,2020,1.20784313725,1.34426482772,0.982352941176,510,51,51,0,10,rank_in_slot,TDs per ranked candidate
1,vegas-environment,-1,2020,0.843137254902,0.969635481938,0.960784313725,51,51,51,0,1,rank_available,TDs per ranked candidate
1,vegas-environment,-1,2020,0.895424836601,0.930929374086,0.967320261438,153,51,51,0,3,rank_available,TDs per ranked candidate
1,vegas-environment,-1,2020,0.901960784314,0.913043445241,0.976470588235,255,51,51,0,5,rank_available,TDs per ranked candidate
1,vegas-environment,-1,2020,0.91568627451,0.883498785267,0.976470588235,510,51,51,0,10,rank_available,TDs per ranked candidate
1,vegas-environment,-1,2020,1.13725490196,1.02057285,0.980392156863,51,51,51,0,1,rank_in_slot,TDs per ranked candidate
1,vegas-environment,-1,2020,1.09150326797,0.980635421588,0.986928104575,153,51,51,0,3,rank_in_slot,TDs per ranked candidate
1,vegas-environment,-1,2020,1.0431372549,0.957483626549,0.956862745098,255,51,51,0,5,rank_in_slot,TDs per ranked candidate
1,vegas-environment,-1,2020,1.00392156863,0.924677684225,0.966666666667,510,51,51,0,10,rank_in_slot,TDs per ranked candidate
1,within-player,0,2020,1.39215686275,1.38000217737,1,51,51,51,0,1,rank_available,TDs per ranked candidate
1,within-player,0,2020,1.18954248366,1.24712440064,0.986928104575,153,51,51,0,3,rank_available,TDs per ranked candidate
1,within-player,0,2020,1.09019607843,1.17403260426,0.96862745098,255,51,51,0,5,rank_available,TDs per ranked candidate
1,within-player,0,2020,0.998039215686,1.04296308974,0.966666666667,510,51,51,0,10,rank_available,TDs per ranked candidate
1,within-player,0,2020,1.23529411765,1.90367639586,1,51,51,51,0,1,rank_in_slot,TDs per ranked candidate
1,within-player,0,2020,1.42483660131,1.69818163294,0.986928104575,153,51,51,0,3,rank_in_slot,TDs per ranked candidate
1,within-player,0,2020,1.34901960784,1.56314408138,0.98431372549,255,51,51,0,5,rank_in_slot,TDs per ranked candidate
1,within-player,0,2020,1.2137254902,1.35563717129,0.980392156863,510,51,51,0,10,rank_in_slot,TDs per ranked candidate
1,within-player,1,2020,1.13725490196,1.41945445575,1,51,51,51,0,1,rank_available,TDs per ranked candidate
1,within-player,1,2020,1.24183006536,1.27743659956,0.980392156863,153,51,51,0,3,rank_available,TDs per ranked candidate
1,within-player,1,2020,1.14901960784,1.18714474145,0.964705882353,255,51,51,0,5,rank_available,TDs per ranked candidate
1,within-player,1,2020,0.98431372549,1.05102730554,0.964705882353,510,51,51,0,10,rank_available,TDs per ranked candidate
1,within-player,1,2020,1.43137254902,1.97293448158,1,51,51,51,0,1,rank_in_slot,TDs per ranked candidate
1,within-player,1,2020,1.41830065359,1.71587907639,0.993464052288,153,51,51,0,3,rank_in_slot,TDs per ranked candidate
1,within-player,1,2020,1.29803921569,1.57145858928,0.980392156863,255,51,51,0,5,rank_in_slot,TDs per ranked candidate
1,within-player,1,2020,1.22941176471,1.35909771726,0.978431372549,510,51,51,0,10,rank_in_slot,TDs per ranked candidate
1,within-player,2,2020,1.33333333333,1.42228762148,1,51,51,51,0,1,rank_available,TDs per ranked candidate
1,within-player,2,2020,1.21568627451,1.275428884,0.993464052288,153,51,51,0,3,rank_available,TDs per ranked candidate
1,within-player,2,2020,1.14509803922,1.18646099916,0.976470588235,255,51,51,0,5,rank_available,TDs per ranked candidate
1,within-player,2,2020,0.988235294118,1.05300013357,0.964705882353,510,51,51,0,10,rank_available,TDs per ranked candidate
1,within-player,2,2020,1.47058823529,1.90494150805,1,51,51,51,0,1,rank_in_slot,TDs per ranked candidate
1,within-player,2,2020,1.41176470588,1.7113743132,0.993464052288,153,51,51,0,3,rank_in_slot,TDs per ranked candidate
1,within-player,2,2020,1.36470588235,1.57177514147,0.98431372549,255,51,51,0,5,rank_in_slot,TDs per ranked candidate
1,within-player,2,2020,1.22941176471,1.36169786003,0.98431372549,510,51,51,0,10,rank_in_slot,TDs per ranked candidate
1,within-player,3,2020,1.43137254902,1.3799580371,1,51,51,51,0,1,rank_available,TDs per ranked candidate
1,within-player,3,2020,1.22875816993,1.27078099538,1,153,51,51,0,3,rank_available,TDs per ranked candidate
1,within-player,3,2020,1.13333333333,1.19403423335,0.980392156863,255,51,51,0,5,rank_available,TDs per ranked candidate
1,within-player,3,2020,0.986274509804,1.05464237185,0.966666666667,510,51,51,0,10,rank_available,TDs per ranked candidate
1,within-player,3,2020,1.25490196078,1.93766012725,1,51,51,51,0,1,rank_in_slot,TDs per ranked candidate
1,within-player,3,2020,1.38562091503,1.70527130059,0.993464052288,153,51,51,0,3,rank_in_slot,TDs per ranked candidate
1,within-player,3,2020,1.33333333333,1.58100359933,0.980392156863,255,51,51,0,5,rank_in_slot,TDs per ranked candidate
1,within-player,3,2020,1.21568627451,1.36963139915,0.98431372549,510,51,51,0,10,rank_in_slot,TDs per ranked candidate
1,within-player,4,2020,1.47058823529,1.38243006621,1,51,51,51,0,1,rank_available,TDs per ranked candidate
1,within-player,4,2020,1.21568627451,1.25827225001,0.986928104575,153,51,51,0,3,rank_available,TDs per ranked candidate
1,within-player,4,2020,1.12549019608,1.18452851569,0.980392156863,255,51,51,0,5,rank_available,TDs per ranked candidate
1,within-player,4,2020,0.988235294118,1.05089163102,0.96862745098,510,51,51,0,10,rank_available,TDs per ranked candidate
1,within-player,4,2020,1.39215686275,1.91510537739,1,51,51,51,0,1,rank_in_slot,TDs per ranked candidate
1,within-player,4,2020,1.42483660131,1.67714464828,0.993464052288,153,51,51,0,3,rank_in_slot,TDs per ranked candidate
1,within-player,4,2020,1.35294117647,1.54620344019,0.988235294118,255,51,51,0,5,rank_in_slot,TDs per ranked candidate
1,within-player,4,2020,1.20196078431,1.34525261278,0.98431372549,510,51,51,0,10,rank_in_slot,TDs per ranked candidate
1,within-player,5,2020,1.33333333333,1.40187387594,1,51,51,51,0,1,rank_available,TDs per ranked candidate
1,within-player,5,2020,1.21568627451,1.26961070873,1,153,51,51,0,3,rank_available,TDs per ranked candidate
1,within-player,5,2020,1.06666666667,1.18388313269,0.972549019608,255,51,51,0,5,rank_available,TDs per ranked candidate
1,within-player,5,2020,0.974509803922,1.04939230509,0.964705882353,510,51,51,0,10,rank_available,TDs per ranked candidate
1,within-player,5,2020,1.39215686275,1.85179241154,0.980392156863,51,51,51,0,1,rank_in_slot,TDs per ranked candidate
1,within-player,5,2020,1.45751633987,1.67096871202,0.993464052288,153,51,51,0,3,rank_in_slot,TDs per ranked candidate
1,within-player,5,2020,1.36470588235,1.5549774623,0.992156862745,255,51,51,0,5,rank_in_slot,TDs per ranked candidate
1,within-player,5,2020,1.21568627451,1.34939545691,0.986274509804,510,51,51,0,10,rank_in_slot,TDs per ranked candidate
1,within-player,6,2020,1.37254901961,1.37350901896,1,51,51,51,0,1,rank_available,TDs per ranked candidate
1,within-player,6,2020,1.22222222222,1.25608381837,1,153,51,51,0,3,rank_available,TDs per ranked candidate
1,within-player,6,2020,1.06274509804,1.17948768323,0.96862745098,255,51,51,0,5,rank_available,TDs per ranked candidate
1,within-player,6,2020,0.960784313725,1.05137199601,0.962745098039,510,51,51,0,10,rank_available,TDs per ranked candidate
1,within-player,6,2020,1.35294117647,1.90042079484,1,51,51,51,0,1,rank_in_slot,TDs per ranked candidate
1,within-player,6,2020,1.41176470588,1.68971790211,0.986928104575,153,51,51,0,3,rank_in_slot,TDs per ranked candidate
1,within-player,6,2020,1.34901960784,1.56409096072,0.980392156863,255,51,51,0,5,rank_in_slot,TDs per ranked candidate
1,within-player,6,2020,1.19019607843,1.35657084773,0.980392156863,510,51,51,0,10,rank_in_slot,TDs per ranked candidate
1,within-player,7,2020,1.29411764706,1.4155771449,1,51,51,51,0,1,rank_available,TDs per ranked candidate
1,within-player,7,2020,1.25490196078,1.26301340201,0.993464052288,153,51,51,0,3,rank_available,TDs per ranked candidate
1,within-player,7,2020,1.14117647059,1.18012494603,0.980392156863,255,51,51,0,5,rank_available,TDs per ranked candidate
1,within-player,7,2020,1.00588235294,1.04442674308,0.972549019608,510,51,51,0,10,rank_available,TDs per ranked candidate
1,within-player,7,2020,1.54901960784,1.90516484056,1,51,51,51,0,1,rank_in_slot,TDs per ranked candidate
1,within-player,7,2020,1.39215686275,1.70035690698,1,153,51,51,0,3,rank_in_slot,TDs per ranked candidate
1,within-player,7,2020,1.34901960784,1.56264944629,0.992156862745,255,51,51,0,5,rank_in_slot,TDs per ranked candidate
1,within-player,7,2020,1.21568627451,1.34579092152,0.978431372549,510,51,51,0,10,rank_in_slot,TDs per ranked candidate
1,within-player,8,2020,1.19607843137,1.37737848617,0.980392156863,51,51,51,0,1,rank_available,TDs per ranked candidate
1,within-player,8,2020,1.13071895425,1.25590263769,0.986928104575,153,51,51,0,3,rank_available,TDs per ranked candidate
1,within-player,8,2020,1.08235294118,1.18092173123,0.980392156863,255,51,51,0,5,rank_available,TDs per ranked candidate
1,within-player,8,2020,0.982352941176,1.04703659579,0.96862745098,510,51,51,0,10,rank_available,TDs per ranked candidate
1,within-player,8,2020,1.27450980392,1.90119331355,1,51,51,51,0,1,rank_in_slot,TDs per ranked candidate
1,within-player,8,2020,1.35947712418,1.6854309749,0.993464052288,153,51,51,0,3,rank_in_slot,TDs per ranked candidate
1,within-player,8,2020,1.38823529412,1.55825814196,0.992156862745,255,51,51,0,5,rank_in_slot,TDs per ranked candidate
1,within-player,8,2020,1.21176470588,1.35397289285,0.98431372549,510,51,51,0,10,rank_in_slot,TDs per ranked candidate
1,within-player,9,2020,1.35294117647,1.38482247027,1,51,51,51,0,1,rank_available,TDs per ranked candidate
1,within-player,9,2020,1.22875816993,1.26681239818,0.993464052288,153,51,51,0,3,rank_available,TDs per ranked candidate
1,within-player,9,2020,1.13725490196,1.18997509279,0.98431372549,255,51,51,0,5,rank_available,TDs per ranked candidate
1,within-player,9,2020,0.974509803922,1.05350182076,0.966666666667,510,51,51,0,10,rank_available,TDs per ranked candidate
1,within-player,9,2020,1.37254901961,1.92758530411,1,51,51,51,0,1,rank_in_slot,TDs per ranked candidate
1,within-player,9,2020,1.42483660131,1.70452109064,1,153,51,51,0,3,rank_in_slot,TDs per ranked candidate
1,within-player,9,2020,1.43921568627,1.57130705664,0.996078431373,255,51,51,0,5,rank_in_slot,TDs per ranked candidate
1,within-player,9,2020,1.24901960784,1.36325060003,0.98431372549,510,51,51,0,10,rank_in_slot,TDs per ranked candidate
1,within-player,10,2020,1.27450980392,1.40989448227,1,51,51,51,0,1,rank_available,TDs per ranked candidate
1,within-player,10,2020,1.22222222222,1.26930067836,0.986928104575,153,51,51,0,3,rank_available,TDs per ranked candidate
1,within-player,10,2020,1.18431372549,1.18554714883,0.972549019608,255,51,51,0,5,rank_available,TDs per ranked candidate
1,within-player,10,2020,0.996078431373,1.05050229562,0.964705882353,510,51,51,0,10,rank_available,TDs per ranked candidate
1,within-player,10,2020,1.33333333333,1.87724486857,1,51,51,51,0,1,rank_in_slot,TDs per ranked candidate
1,within-player,10,2020,1.43137254902,1.66796191277,0.986928104575,153,51,51,0,3,rank_in_slot,TDs per ranked candidate
1,within-player,10,2020,1.35294117647,1.54353189004,0.98431372549,255,51,51,0,5,rank_in_slot,TDs per ranked candidate
1,within-player,10,2020,1.22352941176,1.34991522218,0.976470588235,510,51,51,0,10,rank_in_slot,TDs per ranked candidate
1,within-player,11,2020,1.17647058824,1.41762623333,1,51,51,51,0,1,rank_available,TDs per ranked candidate
1,within-player,11,2020,1.18300653595,1.28132286316,0.986928104575,153,51,51,0,3,rank_available,TDs per ranked candidate
1,within-player,11,2020,1.10588235294,1.19704233939,0.972549019608,255,51,51,0,5,rank_available,TDs per ranked candidate
1,within-player,11,2020,1,1.05637699917,0.966666666667,510,51,51,0,10,rank_available,TDs per ranked candidate
1,within-player,11,2020,1.3137254902,1.95184529785,1,51,51,51,0,1,rank_in_slot,TDs per ranked candidate
1,within-player,11,2020,1.33986928105,1.7083193124,0.993464052288,153,51,51,0,3,rank_in_slot,TDs per ranked candidate
1,within-player,11,2020,1.36078431373,1.57604202715,0.988235294118,255,51,51,0,5,rank_in_slot,TDs per ranked candidate
1,within-player,11,2020,1.23137254902,1.36039774279,0.98431372549,510,51,51,0,10,rank_in_slot,TDs per ranked candidate
1,within-player,12,2020,1.1568627451,1.40436117997,0.980392156863,51,51,51,0,1,rank_available,TDs per ranked candidate
1,within-player,12,2020,1.18300653595,1.2616609409,0.980392156863,153,51,51,0,3,rank_available,TDs per ranked candidate
1,within-player,12,2020,1.0862745098,1.1781461248,0.964705882353,255,51,51,0,5,rank_available,TDs per ranked candidate
1,within-player,12,2020,1.0137254902,1.0419726657,0.966666666667,510,51,51,0,10,rank_available,TDs per ranked candidate
1,within-player,12,2020,1.33333333333,1.94252770117,1,51,51,51,0,1,rank_in_slot,TDs per ranked candidate
1,within-player,12,2020,1.42483660131,1.69044802667,0.986928104575,153,51,51,0,3,rank_in_slot,TDs per ranked candidate
1,within-player,12,2020,1.32549019608,1.55502517205,0.980392156863,255,51,51,0,5,rank_in_slot,TDs per ranked candidate
1,within-player,12,2020,1.19019607843,1.34339610816,0.982352941176,510,51,51,0,10,rank_in_slot,TDs per ranked candidate
1,within-player,13,2020,1.21568627451,1.38826236797,1,51,51,51,0,1,rank_available,TDs per ranked candidate
1,within-player,13,2020,1.12418300654,1.26243114349,0.980392156863,153,51,51,0,3,rank_available,TDs per ranked candidate
1,within-player,13,2020,1.09019607843,1.17846477715,0.96862745098,255,51,51,0,5,rank_available,TDs per ranked candidate
1,within-player,13,2020,0.970588235294,1.0439587642,0.964705882353,510,51,51,0,10,rank_available,TDs per ranked candidate
1,within-player,13,2020,1.41176470588,1.9073784706,1,51,51,51,0,1,rank_in_slot,TDs per ranked candidate
1,within-player,13,2020,1.33986928105,1.67671827469,0.986928104575,153,51,51,0,3,rank_in_slot,TDs per ranked candidate
1,within-player,13,2020,1.34509803922,1.55470517518,0.972549019608,255,51,51,0,5,rank_in_slot,TDs per ranked candidate
1,within-player,13,2020,1.20196078431,1.35077064797,0.976470588235,510,51,51,0,10,rank_in_slot,TDs per ranked candidate
1,within-player,14,2020,1.33333333333,1.356275271,0.980392156863,51,51,51,0,1,rank_available,TDs per ranked candidate
1,within-player,14,2020,1.1568627451,1.25627490204,0.986928104575,153,51,51,0,3,rank_available,TDs per ranked candidate
1,within-player,14,2020,1.10196078431,1.17879714413,0.972549019608,255,51,51,0,5,rank_available,TDs per ranked candidate
1,within-player,14,2020,1.03333333333,1.0527974201,0.972549019608,510,51,51,0,10,rank_available,TDs per ranked candidate
1,within-player,14,2020,1.39215686275,1.9339616879,1,51,51,51,0,1,rank_in_slot,TDs per ranked candidate
1,within-player,14,2020,1.37254901961,1.6909275367,0.993464052288,153,51,51,0,3,rank_in_slot,TDs per ranked candidate
1,within-player,14,2020,1.32941176471,1.55788319182,0.988235294118,255,51,51,0,5,rank_in_slot,TDs per ranked candidate
1,within-player,14,2020,1.21568627451,1.35351696394,0.982352941176,510,51,51,0,10,rank_in_slot,TDs per ranked candidate
1,within-player,15,2020,1.1568627451,1.39028759498,1,51,51,51,0,1,rank_available,TDs per ranked candidate
1,within-player,15,2020,1.2091503268,1.26476800975,0.986928104575,153,51,51,0,3,rank_available,TDs per ranked candidate
1,within-player,15,2020,1.12549019608,1.18538357452,0.980392156863,255,51,51,0,5,rank_available,TDs per ranked candidate
1,within-player,15,2020,0.980392156863,1.04900244074,0.96862745098,510,51,51,0,10,rank_available,TDs per ranked candidate
1,within-player,15,2020,1.50980392157,1.92718897098,1,51,51,51,0,1,rank_in_slot,TDs per ranked candidate
1,within-player,15,2020,1.34640522876,1.69239490468,0.986928104575,153,51,51,0,3,rank_in_slot,TDs per ranked candidate
1,within-player,15,2020,1.32156862745,1.55586211376,0.988235294118,255,51,51,0,5,rank_in_slot,TDs per ranked candidate
1,within-player,15,2020,1.23529411765,1.35112812327,0.980392156863,510,51,51,0,10,rank_in_slot,TDs per ranked candidate
1,within-player,16,2020,1.17647058824,1.3887435429,1,51,51,51,0,1,rank_available,TDs per ranked candidate
1,within-player,16,2020,1.22222222222,1.26682694398,0.993464052288,153,51,51,0,3,rank_available,TDs per ranked candidate
1,within-player,16,2020,1.09019607843,1.18381522707,0.976470588235,255,51,51,0,5,rank_available,TDs per ranked candidate
1,within-player,16,2020,0.970588235294,1.04621705456,0.964705882353,510,51,51,0,10,rank_available,TDs per ranked candidate
1,within-player,16,2020,1.39215686275,1.90409869512,1,51,51,51,0,1,rank_in_slot,TDs per ranked candidate
1,within-player,16,2020,1.45751633987,1.70336536579,1,153,51,51,0,3,rank_in_slot,TDs per ranked candidate
1,within-player,16,2020,1.3568627451,1.56471864597,0.992156862745,255,51,51,0,5,rank_in_slot,TDs per ranked candidate
1,within-player,16,2020,1.20392156863,1.35055506251,0.980392156863,510,51,51,0,10,rank_in_slot,TDs per ranked candidate
1,within-player,17,2020,1.47058823529,1.37635212361,1,51,51,51,0,1,rank_available,TDs per ranked candidate
1,within-player,17,2020,1.14379084967,1.25935838863,0.97385620915,153,51,51,0,3,rank_available,TDs per ranked candidate
1,within-player,17,2020,1.10588235294,1.18105926987,0.96862745098,255,51,51,0,5,rank_available,TDs per ranked candidate
1,within-player,17,2020,0.974509803922,1.04565577396,0.962745098039,510,51,51,0,10,rank_available,TDs per ranked candidate
1,within-player,17,2020,1.49019607843,1.94573179726,1,51,51,51,0,1,rank_in_slot,TDs per ranked candidate
1,within-player,17,2020,1.42483660131,1.70664991156,0.993464052288,153,51,51,0,3,rank_in_slot,TDs per ranked candidate
1,within-player,17,2020,1.41176470588,1.57404685388,0.988235294118,255,51,51,0,5,rank_in_slot,TDs per ranked candidate
1,within-player,17,2020,1.21568627451,1.3607357459,0.980392156863,510,51,51,0,10,rank_in_slot,TDs per ranked candidate
1,within-player,18,2020,1.25490196078,1.37286067258,1,51,51,51,0,1,rank_available,TDs per ranked candidate
1,within-player,18,2020,1.2091503268,1.26515248005,0.986928104575,153,51,51,0,3,rank_available,TDs per ranked candidate
1,within-player,18,2020,1.16078431373,1.18838713302,0.980392156863,255,51,51,0,5,rank_available,TDs per ranked candidate
1,within-player,18,2020,0.98431372549,1.05478344178,0.966666666667,510,51,51,0,10,rank_available,TDs per ranked candidate
1,within-player,18,2020,1.19607843137,1.89079807943,1,51,51,51,0,1,rank_in_slot,TDs per ranked candidate
1,within-player,18,2020,1.37908496732,1.68744350124,0.993464052288,153,51,51,0,3,rank_in_slot,TDs per ranked candidate
1,within-player,18,2020,1.37647058824,1.55466219115,0.992156862745,255,51,51,0,5,rank_in_slot,TDs per ranked candidate
1,within-player,18,2020,1.21764705882,1.35146732429,0.978431372549,510,51,51,0,10,rank_in_slot,TDs per ranked candidate
1,within-player,19,2020,1.25490196078,1.35547356452,1,51,51,51,0,1,rank_available,TDs per ranked candidate
1,within-player,19,2020,1.18954248366,1.24901451008,1,153,51,51,0,3,rank_available,TDs per ranked candidate
1,within-player,19,2020,1.10196078431,1.17229298695,0.972549019608,255,51,51,0,5,rank_available,TDs per ranked candidate
1,within-player,19,2020,1.00980392157,1.04533945668,0.964705882353,510,51,51,0,10,rank_available,TDs per ranked candidate
1,within-player,19,2020,1.27450980392,1.87427373373,1,51,51,51,0,1,rank_in_slot,TDs per ranked candidate
1,within-player,19,2020,1.39215686275,1.68748525178,0.993464052288,153,51,51,0,3,rank_in_slot,TDs per ranked candidate
1,within-player,19,2020,1.31764705882,1.55621488417,0.988235294118,255,51,51,0,5,rank_in_slot,TDs per ranked candidate
1,within-player,19,2020,1.24705882353,1.3488501939,0.98431372549,510,51,51,0,10,rank_in_slot,TDs per ranked candidate
1,base-rate-only,-1,2021,0.944444444444,1.28207917153,0.777777777778,54,54,54,0,1,rank_available,TDs per ranked candidate
1,base-rate-only,-1,2021,0.888888888889,1.1991956752,0.882716049383,162,54,54,0,3,rank_available,TDs per ranked candidate
1,base-rate-only,-1,2021,0.881481481481,1.14331867835,0.907407407407,270,54,54,0,5,rank_available,TDs per ranked candidate
1,base-rate-only,-1,2021,0.818518518519,1.05021733583,0.883333333333,540,54,54,0,10,rank_available,TDs per ranked candidate
1,base-rate-only,-1,2021,1.12962962963,1.56474255102,1,54,54,54,0,1,rank_in_slot,TDs per ranked candidate
1,base-rate-only,-1,2021,1.24691358025,1.46994277907,0.981481481481,162,54,54,0,3,rank_in_slot,TDs per ranked candidate
1,base-rate-only,-1,2021,1.1962962963,1.40799369719,0.948148148148,270,54,54,0,5,rank_in_slot,TDs per ranked candidate
1,base-rate-only,-1,2021,1.14259259259,1.27298527999,0.964814814815,540,54,54,0,10,rank_in_slot,TDs per ranked candidate
1,current-season-rate,-1,2021,1.12962962963,1.17900610646,0.944444444444,54,54,54,0,1,rank_available,TDs per ranked candidate
1,current-season-rate,-1,2021,0.858024691358,1.1162386186,0.895061728395,162,54,54,0,3,rank_available,TDs per ranked candidate
1,current-season-rate,-1,2021,0.744444444444,1.07904018063,0.859259259259,270,54,54,0,5,rank_available,TDs per ranked candidate
1,current-season-rate,-1,2021,0.633333333333,1.02284886303,0.812962962963,540,54,54,0,10,rank_available,TDs per ranked candidate
1,current-season-rate,-1,2021,1.14814814815,1.3790664403,1,54,54,54,0,1,rank_in_slot,TDs per ranked candidate
1,current-season-rate,-1,2021,1.18518518519,1.2871304462,0.981481481481,162,54,54,0,3,rank_in_slot,TDs per ranked candidate
1,current-season-rate,-1,2021,1.11481481481,1.23741985728,0.985185185185,270,54,54,0,5,rank_in_slot,TDs per ranked candidate
1,current-season-rate,-1,2021,1.02777777778,1.14903756598,0.964814814815,540,54,54,0,10,rank_in_slot,TDs per ranked candidate
1,historical-rate,-1,2021,0.740740740741,1.70548941799,0.722222222222,54,54,54,0,1,rank_available,TDs per ranked candidate
1,historical-rate,-1,2021,0.753086419753,1.48770308909,0.728395061728,162,54,54,0,3,rank_available,TDs per ranked candidate
1,historical-rate,-1,2021,0.748148148148,1.38001359854,0.762962962963,270,54,54,0,5,rank_available,TDs per ranked candidate
1,historical-rate,-1,2021,0.748148148148,1.21333997638,0.835185185185,540,54,54,0,10,rank_available,TDs per ranked candidate
1,historical-rate,-1,2021,1.14814814815,2.01115520282,0.981481481481,54,54,54,0,1,rank_in_slot,TDs per ranked candidate
1,historical-rate,-1,2021,1.12962962963,1.77612828016,0.851851851852,162,54,54,0,3,rank_in_slot,TDs per ranked candidate
1,historical-rate,-1,2021,1.11111111111,1.65949707391,0.837037037037,270,54,54,0,5,rank_in_slot,TDs per ranked candidate
1,historical-rate,-1,2021,1.02037037037,1.4689336457,0.87962962963,540,54,54,0,10,rank_in_slot,TDs per ranked candidate
1,no-vegas,-1,2021,0.907407407407,1.34396104012,0.981481481481,54,54,54,0,1,rank_available,TDs per ranked candidate
1,no-vegas,-1,2021,0.962962962963,1.22324124791,0.987654320988,162,54,54,0,3,rank_available,TDs per ranked candidate
1,no-vegas,-1,2021,0.992592592593,1.15122123631,0.97037037037,270,54,54,0,5,rank_available,TDs per ranked candidate
1,no-vegas,-1,2021,0.857407407407,1.04075693293,0.938888888889,540,54,54,0,10,rank_available,TDs per ranked candidate
1,no-vegas,-1,2021,1.18518518519,1.65330921081,1,54,54,54,0,1,rank_in_slot,TDs per ranked candidate
1,no-vegas,-1,2021,1.1975308642,1.50556178096,1,162,54,54,0,3,rank_in_slot,TDs per ranked candidate
1,no-vegas,-1,2021,1.17777777778,1.41668626986,1,270,54,54,0,5,rank_in_slot,TDs per ranked candidate
1,no-vegas,-1,2021,1.13703703704,1.26522227793,0.990740740741,540,54,54,0,10,rank_in_slot,TDs per ranked candidate
1,player-vegas,-1,2021,1,1.40853395719,0.777777777778,54,54,54,0,1,rank_available,TDs per ranked candidate
1,player-vegas,-1,2021,0.827160493827,1.28777952942,0.83950617284,162,54,54,0,3,rank_available,TDs per ranked candidate
1,player-vegas,-1,2021,0.859259259259,1.21201585111,0.877777777778,270,54,54,0,5,rank_available,TDs per ranked candidate
1,player-vegas,-1,2021,0.792592592593,1.09208745011,0.855555555556,540,54,54,0,10,rank_available,TDs per ranked candidate
1,player-vegas,-1,2021,1.12962962963,1.84887998948,1,54,54,54,0,1,rank_in_slot,TDs per ranked candidate
1,player-vegas,-1,2021,1.26543209877,1.69873141158,0.962962962963,162,54,54,0,3,rank_in_slot,TDs per ranked candidate
1,player-vegas,-1,2021,1.2,1.60305986163,0.948148148148,270,54,54,0,5,rank_in_slot,TDs per ranked candidate
1,player-vegas,-1,2021,1.16666666667,1.4186821798,0.959259259259,540,54,54,0,10,rank_in_slot,TDs per ranked candidate
1,random,0,2021,0.277777777778,1.88227932504,0.666666666667,54,54,54,0,1,rank_available,TDs per ranked candidate
1,random,0,2021,0.277777777778,1.715225787,0.691358024691,162,54,54,0,3,rank_available,TDs per ranked candidate
1,random,0,2021,0.366666666667,1.58158322956,0.7,270,54,54,0,5,rank_available,TDs per ranked candidate
1,random,0,2021,0.385185185185,1.35378745775,0.727777777778,540,54,54,0,10,rank_available,TDs per ranked candidate
1,random,0,2021,0.296296296296,1.89731342671,0.685185185185,54,54,54,0,1,rank_in_slot,TDs per ranked candidate
1,random,0,2021,0.314814814815,1.7275330917,0.70987654321,162,54,54,0,3,rank_in_slot,TDs per ranked candidate
1,random,0,2021,0.459259259259,1.60660554893,0.72962962963,270,54,54,0,5,rank_in_slot,TDs per ranked candidate
1,random,0,2021,0.507407407407,1.40198224687,0.764814814815,540,54,54,0,10,rank_in_slot,TDs per ranked candidate
1,random,1,2021,0.12962962963,1.89449295782,0.555555555556,54,54,54,0,1,rank_available,TDs per ranked candidate
1,random,1,2021,0.234567901235,1.7159312365,0.654320987654,162,54,54,0,3,rank_available,TDs per ranked candidate
1,random,1,2021,0.218518518519,1.58904372699,0.62962962963,270,54,54,0,5,rank_available,TDs per ranked candidate
1,random,1,2021,0.390740740741,1.36726212991,0.7,540,54,54,0,10,rank_available,TDs per ranked candidate
1,random,1,2021,0.12962962963,1.89449295782,0.555555555556,54,54,54,0,1,rank_in_slot,TDs per ranked candidate
1,random,1,2021,0.29012345679,1.72664755573,0.685185185185,162,54,54,0,3,rank_in_slot,TDs per ranked candidate
1,random,1,2021,0.244444444444,1.60357478554,0.648148148148,270,54,54,0,5,rank_in_slot,TDs per ranked candidate
1,random,1,2021,0.5,1.40147301396,0.740740740741,540,54,54,0,10,rank_in_slot,TDs per ranked candidate
1,random,2,2021,0.185185185185,1.89313153524,0.648148148148,54,54,54,0,1,rank_available,TDs per ranked candidate
1,random,2,2021,0.33950617284,1.71094501787,0.716049382716,162,54,54,0,3,rank_available,TDs per ranked candidate
1,random,2,2021,0.388888888889,1.59035614084,0.751851851852,270,54,54,0,5,rank_available,TDs per ranked candidate
1,random,2,2021,0.346296296296,1.37714123178,0.72037037037,540,54,54,0,10,rank_available,TDs per ranked candidate
1,random,2,2021,0.166666666667,1.89347244688,0.648148148148,54,54,54,0,1,rank_in_slot,TDs per ranked candidate
1,random,2,2021,0.395061728395,1.72529311527,0.722222222222,162,54,54,0,3,rank_in_slot,TDs per ranked candidate
1,random,2,2021,0.440740740741,1.60409703741,0.759259259259,270,54,54,0,5,rank_in_slot,TDs per ranked candidate
1,random,2,2021,0.440740740741,1.40225005083,0.751851851852,540,54,54,0,10,rank_in_slot,TDs per ranked candidate
1,random,3,2021,0.0925925925926,1.89806446158,0.481481481481,54,54,54,0,1,rank_available,TDs per ranked candidate
1,random,3,2021,0.283950617284,1.71953866158,0.648148148148,162,54,54,0,3,rank_available,TDs per ranked candidate
1,random,3,2021,0.325925925926,1.58585209151,0.666666666667,270,54,54,0,5,rank_available,TDs per ranked candidate
1,random,3,2021,0.316666666667,1.37217899245,0.672222222222,540,54,54,0,10,rank_available,TDs per ranked candidate
1,random,3,2021,0.0925925925926,1.89806446158,0.481481481481,54,54,54,0,1,rank_in_slot,TDs per ranked candidate
1,random,3,2021,0.271604938272,1.72081232127,0.648148148148,162,54,54,0,3,rank_in_slot,TDs per ranked candidate
1,random,3,2021,0.366666666667,1.60221285946,0.681481481481,270,54,54,0,5,rank_in_slot,TDs per ranked candidate
1,random,3,2021,0.361111111111,1.4014213863,0.685185185185,540,54,54,0,10,rank_in_slot,TDs per ranked candidate
1,random,4,2021,0.259259259259,1.89932045404,0.685185185185,54,54,54,0,1,rank_available,TDs per ranked candidate
1,random,4,2021,0.277777777778,1.71041261373,0.648148148148,162,54,54,0,3,rank_available,TDs per ranked candidate
1,random,4,2021,0.281481481481,1.58057056579,0.677777777778,270,54,54,0,5,rank_available,TDs per ranked candidate
1,random,4,2021,0.359259259259,1.35896818524,0.701851851852,540,54,54,0,10,rank_available,TDs per ranked candidate
1,random,4,2021,0.259259259259,1.89932045404,0.685185185185,54,54,54,0,1,rank_in_slot,TDs per ranked candidate
1,random,4,2021,0.376543209877,1.72673115458,0.685185185185,162,54,54,0,3,rank_in_slot,TDs per ranked candidate
1,random,4,2021,0.359259259259,1.60548898658,0.707407407407,270,54,54,0,5,rank_in_slot,TDs per ranked candidate
1,random,4,2021,0.42037037037,1.40188699404,0.716666666667,540,54,54,0,10,rank_in_slot,TDs per ranked candidate
1,random,5,2021,0.481481481481,1.8747142363,0.851851851852,54,54,54,0,1,rank_available,TDs per ranked candidate
1,random,5,2021,0.333333333333,1.70468941614,0.740740740741,162,54,54,0,3,rank_available,TDs per ranked candidate
1,random,5,2021,0.366666666667,1.58514249353,0.707407407407,270,54,54,0,5,rank_available,TDs per ranked candidate
1,random,5,2021,0.364814814815,1.37261034211,0.703703703704,540,54,54,0,10,rank_available,TDs per ranked candidate
1,random,5,2021,0.5,1.89302221239,0.87037037037,54,54,54,0,1,rank_in_slot,TDs per ranked candidate
1,random,5,2021,0.425925925926,1.72090952048,0.777777777778,162,54,54,0,3,rank_in_slot,TDs per ranked candidate
1,random,5,2021,0.437037037037,1.60097914265,0.737037037037,270,54,54,0,5,rank_in_slot,TDs per ranked candidate
1,random,5,2021,0.42037037037,1.39855431287,0.722222222222,540,54,54,0,10,rank_in_slot,TDs per ranked candidate
1,random,6,2021,0.351851851852,1.8949819043,0.685185185185,54,54,54,0,1,rank_available,TDs per ranked candidate
1,random,6,2021,0.327160493827,1.70275021524,0.66049382716,162,54,54,0,3,rank_available,TDs per ranked candidate
1,random,6,2021,0.288888888889,1.5749575109,0.67037037037,270,54,54,0,5,rank_available,TDs per ranked candidate
1,random,6,2021,0.296296296296,1.36551925535,0.685185185185,540,54,54,0,10,rank_available,TDs per ranked candidate
1,random,6,2021,0.388888888889,1.89712688539,0.685185185185,54,54,54,0,1,rank_in_slot,TDs per ranked candidate
1,random,6,2021,0.444444444444,1.72804331209,0.685185185185,162,54,54,0,3,rank_in_slot,TDs per ranked candidate
1,random,6,2021,0.422222222222,1.60727687191,0.707407407407,270,54,54,0,5,rank_in_slot,TDs per ranked candidate
1,random,6,2021,0.359259259259,1.40378588212,0.707407407407,540,54,54,0,10,rank_in_slot,TDs per ranked candidate
1,random,7,2021,0.62962962963,1.83422184762,0.851851851852,54,54,54,0,1,rank_available,TDs per ranked candidate
1,random,7,2021,0.444444444444,1.67914618436,0.827160493827,162,54,54,0,3,rank_available,TDs per ranked candidate
1,random,7,2021,0.396296296296,1.56382485298,0.759259259259,270,54,54,0,5,rank_available,TDs per ranked candidate
1,random,7,2021,0.35,1.36172363277,0.72962962963,540,54,54,0,10,rank_available,TDs per ranked candidate
1,random,7,2021,0.925925925926,1.88744736728,0.907407407407,54,54,54,0,1,rank_in_slot,TDs per ranked candidate
1,random,7,2021,0.567901234568,1.71823461489,0.858024691358,162,54,54,0,3,rank_in_slot,TDs per ranked candidate
1,random,7,2021,0.492592592593,1.59842037125,0.796296296296,270,54,54,0,5,rank_in_slot,TDs per ranked candidate
1,random,7,2021,0.425925925926,1.39929329706,0.755555555556,540,54,54,0,10,rank_in_slot,TDs per ranked candidate
1,random,8,2021,0.314814814815,1.8886660162,0.703703703704,54,54,54,0,1,rank_available,TDs per ranked candidate
1,random,8,2021,0.388888888889,1.71012272071,0.679012345679,162,54,54,0,3,rank_available,TDs per ranked candidate
1,random,8,2021,0.396296296296,1.59127452975,0.688888888889,270,54,54,0,5,rank_available,TDs per ranked candidate
1,random,8,2021,0.353703703704,1.379565006,0.712962962963,540,54,54,0,10,rank_available,TDs per ranked candidate
1,random,8,2021,0.333333333333,1.90268588015,0.703703703704,54,54,54,0,1,rank_in_slot,TDs per ranked candidate
1,random,8,2021,0.450617283951,1.72868746883,0.70987654321,162,54,54,0,3,rank_in_slot,TDs per ranked candidate
1,random,8,2021,0.425925925926,1.60576247337,0.692592592593,270,54,54,0,5,rank_in_slot,TDs per ranked candidate
1,random,8,2021,0.401851851852,1.40250200165,0.727777777778,540,54,54,0,10,rank_in_slot,TDs per ranked candidate
1,random,9,2021,0.444444444444,1.84891122385,0.666666666667,54,54,54,0,1,rank_available,TDs per ranked candidate
1,random,9,2021,0.345679012346,1.69498749957,0.666666666667,162,54,54,0,3,rank_available,TDs per ranked candidate
1,random,9,2021,0.314814814815,1.57206374204,0.666666666667,270,54,54,0,5,rank_available,TDs per ranked candidate
1,random,9,2021,0.32962962963,1.35453082711,0.674074074074,540,54,54,0,10,rank_available,TDs per ranked candidate
1,random,9,2021,0.592592592593,1.89946075974,0.722222222222,54,54,54,0,1,rank_in_slot,TDs per ranked candidate
1,random,9,2021,0.413580246914,1.72654125764,0.703703703704,162,54,54,0,3,rank_in_slot,TDs per ranked candidate
1,random,9,2021,0.392592592593,1.60511607316,0.711111111111,270,54,54,0,5,rank_in_slot,TDs per ranked candidate
1,random,9,2021,0.424074074074,1.40361912642,0.707407407407,540,54,54,0,10,rank_in_slot,TDs per ranked candidate
1,random,10,2021,0.12962962963,1.89298284237,0.555555555556,54,54,54,0,1,rank_available,TDs per ranked candidate
1,random,10,2021,0.191358024691,1.7173738408,0.641975308642,162,54,54,0,3,rank_available,TDs per ranked candidate
1,random,10,2021,0.285185185185,1.58948506371,0.681481481481,270,54,54,0,5,rank_available,TDs per ranked candidate
1,random,10,2021,0.307407407407,1.37701188778,0.674074074074,540,54,54,0,10,rank_available,TDs per ranked candidate
1,random,10,2021,0.12962962963,1.89298284237,0.555555555556,54,54,54,0,1,rank_in_slot,TDs per ranked candidate
1,random,10,2021,0.216049382716,1.72268378211,0.648148148148,162,54,54,0,3,rank_in_slot,TDs per ranked candidate
1,random,10,2021,0.366666666667,1.60364846791,0.707407407407,270,54,54,0,5,rank_in_slot,TDs per ranked candidate
1,random,10,2021,0.375925925926,1.40194830375,0.7,540,54,54,0,10,rank_in_slot,TDs per ranked candidate
1,random,11,2021,0.37037037037,1.87630338637,0.685185185185,54,54,54,0,1,rank_available,TDs per ranked candidate
1,random,11,2021,0.29012345679,1.7062237657,0.697530864198,162,54,54,0,3,rank_available,TDs per ranked candidate
1,random,11,2021,0.251851851852,1.58624725368,0.696296296296,270,54,54,0,5,rank_available,TDs per ranked candidate
1,random,11,2021,0.275925925926,1.38170970591,0.683333333333,540,54,54,0,10,rank_available,TDs per ranked candidate
1,random,11,2021,0.388888888889,1.89667584465,0.703703703704,54,54,54,0,1,rank_in_slot,TDs per ranked candidate
1,random,11,2021,0.29012345679,1.72743921493,0.697530864198,162,54,54,0,3,rank_in_slot,TDs per ranked candidate
1,random,11,2021,0.248148148148,1.60665995183,0.707407407407,270,54,54,0,5,rank_in_slot,TDs per ranked candidate
1,random,11,2021,0.301851851852,1.40438087077,0.703703703704,540,54,54,0,10,rank_in_slot,TDs per ranked candidate
1,random,12,2021,0.314814814815,1.8895305802,0.851851851852,54,54,54,0,1,rank_available,TDs per ranked candidate
1,random,12,2021,0.364197530864,1.71490018267,0.796296296296,162,54,54,0,3,rank_available,TDs per ranked candidate
1,random,12,2021,0.303703703704,1.59449781489,0.714814814815,270,54,54,0,5,rank_available,TDs per ranked candidate
1,random,12,2021,0.37037037037,1.37115391824,0.725925925926,540,54,54,0,10,rank_available,TDs per ranked candidate
1,random,12,2021,0.314814814815,1.8895305802,0.851851851852,54,54,54,0,1,rank_in_slot,TDs per ranked candidate
1,random,12,2021,0.376543209877,1.71876256957,0.802469135802,162,54,54,0,3,rank_in_slot,TDs per ranked candidate
1,random,12,2021,0.333333333333,1.60204852614,0.72962962963,270,54,54,0,5,rank_in_slot,TDs per ranked candidate
1,random,12,2021,0.466666666667,1.40071450813,0.764814814815,540,54,54,0,10,rank_in_slot,TDs per ranked candidate
1,random,13,2021,0.611111111111,1.90268588015,0.759259259259,54,54,54,0,1,rank_available,TDs per ranked candidate
1,random,13,2021,0.438271604938,1.70090407143,0.753086419753,162,54,54,0,3,rank_available,TDs per ranked candidate
1,random,13,2021,0.374074074074,1.5813664662,0.714814814815,270,54,54,0,5,rank_available,TDs per ranked candidate
1,random,13,2021,0.337037037037,1.37582492017,0.698148148148,540,54,54,0,10,rank_available,TDs per ranked candidate
1,random,13,2021,0.611111111111,1.90268588015,0.759259259259,54,54,54,0,1,rank_in_slot,TDs per ranked candidate
1,random,13,2021,0.567901234568,1.72186927805,0.79012345679,162,54,54,0,3,rank_in_slot,TDs per ranked candidate
1,random,13,2021,0.451851851852,1.60248025357,0.737037037037,270,54,54,0,5,rank_in_slot,TDs per ranked candidate
1,random,13,2021,0.398148148148,1.40285230779,0.718518518519,540,54,54,0,10,rank_in_slot,TDs per ranked candidate
1,random,14,2021,0.537037037037,1.8444661269,0.722222222222,54,54,54,0,1,rank_available,TDs per ranked candidate
1,random,14,2021,0.475308641975,1.65932899917,0.783950617284,162,54,54,0,3,rank_available,TDs per ranked candidate
1,random,14,2021,0.418518518519,1.53698832967,0.740740740741,270,54,54,0,5,rank_available,TDs per ranked candidate
1,random,14,2021,0.366666666667,1.3297498769,0.712962962963,540,54,54,0,10,rank_available,TDs per ranked candidate
1,random,14,2021,0.611111111111,1.89247864358,0.777777777778,54,54,54,0,1,rank_in_slot,TDs per ranked candidate
1,random,14,2021,0.728395061728,1.7252754237,0.845679012346,162,54,54,0,3,rank_in_slot,TDs per ranked candidate
1,random,14,2021,0.551851851852,1.60511842105,0.785185185185,270,54,54,0,5,rank_in_slot,TDs per ranked candidate
1,random,14,2021,0.498148148148,1.40222794702,0.761111111111,540,54,54,0,10,rank_in_slot,TDs per ranked candidate
1,random,15,2021,0.462962962963,1.88683687483,0.833333333333,54,54,54,0,1,rank_available,TDs per ranked candidate
1,random,15,2021,0.506172839506,1.69581712522,0.740740740741,162,54,54,0,3,rank_available,TDs per ranked candidate
1,random,15,2021,0.451851851852,1.58027524814,0.707407407407,270,54,54,0,5,rank_available,TDs per ranked candidate
1,random,15,2021,0.375925925926,1.37635408825,0.698148148148,540,54,54,0,10,rank_available,TDs per ranked candidate
1,random,15,2021,0.537037037037,1.90098864277,0.87037037037,54,54,54,0,1,rank_in_slot,TDs per ranked candidate
1,random,15,2021,0.561728395062,1.72422755878,0.759259259259,162,54,54,0,3,rank_in_slot,TDs per ranked candidate
1,random,15,2021,0.555555555556,1.6036731078,0.737037037037,270,54,54,0,5,rank_in_slot,TDs per ranked candidate
1,random,15,2021,0.424074074074,1.40154931626,0.716666666667,540,54,54,0,10,rank_in_slot,TDs per ranked candidate
1,random,16,2021,0.259259259259,1.90268588015,0.703703703704,54,54,54,0,1,rank_available,TDs per ranked candidate
1,random,16,2021,0.33950617284,1.72330178204,0.697530864198,162,54,54,0,3,rank_available,TDs per ranked candidate
1,random,16,2021,0.337037037037,1.58984505257,0.703703703704,270,54,54,0,5,rank_available,TDs per ranked candidate
1,random,16,2021,0.281481481481,1.37092057169,0.692592592593,540,54,54,0,10,rank_available,TDs per ranked candidate
1,random,16,2021,0.259259259259,1.90268588015,0.703703703704,54,54,54,0,1,rank_in_slot,TDs per ranked candidate
1,random,16,2021,0.364197530864,1.73136487832,0.70987654321,162,54,54,0,3,rank_in_slot,TDs per ranked candidate
1,random,16,2021,0.455555555556,1.60954129467,0.737037037037,270,54,54,0,5,rank_in_slot,TDs per ranked candidate
1,random,16,2021,0.346296296296,1.40450687496,0.714814814815,540,54,54,0,10,rank_in_slot,TDs per ranked candidate
1,random,17,2021,0.351851851852,1.87849250606,0.722222222222,54,54,54,0,1,rank_available,TDs per ranked candidate
1,random,17,2021,0.277777777778,1.70817149787,0.66049382716,162,54,54,0,3,rank_available,TDs per ranked candidate
1,random,17,2021,0.262962962963,1.59044195303,0.618518518519,270,54,54,0,5,rank_available,TDs per ranked candidate
1,random,17,2021,0.266666666667,1.38691758227,0.657407407407,540,54,54,0,10,rank_available,TDs per ranked candidate
1,random,17,2021,0.37037037037,1.90213436878,0.722222222222,54,54,54,0,1,rank_in_slot,TDs per ranked candidate
1,random,17,2021,0.327160493827,1.72620901326,0.703703703704,162,54,54,0,3,rank_in_slot,TDs per ranked candidate
1,random,17,2021,0.277777777778,1.60678123108,0.625925925926,270,54,54,0,5,rank_in_slot,TDs per ranked candidate
1,random,17,2021,0.281481481481,1.40236459268,0.672222222222,540,54,54,0,10,rank_in_slot,TDs per ranked candidate
1,random,18,2021,0.222222222222,1.89039864836,0.518518518519,54,54,54,0,1,rank_available,TDs per ranked candidate
1,random,18,2021,0.382716049383,1.70178102403,0.691358024691,162,54,54,0,3,rank_available,TDs per ranked candidate
1,random,18,2021,0.32962962963,1.5749766922,0.662962962963,270,54,54,0,5,rank_available,TDs per ranked candidate
1,random,18,2021,0.377777777778,1.35273372132,0.703703703704,540,54,54,0,10,rank_available,TDs per ranked candidate
1,random,18,2021,0.222222222222,1.89309489939,0.518518518519,54,54,54,0,1,rank_in_slot,TDs per ranked candidate
1,random,18,2021,0.524691358025,1.72342814387,0.703703703704,162,54,54,0,3,rank_in_slot,TDs per ranked candidate
1,random,18,2021,0.451851851852,1.60097378428,0.703703703704,270,54,54,0,5,rank_in_slot,TDs per ranked candidate
1,random,18,2021,0.488888888889,1.39887550445,0.727777777778,540,54,54,0,10,rank_in_slot,TDs per ranked candidate
1,random,19,2021,0.592592592593,1.83079320732,0.796296296296,54,54,54,0,1,rank_available,TDs per ranked candidate
1,random,19,2021,0.388888888889,1.67710216976,0.746913580247,162,54,54,0,3,rank_available,TDs per ranked candidate
1,random,19,2021,0.411111111111,1.56612601616,0.751851851852,270,54,54,0,5,rank_available,TDs per ranked candidate
1,random,19,2021,0.396296296296,1.35952807929,0.738888888889,540,54,54,0,10,rank_available,TDs per ranked candidate
1,random,19,2021,0.981481481481,1.88840699462,0.907407407407,54,54,54,0,1,rank_in_slot,TDs per ranked candidate
1,random,19,2021,0.493827160494,1.72343737274,0.777777777778,162,54,54,0,3,rank_in_slot,TDs per ranked candidate
1,random,19,2021,0.485185185185,1.60359675921,0.766666666667,270,54,54,0,5,rank_in_slot,TDs per ranked candidate
1,random,19,2021,0.477777777778,1.40119623024,0.768518518519,540,54,54,0,10,rank_in_slot,TDs per ranked candidate
1,regressed-rate,-1,2021,0.833333333333,1.33228361782,0.851851851852,54,54,54,0,1,rank_available,TDs per ranked candidate
1,regressed-rate,-1,2021,0.87037037037,1.23447034594,0.888888888889,162,54,54,0,3,rank_available,TDs per ranked candidate
1,regressed-rate,-1,2021,0.862962962963,1.17215568812,0.903703703704,270,54,54,0,5,rank_available,TDs per ranked candidate
1,regressed-rate,-1,2021,0.77962962963,1.07974888846,0.894444444444,540,54,54,0,10,rank_available,TDs per ranked candidate
1,regressed-rate,-1,2021,1.2037037037,1.62777727413,0.981481481481,54,54,54,0,1,rank_in_slot,TDs per ranked candidate
1,regressed-rate,-1,2021,1.22222222222,1.47799023417,0.969135802469,162,54,54,0,3,rank_in_slot,TDs per ranked candidate
1,regressed-rate,-1,2021,1.17407407407,1.3958262626,0.948148148148,270,54,54,0,5,rank_in_slot,TDs per ranked candidate
1,regressed-rate,-1,2021,1.08518518519,1.26266021196,0.962962962963,540,54,54,0,10,rank_in_slot,TDs per ranked candidate
1,shipped,-1,2021,0.944444444444,1.41758739004,0.981481481481,54,54,54,0,1,rank_available,TDs per ranked candidate
1,shipped,-1,2021,0.950617283951,1.28839321813,0.969135802469,162,54,54,0,3,rank_available,TDs per ranked candidate
1,shipped,-1,2021,0.992592592593,1.20042167652,0.97037037037,270,54,54,0,5,rank_available,TDs per ranked candidate
1,shipped,-1,2021,0.877777777778,1.05802541817,0.953703703704,540,54,54,0,10,rank_available,TDs per ranked candidate
1,shipped,-1,2021,1.18518518519,1.89463012249,1,54,54,54,0,1,rank_in_slot,TDs per ranked candidate
1,shipped,-1,2021,1.27777777778,1.72480409305,1,162,54,54,0,3,rank_in_slot,TDs per ranked candidate
1,shipped,-1,2021,1.23703703704,1.60398312659,0.996296296296,270,54,54,0,5,rank_in_slot,TDs per ranked candidate
1,shipped,-1,2021,1.18333333333,1.39834983273,0.994444444444,540,54,54,0,10,rank_in_slot,TDs per ranked candidate
1,vegas-environment,-1,2021,1.03703703704,1.04165693283,0.944444444444,54,54,54,0,1,rank_available,TDs per ranked candidate
1,vegas-environment,-1,2021,0.876543209877,1.00790129655,0.962962962963,162,54,54,0,3,rank_available,TDs per ranked candidate
1,vegas-environment,-1,2021,0.818518518519,0.986638649126,0.944444444444,270,54,54,0,5,rank_available,TDs per ranked candidate
1,vegas-environment,-1,2021,0.82037037037,0.949013989699,0.938888888889,540,54,54,0,10,rank_available,TDs per ranked candidate
1,vegas-environment,-1,2021,1.16666666667,1.11972386223,1,54,54,54,0,1,rank_in_slot,TDs per ranked candidate
1,vegas-environment,-1,2021,1.16666666667,1.09366829381,0.993827160494,162,54,54,0,3,rank_in_slot,TDs per ranked candidate
1,vegas-environment,-1,2021,1.1,1.06572021072,0.985185185185,270,54,54,0,5,rank_in_slot,TDs per ranked candidate
1,vegas-environment,-1,2021,1.02962962963,1.01780902741,0.97037037037,540,54,54,0,10,rank_in_slot,TDs per ranked candidate
1,within-player,0,2021,1,1.41869109265,0.981481481481,54,54,54,0,1,rank_available,TDs per ranked candidate
1,within-player,0,2021,0.950617283951,1.28307161333,0.975308641975,162,54,54,0,3,rank_available,TDs per ranked candidate
1,within-player,0,2021,0.974074074074,1.19217416178,0.97037037037,270,54,54,0,5,rank_available,TDs per ranked candidate
1,within-player,0,2021,0.87962962963,1.05272337457,0.953703703704,540,54,54,0,10,rank_available,TDs per ranked candidate
1,within-player,0,2021,1.16666666667,1.91577615389,1,54,54,54,0,1,rank_in_slot,TDs per ranked candidate
1,within-player,0,2021,1.19135802469,1.7527255605,1,162,54,54,0,3,rank_in_slot,TDs per ranked candidate
1,within-player,0,2021,1.2037037037,1.62031887064,0.992592592593,270,54,54,0,5,rank_in_slot,TDs per ranked candidate
1,within-player,0,2021,1.17407407407,1.40778879892,0.988888888889,540,54,54,0,10,rank_in_slot,TDs per ranked candidate
1,within-player,1,2021,1.01851851852,1.42989423862,0.981481481481,54,54,54,0,1,rank_available,TDs per ranked candidate
1,within-player,1,2021,0.950617283951,1.2954622182,0.975308641975,162,54,54,0,3,rank_available,TDs per ranked candidate
1,within-player,1,2021,0.92962962963,1.20438617442,0.97037037037,270,54,54,0,5,rank_available,TDs per ranked candidate
1,within-player,1,2021,0.874074074074,1.05552072245,0.951851851852,540,54,54,0,10,rank_available,TDs per ranked candidate
1,within-player,1,2021,1.18518518519,1.89983513164,1,54,54,54,0,1,rank_in_slot,TDs per ranked candidate
1,within-player,1,2021,1.27777777778,1.72856503969,1,162,54,54,0,3,rank_in_slot,TDs per ranked candidate
1,within-player,1,2021,1.22222222222,1.60102602585,0.996296296296,270,54,54,0,5,rank_in_slot,TDs per ranked candidate
1,within-player,1,2021,1.14259259259,1.40035479705,0.990740740741,540,54,54,0,10,rank_in_slot,TDs per ranked candidate
1,within-player,2,2021,0.962962962963,1.42797451629,0.981481481481,54,54,54,0,1,rank_available,TDs per ranked candidate
1,within-player,2,2021,1.01851851852,1.28420065428,0.962962962963,162,54,54,0,3,rank_available,TDs per ranked candidate
1,within-player,2,2021,0.977777777778,1.19959772407,0.966666666667,270,54,54,0,5,rank_available,TDs per ranked candidate
1,within-player,2,2021,0.877777777778,1.05481399756,0.95,540,54,54,0,10,rank_available,TDs per ranked candidate
1,within-player,2,2021,1.42592592593,1.9519361479,1,54,54,54,0,1,rank_in_slot,TDs per ranked candidate
1,within-player,2,2021,1.28395061728,1.76246945586,0.993827160494,162,54,54,0,3,rank_in_slot,TDs per ranked candidate
1,within-player,2,2021,1.24444444444,1.6369763149,0.996296296296,270,54,54,0,5,rank_in_slot,TDs per ranked candidate
1,within-player,2,2021,1.16296296296,1.41650682451,0.992592592593,540,54,54,0,10,rank_in_slot,TDs per ranked candidate
1,within-player,3,2021,1.07407407407,1.41047587213,0.981481481481,54,54,54,0,1,rank_available,TDs per ranked candidate
1,within-player,3,2021,0.956790123457,1.26635970611,0.975308641975,162,54,54,0,3,rank_available,TDs per ranked candidate
1,within-player,3,2021,0.892592592593,1.18279375208,0.962962962963,270,54,54,0,5,rank_available,TDs per ranked candidate
1,within-player,3,2021,0.87962962963,1.045101687,0.961111111111,540,54,54,0,10,rank_available,TDs per ranked candidate
1,within-player,3,2021,1.09259259259,1.9904750999,1,54,54,54,0,1,rank_in_slot,TDs per ranked candidate
1,within-player,3,2021,1.27160493827,1.77944160513,1,162,54,54,0,3,rank_in_slot,TDs per ranked candidate
1,within-player,3,2021,1.20740740741,1.63804889755,0.992592592593,270,54,54,0,5,rank_in_slot,TDs per ranked candidate
1,within-player,3,2021,1.13518518519,1.41403857547,0.992592592593,540,54,54,0,10,rank_in_slot,TDs per ranked candidate
1,within-player,4,2021,1.05555555556,1.39195600749,1,54,54,54,0,1,rank_available,TDs per ranked candidate
1,within-player,4,2021,0.956790123457,1.26259381402,0.969135802469,162,54,54,0,3,rank_available,TDs per ranked candidate
1,within-player,4,2021,0.955555555556,1.17882420982,0.962962962963,270,54,54,0,5,rank_available,TDs per ranked candidate
1,within-player,4,2021,0.888888888889,1.04486441222,0.955555555556,540,54,54,0,10,rank_available,TDs per ranked candidate
1,within-player,4,2021,1.16666666667,1.90468766022,1,54,54,54,0,1,rank_in_slot,TDs per ranked candidate
1,within-player,4,2021,1.24074074074,1.72524157862,1,162,54,54,0,3,rank_in_slot,TDs per ranked candidate
1,within-player,4,2021,1.22592592593,1.60291755675,1,270,54,54,0,5,rank_in_slot,TDs per ranked candidate
1,within-player,4,2021,1.19074074074,1.39600420043,0.990740740741,540,54,54,0,10,rank_in_slot,TDs per ranked candidate
1,within-player,5,2021,0.925925925926,1.43052386595,0.962962962963,54,54,54,0,1,rank_available,TDs per ranked candidate
1,within-player,5,2021,0.962962962963,1.28366538822,0.975308641975,162,54,54,0,3,rank_available,TDs per ranked candidate
1,within-player,5,2021,0.948148148148,1.19521127263,0.962962962963,270,54,54,0,5,rank_available,TDs per ranked candidate
1,within-player,5,2021,0.862962962963,1.05391333311,0.942592592593,540,54,54,0,10,rank_available,TDs per ranked candidate
1,within-player,5,2021,1.16666666667,1.92551559292,1,54,54,54,0,1,rank_in_slot,TDs per ranked candidate
1,within-player,5,2021,1.25925925926,1.74648957767,1,162,54,54,0,3,rank_in_slot,TDs per ranked candidate
1,within-player,5,2021,1.1962962963,1.61144795903,0.996296296296,270,54,54,0,5,rank_in_slot,TDs per ranked candidate
1,within-player,5,2021,1.16111111111,1.4026631918,0.988888888889,540,54,54,0,10,rank_in_slot,TDs per ranked candidate
1,within-player,6,2021,1.05555555556,1.41416288079,0.981481481481,54,54,54,0,1,rank_available,TDs per ranked candidate
1,within-player,6,2021,1.04938271605,1.28316167477,0.975308641975,162,54,54,0,3,rank_available,TDs per ranked candidate
1,within-player,6,2021,0.896296296296,1.19003269229,0.959259259259,270,54,54,0,5,rank_available,TDs per ranked candidate
1,within-player,6,2021,0.883333333333,1.05227286216,0.957407407407,540,54,54,0,10,rank_available,TDs per ranked candidate
1,within-player,6,2021,1.37037037037,1.89019622885,1,54,54,54,0,1,rank_in_slot,TDs per ranked candidate
1,within-player,6,2021,1.3024691358,1.72831470093,1,162,54,54,0,3,rank_in_slot,TDs per ranked candidate
1,within-player,6,2021,1.22592592593,1.61150375452,1,270,54,54,0,5,rank_in_slot,TDs per ranked candidate
1,within-player,6,2021,1.16296296296,1.4018164215,0.988888888889,540,54,54,0,10,rank_in_slot,TDs per ranked candidate
1,within-player,7,2021,1.01851851852,1.42676052321,0.981481481481,54,54,54,0,1,rank_available,TDs per ranked candidate
1,within-player,7,2021,0.901234567901,1.27686966872,0.969135802469,162,54,54,0,3,rank_available,TDs per ranked candidate
1,within-player,7,2021,0.914814814815,1.19291211565,0.966666666667,270,54,54,0,5,rank_available,TDs per ranked candidate
1,within-player,7,2021,0.885185185185,1.04987681859,0.955555555556,540,54,54,0,10,rank_available,TDs per ranked candidate
1,within-player,7,2021,1.22222222222,1.87677978255,1,54,54,54,0,1,rank_in_slot,TDs per ranked candidate
1,within-player,7,2021,1.24691358025,1.7121450349,1,162,54,54,0,3,rank_in_slot,TDs per ranked candidate
1,within-player,7,2021,1.19259259259,1.59385935333,0.996296296296,270,54,54,0,5,rank_in_slot,TDs per ranked candidate
1,within-player,7,2021,1.17777777778,1.39123255146,0.994444444444,540,54,54,0,10,rank_in_slot,TDs per ranked candidate
1,within-player,8,2021,0.962962962963,1.42964290215,0.962962962963,54,54,54,0,1,rank_available,TDs per ranked candidate
1,within-player,8,2021,0.901234567901,1.28963265765,0.981481481481,162,54,54,0,3,rank_available,TDs per ranked candidate
1,within-player,8,2021,0.937037037037,1.20056949207,0.955555555556,270,54,54,0,5,rank_available,TDs per ranked candidate
1,within-player,8,2021,0.894444444444,1.05728852856,0.957407407407,540,54,54,0,10,rank_available,TDs per ranked candidate
1,within-player,8,2021,1.01851851852,1.90450212588,1,54,54,54,0,1,rank_in_slot,TDs per ranked candidate
1,within-player,8,2021,1.25925925926,1.72692222319,1,162,54,54,0,3,rank_in_slot,TDs per ranked candidate
1,within-player,8,2021,1.25925925926,1.61393687227,1,270,54,54,0,5,rank_in_slot,TDs per ranked candidate
1,within-player,8,2021,1.1462962963,1.40670048286,0.988888888889,540,54,54,0,10,rank_in_slot,TDs per ranked candidate
1,within-player,9,2021,1.16666666667,1.41088131107,1,54,54,54,0,1,rank_available,TDs per ranked candidate
1,within-player,9,2021,1.01851851852,1.27829180697,0.981481481481,162,54,54,0,3,rank_available,TDs per ranked candidate
1,within-player,9,2021,0.948148148148,1.19652926882,0.966666666667,270,54,54,0,5,rank_available,TDs per ranked candidate
1,within-player,9,2021,0.887037037037,1.05610246547,0.959259259259,540,54,54,0,10,rank_available,TDs per ranked candidate
1,within-player,9,2021,1.14814814815,1.90645249423,1,54,54,54,0,1,rank_in_slot,TDs per ranked candidate
1,within-player,9,2021,1.21604938272,1.71407070882,1,162,54,54,0,3,rank_in_slot,TDs per ranked candidate
1,within-player,9,2021,1.18888888889,1.59934560719,0.996296296296,270,54,54,0,5,rank_in_slot,TDs per ranked candidate
1,within-player,9,2021,1.17407407407,1.39965580751,0.998148148148,540,54,54,0,10,rank_in_slot,TDs per ranked candidate
1,within-player,10,2021,0.925925925926,1.44367756585,0.962962962963,54,54,54,0,1,rank_available,TDs per ranked candidate
1,within-player,10,2021,1,1.28835516653,0.975308641975,162,54,54,0,3,rank_available,TDs per ranked candidate
1,within-player,10,2021,0.940740740741,1.19851967556,0.962962962963,270,54,54,0,5,rank_available,TDs per ranked candidate
1,within-player,10,2021,0.896296296296,1.0589976347,0.951851851852,540,54,54,0,10,rank_available,TDs per ranked candidate
1,within-player,10,2021,1.11111111111,1.91735478788,0.981481481481,54,54,54,0,1,rank_in_slot,TDs per ranked candidate
1,within-player,10,2021,1.21604938272,1.73367084851,0.993827160494,162,54,54,0,3,rank_in_slot,TDs per ranked candidate
1,within-player,10,2021,1.21851851852,1.60635968568,0.996296296296,270,54,54,0,5,rank_in_slot,TDs per ranked candidate
1,within-player,10,2021,1.16296296296,1.3982190376,0.987037037037,540,54,54,0,10,rank_in_slot,TDs per ranked candidate
1,within-player,11,2021,1.01851851852,1.43331357045,0.981481481481,54,54,54,0,1,rank_available,TDs per ranked candidate
1,within-player,11,2021,0.993827160494,1.27532112932,0.969135802469,162,54,54,0,3,rank_available,TDs per ranked candidate
1,within-player,11,2021,0.944444444444,1.18623116748,0.959259259259,270,54,54,0,5,rank_available,TDs per ranked candidate
1,within-player,11,2021,0.87962962963,1.04481681089,0.957407407407,540,54,54,0,10,rank_available,TDs per ranked candidate
1,within-player,11,2021,1.16666666667,1.89316604265,1,54,54,54,0,1,rank_in_slot,TDs per ranked candidate
1,within-player,11,2021,1.32098765432,1.72305369834,1,162,54,54,0,3,rank_in_slot,TDs per ranked candidate
1,within-player,11,2021,1.24074074074,1.6023569505,1,270,54,54,0,5,rank_in_slot,TDs per ranked candidate
1,within-player,11,2021,1.15185185185,1.39397131147,0.994444444444,540,54,54,0,10,rank_in_slot,TDs per ranked candidate
1,within-player,12,2021,1.12962962963,1.4169412524,0.962962962963,54,54,54,0,1,rank_available,TDs per ranked candidate
1,within-player,12,2021,0.987654320988,1.29006468403,0.969135802469,162,54,54,0,3,rank_available,TDs per ranked candidate
1,within-player,12,2021,0.955555555556,1.19958793555,0.962962962963,270,54,54,0,5,rank_available,TDs per ranked candidate
1,within-player,12,2021,0.874074074074,1.06118190205,0.959259259259,540,54,54,0,10,rank_available,TDs per ranked candidate
1,within-player,12,2021,0.981481481481,1.90946975518,1,54,54,54,0,1,rank_in_slot,TDs per ranked candidate
1,within-player,12,2021,1.25308641975,1.72742086081,1,162,54,54,0,3,rank_in_slot,TDs per ranked candidate
1,within-player,12,2021,1.25555555556,1.60955667364,0.996296296296,270,54,54,0,5,rank_in_slot,TDs per ranked candidate
1,within-player,12,2021,1.18333333333,1.40129890761,0.990740740741,540,54,54,0,10,rank_in_slot,TDs per ranked candidate
1,within-player,13,2021,1,1.39699727878,0.981481481481,54,54,54,0,1,rank_available,TDs per ranked candidate
1,within-player,13,2021,0.932098765432,1.26065187521,0.975308641975,162,54,54,0,3,rank_available,TDs per ranked candidate
1,within-player,13,2021,0.962962962963,1.17583517591,0.962962962963,270,54,54,0,5,rank_available,TDs per ranked candidate
1,within-player,13,2021,0.883333333333,1.04545151168,0.961111111111,540,54,54,0,10,rank_available,TDs per ranked candidate
1,within-player,13,2021,1.18518518519,1.90571121227,1,54,54,54,0,1,rank_in_slot,TDs per ranked candidate
1,within-player,13,2021,1.14814814815,1.71929243179,1,162,54,54,0,3,rank_in_slot,TDs per ranked candidate
1,within-player,13,2021,1.17037037037,1.60002795321,0.996296296296,270,54,54,0,5,rank_in_slot,TDs per ranked candidate
1,within-player,13,2021,1.16296296296,1.39221463443,0.990740740741,540,54,54,0,10,rank_in_slot,TDs per ranked candidate
1,within-player,14,2021,0.981481481481,1.41474713349,1,54,54,54,0,1,rank_available,TDs per ranked candidate
1,within-player,14,2021,0.987654320988,1.28260642389,0.987654320988,162,54,54,0,3,rank_available,TDs per ranked candidate
1,within-player,14,2021,0.933333333333,1.1950215323,0.966666666667,270,54,54,0,5,rank_available,TDs per ranked candidate
1,within-player,14,2021,0.861111111111,1.05348861457,0.951851851852,540,54,54,0,10,rank_available,TDs per ranked candidate
1,within-player,14,2021,1.24074074074,1.9250624682,1,54,54,54,0,1,rank_in_slot,TDs per ranked candidate
1,within-player,14,2021,1.2037037037,1.7373247815,1,162,54,54,0,3,rank_in_slot,TDs per ranked candidate
1,within-player,14,2021,1.15925925926,1.61307739565,1,270,54,54,0,5,rank_in_slot,TDs per ranked candidate
1,within-player,14,2021,1.15555555556,1.40451508947,0.994444444444,540,54,54,0,10,rank_in_slot,TDs per ranked candidate
1,within-player,15,2021,1,1.43447739481,0.981481481481,54,54,54,0,1,rank_available,TDs per ranked candidate
1,within-player,15,2021,0.956790123457,1.29556726731,0.987654320988,162,54,54,0,3,rank_available,TDs per ranked candidate
1,within-player,15,2021,0.92962962963,1.20609837079,0.962962962963,270,54,54,0,5,rank_available,TDs per ranked candidate
1,within-player,15,2021,0.87962962963,1.05731686461,0.951851851852,540,54,54,0,10,rank_available,TDs per ranked candidate
1,within-player,15,2021,1.24074074074,1.92438191455,1,54,54,54,0,1,rank_in_slot,TDs per ranked candidate
1,within-player,15,2021,1.14197530864,1.74761012734,1,162,54,54,0,3,rank_in_slot,TDs per ranked candidate
1,within-player,15,2021,1.19259259259,1.61647315421,0.996296296296,270,54,54,0,5,rank_in_slot,TDs per ranked candidate
1,within-player,15,2021,1.16851851852,1.40723949085,0.992592592593,540,54,54,0,10,rank_in_slot,TDs per ranked candidate
1,within-player,16,2021,0.962962962963,1.39975722045,0.981481481481,54,54,54,0,1,rank_available,TDs per ranked candidate
1,within-player,16,2021,0.932098765432,1.28693351925,0.987654320988,162,54,54,0,3,rank_available,TDs per ranked candidate
1,within-player,16,2021,0.933333333333,1.20471267462,0.974074074074,270,54,54,0,5,rank_available,TDs per ranked candidate
1,within-player,16,2021,0.868518518519,1.06014795297,0.955555555556,540,54,54,0,10,rank_available,TDs per ranked candidate
1,within-player,16,2021,1.22222222222,1.90446912809,1,54,54,54,0,1,rank_in_slot,TDs per ranked candidate
1,within-player,16,2021,1.19135802469,1.74784853356,1,162,54,54,0,3,rank_in_slot,TDs per ranked candidate
1,within-player,16,2021,1.27777777778,1.62643184451,0.996296296296,270,54,54,0,5,rank_in_slot,TDs per ranked candidate
1,within-player,16,2021,1.13333333333,1.41461555178,0.994444444444,540,54,54,0,10,rank_in_slot,TDs per ranked candidate
1,within-player,17,2021,0.907407407407,1.43273430387,0.981481481481,54,54,54,0,1,rank_available,TDs per ranked candidate
1,within-player,17,2021,0.981481481481,1.29648231317,0.981481481481,162,54,54,0,3,rank_available,TDs per ranked candidate
1,within-player,17,2021,0.974074074074,1.208261424,0.97037037037,270,54,54,0,5,rank_available,TDs per ranked candidate
1,within-player,17,2021,0.888888888889,1.06584608983,0.959259259259,540,54,54,0,10,rank_available,TDs per ranked candidate
1,within-player,17,2021,1.27777777778,1.91767499672,1,54,54,54,0,1,rank_in_slot,TDs per ranked candidate
1,within-player,17,2021,1.22839506173,1.74536772057,1,162,54,54,0,3,rank_in_slot,TDs per ranked candidate
1,within-player,17,2021,1.17037037037,1.62215898532,1,270,54,54,0,5,rank_in_slot,TDs per ranked candidate
1,within-player,17,2021,1.15925925926,1.41168601489,0.990740740741,540,54,54,0,10,rank_in_slot,TDs per ranked candidate
1,within-player,18,2021,1.03703703704,1.4207851907,0.962962962963,54,54,54,0,1,rank_available,TDs per ranked candidate
1,within-player,18,2021,0.91975308642,1.2839532538,0.962962962963,162,54,54,0,3,rank_available,TDs per ranked candidate
1,within-player,18,2021,0.933333333333,1.19872832297,0.959259259259,270,54,54,0,5,rank_available,TDs per ranked candidate
1,within-player,18,2021,0.85,1.05862868093,0.95,540,54,54,0,10,rank_available,TDs per ranked candidate
1,within-player,18,2021,1.2962962963,1.90972065676,1,54,54,54,0,1,rank_in_slot,TDs per ranked candidate
1,within-player,18,2021,1.24691358025,1.73636026084,1,162,54,54,0,3,rank_in_slot,TDs per ranked candidate
1,within-player,18,2021,1.22962962963,1.60224926098,1,270,54,54,0,5,rank_in_slot,TDs per ranked candidate
1,within-player,18,2021,1.1537037037,1.40073830064,0.992592592593,540,54,54,0,10,rank_in_slot,TDs per ranked candidate
1,within-player,19,2021,1.07407407407,1.37917323033,0.944444444444,54,54,54,0,1,rank_available,TDs per ranked candidate
1,within-player,19,2021,0.969135802469,1.26507485364,0.969135802469,162,54,54,0,3,rank_available,TDs per ranked candidate
1,within-player,19,2021,0.974074074074,1.18697234079,0.962962962963,270,54,54,0,5,rank_available,TDs per ranked candidate
1,within-player,19,2021,0.864814814815,1.05055939432,0.955555555556,540,54,54,0,10,rank_available,TDs per ranked candidate
1,within-player,19,2021,1.18518518519,1.9146858648,1,54,54,54,0,1,rank_in_slot,TDs per ranked candidate
1,within-player,19,2021,1.28395061728,1.7379784165,1,162,54,54,0,3,rank_in_slot,TDs per ranked candidate
1,within-player,19,2021,1.23703703704,1.61369528199,1,270,54,54,0,5,rank_in_slot,TDs per ranked candidate
1,within-player,19,2021,1.16481481481,1.40222077771,0.988888888889,540,54,54,0,10,rank_in_slot,TDs per ranked candidate
1,base-rate-only,-1,2022,0.740740740741,1.18292513527,0.833333333333,54,54,54,0,1,rank_available,TDs per ranked candidate
1,base-rate-only,-1,2022,0.746913580247,1.09671637712,0.851851851852,162,54,54,0,3,rank_available,TDs per ranked candidate
1,base-rate-only,-1,2022,0.703703703704,1.04925546806,0.844444444444,270,54,54,0,5,rank_available,TDs per ranked candidate
1,base-rate-only,-1,2022,0.688888888889,0.972304656968,0.851851851852,540,54,54,0,10,rank_available,TDs per ranked candidate
1,base-rate-only,-1,2022,1.38888888889,1.4641876594,1,54,54,54,0,1,rank_in_slot,TDs per ranked candidate
1,base-rate-only,-1,2022,1.16666666667,1.36399588607,1,162,54,54,0,3,rank_in_slot,TDs per ranked candidate
1,base-rate-only,-1,2022,1.09259259259,1.27870369517,0.996296296296,270,54,54,0,5,rank_in_slot,TDs per ranked candidate
1,base-rate-only,-1,2022,0.961111111111,1.15466408593,0.942592592593,540,54,54,0,10,rank_in_slot,TDs per ranked candidate
1,current-season-rate,-1,2022,0.814814814815,1.10235978226,0.981481481481,54,54,54,0,1,rank_available,TDs per ranked candidate
1,current-season-rate,-1,2022,0.746913580247,1.02779802514,0.932098765432,162,54,54,0,3,rank_available,TDs per ranked candidate
1,current-season-rate,-1,2022,0.666666666667,0.988842537976,0.888888888889,270,54,54,0,5,rank_available,TDs per ranked candidate
1,current-season-rate,-1,2022,0.546296296296,0.935242591979,0.816666666667,540,54,54,0,10,rank_available,TDs per ranked candidate
1,current-season-rate,-1,2022,1.16666666667,1.27511459051,0.981481481481,54,54,54,0,1,rank_in_slot,TDs per ranked candidate
1,current-season-rate,-1,2022,1.09259259259,1.20451283465,0.993827160494,162,54,54,0,3,rank_in_slot,TDs per ranked candidate
1,current-season-rate,-1,2022,1.02962962963,1.14157772673,0.992592592593,270,54,54,0,5,rank_in_slot,TDs per ranked candidate
1,current-season-rate,-1,2022,0.868518518519,1.04115690382,0.957407407407,540,54,54,0,10,rank_in_slot,TDs per ranked candidate
1,historical-rate,-1,2022,0.611111111111,1.44136410975,0.759259259259,54,54,54,0,1,rank_available,TDs per ranked candidate
1,historical-rate,-1,2022,0.62962962963,1.34277879195,0.722222222222,162,54,54,0,3,rank_available,TDs per ranked candidate
1,historical-rate,-1,2022,0.607407407407,1.26707929226,0.725925925926,270,54,54,0,5,rank_available,TDs per ranked candidate
1,historical-rate,-1,2022,0.62962962963,1.10963974637,0.814814814815,540,54,54,0,10,rank_available,TDs per ranked candidate
1,historical-rate,-1,2022,1.05555555556,1.64059095861,1,54,54,54,0,1,rank_in_slot,TDs per ranked candidate
1,historical-rate,-1,2022,1.03086419753,1.5457286255,0.969135802469,162,54,54,0,3,rank_in_slot,TDs per ranked candidate
1,historical-rate,-1,2022,0.985185185185,1.4832611167,0.903703703704,270,54,54,0,5,rank_in_slot,TDs per ranked candidate
1,historical-rate,-1,2022,0.874074074074,1.34524129413,0.861111111111,540,54,54,0,10,rank_in_slot,TDs per ranked candidate
1,no-vegas,-1,2022,0.833333333333,1.19794271634,0.962962962963,54,54,54,0,1,rank_available,TDs per ranked candidate
1,no-vegas,-1,2022,0.895061728395,1.104314695,0.969135802469,162,54,54,0,3,rank_available,TDs per ranked candidate
1,no-vegas,-1,2022,0.851851851852,1.04431452471,0.97037037037,270,54,54,0,5,rank_available,TDs per ranked candidate
1,no-vegas,-1,2022,0.777777777778,0.949298059879,0.959259259259,540,54,54,0,10,rank_available,TDs per ranked candidate
1,no-vegas,-1,2022,1.33333333333,1.54094495636,1,54,54,54,0,1,rank_in_slot,TDs per ranked candidate
1,no-vegas,-1,2022,1.17901234568,1.39315623765,0.993827160494,162,54,54,0,3,rank_in_slot,TDs per ranked candidate
1,no-vegas,-1,2022,1.10740740741,1.30868072591,0.996296296296,270,54,54,0,5,rank_in_slot,TDs per ranked candidate
1,no-vegas,-1,2022,0.983333333333,1.16127426752,0.987037037037,540,54,54,0,10,rank_in_slot,TDs per ranked candidate
1,player-vegas,-1,2022,0.759259259259,1.24794690746,0.87037037037,54,54,54,0,1,rank_available,TDs per ranked candidate
1,player-vegas,-1,2022,0.746913580247,1.15177209568,0.814814814815,162,54,54,0,3,rank_available,TDs per ranked candidate
1,player-vegas,-1,2022,0.666666666667,1.09795352401,0.814814814815,270,54,54,0,5,rank_available,TDs per ranked candidate
1,player-vegas,-1,2022,0.65,1.00520799899,0.827777777778,540,54,54,0,10,rank_available,TDs per ranked candidate
1,player-vegas,-1,2022,1.35185185185,1.74026004926,1,54,54,54,0,1,rank_in_slot,TDs per ranked candidate
1,player-vegas,-1,2022,1.19135802469,1.56024492216,1,162,54,54,0,3,rank_in_slot,TDs per ranked candidate
1,player-vegas,-1,2022,1.1037037037,1.43703521634,0.992592592593,270,54,54,0,5,rank_in_slot,TDs per ranked candidate
1,player-vegas,-1,2022,0.957407407407,1.26343870253,0.931481481481,540,54,54,0,10,rank_in_slot,TDs per ranked candidate
1,random,0,2022,0.333333333333,1.77928533428,0.759259259259,54,54,54,0,1,rank_available,TDs per ranked candidate
1,random,0,2022,0.302469135802,1.5743513266,0.740740740741,162,54,54,0,3,rank_available,TDs per ranked candidate
1,random,0,2022,0.303703703704,1.44005742681,0.677777777778,270,54,54,0,5,rank_available,TDs per ranked candidate
1,random,0,2022,0.340740740741,1.22376947865,0.722222222222,540,54,54,0,10,rank_available,TDs per ranked candidate
1,random,0,2022,0.333333333333,1.77965841597,0.759259259259,54,54,54,0,1,rank_in_slot,TDs per ranked candidate
1,random,0,2022,0.314814814815,1.57645591726,0.759259259259,162,54,54,0,3,rank_in_slot,TDs per ranked candidate
1,random,0,2022,0.392592592593,1.46014043823,0.714814814815,270,54,54,0,5,rank_in_slot,TDs per ranked candidate
1,random,0,2022,0.442592592593,1.26344181337,0.759259259259,540,54,54,0,10,rank_in_slot,TDs per ranked candidate
1,random,1,2022,0.203703703704,1.77931044243,0.555555555556,54,54,54,0,1,rank_available,TDs per ranked candidate
1,random,1,2022,0.240740740741,1.57614465335,0.679012345679,162,54,54,0,3,rank_available,TDs per ranked candidate
1,random,1,2022,0.218518518519,1.45675022404,0.651851851852,270,54,54,0,5,rank_available,TDs per ranked candidate
1,random,1,2022,0.287037037037,1.24190372601,0.716666666667,540,54,54,0,10,rank_available,TDs per ranked candidate
1,random,1,2022,0.203703703704,1.77931044243,0.555555555556,54,54,54,0,1,rank_in_slot,TDs per ranked candidate
1,random,1,2022,0.246913580247,1.58088978395,0.691358024691,162,54,54,0,3,rank_in_slot,TDs per ranked candidate
1,random,1,2022,0.222222222222,1.46192753576,0.655555555556,270,54,54,0,5,rank_in_slot,TDs per ranked candidate
1,random,1,2022,0.377777777778,1.26311495006,0.75,540,54,54,0,10,rank_in_slot,TDs per ranked candidate
1,random,2,2022,0.0925925925926,1.77510119319,0.592592592593,54,54,54,0,1,rank_available,TDs per ranked candidate
1,random,2,2022,0.222222222222,1.56483655577,0.648148148148,162,54,54,0,3,rank_available,TDs per ranked candidate
1,random,2,2022,0.225925925926,1.44449087332,0.674074074074,270,54,54,0,5,rank_available,TDs per ranked candidate
1,random,2,2022,0.27962962963,1.241744485,0.661111111111,540,54,54,0,10,rank_available,TDs per ranked candidate
1,random,2,2022,0.0925925925926,1.77990353537,0.592592592593,54,54,54,0,1,rank_in_slot,TDs per ranked candidate
1,random,2,2022,0.240740740741,1.57742122598,0.654320987654,162,54,54,0,3,rank_in_slot,TDs per ranked candidate
1,random,2,2022,0.255555555556,1.46064322474,0.696296296296,270,54,54,0,5,rank_in_slot,TDs per ranked candidate
1,random,2,2022,0.32037037037,1.26129529516,0.683333333333,540,54,54,0,10,rank_in_slot,TDs per ranked candidate
1,random,3,2022,0.148148148148,1.77075477991,0.666666666667,54,54,54,0,1,rank_available,TDs per ranked candidate
1,random,3,2022,0.265432098765,1.57541483208,0.679012345679,162,54,54,0,3,rank_available,TDs per ranked candidate
1,random,3,2022,0.351851851852,1.45236999654,0.696296296296,270,54,54,0,5,rank_available,TDs per ranked candidate
1,random,3,2022,0.327777777778,1.242777351,0.696296296296,540,54,54,0,10,rank_available,TDs per ranked candidate
1,random,3,2022,0.148148148148,1.77075477991,0.666666666667,54,54,54,0,1,rank_in_slot,TDs per ranked candidate
1,random,3,2022,0.265432098765,1.57541483208,0.679012345679,162,54,54,0,3,rank_in_slot,TDs per ranked candidate
1,random,3,2022,0.381481481481,1.45866994672,0.703703703704,270,54,54,0,5,rank_in_slot,TDs per ranked candidate
1,random,3,2022,0.372222222222,1.26175349371,0.714814814815,540,54,54,0,10,rank_in_slot,TDs per ranked candidate
1,random,4,2022,0.0925925925926,1.77639216059,0.481481481481,54,54,54,0,1,rank_available,TDs per ranked candidate
1,random,4,2022,0.203703703704,1.5699826981,0.537037037037,162,54,54,0,3,rank_available,TDs per ranked candidate
1,random,4,2022,0.292592592593,1.43994076369,0.637037037037,270,54,54,0,5,rank_available,TDs per ranked candidate
1,random,4,2022,0.309259259259,1.23220302402,0.7,540,54,54,0,10,rank_available,TDs per ranked candidate
1,random,4,2022,0.111111111111,1.77800319952,0.5,54,54,54,0,1,rank_in_slot,TDs per ranked candidate
1,random,4,2022,0.320987654321,1.58278890057,0.586419753086,162,54,54,0,3,rank_in_slot,TDs per ranked candidate
1,random,4,2022,0.385185185185,1.46233696781,0.67037037037,270,54,54,0,5,rank_in_slot,TDs per ranked candidate
1,random,4,2022,0.383333333333,1.26212649376,0.709259259259,540,54,54,0,10,rank_in_slot,TDs per ranked candidate
1,random,5,2022,0.351851851852,1.76920855379,0.777777777778,54,54,54,0,1,rank_available,TDs per ranked candidate
1,random,5,2022,0.320987654321,1.5621518062,0.703703703704,162,54,54,0,3,rank_available,TDs per ranked candidate
1,random,5,2022,0.314814814815,1.44048537833,0.714814814815,270,54,54,0,5,rank_available,TDs per ranked candidate
1,random,5,2022,0.346296296296,1.23687189345,0.690740740741,540,54,54,0,10,rank_available,TDs per ranked candidate
1,random,5,2022,0.388888888889,1.78265685668,0.814814814815,54,54,54,0,1,rank_in_slot,TDs per ranked candidate
1,random,5,2022,0.37037037037,1.5801069497,0.728395061728,162,54,54,0,3,rank_in_slot,TDs per ranked candidate
1,random,5,2022,0.37037037037,1.46160851632,0.740740740741,270,54,54,0,5,rank_in_slot,TDs per ranked candidate
1,random,5,2022,0.411111111111,1.26325114247,0.724074074074,540,54,54,0,10,rank_in_slot,TDs per ranked candidate
1,random,6,2022,0.333333333333,1.73963691006,0.666666666667,54,54,54,0,1,rank_available,TDs per ranked candidate
1,random,6,2022,0.191358024691,1.5363621239,0.586419753086,162,54,54,0,3,rank_available,TDs per ranked candidate
1,random,6,2022,0.240740740741,1.41978424188,0.637037037037,270,54,54,0,5,rank_available,TDs per ranked candidate
1,random,6,2022,0.316666666667,1.22591147314,0.692592592593,540,54,54,0,10,rank_available,TDs per ranked candidate
1,random,6,2022,0.37037037037,1.75179034085,0.703703703704,54,54,54,0,1,rank_in_slot,TDs per ranked candidate
1,random,6,2022,0.29012345679,1.57093166945,0.635802469136,162,54,54,0,3,rank_in_slot,TDs per ranked candidate
1,random,6,2022,0.322222222222,1.45677864514,0.674074074074,270,54,54,0,5,rank_in_slot,TDs per ranked candidate
1,random,6,2022,0.337037037037,1.26004941086,0.707407407407,540,54,54,0,10,rank_in_slot,TDs per ranked candidate
1,random,7,2022,0.611111111111,1.70008710335,0.944444444444,54,54,54,0,1,rank_available,TDs per ranked candidate
1,random,7,2022,0.518518518519,1.52378133411,0.882716049383,162,54,54,0,3,rank_available,TDs per ranked candidate
1,random,7,2022,0.411111111111,1.41328891993,0.814814814815,270,54,54,0,5,rank_available,TDs per ranked candidate
1,random,7,2022,0.316666666667,1.22286415015,0.753703703704,540,54,54,0,10,rank_available,TDs per ranked candidate
1,random,7,2022,0.740740740741,1.78075652084,0.962962962963,54,54,54,0,1,rank_in_slot,TDs per ranked candidate
1,random,7,2022,0.635802469136,1.58087163114,0.91975308642,162,54,54,0,3,rank_in_slot,TDs per ranked candidate
1,random,7,2022,0.507407407407,1.46300158026,0.855555555556,270,54,54,0,5,rank_in_slot,TDs per ranked candidate
1,random,7,2022,0.396296296296,1.26392500807,0.777777777778,540,54,54,0,10,rank_in_slot,TDs per ranked candidate
1,random,8,2022,0.296296296296,1.75782965897,0.685185185185,54,54,54,0,1,rank_available,TDs per ranked candidate
1,random,8,2022,0.33950617284,1.5632765616,0.685185185185,162,54,54,0,3,rank_available,TDs per ranked candidate
1,random,8,2022,0.344444444444,1.44181277704,0.692592592593,270,54,54,0,5,rank_available,TDs per ranked candidate
1,random,8,2022,0.361111111111,1.239235623,0.705555555556,540,54,54,0,10,rank_available,TDs per ranked candidate
1,random,8,2022,0.296296296296,1.76210823001,0.685185185185,54,54,54,0,1,rank_in_slot,TDs per ranked candidate
1,random,8,2022,0.376543209877,1.57784062582,0.703703703704,162,54,54,0,3,rank_in_slot,TDs per ranked candidate
1,random,8,2022,0.411111111111,1.45943851347,0.711111111111,270,54,54,0,5,rank_in_slot,TDs per ranked candidate
1,random,8,2022,0.416666666667,1.26022982061,0.718518518519,540,54,54,0,10,rank_in_slot,TDs per ranked candidate
1,random,9,2022,0.277777777778,1.74019638205,0.722222222222,54,54,54,0,1,rank_available,TDs per ranked candidate
1,random,9,2022,0.172839506173,1.54522821379,0.703703703704,162,54,54,0,3,rank_available,TDs per ranked candidate
1,random,9,2022,0.203703703704,1.42706750583,0.692592592593,270,54,54,0,5,rank_available,TDs per ranked candidate
1,random,9,2022,0.285185185185,1.22570050413,0.722222222222,540,54,54,0,10,rank_available,TDs per ranked candidate
1,random,9,2022,0.388888888889,1.77564904586,0.759259259259,54,54,54,0,1,rank_in_slot,TDs per ranked candidate
1,random,9,2022,0.222222222222,1.58071866836,0.746913580247,162,54,54,0,3,rank_in_slot,TDs per ranked candidate
1,random,9,2022,0.255555555556,1.46252947948,0.725925925926,270,54,54,0,5,rank_in_slot,TDs per ranked candidate
1,random,9,2022,0.353703703704,1.26353233589,0.744444444444,540,54,54,0,10,rank_in_slot,TDs per ranked candidate
1,random,10,2022,0.185185185185,1.77848166347,0.574074074074,54,54,54,0,1,rank_available,TDs per ranked candidate
1,random,10,2022,0.228395061728,1.57558421768,0.635802469136,162,54,54,0,3,rank_available,TDs per ranked candidate
1,random,10,2022,0.262962962963,1.44473757302,0.7,270,54,54,0,5,rank_available,TDs per ranked candidate
1,random,10,2022,0.298148148148,1.23950300325,0.703703703704,540,54,54,0,10,rank_available,TDs per ranked candidate
1,random,10,2022,0.185185185185,1.77848166347,0.574074074074,54,54,54,0,1,rank_in_slot,TDs per ranked candidate
1,random,10,2022,0.240740740741,1.5789569927,0.635802469136,162,54,54,0,3,rank_in_slot,TDs per ranked candidate
1,random,10,2022,0.318518518519,1.46033401653,0.72962962963,270,54,54,0,5,rank_in_slot,TDs per ranked candidate
1,random,10,2022,0.344444444444,1.26115692434,0.72037037037,540,54,54,0,10,rank_in_slot,TDs per ranked candidate
1,random,11,2022,0.166666666667,1.76131988673,0.722222222222,54,54,54,0,1,rank_available,TDs per ranked candidate
1,random,11,2022,0.333333333333,1.56343583941,0.703703703704,162,54,54,0,3,rank_available,TDs per ranked candidate
1,random,11,2022,0.262962962963,1.44193719253,0.685185185185,270,54,54,0,5,rank_available,TDs per ranked candidate
1,random,11,2022,0.288888888889,1.23880032554,0.675925925926,540,54,54,0,10,rank_available,TDs per ranked candidate
1,random,11,2022,0.185185185185,1.78260591825,0.722222222222,54,54,54,0,1,rank_in_slot,TDs per ranked candidate
1,random,11,2022,0.345679012346,1.5807353265,0.728395061728,162,54,54,0,3,rank_in_slot,TDs per ranked candidate
1,random,11,2022,0.32962962963,1.46224414308,0.714814814815,270,54,54,0,5,rank_in_slot,TDs per ranked candidate
1,random,11,2022,0.351851851852,1.26328325698,0.705555555556,540,54,54,0,10,rank_in_slot,TDs per ranked candidate
1,random,12,2022,0.388888888889,1.78018047883,0.796296296296,54,54,54,0,1,rank_available,TDs per ranked candidate
1,random,12,2022,0.407407407407,1.57136263785,0.765432098765,162,54,54,0,3,rank_available,TDs per ranked candidate
1,random,12,2022,0.314814814815,1.45211457962,0.744444444444,270,54,54,0,5,rank_available,TDs per ranked candidate
1,random,12,2022,0.342592592593,1.24463160899,0.744444444444,540,54,54,0,10,rank_available,TDs per ranked candidate
1,random,12,2022,0.388888888889,1.78018047883,0.796296296296,54,54,54,0,1,rank_in_slot,TDs per ranked candidate
1,random,12,2022,0.432098765432,1.57882519182,0.777777777778,162,54,54,0,3,rank_in_slot,TDs per ranked candidate
1,random,12,2022,0.32962962963,1.46104520517,0.755555555556,270,54,54,0,5,rank_in_slot,TDs per ranked candidate
1,random,12,2022,0.407407407407,1.26141818196,0.764814814815,540,54,54,0,10,rank_in_slot,TDs per ranked candidate
1,random,13,2022,0.314814814815,1.76601859629,0.740740740741,54,54,54,0,1,rank_available,TDs per ranked candidate
1,random,13,2022,0.358024691358,1.55822831644,0.777777777778,162,54,54,0,3,rank_available,TDs per ranked candidate
1,random,13,2022,0.27037037037,1.43583571528,0.688888888889,270,54,54,0,5,rank_available,TDs per ranked candidate
1,random,13,2022,0.272222222222,1.23674845229,0.67962962963,540,54,54,0,10,rank_available,TDs per ranked candidate
1,random,13,2022,0.296296296296,1.77177424894,0.740740740741,54,54,54,0,1,rank_in_slot,TDs per ranked candidate
1,random,13,2022,0.425925925926,1.5786427246,0.802469135802,162,54,54,0,3,rank_in_slot,TDs per ranked candidate
1,random,13,2022,0.337037037037,1.46209445641,0.718518518519,270,54,54,0,5,rank_in_slot,TDs per ranked candidate
1,random,13,2022,0.355555555556,1.26376082368,0.711111111111,540,54,54,0,10,rank_in_slot,TDs per ranked candidate
1,random,14,2022,0.296296296296,1.74080310195,0.685185185185,54,54,54,0,1,rank_available,TDs per ranked candidate
1,random,14,2022,0.333333333333,1.52503652426,0.771604938272,162,54,54,0,3,rank_available,TDs per ranked candidate
1,random,14,2022,0.348148148148,1.40143846371,0.744444444444,270,54,54,0,5,rank_available,TDs per ranked candidate
1,random,14,2022,0.385185185185,1.20288262045,0.762962962963,540,54,54,0,10,rank_available,TDs per ranked candidate
1,random,14,2022,0.407407407407,1.77843224121,0.703703703704,54,54,54,0,1,rank_in_slot,TDs per ranked candidate
1,random,14,2022,0.543209876543,1.5755103104,0.808641975309,162,54,54,0,3,rank_in_slot,TDs per ranked candidate
1,random,14,2022,0.448148148148,1.45870031635,0.788888888889,270,54,54,0,5,rank_in_slot,TDs per ranked candidate
1,random,14,2022,0.52037037037,1.2608767124,0.8,540,54,54,0,10,rank_in_slot,TDs per ranked candidate
1,random,15,2022,0.277777777778,1.77349442047,0.666666666667,54,54,54,0,1,rank_available,TDs per ranked candidate
1,random,15,2022,0.296296296296,1.5581622099,0.691358024691,162,54,54,0,3,rank_available,TDs per ranked candidate
1,random,15,2022,0.240740740741,1.43411268314,0.685185185185,270,54,54,0,5,rank_available,TDs per ranked candidate
1,random,15,2022,0.27962962963,1.23718645983,0.681481481481,540,54,54,0,10,rank_available,TDs per ranked candidate
1,random,15,2022,0.277777777778,1.77349442047,0.666666666667,54,54,54,0,1,rank_in_slot,TDs per ranked candidate
1,random,15,2022,0.407407407407,1.58019250693,0.70987654321,162,54,54,0,3,rank_in_slot,TDs per ranked candidate
1,random,15,2022,0.340740740741,1.46145125257,0.718518518519,270,54,54,0,5,rank_in_slot,TDs per ranked candidate
1,random,15,2022,0.312962962963,1.26236831619,0.694444444444,540,54,54,0,10,rank_in_slot,TDs per ranked candidate
1,random,16,2022,0.240740740741,1.75441513371,0.62962962963,54,54,54,0,1,rank_available,TDs per ranked candidate
1,random,16,2022,0.33950617284,1.5651077725,0.672839506173,162,54,54,0,3,rank_available,TDs per ranked candidate
1,random,16,2022,0.32962962963,1.43892760122,0.688888888889,270,54,54,0,5,rank_available,TDs per ranked candidate
1,random,16,2022,0.303703703704,1.23620239998,0.687037037037,540,54,54,0,10,rank_available,TDs per ranked candidate
1,random,16,2022,0.259259259259,1.76560187243,0.666666666667,54,54,54,0,1,rank_in_slot,TDs per ranked candidate
1,random,16,2022,0.37037037037,1.57660193942,0.691358024691,162,54,54,0,3,rank_in_slot,TDs per ranked candidate
1,random,16,2022,0.455555555556,1.45988880709,0.740740740741,270,54,54,0,5,rank_in_slot,TDs per ranked candidate
1,random,16,2022,0.375925925926,1.26227436561,0.705555555556,540,54,54,0,10,rank_in_slot,TDs per ranked candidate
1,random,17,2022,0.407407407407,1.78332461352,0.833333333333,54,54,54,0,1,rank_available,TDs per ranked candidate
1,random,17,2022,0.314814814815,1.57373361733,0.697530864198,162,54,54,0,3,rank_available,TDs per ranked candidate
1,random,17,2022,0.251851851852,1.45572580126,0.659259259259,270,54,54,0,5,rank_available,TDs per ranked candidate
1,random,17,2022,0.246296296296,1.25666994535,0.666666666667,540,54,54,0,10,rank_available,TDs per ranked candidate
1,random,17,2022,0.407407407407,1.78332461352,0.833333333333,54,54,54,0,1,rank_in_slot,TDs per ranked candidate
1,random,17,2022,0.333333333333,1.58397149849,0.70987654321,162,54,54,0,3,rank_in_slot,TDs per ranked candidate
1,random,17,2022,0.262962962963,1.46479918848,0.662962962963,270,54,54,0,5,rank_in_slot,TDs per ranked candidate
1,random,17,2022,0.253703703704,1.26475218179,0.67037037037,540,54,54,0,10,rank_in_slot,TDs per ranked candidate
1,random,18,2022,0.240740740741,1.76938701484,0.685185185185,54,54,54,0,1,rank_available,TDs per ranked candidate
1,random,18,2022,0.333333333333,1.53655345118,0.728395061728,162,54,54,0,3,rank_available,TDs per ranked candidate
1,random,18,2022,0.340740740741,1.41730464828,0.748148148148,270,54,54,0,5,rank_available,TDs per ranked candidate
1,random,18,2022,0.364814814815,1.21937285189,0.766666666667,540,54,54,0,10,rank_available,TDs per ranked candidate
1,random,18,2022,0.203703703704,1.77917453531,0.685185185185,54,54,54,0,1,rank_in_slot,TDs per ranked candidate
1,random,18,2022,0.425925925926,1.57939530568,0.759259259259,162,54,54,0,3,rank_in_slot,TDs per ranked candidate
1,random,18,2022,0.42962962963,1.46194963395,0.777777777778,270,54,54,0,5,rank_in_slot,TDs per ranked candidate
1,random,18,2022,0.409259259259,1.26173822372,0.775925925926,540,54,54,0,10,rank_in_slot,TDs per ranked candidate
1,random,19,2022,0.481481481481,1.64804571695,0.722222222222,54,54,54,0,1,rank_available,TDs per ranked candidate
1,random,19,2022,0.29012345679,1.50980151523,0.697530864198,162,54,54,0,3,rank_available,TDs per ranked candidate
1,random,19,2022,0.362962962963,1.40023888865,0.733333333333,270,54,54,0,5,rank_available,TDs per ranked candidate
1,random,19,2022,0.361111111111,1.21395300739,0.718518518519,540,54,54,0,10,rank_available,TDs per ranked candidate
1,random,19,2022,0.907407407407,1.77115770774,0.925925925926,54,54,54,0,1,rank_in_slot,TDs per ranked candidate
1,random,19,2022,0.41975308642,1.57517566969,0.746913580247,162,54,54,0,3,rank_in_slot,TDs per ranked candidate
1,random,19,2022,0.444444444444,1.45761687089,0.755555555556,270,54,54,0,5,rank_in_slot,TDs per ranked candidate
1,random,19,2022,0.437037037037,1.26168417949,0.748148148148,540,54,54,0,10,rank_in_slot,TDs per ranked candidate
1,regressed-rate,-1,2022,0.666666666667,1.23575432463,0.907407407407,54,54,54,0,1,rank_available,TDs per ranked candidate
1,regressed-rate,-1,2022,0.728395061728,1.14988593619,0.913580246914,162,54,54,0,3,rank_available,TDs per ranked candidate
1,regressed-rate,-1,2022,0.662962962963,1.08901902078,0.885185185185,270,54,54,0,5,rank_available,TDs per ranked candidate
1,regressed-rate,-1,2022,0.603703703704,0.994383092678,0.82962962963,540,54,54,0,10,rank_available,TDs per ranked candidate
1,regressed-rate,-1,2022,1.07407407407,1.391936647,1,54,54,54,0,1,rank_in_slot,TDs per ranked candidate
1,regressed-rate,-1,2022,1.08024691358,1.33076126573,0.993827160494,162,54,54,0,3,rank_in_slot,TDs per ranked candidate
1,regressed-rate,-1,2022,1.01851851852,1.28002177675,0.996296296296,270,54,54,0,5,rank_in_slot,TDs per ranked candidate
1,regressed-rate,-1,2022,0.944444444444,1.1625481751,0.95,540,54,54,0,10,rank_in_slot,TDs per ranked candidate
1,shipped,-1,2022,0.888888888889,1.24649842861,0.962962962963,54,54,54,0,1,rank_available,TDs per ranked candidate
1,shipped,-1,2022,0.91975308642,1.1494656277,0.975308641975,162,54,54,0,3,rank_available,TDs per ranked candidate
1,shipped,-1,2022,0.866666666667,1.07762927822,0.974074074074,270,54,54,0,5,rank_available,TDs per ranked candidate
1,shipped,-1,2022,0.762962962963,0.966318310246,0.966666666667,540,54,54,0,10,rank_available,TDs per ranked candidate
1,shipped,-1,2022,1.42592592593,1.77498375105,1,54,54,54,0,1,rank_in_slot,TDs per ranked candidate
1,shipped,-1,2022,1.19135802469,1.58008257968,1,162,54,54,0,3,rank_in_slot,TDs per ranked candidate
1,shipped,-1,2022,1.13703703704,1.4605500181,1,270,54,54,0,5,rank_in_slot,TDs per ranked candidate
1,shipped,-1,2022,0.996296296296,1.26060609732,0.990740740741,540,54,54,0,10,rank_in_slot,TDs per ranked candidate
1,vegas-environment,-1,2022,0.703703703704,0.948868196185,0.944444444444,54,54,54,0,1,rank_available,TDs per ranked candidate
1,vegas-environment,-1,2022,0.691358024691,0.916243872591,0.932098765432,162,54,54,0,3,rank_available,TDs per ranked candidate
1,vegas-environment,-1,2022,0.659259259259,0.895126228409,0.937037037037,270,54,54,0,5,rank_available,TDs per ranked candidate
1,vegas-environment,-1,2022,0.674074074074,0.858943033008,0.937037037037,540,54,54,0,10,rank_available,TDs per ranked candidate
1,vegas-environment,-1,2022,1.09259259259,1.00772510374,1,54,54,54,0,1,rank_in_slot,TDs per ranked candidate
1,vegas-environment,-1,2022,1.02469135802,0.975317683496,0.975308641975,162,54,54,0,3,rank_in_slot,TDs per ranked candidate
1,vegas-environment,-1,2022,0.955555555556,0.947916793718,0.977777777778,270,54,54,0,5,rank_in_slot,TDs per ranked candidate
1,vegas-environment,-1,2022,0.9,0.912952221673,0.964814814815,540,54,54,0,10,rank_in_slot,TDs per ranked candidate
1,within-player,0,2022,0.814814814815,1.27533148086,0.925925925926,54,54,54,0,1,rank_available,TDs per ranked candidate
1,within-player,0,2022,0.83950617284,1.15693545299,0.950617283951,162,54,54,0,3,rank_available,TDs per ranked candidate
1,within-player,0,2022,0.777777777778,1.08421375056,0.962962962963,270,54,54,0,5,rank_available,TDs per ranked candidate
1,within-player,0,2022,0.740740740741,0.972687833938,0.962962962963,540,54,54,0,10,rank_available,TDs per ranked candidate
1,within-player,0,2022,1.22222222222,1.76011159013,1,54,54,54,0,1,rank_in_slot,TDs per ranked candidate
1,within-player,0,2022,1.16049382716,1.56976037545,1,162,54,54,0,3,rank_in_slot,TDs per ranked candidate
1,within-player,0,2022,1.11481481481,1.44419122761,0.996296296296,270,54,54,0,5,rank_in_slot,TDs per ranked candidate
1,within-player,0,2022,0.975925925926,1.25914126747,0.987037037037,540,54,54,0,10,rank_in_slot,TDs per ranked candidate
1,within-player,1,2022,0.833333333333,1.29523848523,0.962962962963,54,54,54,0,1,rank_available,TDs per ranked candidate
1,within-player,1,2022,0.87037037037,1.16110685731,0.962962962963,162,54,54,0,3,rank_available,TDs per ranked candidate
1,within-player,1,2022,0.814814814815,1.08284315725,0.97037037037,270,54,54,0,5,rank_available,TDs per ranked candidate
1,within-player,1,2022,0.718518518519,0.969035862827,0.953703703704,540,54,54,0,10,rank_available,TDs per ranked candidate
1,within-player,1,2022,1.22222222222,1.7293314101,1,54,54,54,0,1,rank_in_slot,TDs per ranked candidate
1,within-player,1,2022,1.12962962963,1.54883794455,1,162,54,54,0,3,rank_in_slot,TDs per ranked candidate
1,within-player,1,2022,1.11111111111,1.42770374227,0.996296296296,270,54,54,0,5,rank_in_slot,TDs per ranked candidate
1,within-player,1,2022,1.00925925926,1.24333407314,0.988888888889,540,54,54,0,10,rank_in_slot,TDs per ranked candidate
1,within-player,2,2022,0.777777777778,1.26448058952,0.925925925926,54,54,54,0,1,rank_available,TDs per ranked candidate
1,within-player,2,2022,0.858024691358,1.15895990929,0.969135802469,162,54,54,0,3,rank_available,TDs per ranked candidate
1,within-player,2,2022,0.803703703704,1.08797452602,0.977777777778,270,54,54,0,5,rank_available,TDs per ranked candidate
1,within-player,2,2022,0.712962962963,0.972073280361,0.957407407407,540,54,54,0,10,rank_available,TDs per ranked candidate
1,within-player,2,2022,1.14814814815,1.76936699214,1,54,54,54,0,1,rank_in_slot,TDs per ranked candidate
1,within-player,2,2022,1.24691358025,1.57186550924,1,162,54,54,0,3,rank_in_slot,TDs per ranked candidate
1,within-player,2,2022,1.14444444444,1.45538345189,1,270,54,54,0,5,rank_in_slot,TDs per ranked candidate
1,within-player,2,2022,0.975925925926,1.26425928704,0.994444444444,540,54,54,0,10,rank_in_slot,TDs per ranked candidate
1,within-player,3,2022,0.851851851852,1.28481798245,0.962962962963,54,54,54,0,1,rank_available,TDs per ranked candidate
1,within-player,3,2022,0.833333333333,1.15628710355,0.962962962963,162,54,54,0,3,rank_available,TDs per ranked candidate
1,within-player,3,2022,0.792592592593,1.08345893909,0.966666666667,270,54,54,0,5,rank_available,TDs per ranked candidate
1,within-player,3,2022,0.724074074074,0.966366320539,0.962962962963,540,54,54,0,10,rank_available,TDs per ranked candidate
1,within-player,3,2022,1.2037037037,1.77202300179,1,54,54,54,0,1,rank_in_slot,TDs per ranked candidate
1,within-player,3,2022,1.1975308642,1.57727109175,1,162,54,54,0,3,rank_in_slot,TDs per ranked candidate
1,within-player,3,2022,1.07777777778,1.45494686302,1,270,54,54,0,5,rank_in_slot,TDs per ranked candidate
1,within-player,3,2022,0.974074074074,1.26141498877,0.994444444444,540,54,54,0,10,rank_in_slot,TDs per ranked candidate
1,within-player,4,2022,0.666666666667,1.27865213822,0.962962962963,54,54,54,0,1,rank_available,TDs per ranked candidate
1,within-player,4,2022,0.833333333333,1.16926151653,0.969135802469,162,54,54,0,3,rank_available,TDs per ranked candidate
1,within-player,4,2022,0.777777777778,1.09820694613,0.97037037037,270,54,54,0,5,rank_available,TDs per ranked candidate
1,within-player,4,2022,0.718518518519,0.977434799745,0.961111111111,540,54,54,0,10,rank_available,TDs per ranked candidate
1,within-player,4,2022,1.18518518519,1.76499776282,1,54,54,54,0,1,rank_in_slot,TDs per ranked candidate
1,within-player,4,2022,1.13580246914,1.58194389701,1,162,54,54,0,3,rank_in_slot,TDs per ranked candidate
1,within-player,4,2022,1.11851851852,1.46199159862,1,270,54,54,0,5,rank_in_slot,TDs per ranked candidate
1,within-player,4,2022,0.966666666667,1.26928181181,0.990740740741,540,54,54,0,10,rank_in_slot,TDs per ranked candidate
1,within-player,5,2022,0.796296296296,1.29158127281,0.944444444444,54,54,54,0,1,rank_available,TDs per ranked candidate
1,within-player,5,2022,0.759259259259,1.16208882617,0.969135802469,162,54,54,0,3,rank_available,TDs per ranked candidate
1,within-player,5,2022,0.744444444444,1.09042497401,0.974074074074,270,54,54,0,5,rank_available,TDs per ranked candidate
1,within-player,5,2022,0.727777777778,0.976858585395,0.962962962963,540,54,54,0,10,rank_available,TDs per ranked candidate
1,within-player,5,2022,1.2037037037,1.75809052871,1,54,54,54,0,1,rank_in_slot,TDs per ranked candidate
1,within-player,5,2022,1.13580246914,1.56732319927,1,162,54,54,0,3,rank_in_slot,TDs per ranked candidate
1,within-player,5,2022,1.06666666667,1.44888525053,1,270,54,54,0,5,rank_in_slot,TDs per ranked candidate
1,within-player,5,2022,0.957407407407,1.25975347427,0.992592592593,540,54,54,0,10,rank_in_slot,TDs per ranked candidate
1,within-player,6,2022,0.740740740741,1.26261589772,0.925925925926,54,54,54,0,1,rank_available,TDs per ranked candidate
1,within-player,6,2022,0.814814814815,1.149148356,0.969135802469,162,54,54,0,3,rank_available,TDs per ranked candidate
1,within-player,6,2022,0.777777777778,1.07729790048,0.974074074074,270,54,54,0,5,rank_available,TDs per ranked candidate
1,within-player,6,2022,0.757407407407,0.964607704993,0.964814814815,540,54,54,0,10,rank_available,TDs per ranked candidate
1,within-player,6,2022,1.2037037037,1.73818291989,1,54,54,54,0,1,rank_in_slot,TDs per ranked candidate
1,within-player,6,2022,1.09259259259,1.55324988463,1,162,54,54,0,3,rank_in_slot,TDs per ranked candidate
1,within-player,6,2022,1.07777777778,1.44253757298,1,270,54,54,0,5,rank_in_slot,TDs per ranked candidate
1,within-player,6,2022,0.968518518519,1.25396251698,0.994444444444,540,54,54,0,10,rank_in_slot,TDs per ranked candidate
1,within-player,7,2022,0.833333333333,1.26810370687,0.981481481481,54,54,54,0,1,rank_available,TDs per ranked candidate
1,within-player,7,2022,0.87037037037,1.15484249981,0.981481481481,162,54,54,0,3,rank_available,TDs per ranked candidate
1,within-player,7,2022,0.833333333333,1.08255511479,0.981481481481,270,54,54,0,5,rank_available,TDs per ranked candidate
1,within-player,7,2022,0.759259259259,0.967212841265,0.964814814815,540,54,54,0,10,rank_available,TDs per ranked candidate
1,within-player,7,2022,1.18518518519,1.76777042159,1,54,54,54,0,1,rank_in_slot,TDs per ranked candidate
1,within-player,7,2022,1.17283950617,1.58937336024,1,162,54,54,0,3,rank_in_slot,TDs per ranked candidate
1,within-player,7,2022,1.07037037037,1.45658915755,1,270,54,54,0,5,rank_in_slot,TDs per ranked candidate
1,within-player,7,2022,0.985185185185,1.26008244886,0.994444444444,540,54,54,0,10,rank_in_slot,TDs per ranked candidate
1,within-player,8,2022,0.888888888889,1.26257564994,0.944444444444,54,54,54,0,1,rank_available,TDs per ranked candidate
1,within-player,8,2022,0.845679012346,1.15039641904,0.969135802469,162,54,54,0,3,rank_available,TDs per ranked candidate
1,within-player,8,2022,0.792592592593,1.0807430628,0.966666666667,270,54,54,0,5,rank_available,TDs per ranked candidate
1,within-player,8,2022,0.748148148148,0.968314992726,0.964814814815,540,54,54,0,10,rank_available,TDs per ranked candidate
1,within-player,8,2022,1.22222222222,1.77117285911,1,54,54,54,0,1,rank_in_slot,TDs per ranked candidate
1,within-player,8,2022,1.17283950617,1.57918271024,1,162,54,54,0,3,rank_in_slot,TDs per ranked candidate
1,within-player,8,2022,1.08888888889,1.45152631443,1,270,54,54,0,5,rank_in_slot,TDs per ranked candidate
1,within-player,8,2022,0.951851851852,1.25461524086,0.990740740741,540,54,54,0,10,rank_in_slot,TDs per ranked candidate
1,within-player,9,2022,0.962962962963,1.26475879183,0.981481481481,54,54,54,0,1,rank_available,TDs per ranked candidate
1,within-player,9,2022,0.913580246914,1.15133459579,0.969135802469,162,54,54,0,3,rank_available,TDs per ranked candidate
1,within-player,9,2022,0.818518518519,1.08201860854,0.97037037037,270,54,54,0,5,rank_available,TDs per ranked candidate
1,within-player,9,2022,0.740740740741,0.969224119644,0.962962962963,540,54,54,0,10,rank_available,TDs per ranked candidate
1,within-player,9,2022,1.2962962963,1.74645285838,1,54,54,54,0,1,rank_in_slot,TDs per ranked candidate
1,within-player,9,2022,1.17283950617,1.55810473655,1,162,54,54,0,3,rank_in_slot,TDs per ranked candidate
1,within-player,9,2022,1.11851851852,1.44043749868,1,270,54,54,0,5,rank_in_slot,TDs per ranked candidate
1,within-player,9,2022,0.975925925926,1.25280144734,0.990740740741,540,54,54,0,10,rank_in_slot,TDs per ranked candidate
1,within-player,10,2022,0.796296296296,1.30909627811,0.962962962963,54,54,54,0,1,rank_available,TDs per ranked candidate
1,within-player,10,2022,0.864197530864,1.17608385735,0.962962962963,162,54,54,0,3,rank_available,TDs per ranked candidate
1,within-player,10,2022,0.840740740741,1.10080457357,0.962962962963,270,54,54,0,5,rank_available,TDs per ranked candidate
1,within-player,10,2022,0.772222222222,0.979046928939,0.964814814815,540,54,54,0,10,rank_available,TDs per ranked candidate
1,within-player,10,2022,1.12962962963,1.7643213119,1,54,54,54,0,1,rank_in_slot,TDs per ranked candidate
1,within-player,10,2022,1.11728395062,1.57651650549,1,162,54,54,0,3,rank_in_slot,TDs per ranked candidate
1,within-player,10,2022,1.08518518519,1.45549523262,1,270,54,54,0,5,rank_in_slot,TDs per ranked candidate
1,within-player,10,2022,0.998148148148,1.26427809106,0.992592592593,540,54,54,0,10,rank_in_slot,TDs per ranked candidate
1,within-player,11,2022,0.703703703704,1.27665040665,0.944444444444,54,54,54,0,1,rank_available,TDs per ranked candidate
1,within-player,11,2022,0.783950617284,1.15584963962,0.944444444444,162,54,54,0,3,rank_available,TDs per ranked candidate
1,within-player,11,2022,0.822222222222,1.08177598489,0.962962962963,270,54,54,0,5,rank_available,TDs per ranked candidate
1,within-player,11,2022,0.735185185185,0.964205978616,0.962962962963,540,54,54,0,10,rank_available,TDs per ranked candidate
1,within-player,11,2022,1.11111111111,1.74483645068,1,54,54,54,0,1,rank_in_slot,TDs per ranked candidate
1,within-player,11,2022,1.15432098765,1.56676950803,1,162,54,54,0,3,rank_in_slot,TDs per ranked candidate
1,within-player,11,2022,1.11481481481,1.4436365834,1,270,54,54,0,5,rank_in_slot,TDs per ranked candidate
1,within-player,11,2022,0.968518518519,1.25355148363,0.988888888889,540,54,54,0,10,rank_in_slot,TDs per ranked candidate
1,within-player,12,2022,0.944444444444,1.28260441311,0.944444444444,54,54,54,0,1,rank_available,TDs per ranked candidate
1,within-player,12,2022,0.907407407407,1.16584796778,0.962962962963,162,54,54,0,3,rank_available,TDs per ranked candidate
1,within-player,12,2022,0.833333333333,1.09060353437,0.97037037037,270,54,54,0,5,rank_available,TDs per ranked candidate
1,within-player,12,2022,0.75,0.971614699837,0.964814814815,540,54,54,0,10,rank_available,TDs per ranked candidate
1,within-player,12,2022,1.22222222222,1.7638377958,1,54,54,54,0,1,rank_in_slot,TDs per ranked candidate
1,within-player,12,2022,1.23456790123,1.56489289415,1,162,54,54,0,3,rank_in_slot,TDs per ranked candidate
1,within-player,12,2022,1.0962962963,1.44235782661,1,270,54,54,0,5,rank_in_slot,TDs per ranked candidate
1,within-player,12,2022,0.985185185185,1.25682658819,0.990740740741,540,54,54,0,10,rank_in_slot,TDs per ranked candidate
1,within-player,13,2022,0.907407407407,1.28906189203,0.944444444444,54,54,54,0,1,rank_available,TDs per ranked candidate
1,within-player,13,2022,0.777777777778,1.16040721375,0.962962962963,162,54,54,0,3,rank_available,TDs per ranked candidate
1,within-player,13,2022,0.796296296296,1.08313941019,0.977777777778,270,54,54,0,5,rank_available,TDs per ranked candidate
1,within-player,13,2022,0.746296296296,0.967658864082,0.966666666667,540,54,54,0,10,rank_available,TDs per ranked candidate
1,within-player,13,2022,1.2962962963,1.80205884564,1,54,54,54,0,1,rank_in_slot,TDs per ranked candidate
1,within-player,13,2022,1.16666666667,1.5900666423,1,162,54,54,0,3,rank_in_slot,TDs per ranked candidate
1,within-player,13,2022,1.11481481481,1.45878575416,1,270,54,54,0,5,rank_in_slot,TDs per ranked candidate
1,within-player,13,2022,0.975925925926,1.26100179661,0.992592592593,540,54,54,0,10,rank_in_slot,TDs per ranked candidate
1,within-player,14,2022,0.87037037037,1.29402057965,0.962962962963,54,54,54,0,1,rank_available,TDs per ranked candidate
1,within-player,14,2022,0.901234567901,1.17005847954,0.975308641975,162,54,54,0,3,rank_available,TDs per ranked candidate
1,within-player,14,2022,0.833333333333,1.09292854708,0.97037037037,270,54,54,0,5,rank_available,TDs per ranked candidate
1,within-player,14,2022,0.722222222222,0.974419330616,0.961111111111,540,54,54,0,10,rank_available,TDs per ranked candidate
1,within-player,14,2022,1.37037037037,1.77861845969,1,54,54,54,0,1,rank_in_slot,TDs per ranked candidate
1,within-player,14,2022,1.27160493827,1.59717393726,1,162,54,54,0,3,rank_in_slot,TDs per ranked candidate
1,within-player,14,2022,1.14074074074,1.46704156911,1,270,54,54,0,5,rank_in_slot,TDs per ranked candidate
1,within-player,14,2022,0.981481481481,1.27058016988,0.994444444444,540,54,54,0,10,rank_in_slot,TDs per ranked candidate
1,within-player,15,2022,0.814814814815,1.2792321754,0.962962962963,54,54,54,0,1,rank_available,TDs per ranked candidate
1,within-player,15,2022,0.83950617284,1.16095235333,0.962962962963,162,54,54,0,3,rank_available,TDs per ranked candidate
1,within-player,15,2022,0.814814814815,1.08625309831,0.974074074074,270,54,54,0,5,rank_available,TDs per ranked candidate
1,within-player,15,2022,0.722222222222,0.966312126341,0.964814814815,540,54,54,0,10,rank_available,TDs per ranked candidate
1,within-player,15,2022,1.22222222222,1.71469801528,1,54,54,54,0,1,rank_in_slot,TDs per ranked candidate
1,within-player,15,2022,1.14814814815,1.55804170364,1,162,54,54,0,3,rank_in_slot,TDs per ranked candidate
1,within-player,15,2022,1.1,1.43929952354,1,270,54,54,0,5,rank_in_slot,TDs per ranked candidate
1,within-player,15,2022,0.983333333333,1.25570232674,0.990740740741,540,54,54,0,10,rank_in_slot,TDs per ranked candidate
1,within-player,16,2022,0.962962962963,1.25333858433,0.962962962963,54,54,54,0,1,rank_available,TDs per ranked candidate
1,within-player,16,2022,0.895061728395,1.14845929443,0.962962962963,162,54,54,0,3,rank_available,TDs per ranked candidate
1,within-player,16,2022,0.822222222222,1.07684993505,0.966666666667,270,54,54,0,5,rank_available,TDs per ranked candidate
1,within-player,16,2022,0.746296296296,0.963151526887,0.961111111111,540,54,54,0,10,rank_available,TDs per ranked candidate
1,within-player,16,2022,1.27777777778,1.74293194292,1,54,54,54,0,1,rank_in_slot,TDs per ranked candidate
1,within-player,16,2022,1.2037037037,1.57270532094,1,162,54,54,0,3,rank_in_slot,TDs per ranked candidate
1,within-player,16,2022,1.08518518519,1.44811605076,0.996296296296,270,54,54,0,5,rank_in_slot,TDs per ranked candidate
1,within-player,16,2022,0.992592592593,1.2515292626,0.990740740741,540,54,54,0,10,rank_in_slot,TDs per ranked candidate
1,within-player,17,2022,0.814814814815,1.30729503056,0.962962962963,54,54,54,0,1,rank_available,TDs per ranked candidate
1,within-player,17,2022,0.814814814815,1.16740765524,0.975308641975,162,54,54,0,3,rank_available,TDs per ranked candidate
1,within-player,17,2022,0.807407407407,1.09273185822,0.977777777778,270,54,54,0,5,rank_available,TDs per ranked candidate
1,within-player,17,2022,0.744444444444,0.973957641955,0.968518518519,540,54,54,0,10,rank_available,TDs per ranked candidate
1,within-player,17,2022,1.24074074074,1.78454128169,1,54,54,54,0,1,rank_in_slot,TDs per ranked candidate
1,within-player,17,2022,1.17901234568,1.58820881796,1,162,54,54,0,3,rank_in_slot,TDs per ranked candidate
1,within-player,17,2022,1.12962962963,1.45675943452,1,270,54,54,0,5,rank_in_slot,TDs per ranked candidate
1,within-player,17,2022,1.01111111111,1.26163116889,0.996296296296,540,54,54,0,10,rank_in_slot,TDs per ranked candidate
1,within-player,18,2022,0.907407407407,1.29662430832,0.981481481481,54,54,54,0,1,rank_available,TDs per ranked candidate
1,within-player,18,2022,0.913580246914,1.16879794909,0.981481481481,162,54,54,0,3,rank_available,TDs per ranked candidate
1,within-player,18,2022,0.833333333333,1.09327603535,0.985185185185,270,54,54,0,5,rank_available,TDs per ranked candidate
1,within-player,18,2022,0.762962962963,0.976596369982,0.962962962963,540,54,54,0,10,rank_available,TDs per ranked candidate
1,within-player,18,2022,1.35185185185,1.75401782043,1,54,54,54,0,1,rank_in_slot,TDs per ranked candidate
1,within-player,18,2022,1.17901234568,1.57671382968,1,162,54,54,0,3,rank_in_slot,TDs per ranked candidate
1,within-player,18,2022,1.13703703704,1.45942700884,1,270,54,54,0,5,rank_in_slot,TDs per ranked candidate
1,within-player,18,2022,0.962962962963,1.26375790316,0.996296296296,540,54,54,0,10,rank_in_slot,TDs per ranked candidate
1,within-player,19,2022,0.944444444444,1.30024117383,0.962962962963,54,54,54,0,1,rank_available,TDs per ranked candidate
1,within-player,19,2022,0.944444444444,1.17283582826,0.969135802469,162,54,54,0,3,rank_available,TDs per ranked candidate
1,within-player,19,2022,0.87037037037,1.09730571157,0.97037037037,270,54,54,0,5,rank_available,TDs per ranked candidate
1,within-player,19,2022,0.733333333333,0.976829933716,0.962962962963,540,54,54,0,10,rank_available,TDs per ranked candidate
1,within-player,19,2022,1.33333333333,1.76443348766,1,54,54,54,0,1,rank_in_slot,TDs per ranked candidate
1,within-player,19,2022,1.23456790123,1.57291493543,1,162,54,54,0,3,rank_in_slot,TDs per ranked candidate
1,within-player,19,2022,1.10740740741,1.4525279987,1,270,54,54,0,5,rank_in_slot,TDs per ranked candidate
1,within-player,19,2022,0.990740740741,1.26533379931,0.992592592593,540,54,54,0,10,rank_in_slot,TDs per ranked candidate
1,base-rate-only,-1,2023,1,1.12017130836,0.888888888889,54,54,54,0,1,rank_available,TDs per ranked candidate
1,base-rate-only,-1,2023,0.932098765432,1.04978452401,0.913580246914,162,54,54,0,3,rank_available,TDs per ranked candidate
1,base-rate-only,-1,2023,0.885185185185,1.00261694408,0.881481481481,270,54,54,0,5,rank_available,TDs per ranked candidate
1,base-rate-only,-1,2023,0.796296296296,0.923640344037,0.846296296296,540,54,54,0,10,rank_available,TDs per ranked candidate
1,base-rate-only,-1,2023,1.31481481481,1.41674804639,1,54,54,54,0,1,rank_in_slot,TDs per ranked candidate
1,base-rate-only,-1,2023,1.24074074074,1.27787975615,1,162,54,54,0,3,rank_in_slot,TDs per ranked candidate
1,base-rate-only,-1,2023,1.1037037037,1.20050060096,0.985185185185,270,54,54,0,5,rank_in_slot,TDs per ranked candidate
1,base-rate-only,-1,2023,0.946296296296,1.08143075299,0.937037037037,540,54,54,0,10,rank_in_slot,TDs per ranked candidate
1,current-season-rate,-1,2023,0.777777777778,1.06582788696,0.944444444444,54,54,54,0,1,rank_available,TDs per ranked candidate
1,current-season-rate,-1,2023,0.895061728395,1.01703246012,0.938271604938,162,54,54,0,3,rank_available,TDs per ranked candidate
1,current-season-rate,-1,2023,0.9,0.97702996539,0.914814814815,270,54,54,0,5,rank_available,TDs per ranked candidate
1,current-season-rate,-1,2023,0.709259259259,0.912068636486,0.866666666667,540,54,54,0,10,rank_available,TDs per ranked candidate
1,current-season-rate,-1,2023,1.2037037037,1.25664232693,0.962962962963,54,54,54,0,1,rank_in_slot,TDs per ranked candidate
1,current-season-rate,-1,2023,1.04938271605,1.16647310631,0.969135802469,162,54,54,0,3,rank_in_slot,TDs per ranked candidate
1,current-season-rate,-1,2023,1.05925925926,1.11006142333,0.97037037037,270,54,54,0,5,rank_in_slot,TDs per ranked candidate
1,current-season-rate,-1,2023,0.975925925926,1.02054066141,0.955555555556,540,54,54,0,10,rank_in_slot,TDs per ranked candidate
1,historical-rate,-1,2023,0.62962962963,1.4299489998,0.574074074074,54,54,54,0,1,rank_available,TDs per ranked candidate
1,historical-rate,-1,2023,0.623456790123,1.32660745562,0.543209876543,162,54,54,0,3,rank_available,TDs per ranked candidate
1,historical-rate,-1,2023,0.666666666667,1.22758133848,0.688888888889,270,54,54,0,5,rank_available,TDs per ranked candidate
1,historical-rate,-1,2023,0.631481481481,1.07932598515,0.777777777778,540,54,54,0,10,rank_available,TDs per ranked candidate
1,historical-rate,-1,2023,0.703703703704,1.56345315904,0.814814814815,54,54,54,0,1,rank_in_slot,TDs per ranked candidate
1,historical-rate,-1,2023,0.820987654321,1.49571028,0.666666666667,162,54,54,0,3,rank_in_slot,TDs per ranked candidate
1,historical-rate,-1,2023,0.807407407407,1.40086475616,0.733333333333,270,54,54,0,5,rank_in_slot,TDs per ranked candidate
1,historical-rate,-1,2023,0.842592592593,1.23571989841,0.859259259259,540,54,54,0,10,rank_in_slot,TDs per ranked candidate
1,no-vegas,-1,2023,1.12962962963,1.18526929084,1,54,54,54,0,1,rank_available,TDs per ranked candidate
1,no-vegas,-1,2023,1.03086419753,1.07223151031,0.981481481481,162,54,54,0,3,rank_available,TDs per ranked candidate
1,no-vegas,-1,2023,0.962962962963,1.00602209496,0.97037037037,270,54,54,0,5,rank_available,TDs per ranked candidate
1,no-vegas,-1,2023,0.816666666667,0.905041848324,0.937037037037,540,54,54,0,10,rank_available,TDs per ranked candidate
1,no-vegas,-1,2023,1.53703703704,1.4953844238,1,54,54,54,0,1,rank_in_slot,TDs per ranked candidate
1,no-vegas,-1,2023,1.27777777778,1.33222281298,1,162,54,54,0,3,rank_in_slot,TDs per ranked candidate
1,no-vegas,-1,2023,1.14444444444,1.23225214091,0.996296296296,270,54,54,0,5,rank_in_slot,TDs per ranked candidate
1,no-vegas,-1,2023,0.975925925926,1.08908003328,0.985185185185,540,54,54,0,10,rank_in_slot,TDs per ranked candidate
1,player-vegas,-1,2023,0.981481481481,1.2266115835,0.796296296296,54,54,54,0,1,rank_available,TDs per ranked candidate
1,player-vegas,-1,2023,0.79012345679,1.12492165581,0.783950617284,162,54,54,0,3,rank_available,TDs per ranked candidate
1,player-vegas,-1,2023,0.833333333333,1.06187812031,0.785185185185,270,54,54,0,5,rank_available,TDs per ranked candidate
1,player-vegas,-1,2023,0.735185185185,0.965015751671,0.818518518519,540,54,54,0,10,rank_available,TDs per ranked candidate
1,player-vegas,-1,2023,1.31481481481,1.67835377986,1,54,54,54,0,1,rank_in_slot,TDs per ranked candidate
1,player-vegas,-1,2023,1.22839506173,1.49434255431,0.993827160494,162,54,54,0,3,rank_in_slot,TDs per ranked candidate
1,player-vegas,-1,2023,1.08148148148,1.38679716632,0.955555555556,270,54,54,0,5,rank_in_slot,TDs per ranked candidate
1,player-vegas,-1,2023,0.924074074074,1.21094017129,0.896296296296,540,54,54,0,10,rank_in_slot,TDs per ranked candidate
1,random,0,2023,0.407407407407,1.73830353511,0.759259259259,54,54,54,0,1,rank_available,TDs per ranked candidate
1,random,0,2023,0.376543209877,1.51801572344,0.740740740741,162,54,54,0,3,rank_available,TDs per ranked candidate
1,random,0,2023,0.396296296296,1.37150903914,0.755555555556,270,54,54,0,5,rank_available,TDs per ranked candidate
1,random,0,2023,0.375925925926,1.15518111885,0.744444444444,540,54,54,0,10,rank_available,TDs per ranked candidate
1,random,0,2023,0.444444444444,1.75997760161,0.833333333333,54,54,54,0,1,rank_in_slot,TDs per ranked candidate
1,random,0,2023,0.382716049383,1.53947108802,0.740740740741,162,54,54,0,3,rank_in_slot,TDs per ranked candidate
1,random,0,2023,0.448148148148,1.40377858911,0.774074074074,270,54,54,0,5,rank_in_slot,TDs per ranked candidate
1,random,0,2023,0.492592592593,1.19862774417,0.775925925926,540,54,54,0,10,rank_in_slot,TDs per ranked candidate
1,random,1,2023,0.314814814815,1.74537779874,0.62962962963,54,54,54,0,1,rank_available,TDs per ranked candidate
1,random,1,2023,0.283950617284,1.52309134047,0.666666666667,162,54,54,0,3,rank_available,TDs per ranked candidate
1,random,1,2023,0.244444444444,1.38567515311,0.633333333333,270,54,54,0,5,rank_available,TDs per ranked candidate
1,random,1,2023,0.340740740741,1.16996040762,0.714814814815,540,54,54,0,10,rank_available,TDs per ranked candidate
1,random,1,2023,0.314814814815,1.74537779874,0.62962962963,54,54,54,0,1,rank_in_slot,TDs per ranked candidate
1,random,1,2023,0.327160493827,1.53253042833,0.685185185185,162,54,54,0,3,rank_in_slot,TDs per ranked candidate
1,random,1,2023,0.266666666667,1.39895614694,0.644444444444,270,54,54,0,5,rank_in_slot,TDs per ranked candidate
1,random,1,2023,0.437037037037,1.19621804801,0.738888888889,540,54,54,0,10,rank_in_slot,TDs per ranked candidate
1,random,2,2023,0.222222222222,1.73526294115,0.777777777778,54,54,54,0,1,rank_available,TDs per ranked candidate
1,random,2,2023,0.246913580247,1.51203817005,0.703703703704,162,54,54,0,3,rank_available,TDs per ranked candidate
1,random,2,2023,0.251851851852,1.37413498071,0.681481481481,270,54,54,0,5,rank_available,TDs per ranked candidate
1,random,2,2023,0.281481481481,1.16869106847,0.692592592593,540,54,54,0,10,rank_available,TDs per ranked candidate
1,random,2,2023,0.259259259259,1.74769292354,0.777777777778,54,54,54,0,1,rank_in_slot,TDs per ranked candidate
1,random,2,2023,0.314814814815,1.53606302981,0.716049382716,162,54,54,0,3,rank_in_slot,TDs per ranked candidate
1,random,2,2023,0.3,1.40055630102,0.703703703704,270,54,54,0,5,rank_in_slot,TDs per ranked candidate
1,random,2,2023,0.348148148148,1.19779770923,0.722222222222,540,54,54,0,10,rank_in_slot,TDs per ranked candidate
1,random,3,2023,0.111111111111,1.76157666466,0.537037037037,54,54,54,0,1,rank_available,TDs per ranked candidate
1,random,3,2023,0.240740740741,1.53421249053,0.62962962963,162,54,54,0,3,rank_available,TDs per ranked candidate
1,random,3,2023,0.314814814815,1.39198866503,0.67037037037,270,54,54,0,5,rank_available,TDs per ranked candidate
1,random,3,2023,0.309259259259,1.17878140557,0.7,540,54,54,0,10,rank_available,TDs per ranked candidate
1,random,3,2023,0.111111111111,1.76157666466,0.537037037037,54,54,54,0,1,rank_in_slot,TDs per ranked candidate
1,random,3,2023,0.265432098765,1.53972129717,0.635802469136,162,54,54,0,3,rank_in_slot,TDs per ranked candidate
1,random,3,2023,0.374074074074,1.40220665012,0.688888888889,270,54,54,0,5,rank_in_slot,TDs per ranked candidate
1,random,3,2023,0.366666666667,1.19826335235,0.709259259259,540,54,54,0,10,rank_in_slot,TDs per ranked candidate
1,random,4,2023,0.333333333333,1.75890537319,0.62962962963,54,54,54,0,1,rank_available,TDs per ranked candidate
1,random,4,2023,0.320987654321,1.52839610926,0.722222222222,162,54,54,0,3,rank_available,TDs per ranked candidate
1,random,4,2023,0.322222222222,1.38907223495,0.688888888889,270,54,54,0,5,rank_available,TDs per ranked candidate
1,random,4,2023,0.37962962963,1.16920181788,0.738888888889,540,54,54,0,10,rank_available,TDs per ranked candidate
1,random,4,2023,0.333333333333,1.75890537319,0.62962962963,54,54,54,0,1,rank_in_slot,TDs per ranked candidate
1,random,4,2023,0.37037037037,1.54094371496,0.728395061728,162,54,54,0,3,rank_in_slot,TDs per ranked candidate
1,random,4,2023,0.377777777778,1.40254387515,0.714814814815,270,54,54,0,5,rank_in_slot,TDs per ranked candidate
1,random,4,2023,0.407407407407,1.19793187033,0.751851851852,540,54,54,0,10,rank_in_slot,TDs per ranked candidate
1,random,5,2023,0.314814814815,1.72308739032,0.833333333333,54,54,54,0,1,rank_available,TDs per ranked candidate
1,random,5,2023,0.333333333333,1.5114752886,0.740740740741,162,54,54,0,3,rank_available,TDs per ranked candidate
1,random,5,2023,0.396296296296,1.37893462542,0.737037037037,270,54,54,0,5,rank_available,TDs per ranked candidate
1,random,5,2023,0.374074074074,1.16833254034,0.716666666667,540,54,54,0,10,rank_available,TDs per ranked candidate
1,random,5,2023,0.351851851852,1.76140975613,0.833333333333,54,54,54,0,1,rank_in_slot,TDs per ranked candidate
1,random,5,2023,0.33950617284,1.53737814433,0.746913580247,162,54,54,0,3,rank_in_slot,TDs per ranked candidate
1,random,5,2023,0.42962962963,1.40152665982,0.759259259259,270,54,54,0,5,rank_in_slot,TDs per ranked candidate
1,random,5,2023,0.409259259259,1.19791266197,0.738888888889,540,54,54,0,10,rank_in_slot,TDs per ranked candidate
1,random,6,2023,0.296296296296,1.70793174431,0.703703703704,54,54,54,0,1,rank_available,TDs per ranked candidate
1,random,6,2023,0.302469135802,1.4956893309,0.641975308642,162,54,54,0,3,rank_available,TDs per ranked candidate
1,random,6,2023,0.296296296296,1.36081640425,0.666666666667,270,54,54,0,5,rank_available,TDs per ranked candidate
1,random,6,2023,0.275925925926,1.16055405136,0.675925925926,540,54,54,0,10,rank_available,TDs per ranked candidate
1,random,6,2023,0.333333333333,1.74227497047,0.740740740741,54,54,54,0,1,rank_in_slot,TDs per ranked candidate
1,random,6,2023,0.407407407407,1.53298176216,0.679012345679,162,54,54,0,3,rank_in_slot,TDs per ranked candidate
1,random,6,2023,0.403703703704,1.39980839213,0.688888888889,270,54,54,0,5,rank_in_slot,TDs per ranked candidate
1,random,6,2023,0.342592592593,1.19783857049,0.698148148148,540,54,54,0,10,rank_in_slot,TDs per ranked candidate
1,random,7,2023,0.592592592593,1.64534015697,0.87037037037,54,54,54,0,1,rank_available,TDs per ranked candidate
1,random,7,2023,0.5,1.4668929379,0.771604938272,162,54,54,0,3,rank_available,TDs per ranked candidate
1,random,7,2023,0.381481481481,1.34474348108,0.72962962963,270,54,54,0,5,rank_available,TDs per ranked candidate
1,random,7,2023,0.364814814815,1.15337294076,0.731481481481,540,54,54,0,10,rank_available,TDs per ranked candidate
1,random,7,2023,0.666666666667,1.74640869686,0.907407407407,54,54,54,0,1,rank_in_slot,TDs per ranked candidate
1,random,7,2023,0.598765432099,1.53092233999,0.820987654321,162,54,54,0,3,rank_in_slot,TDs per ranked candidate
1,random,7,2023,0.444444444444,1.39815623885,0.755555555556,270,54,54,0,5,rank_in_slot,TDs per ranked candidate
1,random,7,2023,0.377777777778,1.1964200556,0.751851851852,540,54,54,0,10,rank_in_slot,TDs per ranked candidate
1,random,8,2023,0.314814814815,1.74729688179,0.759259259259,54,54,54,0,1,rank_available,TDs per ranked candidate
1,random,8,2023,0.382716049383,1.51267978369,0.79012345679,162,54,54,0,3,rank_available,TDs per ranked candidate
1,random,8,2023,0.340740740741,1.37367552657,0.744444444444,270,54,54,0,5,rank_available,TDs per ranked candidate
1,random,8,2023,0.359259259259,1.16886270743,0.733333333333,540,54,54,0,10,rank_available,TDs per ranked candidate
1,random,8,2023,0.314814814815,1.75610109774,0.759259259259,54,54,54,0,1,rank_in_slot,TDs per ranked candidate
1,random,8,2023,0.41975308642,1.53966917841,0.796296296296,162,54,54,0,3,rank_in_slot,TDs per ranked candidate
1,random,8,2023,0.388888888889,1.40372268578,0.774074074074,270,54,54,0,5,rank_in_slot,TDs per ranked candidate
1,random,8,2023,0.392592592593,1.19820911293,0.75,540,54,54,0,10,rank_in_slot,TDs per ranked candidate
1,random,9,2023,0.296296296296,1.7191336897,0.666666666667,54,54,54,0,1,rank_available,TDs per ranked candidate
1,random,9,2023,0.253086419753,1.50937609954,0.697530864198,162,54,54,0,3,rank_available,TDs per ranked candidate
1,random,9,2023,0.296296296296,1.37488288901,0.707407407407,270,54,54,0,5,rank_available,TDs per ranked candidate
1,random,9,2023,0.327777777778,1.16372372691,0.705555555556,540,54,54,0,10,rank_available,TDs per ranked candidate
1,random,9,2023,0.37037037037,1.75820956399,0.722222222222,54,54,54,0,1,rank_in_slot,TDs per ranked candidate
1,random,9,2023,0.29012345679,1.53463743944,0.716049382716,162,54,54,0,3,rank_in_slot,TDs per ranked candidate
1,random,9,2023,0.32962962963,1.39976849659,0.725925925926,270,54,54,0,5,rank_in_slot,TDs per ranked candidate
1,random,9,2023,0.4,1.19585587427,0.727777777778,540,54,54,0,10,rank_in_slot,TDs per ranked candidate
1,random,10,2023,0.166666666667,1.76157666466,0.518518518519,54,54,54,0,1,rank_available,TDs per ranked candidate
1,random,10,2023,0.283950617284,1.53661873655,0.66049382716,162,54,54,0,3,rank_available,TDs per ranked candidate
1,random,10,2023,0.348148148148,1.39111837567,0.685185185185,270,54,54,0,5,rank_available,TDs per ranked candidate
1,random,10,2023,0.312962962963,1.1790974328,0.675925925926,540,54,54,0,10,rank_available,TDs per ranked candidate
1,random,10,2023,0.166666666667,1.76157666466,0.518518518519,54,54,54,0,1,rank_in_slot,TDs per ranked candidate
1,random,10,2023,0.29012345679,1.54193783912,0.666666666667,162,54,54,0,3,rank_in_slot,TDs per ranked candidate
1,random,10,2023,0.418518518519,1.40409017753,0.718518518519,270,54,54,0,5,rank_in_slot,TDs per ranked candidate
1,random,10,2023,0.37037037037,1.1994347652,0.696296296296,540,54,54,0,10,rank_in_slot,TDs per ranked candidate
1,random,11,2023,0.351851851852,1.74660067795,0.703703703704,54,54,54,0,1,rank_available,TDs per ranked candidate
1,random,11,2023,0.259259259259,1.5233482197,0.691358024691,162,54,54,0,3,rank_available,TDs per ranked candidate
1,random,11,2023,0.251851851852,1.3895626042,0.696296296296,270,54,54,0,5,rank_available,TDs per ranked candidate
1,random,11,2023,0.27037037037,1.182145889,0.687037037037,540,54,54,0,10,rank_available,TDs per ranked candidate
1,random,11,2023,0.351851851852,1.74660067795,0.703703703704,54,54,54,0,1,rank_in_slot,TDs per ranked candidate
1,random,11,2023,0.271604938272,1.53412932523,0.697530864198,162,54,54,0,3,rank_in_slot,TDs per ranked candidate
1,random,11,2023,0.288888888889,1.40023285072,0.707407407407,270,54,54,0,5,rank_in_slot,TDs per ranked candidate
1,random,11,2023,0.318518518519,1.19784068924,0.696296296296,540,54,54,0,10,rank_in_slot,TDs per ranked candidate
1,random,12,2023,0.259259259259,1.75779725548,0.722222222222,54,54,54,0,1,rank_available,TDs per ranked candidate
1,random,12,2023,0.314814814815,1.53197754892,0.728395061728,162,54,54,0,3,rank_available,TDs per ranked candidate
1,random,12,2023,0.281481481481,1.39387342691,0.718518518519,270,54,54,0,5,rank_available,TDs per ranked candidate
1,random,12,2023,0.35,1.183181056,0.737037037037,540,54,54,0,10,rank_available,TDs per ranked candidate
1,random,12,2023,0.259259259259,1.76157666466,0.722222222222,54,54,54,0,1,rank_in_slot,TDs per ranked candidate
1,random,12,2023,0.376543209877,1.53894234158,0.740740740741,162,54,54,0,3,rank_in_slot,TDs per ranked candidate
1,random,12,2023,0.311111111111,1.4026506736,0.722222222222,270,54,54,0,5,rank_in_slot,TDs per ranked candidate
1,random,12,2023,0.396296296296,1.19906729185,0.748148148148,540,54,54,0,10,rank_in_slot,TDs per ranked candidate
1,random,13,2023,0.259259259259,1.7593951652,0.777777777778,54,54,54,0,1,rank_available,TDs per ranked candidate
1,random,13,2023,0.345679012346,1.51023423329,0.777777777778,162,54,54,0,3,rank_available,TDs per ranked candidate
1,random,13,2023,0.292592592593,1.36910043073,0.718518518519,270,54,54,0,5,rank_available,TDs per ranked candidate
1,random,13,2023,0.296296296296,1.16742429753,0.711111111111,540,54,54,0,10,rank_available,TDs per ranked candidate
1,random,13,2023,0.259259259259,1.7593951652,0.777777777778,54,54,54,0,1,rank_in_slot,TDs per ranked candidate
1,random,13,2023,0.41975308642,1.53801738862,0.820987654321,162,54,54,0,3,rank_in_slot,TDs per ranked candidate
1,random,13,2023,0.333333333333,1.4017275829,0.740740740741,270,54,54,0,5,rank_in_slot,TDs per ranked candidate
1,random,13,2023,0.344444444444,1.19825622634,0.742592592593,540,54,54,0,10,rank_in_slot,TDs per ranked candidate
1,random,14,2023,0.351851851852,1.71947964103,0.685185185185,54,54,54,0,1,rank_available,TDs per ranked candidate
1,random,14,2023,0.475308641975,1.4641633028,0.759259259259,162,54,54,0,3,rank_available,TDs per ranked candidate
1,random,14,2023,0.411111111111,1.33230751078,0.744444444444,270,54,54,0,5,rank_available,TDs per ranked candidate
1,random,14,2023,0.390740740741,1.13498622842,0.735185185185,540,54,54,0,10,rank_available,TDs per ranked candidate
1,random,14,2023,0.481481481481,1.74456174907,0.759259259259,54,54,54,0,1,rank_in_slot,TDs per ranked candidate
1,random,14,2023,0.592592592593,1.53051598224,0.802469135802,162,54,54,0,3,rank_in_slot,TDs per ranked candidate
1,random,14,2023,0.466666666667,1.39853934888,0.762962962963,270,54,54,0,5,rank_in_slot,TDs per ranked candidate
1,random,14,2023,0.47962962963,1.19701578182,0.766666666667,540,54,54,0,10,rank_in_slot,TDs per ranked candidate
1,random,15,2023,0.537037037037,1.71733466554,0.833333333333,54,54,54,0,1,rank_available,TDs per ranked candidate
1,random,15,2023,0.37037037037,1.50269230423,0.753086419753,162,54,54,0,3,rank_available,TDs per ranked candidate
1,random,15,2023,0.351851851852,1.36644747204,0.748148148148,270,54,54,0,5,rank_available,TDs per ranked candidate
1,random,15,2023,0.340740740741,1.16816796469,0.738888888889,540,54,54,0,10,rank_available,TDs per ranked candidate
1,random,15,2023,0.611111111111,1.73576274633,0.87037037037,54,54,54,0,1,rank_in_slot,TDs per ranked candidate
1,random,15,2023,0.401234567901,1.53142899362,0.753086419753,162,54,54,0,3,rank_in_slot,TDs per ranked candidate
1,random,15,2023,0.411111111111,1.39869352166,0.777777777778,270,54,54,0,5,rank_in_slot,TDs per ranked candidate
1,random,15,2023,0.374074074074,1.19690192867,0.751851851852,540,54,54,0,10,rank_in_slot,TDs per ranked candidate
1,random,16,2023,0.351851851852,1.7393604346,0.740740740741,54,54,54,0,1,rank_available,TDs per ranked candidate
1,random,16,2023,0.407407407407,1.5215714634,0.765432098765,162,54,54,0,3,rank_available,TDs per ranked candidate
1,random,16,2023,0.374074074074,1.37749673438,0.737037037037,270,54,54,0,5,rank_available,TDs per ranked candidate
1,random,16,2023,0.311111111111,1.1695966908,0.694444444444,540,54,54,0,10,rank_available,TDs per ranked candidate
1,random,16,2023,0.388888888889,1.75194739524,0.740740740741,54,54,54,0,1,rank_in_slot,TDs per ranked candidate
1,random,16,2023,0.41975308642,1.53474347114,0.765432098765,162,54,54,0,3,rank_in_slot,TDs per ranked candidate
1,random,16,2023,0.448148148148,1.39898965767,0.77037037037,270,54,54,0,5,rank_in_slot,TDs per ranked candidate
1,random,16,2023,0.359259259259,1.19727091005,0.709259259259,540,54,54,0,10,rank_in_slot,TDs per ranked candidate
1,random,17,2023,0.351851851852,1.75156653957,0.833333333333,54,54,54,0,1,rank_available,TDs per ranked candidate
1,random,17,2023,0.308641975309,1.53111852005,0.722222222222,162,54,54,0,3,rank_available,TDs per ranked candidate
1,random,17,2023,0.266666666667,1.39532994188,0.725925925926,270,54,54,0,5,rank_available,TDs per ranked candidate
1,random,17,2023,0.255555555556,1.18754609008,0.711111111111,540,54,54,0,10,rank_available,TDs per ranked candidate
1,random,17,2023,0.351851851852,1.75156653957,0.833333333333,54,54,54,0,1,rank_in_slot,TDs per ranked candidate
1,random,17,2023,0.333333333333,1.53604041345,0.740740740741,162,54,54,0,3,rank_in_slot,TDs per ranked candidate
1,random,17,2023,0.277777777778,1.40184261631,0.72962962963,270,54,54,0,5,rank_in_slot,TDs per ranked candidate
1,random,17,2023,0.27962962963,1.19846410138,0.72037037037,540,54,54,0,10,rank_in_slot,TDs per ranked candidate
1,random,18,2023,0.314814814815,1.74816818994,0.685185185185,54,54,54,0,1,rank_available,TDs per ranked candidate
1,random,18,2023,0.296296296296,1.48965243647,0.722222222222,162,54,54,0,3,rank_available,TDs per ranked candidate
1,random,18,2023,0.374074074074,1.35456534758,0.759259259259,270,54,54,0,5,rank_available,TDs per ranked candidate
1,random,18,2023,0.407407407407,1.15053080754,0.761111111111,540,54,54,0,10,rank_available,TDs per ranked candidate
1,random,18,2023,0.333333333333,1.74851655764,0.685185185185,54,54,54,0,1,rank_in_slot,TDs per ranked candidate
1,random,18,2023,0.376543209877,1.53397230396,0.765432098765,162,54,54,0,3,rank_in_slot,TDs per ranked candidate
1,random,18,2023,0.418518518519,1.39906281324,0.777777777778,270,54,54,0,5,rank_in_slot,TDs per ranked candidate
1,random,18,2023,0.457407407407,1.19686040892,0.790740740741,540,54,54,0,10,rank_in_slot,TDs per ranked candidate
1,random,19,2023,0.5,1.6723958814,0.796296296296,54,54,54,0,1,rank_available,TDs per ranked candidate
1,random,19,2023,0.314814814815,1.48658582961,0.703703703704,162,54,54,0,3,rank_available,TDs per ranked candidate
1,random,19,2023,0.344444444444,1.35535806525,0.725925925926,270,54,54,0,5,rank_available,TDs per ranked candidate
1,random,19,2023,0.325925925926,1.15513363102,0.707407407407,540,54,54,0,10,rank_available,TDs per ranked candidate
1,random,19,2023,0.666666666667,1.75647253593,0.851851851852,54,54,54,0,1,rank_in_slot,TDs per ranked candidate
1,random,19,2023,0.376543209877,1.5405934985,0.734567901235,162,54,54,0,3,rank_in_slot,TDs per ranked candidate
1,random,19,2023,0.396296296296,1.40352689209,0.755555555556,270,54,54,0,5,rank_in_slot,TDs per ranked candidate
1,random,19,2023,0.37037037037,1.19920576047,0.725925925926,540,54,54,0,10,rank_in_slot,TDs per ranked candidate
1,regressed-rate,-1,2023,1.09259259259,1.13254783705,0.981481481481,54,54,54,0,1,rank_available,TDs per ranked candidate
1,regressed-rate,-1,2023,0.864197530864,1.04473543531,0.950617283951,162,54,54,0,3,rank_available,TDs per ranked candidate
1,regressed-rate,-1,2023,0.774074074074,0.998053707873,0.914814814815,270,54,54,0,5,rank_available,TDs per ranked candidate
1,regressed-rate,-1,2023,0.666666666667,0.931371795288,0.816666666667,540,54,54,0,10,rank_available,TDs per ranked candidate
1,regressed-rate,-1,2023,0.925925925926,1.30266130874,1,54,54,54,0,1,rank_in_slot,TDs per ranked candidate
1,regressed-rate,-1,2023,1.05555555556,1.22996639884,0.993827160494,162,54,54,0,3,rank_in_slot,TDs per ranked candidate
1,regressed-rate,-1,2023,0.992592592593,1.1582675255,0.992592592593,270,54,54,0,5,rank_in_slot,TDs per ranked candidate
1,regressed-rate,-1,2023,0.87037037037,1.04742439385,0.933333333333,540,54,54,0,10,rank_in_slot,TDs per ranked candidate
1,shipped,-1,2023,1.12962962963,1.2353440254,1,54,54,54,0,1,rank_available,TDs per ranked candidate
1,shipped,-1,2023,1.08024691358,1.10172885208,0.975308641975,162,54,54,0,3,rank_available,TDs per ranked candidate
1,shipped,-1,2023,0.940740740741,1.02733498068,0.955555555556,270,54,54,0,5,rank_available,TDs per ranked candidate
1,shipped,-1,2023,0.837037037037,0.910050959021,0.946296296296,540,54,54,0,10,rank_available,TDs per ranked candidate
1,shipped,-1,2023,1.46296296296,1.75890874573,1,54,54,54,0,1,rank_in_slot,TDs per ranked candidate
1,shipped,-1,2023,1.28395061728,1.53880995682,1,162,54,54,0,3,rank_in_slot,TDs per ranked candidate
1,shipped,-1,2023,1.16296296296,1.40301817911,1,270,54,54,0,5,rank_in_slot,TDs per ranked candidate
1,shipped,-1,2023,1.01111111111,1.1976623655,0.985185185185,540,54,54,0,10,rank_in_slot,TDs per ranked candidate
1,vegas-environment,-1,2023,0.611111111111,0.913976131207,0.925925925926,54,54,54,0,1,rank_available,TDs per ranked candidate
1,vegas-environment,-1,2023,0.777777777778,0.873428088257,0.944444444444,162,54,54,0,3,rank_available,TDs per ranked candidate
1,vegas-environment,-1,2023,0.803703703704,0.850937966717,0.937037037037,270,54,54,0,5,rank_available,TDs per ranked candidate
1,vegas-environment,-1,2023,0.753703703704,0.813117208284,0.931481481481,540,54,54,0,10,rank_available,TDs per ranked candidate
1,vegas-environment,-1,2023,0.685185185185,0.957080409575,1,54,54,54,0,1,rank_in_slot,TDs per ranked candidate
1,vegas-environment,-1,2023,0.864197530864,0.929175094905,0.962962962963,162,54,54,0,3,rank_in_slot,TDs per ranked candidate
1,vegas-environment,-1,2023,1.03703703704,0.91383308464,0.974074074074,270,54,54,0,5,rank_in_slot,TDs per ranked candidate
1,vegas-environment,-1,2023,0.955555555556,0.880154671872,0.97037037037,540,54,54,0,10,rank_in_slot,TDs per ranked candidate
1,within-player,0,2023,1.2037037037,1.23494493078,1,54,54,54,0,1,rank_available,TDs per ranked candidate
1,within-player,0,2023,1.00617283951,1.10226151565,0.981481481481,162,54,54,0,3,rank_available,TDs per ranked candidate
1,within-player,0,2023,0.922222222222,1.024420369,0.959259259259,270,54,54,0,5,rank_available,TDs per ranked candidate
1,within-player,0,2023,0.812962962963,0.907849461447,0.938888888889,540,54,54,0,10,rank_available,TDs per ranked candidate
1,within-player,0,2023,1.2962962963,1.75514798761,1,54,54,54,0,1,rank_in_slot,TDs per ranked candidate
1,within-player,0,2023,1.21604938272,1.53070469212,1,162,54,54,0,3,rank_in_slot,TDs per ranked candidate
1,within-player,0,2023,1.12222222222,1.39471939127,1,270,54,54,0,5,rank_in_slot,TDs per ranked candidate
1,within-player,0,2023,1.01481481481,1.19383856775,0.988888888889,540,54,54,0,10,rank_in_slot,TDs per ranked candidate
1,within-player,1,2023,0.962962962963,1.21455830155,0.944444444444,54,54,54,0,1,rank_available,TDs per ranked candidate
1,within-player,1,2023,0.969135802469,1.10312616711,0.969135802469,162,54,54,0,3,rank_available,TDs per ranked candidate
1,within-player,1,2023,0.892592592593,1.02764186199,0.951851851852,270,54,54,0,5,rank_available,TDs per ranked candidate
1,within-player,1,2023,0.825925925926,0.908252961319,0.938888888889,540,54,54,0,10,rank_available,TDs per ranked candidate
1,within-player,1,2023,1.22222222222,1.74893557063,1,54,54,54,0,1,rank_in_slot,TDs per ranked candidate
1,within-player,1,2023,1.2037037037,1.53265452012,1,162,54,54,0,3,rank_in_slot,TDs per ranked candidate
1,within-player,1,2023,1.08888888889,1.40096933429,1,270,54,54,0,5,rank_in_slot,TDs per ranked candidate
1,within-player,1,2023,0.966666666667,1.19937154792,0.977777777778,540,54,54,0,10,rank_in_slot,TDs per ranked candidate
1,within-player,2,2023,1.07407407407,1.21942583206,1,54,54,54,0,1,rank_available,TDs per ranked candidate
1,within-player,2,2023,1.02469135802,1.09712893619,0.969135802469,162,54,54,0,3,rank_available,TDs per ranked candidate
1,within-player,2,2023,0.892592592593,1.0239083933,0.948148148148,270,54,54,0,5,rank_available,TDs per ranked candidate
1,within-player,2,2023,0.8,0.908192709713,0.942592592593,540,54,54,0,10,rank_available,TDs per ranked candidate
1,within-player,2,2023,1.27777777778,1.75047167367,1,54,54,54,0,1,rank_in_slot,TDs per ranked candidate
1,within-player,2,2023,1.17283950617,1.53082641345,1,162,54,54,0,3,rank_in_slot,TDs per ranked candidate
1,within-player,2,2023,1.07407407407,1.39859920901,1,270,54,54,0,5,rank_in_slot,TDs per ranked candidate
1,within-player,2,2023,0.955555555556,1.19678890412,0.983333333333,540,54,54,0,10,rank_in_slot,TDs per ranked candidate
1,within-player,3,2023,0.944444444444,1.21069274645,0.981481481481,54,54,54,0,1,rank_available,TDs per ranked candidate
1,within-player,3,2023,1.00617283951,1.08631542709,0.962962962963,162,54,54,0,3,rank_available,TDs per ranked candidate
1,within-player,3,2023,0.885185185185,1.01559730407,0.944444444444,270,54,54,0,5,rank_available,TDs per ranked candidate
1,within-player,3,2023,0.816666666667,0.903075905687,0.940740740741,540,54,54,0,10,rank_available,TDs per ranked candidate
1,within-player,3,2023,1.14814814815,1.74344848522,1,54,54,54,0,1,rank_in_slot,TDs per ranked candidate
1,within-player,3,2023,1.16666666667,1.52624709764,1,162,54,54,0,3,rank_in_slot,TDs per ranked candidate
1,within-player,3,2023,1.11481481481,1.39602962486,1,270,54,54,0,5,rank_in_slot,TDs per ranked candidate
1,within-player,3,2023,0.977777777778,1.19517910457,0.987037037037,540,54,54,0,10,rank_in_slot,TDs per ranked candidate
1,within-player,4,2023,1.03703703704,1.25019990488,1,54,54,54,0,1,rank_available,TDs per ranked candidate
1,within-player,4,2023,1.01234567901,1.11641276422,0.993827160494,162,54,54,0,3,rank_available,TDs per ranked candidate
1,within-player,4,2023,0.907407407407,1.03524124966,0.959259259259,270,54,54,0,5,rank_available,TDs per ranked candidate
1,within-player,4,2023,0.811111111111,0.914074272401,0.946296296296,540,54,54,0,10,rank_available,TDs per ranked candidate
1,within-player,4,2023,1.14814814815,1.76897780374,1,54,54,54,0,1,rank_in_slot,TDs per ranked candidate
1,within-player,4,2023,1.18518518519,1.53122102244,1,162,54,54,0,3,rank_in_slot,TDs per ranked candidate
1,within-player,4,2023,1.15925925926,1.40128499396,1,270,54,54,0,5,rank_in_slot,TDs per ranked candidate
1,within-player,4,2023,0.972222222222,1.20073754215,0.985185185185,540,54,54,0,10,rank_in_slot,TDs per ranked candidate
1,within-player,5,2023,0.888888888889,1.21703197419,0.981481481481,54,54,54,0,1,rank_available,TDs per ranked candidate
1,within-player,5,2023,1.02469135802,1.0935283881,0.975308641975,162,54,54,0,3,rank_available,TDs per ranked candidate
1,within-player,5,2023,0.925925925926,1.02074597341,0.944444444444,270,54,54,0,5,rank_available,TDs per ranked candidate
1,within-player,5,2023,0.835185185185,0.902999309786,0.944444444444,540,54,54,0,10,rank_available,TDs per ranked candidate
1,within-player,5,2023,1.11111111111,1.71750498388,1,54,54,54,0,1,rank_in_slot,TDs per ranked candidate
1,within-player,5,2023,1.20987654321,1.52150556895,1,162,54,54,0,3,rank_in_slot,TDs per ranked candidate
1,within-player,5,2023,1.17037037037,1.38939633015,1,270,54,54,0,5,rank_in_slot,TDs per ranked candidate
1,within-player,5,2023,0.975925925926,1.1921765777,0.983333333333,540,54,54,0,10,rank_in_slot,TDs per ranked candidate
1,within-player,6,2023,1.09259259259,1.21365091215,1,54,54,54,0,1,rank_available,TDs per ranked candidate
1,within-player,6,2023,1.01234567901,1.09089427284,0.981481481481,162,54,54,0,3,rank_available,TDs per ranked candidate
1,within-player,6,2023,0.866666666667,1.01748565575,0.959259259259,270,54,54,0,5,rank_available,TDs per ranked candidate
1,within-player,6,2023,0.811111111111,0.907319670215,0.944444444444,540,54,54,0,10,rank_available,TDs per ranked candidate
1,within-player,6,2023,1.37037037037,1.75208398303,1,54,54,54,0,1,rank_in_slot,TDs per ranked candidate
1,within-player,6,2023,1.24074074074,1.52751032053,1,162,54,54,0,3,rank_in_slot,TDs per ranked candidate
1,within-player,6,2023,1.14444444444,1.40002055558,1,270,54,54,0,5,rank_in_slot,TDs per ranked candidate
1,within-player,6,2023,0.987037037037,1.19602408666,0.987037037037,540,54,54,0,10,rank_in_slot,TDs per ranked candidate
1,within-player,7,2023,1.12962962963,1.24490535677,1,54,54,54,0,1,rank_available,TDs per ranked candidate
1,within-player,7,2023,1.03086419753,1.09976087933,0.987654320988,162,54,54,0,3,rank_available,TDs per ranked candidate
1,within-player,7,2023,0.925925925926,1.02348862456,0.959259259259,270,54,54,0,5,rank_available,TDs per ranked candidate
1,within-player,7,2023,0.848148148148,0.909830176656,0.944444444444,540,54,54,0,10,rank_available,TDs per ranked candidate
1,within-player,7,2023,1.18518518519,1.73551477514,1,54,54,54,0,1,rank_in_slot,TDs per ranked candidate
1,within-player,7,2023,1.16049382716,1.53118384692,1,162,54,54,0,3,rank_in_slot,TDs per ranked candidate
1,within-player,7,2023,1.08518518519,1.40402889655,1,270,54,54,0,5,rank_in_slot,TDs per ranked candidate
1,within-player,7,2023,0.985185185185,1.19772917907,0.985185185185,540,54,54,0,10,rank_in_slot,TDs per ranked candidate
1,within-player,8,2023,1.11111111111,1.21156799847,0.981481481481,54,54,54,0,1,rank_available,TDs per ranked candidate
1,within-player,8,2023,0.956790123457,1.08718926685,0.969135802469,162,54,54,0,3,rank_available,TDs per ranked candidate
1,within-player,8,2023,0.87037037037,1.0105544729,0.955555555556,270,54,54,0,5,rank_available,TDs per ranked candidate
1,within-player,8,2023,0.792592592593,0.898598023808,0.942592592593,540,54,54,0,10,rank_available,TDs per ranked candidate
1,within-player,8,2023,1.24074074074,1.78222394395,1,54,54,54,0,1,rank_in_slot,TDs per ranked candidate
1,within-player,8,2023,1.22839506173,1.52886991239,1,162,54,54,0,3,rank_in_slot,TDs per ranked candidate
1,within-player,8,2023,1.08888888889,1.39398761711,1,270,54,54,0,5,rank_in_slot,TDs per ranked candidate
1,within-player,8,2023,0.964814814815,1.1862083288,0.985185185185,540,54,54,0,10,rank_in_slot,TDs per ranked candidate
1,within-player,9,2023,0.944444444444,1.20664732507,0.981481481481,54,54,54,0,1,rank_available,TDs per ranked candidate
1,within-player,9,2023,1.05555555556,1.08729706276,0.981481481481,162,54,54,0,3,rank_available,TDs per ranked candidate
1,within-player,9,2023,0.911111111111,1.01622672624,0.962962962963,270,54,54,0,5,rank_available,TDs per ranked candidate
1,within-player,9,2023,0.803703703704,0.903891864266,0.940740740741,540,54,54,0,10,rank_available,TDs per ranked candidate
1,within-player,9,2023,1.12962962963,1.72178850597,1,54,54,54,0,1,rank_in_slot,TDs per ranked candidate
1,within-player,9,2023,1.22222222222,1.50543554107,1,162,54,54,0,3,rank_in_slot,TDs per ranked candidate
1,within-player,9,2023,1.14074074074,1.39251643535,1,270,54,54,0,5,rank_in_slot,TDs per ranked candidate
1,within-player,9,2023,0.961111111111,1.19657459478,0.987037037037,540,54,54,0,10,rank_in_slot,TDs per ranked candidate
1,within-player,10,2023,1.11111111111,1.21011599114,1,54,54,54,0,1,rank_available,TDs per ranked candidate
1,within-player,10,2023,1.06172839506,1.09174857579,0.981481481481,162,54,54,0,3,rank_available,TDs per ranked candidate
1,within-player,10,2023,0.933333333333,1.01999963121,0.962962962963,270,54,54,0,5,rank_available,TDs per ranked candidate
1,within-player,10,2023,0.801851851852,0.902798330452,0.937037037037,540,54,54,0,10,rank_available,TDs per ranked candidate
1,within-player,10,2023,1.38888888889,1.74286918585,1,54,54,54,0,1,rank_in_slot,TDs per ranked candidate
1,within-player,10,2023,1.24074074074,1.52301158657,1,162,54,54,0,3,rank_in_slot,TDs per ranked candidate
1,within-player,10,2023,1.09259259259,1.39665487861,1,270,54,54,0,5,rank_in_slot,TDs per ranked candidate
1,within-player,10,2023,0.985185185185,1.19550619451,0.983333333333,540,54,54,0,10,rank_in_slot,TDs per ranked candidate
1,within-player,11,2023,0.925925925926,1.21978631765,1,54,54,54,0,1,rank_available,TDs per ranked candidate
1,within-player,11,2023,1,1.1055521872,0.981481481481,162,54,54,0,3,rank_available,TDs per ranked candidate
1,within-player,11,2023,0.937037037037,1.0307299357,0.974074074074,270,54,54,0,5,rank_available,TDs per ranked candidate
1,within-player,11,2023,0.809259259259,0.913761024659,0.940740740741,540,54,54,0,10,rank_available,TDs per ranked candidate
1,within-player,11,2023,1.25925925926,1.73361131688,1,54,54,54,0,1,rank_in_slot,TDs per ranked candidate
1,within-player,11,2023,1.22222222222,1.53355319482,1,162,54,54,0,3,rank_in_slot,TDs per ranked candidate
1,within-player,11,2023,1.10740740741,1.40277003202,1,270,54,54,0,5,rank_in_slot,TDs per ranked candidate
1,within-player,11,2023,0.974074074074,1.20183962869,0.985185185185,540,54,54,0,10,rank_in_slot,TDs per ranked candidate
1,within-player,12,2023,1.18518518519,1.23691205539,1,54,54,54,0,1,rank_available,TDs per ranked candidate
1,within-player,12,2023,1.04938271605,1.09844347913,0.981481481481,162,54,54,0,3,rank_available,TDs per ranked candidate
1,within-player,12,2023,0.92962962963,1.02235966314,0.962962962963,270,54,54,0,5,rank_available,TDs per ranked candidate
1,within-player,12,2023,0.842592592593,0.904418362599,0.95,540,54,54,0,10,rank_available,TDs per ranked candidate
1,within-player,12,2023,1.2962962963,1.74249843057,1,54,54,54,0,1,rank_in_slot,TDs per ranked candidate
1,within-player,12,2023,1.2037037037,1.52890571521,1,162,54,54,0,3,rank_in_slot,TDs per ranked candidate
1,within-player,12,2023,1.12222222222,1.39828609068,1,270,54,54,0,5,rank_in_slot,TDs per ranked candidate
1,within-player,12,2023,1.0037037037,1.19585946679,0.992592592593,540,54,54,0,10,rank_in_slot,TDs per ranked candidate
1,within-player,13,2023,1.09259259259,1.22349032536,1,54,54,54,0,1,rank_available,TDs per ranked candidate
1,within-player,13,2023,1.0987654321,1.11074928348,0.987654320988,162,54,54,0,3,rank_available,TDs per ranked candidate
1,within-player,13,2023,0.940740740741,1.0315181371,0.959259259259,270,54,54,0,5,rank_available,TDs per ranked candidate
1,within-player,13,2023,0.825925925926,0.91447806734,0.948148148148,540,54,54,0,10,rank_available,TDs per ranked candidate
1,within-player,13,2023,1.31481481481,1.7686298054,1,54,54,54,0,1,rank_in_slot,TDs per ranked candidate
1,within-player,13,2023,1.24691358025,1.53175167157,1,162,54,54,0,3,rank_in_slot,TDs per ranked candidate
1,within-player,13,2023,1.15925925926,1.40080872586,1,270,54,54,0,5,rank_in_slot,TDs per ranked candidate
1,within-player,13,2023,0.998148148148,1.19815410784,0.985185185185,540,54,54,0,10,rank_in_slot,TDs per ranked candidate
1,within-player,14,2023,0.962962962963,1.21769290747,1,54,54,54,0,1,rank_available,TDs per ranked candidate
1,within-player,14,2023,0.987654320988,1.08611527394,0.987654320988,162,54,54,0,3,rank_available,TDs per ranked candidate
1,within-player,14,2023,0.851851851852,1.01120071947,0.959259259259,270,54,54,0,5,rank_available,TDs per ranked candidate
1,within-player,14,2023,0.837037037037,0.899227650425,0.940740740741,540,54,54,0,10,rank_available,TDs per ranked candidate
1,within-player,14,2023,1.22222222222,1.75369970986,1,54,54,54,0,1,rank_in_slot,TDs per ranked candidate
1,within-player,14,2023,1.1975308642,1.53317977204,1,162,54,54,0,3,rank_in_slot,TDs per ranked candidate
1,within-player,14,2023,1.11111111111,1.40369671805,1,270,54,54,0,5,rank_in_slot,TDs per ranked candidate
1,within-player,14,2023,0.974074074074,1.19239284643,0.985185185185,540,54,54,0,10,rank_in_slot,TDs per ranked candidate
1,within-player,15,2023,1.07407407407,1.23575280705,0.981481481481,54,54,54,0,1,rank_available,TDs per ranked candidate
1,within-player,15,2023,0.932098765432,1.10085213778,0.981481481481,162,54,54,0,3,rank_available,TDs per ranked candidate
1,within-player,15,2023,0.92962962963,1.01987553557,0.955555555556,270,54,54,0,5,rank_available,TDs per ranked candidate
1,within-player,15,2023,0.798148148148,0.899952631256,0.946296296296,540,54,54,0,10,rank_available,TDs per ranked candidate
1,within-player,15,2023,1.18518518519,1.79928888707,1,54,54,54,0,1,rank_in_slot,TDs per ranked candidate
1,within-player,15,2023,1.17283950617,1.55211775963,1,162,54,54,0,3,rank_in_slot,TDs per ranked candidate
1,within-player,15,2023,1.11111111111,1.41003232709,1,270,54,54,0,5,rank_in_slot,TDs per ranked candidate
1,within-player,15,2023,0.966666666667,1.20189532892,0.983333333333,540,54,54,0,10,rank_in_slot,TDs per ranked candidate
1,within-player,16,2023,1.03703703704,1.21266131503,0.981481481481,54,54,54,0,1,rank_available,TDs per ranked candidate
1,within-player,16,2023,1.01851851852,1.0922519571,0.975308641975,162,54,54,0,3,rank_available,TDs per ranked candidate
1,within-player,16,2023,0.940740740741,1.01908031443,0.959259259259,270,54,54,0,5,rank_available,TDs per ranked candidate
1,within-player,16,2023,0.840740740741,0.905595101864,0.95,540,54,54,0,10,rank_available,TDs per ranked candidate
1,within-player,16,2023,1.22222222222,1.70816066981,1,54,54,54,0,1,rank_in_slot,TDs per ranked candidate
1,within-player,16,2023,1.20987654321,1.50108997258,1,162,54,54,0,3,rank_in_slot,TDs per ranked candidate
1,within-player,16,2023,1.14074074074,1.37890751243,1,270,54,54,0,5,rank_in_slot,TDs per ranked candidate
1,within-player,16,2023,0.988888888889,1.18719189558,0.990740740741,540,54,54,0,10,rank_in_slot,TDs per ranked candidate
1,within-player,17,2023,1.03703703704,1.25146440253,0.981481481481,54,54,54,0,1,rank_available,TDs per ranked candidate
1,within-player,17,2023,1.07407407407,1.11123351925,0.969135802469,162,54,54,0,3,rank_available,TDs per ranked candidate
1,within-player,17,2023,0.918518518519,1.02649719349,0.948148148148,270,54,54,0,5,rank_available,TDs per ranked candidate
1,within-player,17,2023,0.812962962963,0.906177722368,0.940740740741,540,54,54,0,10,rank_available,TDs per ranked candidate
1,within-player,17,2023,1.25925925926,1.72200139382,1,54,54,54,0,1,rank_in_slot,TDs per ranked candidate
1,within-player,17,2023,1.17283950617,1.51989079988,1,162,54,54,0,3,rank_in_slot,TDs per ranked candidate
1,within-player,17,2023,1.1037037037,1.39719120285,1,270,54,54,0,5,rank_in_slot,TDs per ranked candidate
1,within-player,17,2023,0.957407407407,1.19832733451,0.974074074074,540,54,54,0,10,rank_in_slot,TDs per ranked candidate
1,within-player,18,2023,1.11111111111,1.21612563966,1,54,54,54,0,1,rank_available,TDs per ranked candidate
1,within-player,18,2023,1.01234567901,1.08300404759,0.969135802469,162,54,54,0,3,rank_available,TDs per ranked candidate
1,within-player,18,2023,0.933333333333,1.0105358484,0.955555555556,270,54,54,0,5,rank_available,TDs per ranked candidate
1,within-player,18,2023,0.805555555556,0.897154592746,0.92962962963,540,54,54,0,10,rank_available,TDs per ranked candidate
1,within-player,18,2023,1.11111111111,1.77212625476,1,54,54,54,0,1,rank_in_slot,TDs per ranked candidate
1,within-player,18,2023,1.15432098765,1.52708856798,1,162,54,54,0,3,rank_in_slot,TDs per ranked candidate
1,within-player,18,2023,1.10740740741,1.39171059392,0.996296296296,270,54,54,0,5,rank_in_slot,TDs per ranked candidate
1,within-player,18,2023,0.987037037037,1.18821737482,0.983333333333,540,54,54,0,10,rank_in_slot,TDs per ranked candidate
1,within-player,19,2023,0.944444444444,1.21367750525,0.981481481481,54,54,54,0,1,rank_available,TDs per ranked candidate
1,within-player,19,2023,0.932098765432,1.08544057774,0.969135802469,162,54,54,0,3,rank_available,TDs per ranked candidate
1,within-player,19,2023,0.903703703704,1.01294711294,0.951851851852,270,54,54,0,5,rank_available,TDs per ranked candidate
1,within-player,19,2023,0.812962962963,0.904391234268,0.944444444444,540,54,54,0,10,rank_available,TDs per ranked candidate
1,within-player,19,2023,1.35185185185,1.73763318577,1,54,54,54,0,1,rank_in_slot,TDs per ranked candidate
1,within-player,19,2023,1.1975308642,1.51898333555,1,162,54,54,0,3,rank_in_slot,TDs per ranked candidate
1,within-player,19,2023,1.14444444444,1.38623594185,1,270,54,54,0,5,rank_in_slot,TDs per ranked candidate
1,within-player,19,2023,0.962962962963,1.18954782215,0.983333333333,540,54,54,0,10,rank_in_slot,TDs per ranked candidate
1,base-rate-only,-1,2024,0.777777777778,1.14002324081,0.925925925926,54,54,54,0,1,rank_available,TDs per ranked candidate
1,base-rate-only,-1,2024,0.802469135802,1.07257673773,0.901234567901,162,54,54,0,3,rank_available,TDs per ranked candidate
1,base-rate-only,-1,2024,0.807407407407,1.0242474528,0.885185185185,270,54,54,0,5,rank_available,TDs per ranked candidate
1,base-rate-only,-1,2024,0.761111111111,0.944671733091,0.885185185185,540,54,54,0,10,rank_available,TDs per ranked candidate
1,base-rate-only,-1,2024,1.2962962963,1.40278735483,0.981481481481,54,54,54,0,1,rank_in_slot,TDs per ranked candidate
1,base-rate-only,-1,2024,1.2037037037,1.30949811299,0.981481481481,162,54,54,0,3,rank_in_slot,TDs per ranked candidate
1,base-rate-only,-1,2024,1.15555555556,1.2508454452,0.977777777778,270,54,54,0,5,rank_in_slot,TDs per ranked candidate
1,base-rate-only,-1,2024,0.990740740741,1.13586034705,0.95,540,54,54,0,10,rank_in_slot,TDs per ranked candidate
1,current-season-rate,-1,2024,1,1.06870098588,0.981481481481,54,54,54,0,1,rank_available,TDs per ranked candidate
1,current-season-rate,-1,2024,0.944444444444,1.0002144514,0.950617283951,162,54,54,0,3,rank_available,TDs per ranked candidate
1,current-season-rate,-1,2024,0.825925925926,0.958091525505,0.922222222222,270,54,54,0,5,rank_available,TDs per ranked candidate
1,current-season-rate,-1,2024,0.683333333333,0.902442085398,0.848148148148,540,54,54,0,10,rank_available,TDs per ranked candidate
1,current-season-rate,-1,2024,1.03703703704,1.24518890102,0.981481481481,54,54,54,0,1,rank_in_slot,TDs per ranked candidate
1,current-season-rate,-1,2024,1.16666666667,1.17555510868,0.969135802469,162,54,54,0,3,rank_in_slot,TDs per ranked candidate
1,current-season-rate,-1,2024,1.12222222222,1.12571551093,0.977777777778,270,54,54,0,5,rank_in_slot,TDs per ranked candidate
1,current-season-rate,-1,2024,1.02962962963,1.03684083131,0.97037037037,540,54,54,0,10,rank_in_slot,TDs per ranked candidate
1,historical-rate,-1,2024,0.203703703704,1.66461397059,0.462962962963,54,54,54,0,1,rank_available,TDs per ranked candidate
1,historical-rate,-1,2024,0.574074074074,1.391492605,0.728395061728,162,54,54,0,3,rank_available,TDs per ranked candidate
1,historical-rate,-1,2024,0.722222222222,1.27352993914,0.814814814815,270,54,54,0,5,rank_available,TDs per ranked candidate
1,historical-rate,-1,2024,0.672222222222,1.11241641703,0.861111111111,540,54,54,0,10,rank_available,TDs per ranked candidate
1,historical-rate,-1,2024,0.259259259259,1.76383442266,0.648148148148,54,54,54,0,1,rank_in_slot,TDs per ranked candidate
1,historical-rate,-1,2024,0.611111111111,1.58208968773,0.746913580247,162,54,54,0,3,rank_in_slot,TDs per ranked candidate
1,historical-rate,-1,2024,0.718518518519,1.47000935004,0.811111111111,270,54,54,0,5,rank_in_slot,TDs per ranked candidate
1,historical-rate,-1,2024,0.887037037037,1.29182804682,0.894444444444,540,54,54,0,10,rank_in_slot,TDs per ranked candidate
1,no-vegas,-1,2024,0.944444444444,1.23136235358,0.962962962963,54,54,54,0,1,rank_available,TDs per ranked candidate
1,no-vegas,-1,2024,0.876543209877,1.11726252909,0.956790123457,162,54,54,0,3,rank_available,TDs per ranked candidate
1,no-vegas,-1,2024,0.855555555556,1.04393705708,0.966666666667,270,54,54,0,5,rank_available,TDs per ranked candidate
1,no-vegas,-1,2024,0.812962962963,0.930824954205,0.948148148148,540,54,54,0,10,rank_available,TDs per ranked candidate
1,no-vegas,-1,2024,1.44444444444,1.49635072453,1,54,54,54,0,1,rank_in_slot,TDs per ranked candidate
1,no-vegas,-1,2024,1.17901234568,1.36277140916,0.987654320988,162,54,54,0,3,rank_in_slot,TDs per ranked candidate
1,no-vegas,-1,2024,1.11111111111,1.27780434953,0.981481481481,270,54,54,0,5,rank_in_slot,TDs per ranked candidate
1,no-vegas,-1,2024,1.01296296296,1.13956358206,0.97037037037,540,54,54,0,10,rank_in_slot,TDs per ranked candidate
1,player-vegas,-1,2024,0.666666666667,1.22113428126,0.833333333333,54,54,54,0,1,rank_available,TDs per ranked candidate
1,player-vegas,-1,2024,0.808641975309,1.14385486854,0.858024691358,162,54,54,0,3,rank_available,TDs per ranked candidate
1,player-vegas,-1,2024,0.8,1.08616438623,0.866666666667,270,54,54,0,5,rank_available,TDs per ranked candidate
1,player-vegas,-1,2024,0.766666666667,0.990321626629,0.881481481481,540,54,54,0,10,rank_available,TDs per ranked candidate
1,player-vegas,-1,2024,1.35185185185,1.55617489955,1,54,54,54,0,1,rank_in_slot,TDs per ranked candidate
1,player-vegas,-1,2024,1.24691358025,1.45416405211,0.987654320988,162,54,54,0,3,rank_in_slot,TDs per ranked candidate
1,player-vegas,-1,2024,1.18888888889,1.3802658253,0.985185185185,270,54,54,0,5,rank_in_slot,TDs per ranked candidate
1,player-vegas,-1,2024,1.02037037037,1.23736232015,0.938888888889,540,54,54,0,10,rank_in_slot,TDs per ranked candidate
1,random,0,2024,0.462962962963,1.64399071611,0.666666666667,54,54,54,0,1,rank_available,TDs per ranked candidate
1,random,0,2024,0.333333333333,1.48333859605,0.666666666667,162,54,54,0,3,rank_available,TDs per ranked candidate
1,random,0,2024,0.359259259259,1.37256498011,0.722222222222,270,54,54,0,5,rank_available,TDs per ranked candidate
1,random,0,2024,0.375925925926,1.19084210544,0.742592592593,540,54,54,0,10,rank_available,TDs per ranked candidate
1,random,0,2024,0.481481481481,1.64815342835,0.666666666667,54,54,54,0,1,rank_in_slot,TDs per ranked candidate
1,random,0,2024,0.345679012346,1.493934087,0.685185185185,162,54,54,0,3,rank_in_slot,TDs per ranked candidate
1,random,0,2024,0.437037037037,1.39878978313,0.740740740741,270,54,54,0,5,rank_in_slot,TDs per ranked candidate
1,random,0,2024,0.503703703704,1.23163463338,0.783333333333,540,54,54,0,10,rank_in_slot,TDs per ranked candidate
1,random,1,2024,0.203703703704,1.64884146282,0.574074074074,54,54,54,0,1,rank_available,TDs per ranked candidate
1,random,1,2024,0.222222222222,1.4805219733,0.654320987654,162,54,54,0,3,rank_available,TDs per ranked candidate
1,random,1,2024,0.277777777778,1.38262509052,0.7,270,54,54,0,5,rank_available,TDs per ranked candidate
1,random,1,2024,0.394444444444,1.20555932685,0.753703703704,540,54,54,0,10,rank_available,TDs per ranked candidate
1,random,1,2024,0.240740740741,1.65116459321,0.574074074074,54,54,54,0,1,rank_in_slot,TDs per ranked candidate
1,random,1,2024,0.308641975309,1.49461765011,0.691358024691,162,54,54,0,3,rank_in_slot,TDs per ranked candidate
1,random,1,2024,0.32962962963,1.39890937105,0.711111111111,270,54,54,0,5,rank_in_slot,TDs per ranked candidate
1,random,1,2024,0.52962962963,1.2313930258,0.787037037037,540,54,54,0,10,rank_in_slot,TDs per ranked candidate
1,random,2,2024,0.425925925926,1.63711422017,0.796296296296,54,54,54,0,1,rank_available,TDs per ranked candidate
1,random,2,2024,0.364197530864,1.4778857917,0.740740740741,162,54,54,0,3,rank_available,TDs per ranked candidate
1,random,2,2024,0.318518518519,1.37885155193,0.744444444444,270,54,54,0,5,rank_available,TDs per ranked candidate
1,random,2,2024,0.318518518519,1.20684403909,0.737037037037,540,54,54,0,10,rank_available,TDs per ranked candidate
1,random,2,2024,0.462962962963,1.64994411723,0.814814814815,54,54,54,0,1,rank_in_slot,TDs per ranked candidate
1,random,2,2024,0.425925925926,1.49639585502,0.753086419753,162,54,54,0,3,rank_in_slot,TDs per ranked candidate
1,random,2,2024,0.355555555556,1.39981261439,0.751851851852,270,54,54,0,5,rank_in_slot,TDs per ranked candidate
1,random,2,2024,0.385185185185,1.23126669797,0.753703703704,540,54,54,0,10,rank_in_slot,TDs per ranked candidate
1,random,3,2024,0.333333333333,1.6419637516,0.814814814815,54,54,54,0,1,rank_available,TDs per ranked candidate
1,random,3,2024,0.364197530864,1.49088448016,0.722222222222,162,54,54,0,3,rank_available,TDs per ranked candidate
1,random,3,2024,0.388888888889,1.38548387612,0.751851851852,270,54,54,0,5,rank_available,TDs per ranked candidate
1,random,3,2024,0.364814814815,1.20785980396,0.731481481481,540,54,54,0,10,rank_available,TDs per ranked candidate
1,random,3,2024,0.333333333333,1.6419637516,0.814814814815,54,54,54,0,1,rank_in_slot,TDs per ranked candidate
1,random,3,2024,0.358024691358,1.49394927931,0.722222222222,162,54,54,0,3,rank_in_slot,TDs per ranked candidate
1,random,3,2024,0.425925925926,1.39859383501,0.759259259259,270,54,54,0,5,rank_in_slot,TDs per ranked candidate
1,random,3,2024,0.435185185185,1.22961888724,0.744444444444,540,54,54,0,10,rank_in_slot,TDs per ranked candidate
1,random,4,2024,0.111111111111,1.64907274756,0.574074074074,54,54,54,0,1,rank_available,TDs per ranked candidate
1,random,4,2024,0.259259259259,1.4896085199,0.635802469136,162,54,54,0,3,rank_available,TDs per ranked candidate
1,random,4,2024,0.3,1.38954337144,0.7,270,54,54,0,5,rank_available,TDs per ranked candidate
1,random,4,2024,0.309259259259,1.21177918784,0.712962962963,540,54,54,0,10,rank_available,TDs per ranked candidate
1,random,4,2024,0.111111111111,1.64907274756,0.574074074074,54,54,54,0,1,rank_in_slot,TDs per ranked candidate
1,random,4,2024,0.259259259259,1.49153403813,0.648148148148,162,54,54,0,3,rank_in_slot,TDs per ranked candidate
1,random,4,2024,0.333333333333,1.39572551564,0.711111111111,270,54,54,0,5,rank_in_slot,TDs per ranked candidate
1,random,4,2024,0.351851851852,1.22944893615,0.72962962963,540,54,54,0,10,rank_in_slot,TDs per ranked candidate
1,random,5,2024,0.444444444444,1.63793264927,0.87037037037,54,54,54,0,1,rank_available,TDs per ranked candidate
1,random,5,2024,0.358024691358,1.48527042596,0.746913580247,162,54,54,0,3,rank_available,TDs per ranked candidate
1,random,5,2024,0.366666666667,1.38372007605,0.759259259259,270,54,54,0,5,rank_available,TDs per ranked candidate
1,random,5,2024,0.381481481481,1.21080292387,0.751851851852,540,54,54,0,10,rank_available,TDs per ranked candidate
1,random,5,2024,0.574074074074,1.64698894739,0.888888888889,54,54,54,0,1,rank_in_slot,TDs per ranked candidate
1,random,5,2024,0.376543209877,1.49294330973,0.753086419753,162,54,54,0,3,rank_in_slot,TDs per ranked candidate
1,random,5,2024,0.4,1.39411290849,0.77037037037,270,54,54,0,5,rank_in_slot,TDs per ranked candidate
1,random,5,2024,0.416666666667,1.22819927439,0.762962962963,540,54,54,0,10,rank_in_slot,TDs per ranked candidate
1,random,6,2024,0.296296296296,1.62368521731,0.759259259259,54,54,54,0,1,rank_available,TDs per ranked candidate
1,random,6,2024,0.308641975309,1.46083698031,0.771604938272,162,54,54,0,3,rank_available,TDs per ranked candidate
1,random,6,2024,0.325925925926,1.35981309246,0.755555555556,270,54,54,0,5,rank_available,TDs per ranked candidate
1,random,6,2024,0.374074074074,1.19248137882,0.768518518519,540,54,54,0,10,rank_available,TDs per ranked candidate
1,random,6,2024,0.314814814815,1.63547109989,0.777777777778,54,54,54,0,1,rank_in_slot,TDs per ranked candidate
1,random,6,2024,0.456790123457,1.49103083186,0.814814814815,162,54,54,0,3,rank_in_slot,TDs per ranked candidate
1,random,6,2024,0.425925925926,1.39617383299,0.781481481481,270,54,54,0,5,rank_in_slot,TDs per ranked candidate
1,random,6,2024,0.442592592593,1.23021155121,0.785185185185,540,54,54,0,10,rank_in_slot,TDs per ranked candidate
1,random,7,2024,0.777777777778,1.61431703038,0.944444444444,54,54,54,0,1,rank_available,TDs per ranked candidate
1,random,7,2024,0.567901234568,1.46878143298,0.876543209877,162,54,54,0,3,rank_available,TDs per ranked candidate
1,random,7,2024,0.459259259259,1.37379315807,0.814814814815,270,54,54,0,5,rank_available,TDs per ranked candidate
1,random,7,2024,0.364814814815,1.20456543406,0.762962962963,540,54,54,0,10,rank_available,TDs per ranked candidate
1,random,7,2024,1.05555555556,1.65161194723,0.962962962963,54,54,54,0,1,rank_in_slot,TDs per ranked candidate
1,random,7,2024,0.666666666667,1.49642040654,0.882716049383,162,54,54,0,3,rank_in_slot,TDs per ranked candidate
1,random,7,2024,0.551851851852,1.39964362783,0.82962962963,270,54,54,0,5,rank_in_slot,TDs per ranked candidate
1,random,7,2024,0.459259259259,1.23138781899,0.781481481481,540,54,54,0,10,rank_in_slot,TDs per ranked candidate
1,random,8,2024,0.5,1.64953677413,0.740740740741,54,54,54,0,1,rank_available,TDs per ranked candidate
1,random,8,2024,0.358024691358,1.48227282033,0.666666666667,162,54,54,0,3,rank_available,TDs per ranked candidate
1,random,8,2024,0.32962962963,1.37921235045,0.688888888889,270,54,54,0,5,rank_available,TDs per ranked candidate
1,random,8,2024,0.327777777778,1.2102218012,0.703703703704,540,54,54,0,10,rank_available,TDs per ranked candidate
1,random,8,2024,0.5,1.64953677413,0.740740740741,54,54,54,0,1,rank_in_slot,TDs per ranked candidate
1,random,8,2024,0.41975308642,1.49352998322,0.716049382716,162,54,54,0,3,rank_in_slot,TDs per ranked candidate
1,random,8,2024,0.374074074074,1.39826140112,0.718518518519,270,54,54,0,5,rank_in_slot,TDs per ranked candidate
1,random,8,2024,0.37037037037,1.23112765694,0.718518518519,540,54,54,0,10,rank_in_slot,TDs per ranked candidate
1,random,9,2024,0.425925925926,1.64305069628,0.703703703704,54,54,54,0,1,rank_available,TDs per ranked candidate
1,random,9,2024,0.351851851852,1.4773394652,0.685185185185,162,54,54,0,3,rank_available,TDs per ranked candidate
1,random,9,2024,0.351851851852,1.37637561123,0.696296296296,270,54,54,0,5,rank_available,TDs per ranked candidate
1,random,9,2024,0.388888888889,1.20163662093,0.725925925926,540,54,54,0,10,rank_available,TDs per ranked candidate
1,random,9,2024,0.518518518519,1.65258948178,0.703703703704,54,54,54,0,1,rank_in_slot,TDs per ranked candidate
1,random,9,2024,0.407407407407,1.49649243014,0.70987654321,162,54,54,0,3,rank_in_slot,TDs per ranked candidate
1,random,9,2024,0.440740740741,1.40062580483,0.725925925926,270,54,54,0,5,rank_in_slot,TDs per ranked candidate
1,random,9,2024,0.444444444444,1.23186370008,0.742592592593,540,54,54,0,10,rank_in_slot,TDs per ranked candidate
1,random,10,2024,0.12962962963,1.65054357863,0.592592592593,54,54,54,0,1,rank_available,TDs per ranked candidate
1,random,10,2024,0.320987654321,1.49263262789,0.685185185185,162,54,54,0,3,rank_available,TDs per ranked candidate
1,random,10,2024,0.311111111111,1.38444102383,0.688888888889,270,54,54,0,5,rank_available,TDs per ranked candidate
1,random,10,2024,0.296296296296,1.2091846313,0.72037037037,540,54,54,0,10,rank_available,TDs per ranked candidate
1,random,10,2024,0.12962962963,1.65054357863,0.592592592593,54,54,54,0,1,rank_in_slot,TDs per ranked candidate
1,random,10,2024,0.333333333333,1.49267371095,0.691358024691,162,54,54,0,3,rank_in_slot,TDs per ranked candidate
1,random,10,2024,0.433333333333,1.39694408133,0.72962962963,270,54,54,0,5,rank_in_slot,TDs per ranked candidate
1,random,10,2024,0.374074074074,1.23052068868,0.744444444444,540,54,54,0,10,rank_in_slot,TDs per ranked candidate
1,random,11,2024,0.314814814815,1.63767063636,0.703703703704,54,54,54,0,1,rank_available,TDs per ranked candidate
1,random,11,2024,0.351851851852,1.47997225676,0.740740740741,162,54,54,0,3,rank_available,TDs per ranked candidate
1,random,11,2024,0.322222222222,1.37981413422,0.72962962963,270,54,54,0,5,rank_available,TDs per ranked candidate
1,random,11,2024,0.351851851852,1.21123536813,0.744444444444,540,54,54,0,10,rank_available,TDs per ranked candidate
1,random,11,2024,0.351851851852,1.6490879222,0.740740740741,54,54,54,0,1,rank_in_slot,TDs per ranked candidate
1,random,11,2024,0.358024691358,1.49436132441,0.746913580247,162,54,54,0,3,rank_in_slot,TDs per ranked candidate
1,random,11,2024,0.359259259259,1.39626942959,0.733333333333,270,54,54,0,5,rank_in_slot,TDs per ranked candidate
1,random,11,2024,0.403703703704,1.22923518066,0.759259259259,540,54,54,0,10,rank_in_slot,TDs per ranked candidate
1,random,12,2024,0.407407407407,1.64941585822,0.851851851852,54,54,54,0,1,rank_available,TDs per ranked candidate
1,random,12,2024,0.413580246914,1.48980723552,0.808641975309,162,54,54,0,3,rank_available,TDs per ranked candidate
1,random,12,2024,0.337037037037,1.39300412268,0.766666666667,270,54,54,0,5,rank_available,TDs per ranked candidate
1,random,12,2024,0.32962962963,1.21596246858,0.727777777778,540,54,54,0,10,rank_available,TDs per ranked candidate
1,random,12,2024,0.407407407407,1.64941585822,0.851851851852,54,54,54,0,1,rank_in_slot,TDs per ranked candidate
1,random,12,2024,0.450617283951,1.49422196959,0.814814814815,162,54,54,0,3,rank_in_slot,TDs per ranked candidate
1,random,12,2024,0.359259259259,1.39899626827,0.774074074074,270,54,54,0,5,rank_in_slot,TDs per ranked candidate
1,random,12,2024,0.403703703704,1.22991418001,0.762962962963,540,54,54,0,10,rank_in_slot,TDs per ranked candidate
1,random,13,2024,0.462962962963,1.64308305037,0.814814814815,54,54,54,0,1,rank_available,TDs per ranked candidate
1,random,13,2024,0.382716049383,1.46935707712,0.759259259259,162,54,54,0,3,rank_available,TDs per ranked candidate
1,random,13,2024,0.288888888889,1.36929790403,0.711111111111,270,54,54,0,5,rank_available,TDs per ranked candidate
1,random,13,2024,0.309259259259,1.20229356778,0.716666666667,540,54,54,0,10,rank_available,TDs per ranked candidate
1,random,13,2024,0.462962962963,1.64484176318,0.814814814815,54,54,54,0,1,rank_in_slot,TDs per ranked candidate
1,random,13,2024,0.432098765432,1.4884666632,0.814814814815,162,54,54,0,3,rank_in_slot,TDs per ranked candidate
1,random,13,2024,0.366666666667,1.39480002697,0.751851851852,270,54,54,0,5,rank_in_slot,TDs per ranked candidate
1,random,13,2024,0.387037037037,1.22898247675,0.75,540,54,54,0,10,rank_in_slot,TDs per ranked candidate
1,random,14,2024,0.37037037037,1.62215955927,0.592592592593,54,54,54,0,1,rank_available,TDs per ranked candidate
1,random,14,2024,0.493827160494,1.45496679586,0.740740740741,162,54,54,0,3,rank_available,TDs per ranked candidate
1,random,14,2024,0.437037037037,1.35383301645,0.714814814815,270,54,54,0,5,rank_available,TDs per ranked candidate
1,random,14,2024,0.394444444444,1.18314825604,0.727777777778,540,54,54,0,10,rank_available,TDs per ranked candidate
1,random,14,2024,0.351851851852,1.6411850432,0.62962962963,54,54,54,0,1,rank_in_slot,TDs per ranked candidate
1,random,14,2024,0.530864197531,1.4893790114,0.765432098765,162,54,54,0,3,rank_in_slot,TDs per ranked candidate
1,random,14,2024,0.511111111111,1.39523457983,0.755555555556,270,54,54,0,5,rank_in_slot,TDs per ranked candidate
1,random,14,2024,0.496296296296,1.22908189332,0.759259259259,540,54,54,0,10,rank_in_slot,TDs per ranked candidate
1,random,15,2024,0.351851851852,1.6440743351,0.703703703704,54,54,54,0,1,rank_available,TDs per ranked candidate
1,random,15,2024,0.345679012346,1.47688649442,0.746913580247,162,54,54,0,3,rank_available,TDs per ranked candidate
1,random,15,2024,0.281481481481,1.37798715483,0.737037037037,270,54,54,0,5,rank_available,TDs per ranked candidate
1,random,15,2024,0.3,1.20754239022,0.727777777778,540,54,54,0,10,rank_available,TDs per ranked candidate
1,random,15,2024,0.388888888889,1.65094402358,0.722222222222,54,54,54,0,1,rank_in_slot,TDs per ranked candidate
1,random,15,2024,0.407407407407,1.49417052129,0.753086419753,162,54,54,0,3,rank_in_slot,TDs per ranked candidate
1,random,15,2024,0.362962962963,1.3988002226,0.759259259259,270,54,54,0,5,rank_in_slot,TDs per ranked candidate
1,random,15,2024,0.324074074074,1.23051000834,0.72962962963,540,54,54,0,10,rank_in_slot,TDs per ranked candidate
1,random,16,2024,0.203703703704,1.64337895937,0.62962962963,54,54,54,0,1,rank_available,TDs per ranked candidate
1,random,16,2024,0.29012345679,1.47563579888,0.703703703704,162,54,54,0,3,rank_available,TDs per ranked candidate
1,random,16,2024,0.292592592593,1.37378028793,0.718518518519,270,54,54,0,5,rank_available,TDs per ranked candidate
1,random,16,2024,0.314814814815,1.20361226338,0.733333333333,540,54,54,0,10,rank_available,TDs per ranked candidate
1,random,16,2024,0.222222222222,1.64769646965,0.648148148148,54,54,54,0,1,rank_in_slot,TDs per ranked candidate
1,random,16,2024,0.364197530864,1.49064709616,0.728395061728,162,54,54,0,3,rank_in_slot,TDs per ranked candidate
1,random,16,2024,0.388888888889,1.39470746031,0.748148148148,270,54,54,0,5,rank_in_slot,TDs per ranked candidate
1,random,16,2024,0.392592592593,1.22846905733,0.75,540,54,54,0,10,rank_in_slot,TDs per ranked candidate
1,random,17,2024,0.425925925926,1.63889624447,0.759259259259,54,54,54,0,1,rank_available,TDs per ranked candidate
1,random,17,2024,0.358024691358,1.48474701289,0.722222222222,162,54,54,0,3,rank_available,TDs per ranked candidate
1,random,17,2024,0.318518518519,1.38830011751,0.711111111111,270,54,54,0,5,rank_available,TDs per ranked candidate
1,random,17,2024,0.311111111111,1.2191308494,0.685185185185,540,54,54,0,10,rank_available,TDs per ranked candidate
1,random,17,2024,0.537037037037,1.65258948178,0.777777777778,54,54,54,0,1,rank_in_slot,TDs per ranked candidate
1,random,17,2024,0.401234567901,1.49762457732,0.722222222222,162,54,54,0,3,rank_in_slot,TDs per ranked candidate
1,random,17,2024,0.351851851852,1.40123347169,0.718518518519,270,54,54,0,5,rank_in_slot,TDs per ranked candidate
1,random,17,2024,0.344444444444,1.23324945303,0.690740740741,540,54,54,0,10,rank_in_slot,TDs per ranked candidate
1,random,18,2024,0.240740740741,1.65258948178,0.685185185185,54,54,54,0,1,rank_available,TDs per ranked candidate
1,random,18,2024,0.518518518519,1.47329132377,0.765432098765,162,54,54,0,3,rank_available,TDs per ranked candidate
1,random,18,2024,0.448148148148,1.36657654954,0.737037037037,270,54,54,0,5,rank_available,TDs per ranked candidate
1,random,18,2024,0.468518518519,1.19023187556,0.753703703704,540,54,54,0,10,rank_available,TDs per ranked candidate
1,random,18,2024,0.240740740741,1.65258948178,0.685185185185,54,54,54,0,1,rank_in_slot,TDs per ranked candidate
1,random,18,2024,0.62962962963,1.49658432943,0.79012345679,162,54,54,0,3,rank_in_slot,TDs per ranked candidate
1,random,18,2024,0.562962962963,1.39890289457,0.774074074074,270,54,54,0,5,rank_in_slot,TDs per ranked candidate
1,random,18,2024,0.540740740741,1.2313708686,0.777777777778,540,54,54,0,10,rank_in_slot,TDs per ranked candidate
1,random,19,2024,0.481481481481,1.61770235652,0.796296296296,54,54,54,0,1,rank_available,TDs per ranked candidate
1,random,19,2024,0.37037037037,1.46883713957,0.740740740741,162,54,54,0,3,rank_available,TDs per ranked candidate
1,random,19,2024,0.362962962963,1.36881274265,0.733333333333,270,54,54,0,5,rank_available,TDs per ranked candidate
1,random,19,2024,0.338888888889,1.19925497273,0.753703703704,540,54,54,0,10,rank_available,TDs per ranked candidate
1,random,19,2024,0.62962962963,1.64941257206,0.833333333333,54,54,54,0,1,rank_in_slot,TDs per ranked candidate
1,random,19,2024,0.444444444444,1.4920773093,0.777777777778,162,54,54,0,3,rank_in_slot,TDs per ranked candidate
1,random,19,2024,0.437037037037,1.396127892,0.755555555556,270,54,54,0,5,rank_in_slot,TDs per ranked candidate
1,random,19,2024,0.398148148148,1.2295274939,0.762962962963,540,54,54,0,10,rank_in_slot,TDs per ranked candidate
1,regressed-rate,-1,2024,0.555555555556,1.11251156088,0.833333333333,54,54,54,0,1,rank_available,TDs per ranked candidate
1,regressed-rate,-1,2024,0.759259259259,1.05729465396,0.882716049383,162,54,54,0,3,rank_available,TDs per ranked candidate
1,regressed-rate,-1,2024,0.77037037037,1.01897980534,0.874074074074,270,54,54,0,5,rank_available,TDs per ranked candidate
1,regressed-rate,-1,2024,0.701851851852,0.948561338505,0.875925925926,540,54,54,0,10,rank_available,TDs per ranked candidate
1,regressed-rate,-1,2024,1.12962962963,1.35567787225,0.981481481481,54,54,54,0,1,rank_in_slot,TDs per ranked candidate
1,regressed-rate,-1,2024,0.950617283951,1.24219271615,0.950617283951,162,54,54,0,3,rank_in_slot,TDs per ranked candidate
1,regressed-rate,-1,2024,0.914814814815,1.17913903508,0.933333333333,270,54,54,0,5,rank_in_slot,TDs per ranked candidate
1,regressed-rate,-1,2024,0.916666666667,1.07940192482,0.933333333333,540,54,54,0,10,rank_in_slot,TDs per ranked candidate
1,shipped,-1,2024,0.888888888889,1.29369564424,1,54,54,54,0,1,rank_available,TDs per ranked candidate
1,shipped,-1,2024,0.950617283951,1.16858292067,0.975308641975,162,54,54,0,3,rank_available,TDs per ranked candidate
1,shipped,-1,2024,0.911111111111,1.08599828266,0.97037037037,270,54,54,0,5,rank_available,TDs per ranked candidate
1,shipped,-1,2024,0.837037037037,0.955078866841,0.955555555556,540,54,54,0,10,rank_available,TDs per ranked candidate
1,shipped,-1,2024,1.12962962963,1.64990203228,1,54,54,54,0,1,rank_in_slot,TDs per ranked candidate
1,shipped,-1,2024,1.23456790123,1.49271249238,0.993827160494,162,54,54,0,3,rank_in_slot,TDs per ranked candidate
1,shipped,-1,2024,1.15555555556,1.3966972307,0.988888888889,270,54,54,0,5,rank_in_slot,TDs per ranked candidate
1,shipped,-1,2024,1.0462962963,1.22956849054,0.975925925926,540,54,54,0,10,rank_in_slot,TDs per ranked candidate
1,vegas-environment,-1,2024,0.759259259259,0.889553466638,0.907407407407,54,54,54,0,1,rank_available,TDs per ranked candidate
1,vegas-environment,-1,2024,0.740740740741,0.862976075378,0.944444444444,162,54,54,0,3,rank_available,TDs per ranked candidate
1,vegas-environment,-1,2024,0.781481481481,0.845379178495,0.944444444444,270,54,54,0,5,rank_available,TDs per ranked candidate
1,vegas-environment,-1,2024,0.787037037037,0.815835841294,0.931481481481,540,54,54,0,10,rank_available,TDs per ranked candidate
1,vegas-environment,-1,2024,1.31481481481,0.958297857098,0.981481481481,54,54,54,0,1,rank_in_slot,TDs per ranked candidate
1,vegas-environment,-1,2024,1.05555555556,0.910961351881,0.962962962963,162,54,54,0,3,rank_in_slot,TDs per ranked candidate
1,vegas-environment,-1,2024,1.03333333333,0.890963423835,0.97037037037,270,54,54,0,5,rank_in_slot,TDs per ranked candidate
1,vegas-environment,-1,2024,0.981481481481,0.859579444282,0.959259259259,540,54,54,0,10,rank_in_slot,TDs per ranked candidate
1,within-player,0,2024,0.962962962963,1.28259497559,0.981481481481,54,54,54,0,1,rank_available,TDs per ranked candidate
1,within-player,0,2024,0.925925925926,1.1553345246,0.975308641975,162,54,54,0,3,rank_available,TDs per ranked candidate
1,within-player,0,2024,0.951851851852,1.08016724853,0.97037037037,270,54,54,0,5,rank_available,TDs per ranked candidate
1,within-player,0,2024,0.851851851852,0.952017876468,0.955555555556,540,54,54,0,10,rank_available,TDs per ranked candidate
1,within-player,0,2024,1.18518518519,1.6194874132,1,54,54,54,0,1,rank_in_slot,TDs per ranked candidate
1,within-player,0,2024,1.19135802469,1.48625867567,0.987654320988,162,54,54,0,3,rank_in_slot,TDs per ranked candidate
1,within-player,0,2024,1.16296296296,1.38858633749,0.992592592593,270,54,54,0,5,rank_in_slot,TDs per ranked candidate
1,within-player,0,2024,1.05925925926,1.22601922926,0.975925925926,540,54,54,0,10,rank_in_slot,TDs per ranked candidate
1,within-player,1,2024,0.87037037037,1.32113423394,0.962962962963,54,54,54,0,1,rank_available,TDs per ranked candidate
1,within-player,1,2024,0.91975308642,1.17928578162,0.956790123457,162,54,54,0,3,rank_available,TDs per ranked candidate
1,within-player,1,2024,0.855555555556,1.09723957651,0.955555555556,270,54,54,0,5,rank_available,TDs per ranked candidate
1,within-player,1,2024,0.837037037037,0.959932620388,0.951851851852,540,54,54,0,10,rank_available,TDs per ranked candidate
1,within-player,1,2024,1.12962962963,1.60167912163,1,54,54,54,0,1,rank_in_slot,TDs per ranked candidate
1,within-player,1,2024,1.16049382716,1.47215620066,0.981481481481,162,54,54,0,3,rank_in_slot,TDs per ranked candidate
1,within-player,1,2024,1.12962962963,1.38255379757,0.977777777778,270,54,54,0,5,rank_in_slot,TDs per ranked candidate
1,within-player,1,2024,1.03703703704,1.22718753427,0.974074074074,540,54,54,0,10,rank_in_slot,TDs per ranked candidate
1,within-player,2,2024,0.981481481481,1.27451597418,0.981481481481,54,54,54,0,1,rank_available,TDs per ranked candidate
1,within-player,2,2024,0.907407407407,1.14928657634,0.956790123457,162,54,54,0,3,rank_available,TDs per ranked candidate
1,within-player,2,2024,0.911111111111,1.07768181383,0.955555555556,270,54,54,0,5,rank_available,TDs per ranked candidate
1,within-player,2,2024,0.846296296296,0.948767317261,0.953703703704,540,54,54,0,10,rank_available,TDs per ranked candidate
1,within-player,2,2024,1.22222222222,1.60484563079,1,54,54,54,0,1,rank_in_slot,TDs per ranked candidate
1,within-player,2,2024,1.16049382716,1.47460003995,0.975308641975,162,54,54,0,3,rank_in_slot,TDs per ranked candidate
1,within-player,2,2024,1.15925925926,1.38188425857,0.974074074074,270,54,54,0,5,rank_in_slot,TDs per ranked candidate
1,within-player,2,2024,1.03888888889,1.22167561683,0.964814814815,540,54,54,0,10,rank_in_slot,TDs per ranked candidate
1,within-player,3,2024,1,1.31824505974,1,54,54,54,0,1,rank_available,TDs per ranked candidate
1,within-player,3,2024,0.907407407407,1.17693243968,0.975308641975,162,54,54,0,3,rank_available,TDs per ranked candidate
1,within-player,3,2024,0.896296296296,1.09280894193,0.966666666667,270,54,54,0,5,rank_available,TDs per ranked candidate
1,within-player,3,2024,0.862962962963,0.954168941738,0.959259259259,540,54,54,0,10,rank_available,TDs per ranked candidate
1,within-player,3,2024,1.18518518519,1.62266020261,1,54,54,54,0,1,rank_in_slot,TDs per ranked candidate
1,within-player,3,2024,1.1975308642,1.4836934035,0.987654320988,162,54,54,0,3,rank_in_slot,TDs per ranked candidate
1,within-player,3,2024,1.17777777778,1.39372512446,0.985185185185,270,54,54,0,5,rank_in_slot,TDs per ranked candidate
1,within-player,3,2024,1.05925925926,1.22782965655,0.974074074074,540,54,54,0,10,rank_in_slot,TDs per ranked candidate
1,within-player,4,2024,1.09259259259,1.29327991122,0.981481481481,54,54,54,0,1,rank_available,TDs per ranked candidate
1,within-player,4,2024,0.962962962963,1.16095043586,0.962962962963,162,54,54,0,3,rank_available,TDs per ranked candidate
1,within-player,4,2024,0.922222222222,1.0781154323,0.962962962963,270,54,54,0,5,rank_available,TDs per ranked candidate
1,within-player,4,2024,0.838888888889,0.947761366882,0.953703703704,540,54,54,0,10,rank_available,TDs per ranked candidate
1,within-player,4,2024,1.2962962963,1.61929558326,1,54,54,54,0,1,rank_in_slot,TDs per ranked candidate
1,within-player,4,2024,1.20987654321,1.479218205,0.993827160494,162,54,54,0,3,rank_in_slot,TDs per ranked candidate
1,within-player,4,2024,1.15925925926,1.38346478703,0.988888888889,270,54,54,0,5,rank_in_slot,TDs per ranked candidate
1,within-player,4,2024,1.0462962963,1.21919898113,0.97037037037,540,54,54,0,10,rank_in_slot,TDs per ranked candidate
1,within-player,5,2024,0.814814814815,1.28086348464,0.944444444444,54,54,54,0,1,rank_available,TDs per ranked candidate
1,within-player,5,2024,0.907407407407,1.15263625751,0.962962962963,162,54,54,0,3,rank_available,TDs per ranked candidate
1,within-player,5,2024,0.874074074074,1.07728353921,0.948148148148,270,54,54,0,5,rank_available,TDs per ranked candidate
1,within-player,5,2024,0.861111111111,0.951098600342,0.95,540,54,54,0,10,rank_available,TDs per ranked candidate
1,within-player,5,2024,1.11111111111,1.6165263953,0.962962962963,54,54,54,0,1,rank_in_slot,TDs per ranked candidate
1,within-player,5,2024,1.2037037037,1.47716789011,0.975308641975,162,54,54,0,3,rank_in_slot,TDs per ranked candidate
1,within-player,5,2024,1.14814814815,1.38548406631,0.97037037037,270,54,54,0,5,rank_in_slot,TDs per ranked candidate
1,within-player,5,2024,1.07407407407,1.22531162503,0.966666666667,540,54,54,0,10,rank_in_slot,TDs per ranked candidate
1,within-player,6,2024,0.981481481481,1.27638254228,1,54,54,54,0,1,rank_available,TDs per ranked candidate
1,within-player,6,2024,0.950617283951,1.15821821839,0.969135802469,162,54,54,0,3,rank_available,TDs per ranked candidate
1,within-player,6,2024,0.892592592593,1.0798552103,0.959259259259,270,54,54,0,5,rank_available,TDs per ranked candidate
1,within-player,6,2024,0.853703703704,0.951192633028,0.953703703704,540,54,54,0,10,rank_available,TDs per ranked candidate
1,within-player,6,2024,1.18518518519,1.60237757071,1,54,54,54,0,1,rank_in_slot,TDs per ranked candidate
1,within-player,6,2024,1.24074074074,1.46792279363,0.987654320988,162,54,54,0,3,rank_in_slot,TDs per ranked candidate
1,within-player,6,2024,1.2037037037,1.37681319421,0.992592592593,270,54,54,0,5,rank_in_slot,TDs per ranked candidate
1,within-player,6,2024,1.02962962963,1.22316732604,0.97037037037,540,54,54,0,10,rank_in_slot,TDs per ranked candidate
1,within-player,7,2024,0.833333333333,1.2710330631,0.981481481481,54,54,54,0,1,rank_available,TDs per ranked candidate
1,within-player,7,2024,0.956790123457,1.1546499297,0.969135802469,162,54,54,0,3,rank_available,TDs per ranked candidate
1,within-player,7,2024,0.937037037037,1.07909837187,0.966666666667,270,54,54,0,5,rank_available,TDs per ranked candidate
1,within-player,7,2024,0.857407407407,0.953573911525,0.957407407407,540,54,54,0,10,rank_available,TDs per ranked candidate
1,within-player,7,2024,1.14814814815,1.61460872407,1,54,54,54,0,1,rank_in_slot,TDs per ranked candidate
1,within-player,7,2024,1.18518518519,1.4787323592,0.987654320988,162,54,54,0,3,rank_in_slot,TDs per ranked candidate
1,within-player,7,2024,1.14814814815,1.38590394369,0.988888888889,270,54,54,0,5,rank_in_slot,TDs per ranked candidate
1,within-player,7,2024,1.06666666667,1.22415416231,0.977777777778,540,54,54,0,10,rank_in_slot,TDs per ranked candidate
1,within-player,8,2024,0.888888888889,1.27510707216,0.962962962963,54,54,54,0,1,rank_available,TDs per ranked candidate
1,within-player,8,2024,0.913580246914,1.1342681337,0.956790123457,162,54,54,0,3,rank_available,TDs per ranked candidate
1,within-player,8,2024,0.918518518519,1.05830812643,0.959259259259,270,54,54,0,5,rank_available,TDs per ranked candidate
1,within-player,8,2024,0.82962962963,0.937950591425,0.955555555556,540,54,54,0,10,rank_available,TDs per ranked candidate
1,within-player,8,2024,1.16666666667,1.60336477234,1,54,54,54,0,1,rank_in_slot,TDs per ranked candidate
1,within-player,8,2024,1.07407407407,1.4493932956,0.981481481481,162,54,54,0,3,rank_in_slot,TDs per ranked candidate
1,within-player,8,2024,1.12222222222,1.36034122523,0.981481481481,270,54,54,0,5,rank_in_slot,TDs per ranked candidate
1,within-player,8,2024,1.03703703704,1.20444205037,0.968518518519,540,54,54,0,10,rank_in_slot,TDs per ranked candidate
1,within-player,9,2024,0.981481481481,1.29551501377,1,54,54,54,0,1,rank_available,TDs per ranked candidate
1,within-player,9,2024,0.962962962963,1.17439795344,0.962962962963,162,54,54,0,3,rank_available,TDs per ranked candidate
1,within-player,9,2024,0.918518518519,1.09645736033,0.962962962963,270,54,54,0,5,rank_available,TDs per ranked candidate
1,within-player,9,2024,0.857407407407,0.961099108998,0.951851851852,540,54,54,0,10,rank_available,TDs per ranked candidate
1,within-player,9,2024,1.12962962963,1.59222607484,1,54,54,54,0,1,rank_in_slot,TDs per ranked candidate
1,within-player,9,2024,1.24691358025,1.47303804077,0.993827160494,162,54,54,0,3,rank_in_slot,TDs per ranked candidate
1,within-player,9,2024,1.19259259259,1.38969244159,0.985185185185,270,54,54,0,5,rank_in_slot,TDs per ranked candidate
1,within-player,9,2024,1.08333333333,1.23315098048,0.968518518519,540,54,54,0,10,rank_in_slot,TDs per ranked candidate
1,within-player,10,2024,0.962962962963,1.31621910259,0.981481481481,54,54,54,0,1,rank_available,TDs per ranked candidate
1,within-player,10,2024,0.895061728395,1.17785286543,0.969135802469,162,54,54,0,3,rank_available,TDs per ranked candidate
1,within-player,10,2024,0.933333333333,1.09279558271,0.959259259259,270,54,54,0,5,rank_available,TDs per ranked candidate
1,within-player,10,2024,0.840740740741,0.957739353248,0.953703703704,540,54,54,0,10,rank_available,TDs per ranked candidate
1,within-player,10,2024,1.25925925926,1.63452739539,1,54,54,54,0,1,rank_in_slot,TDs per ranked candidate
1,within-player,10,2024,1.21604938272,1.50050283769,0.993827160494,162,54,54,0,3,rank_in_slot,TDs per ranked candidate
1,within-player,10,2024,1.18518518519,1.4068966443,0.992592592593,270,54,54,0,5,rank_in_slot,TDs per ranked candidate
1,within-player,10,2024,1.0462962963,1.23632461705,0.962962962963,540,54,54,0,10,rank_in_slot,TDs per ranked candidate
1,within-player,11,2024,0.87037037037,1.28220075307,0.981481481481,54,54,54,0,1,rank_available,TDs per ranked candidate
1,within-player,11,2024,0.901234567901,1.15131777113,0.962962962963,162,54,54,0,3,rank_available,TDs per ranked candidate
1,within-player,11,2024,0.855555555556,1.07815726128,0.962962962963,270,54,54,0,5,rank_available,TDs per ranked candidate
1,within-player,11,2024,0.846296296296,0.950376043699,0.95,540,54,54,0,10,rank_available,TDs per ranked candidate
1,within-player,11,2024,0.925925925926,1.63081758034,0.981481481481,54,54,54,0,1,rank_in_slot,TDs per ranked candidate
1,within-player,11,2024,1.16666666667,1.4774064211,0.975308641975,162,54,54,0,3,rank_in_slot,TDs per ranked candidate
1,within-player,11,2024,1.1962962963,1.38470989653,0.985185185185,270,54,54,0,5,rank_in_slot,TDs per ranked candidate
1,within-player,11,2024,1.05555555556,1.22575188172,0.964814814815,540,54,54,0,10,rank_in_slot,TDs per ranked candidate
1,within-player,12,2024,1.03703703704,1.27067001306,1,54,54,54,0,1,rank_available,TDs per ranked candidate
1,within-player,12,2024,0.981481481481,1.15113568075,0.969135802469,162,54,54,0,3,rank_available,TDs per ranked candidate
1,within-player,12,2024,0.937037037037,1.07430087214,0.97037037037,270,54,54,0,5,rank_available,TDs per ranked candidate
1,within-player,12,2024,0.862962962963,0.946347666346,0.953703703704,540,54,54,0,10,rank_available,TDs per ranked candidate
1,within-player,12,2024,1.07407407407,1.64644081427,1,54,54,54,0,1,rank_in_slot,TDs per ranked candidate
1,within-player,12,2024,1.22222222222,1.48947590922,0.993827160494,162,54,54,0,3,rank_in_slot,TDs per ranked candidate
1,within-player,12,2024,1.18888888889,1.3898584432,0.988888888889,270,54,54,0,5,rank_in_slot,TDs per ranked candidate
1,within-player,12,2024,1.04444444444,1.2239490563,0.97037037037,540,54,54,0,10,rank_in_slot,TDs per ranked candidate
1,within-player,13,2024,0.944444444444,1.28631316467,0.981481481481,54,54,54,0,1,rank_available,TDs per ranked candidate
1,within-player,13,2024,0.864197530864,1.16331366517,0.950617283951,162,54,54,0,3,rank_available,TDs per ranked candidate
1,within-player,13,2024,0.862962962963,1.08787118226,0.951851851852,270,54,54,0,5,rank_available,TDs per ranked candidate
1,within-player,13,2024,0.837037037037,0.958081174715,0.961111111111,540,54,54,0,10,rank_available,TDs per ranked candidate
1,within-player,13,2024,1.09259259259,1.62380383615,1,54,54,54,0,1,rank_in_slot,TDs per ranked candidate
1,within-player,13,2024,1.08641975309,1.47432805247,0.975308641975,162,54,54,0,3,rank_in_slot,TDs per ranked candidate
1,within-player,13,2024,1.11851851852,1.38643241442,0.977777777778,270,54,54,0,5,rank_in_slot,TDs per ranked candidate
1,within-player,13,2024,1.02592592593,1.22236592323,0.968518518519,540,54,54,0,10,rank_in_slot,TDs per ranked candidate
1,within-player,14,2024,1.07407407407,1.27677710968,1,54,54,54,0,1,rank_available,TDs per ranked candidate
1,within-player,14,2024,0.901234567901,1.15117474094,0.975308641975,162,54,54,0,3,rank_available,TDs per ranked candidate
1,within-player,14,2024,0.888888888889,1.07355520665,0.962962962963,270,54,54,0,5,rank_available,TDs per ranked candidate
1,within-player,14,2024,0.853703703704,0.946144466016,0.955555555556,540,54,54,0,10,rank_available,TDs per ranked candidate
1,within-player,14,2024,1.35185185185,1.61500036879,1,54,54,54,0,1,rank_in_slot,TDs per ranked candidate
1,within-player,14,2024,1.24074074074,1.474532566,0.993827160494,162,54,54,0,3,rank_in_slot,TDs per ranked candidate
1,within-player,14,2024,1.14814814815,1.37970178945,0.981481481481,270,54,54,0,5,rank_in_slot,TDs per ranked candidate
1,within-player,14,2024,1.03518518519,1.22135770095,0.97037037037,540,54,54,0,10,rank_in_slot,TDs per ranked candidate
1,within-player,15,2024,0.925925925926,1.30379909945,0.981481481481,54,54,54,0,1,rank_available,TDs per ranked candidate
1,within-player,15,2024,0.956790123457,1.1684467589,0.962962962963,162,54,54,0,3,rank_available,TDs per ranked candidate
1,within-player,15,2024,0.937037037037,1.08883280851,0.97037037037,270,54,54,0,5,rank_available,TDs per ranked candidate
1,within-player,15,2024,0.874074074074,0.955407623694,0.959259259259,540,54,54,0,10,rank_available,TDs per ranked candidate
1,within-player,15,2024,1.09259259259,1.63638508512,1,54,54,54,0,1,rank_in_slot,TDs per ranked candidate
1,within-player,15,2024,1.18518518519,1.48812775526,0.993827160494,162,54,54,0,3,rank_in_slot,TDs per ranked candidate
1,within-player,15,2024,1.18888888889,1.39288592253,0.988888888889,270,54,54,0,5,rank_in_slot,TDs per ranked candidate
1,within-player,15,2024,1.05,1.23103697392,0.972222222222,540,54,54,0,10,rank_in_slot,TDs per ranked candidate
1,within-player,16,2024,1.05555555556,1.27538972768,0.981481481481,54,54,54,0,1,rank_available,TDs per ranked candidate
1,within-player,16,2024,0.944444444444,1.15894683665,0.962962962963,162,54,54,0,3,rank_available,TDs per ranked candidate
1,within-player,16,2024,0.911111111111,1.08326476745,0.962962962963,270,54,54,0,5,rank_available,TDs per ranked candidate
1,within-player,16,2024,0.848148148148,0.954773102005,0.959259259259,540,54,54,0,10,rank_available,TDs per ranked candidate
1,within-player,16,2024,1.2962962963,1.62972406976,1,54,54,54,0,1,rank_in_slot,TDs per ranked candidate
1,within-player,16,2024,1.23456790123,1.47884323126,0.993827160494,162,54,54,0,3,rank_in_slot,TDs per ranked candidate
1,within-player,16,2024,1.13333333333,1.3864604036,0.992592592593,270,54,54,0,5,rank_in_slot,TDs per ranked candidate
1,within-player,16,2024,1.03148148148,1.22642396886,0.974074074074,540,54,54,0,10,rank_in_slot,TDs per ranked candidate
1,within-player,17,2024,0.851851851852,1.28553627275,0.981481481481,54,54,54,0,1,rank_available,TDs per ranked candidate
1,within-player,17,2024,0.907407407407,1.15348522485,0.969135802469,162,54,54,0,3,rank_available,TDs per ranked candidate
1,within-player,17,2024,0.922222222222,1.0789676612,0.962962962963,270,54,54,0,5,rank_available,TDs per ranked candidate
1,within-player,17,2024,0.866666666667,0.953874360239,0.953703703704,540,54,54,0,10,rank_available,TDs per ranked candidate
1,within-player,17,2024,1.2037037037,1.61202588382,0.981481481481,54,54,54,0,1,rank_in_slot,TDs per ranked candidate
1,within-player,17,2024,1.14814814815,1.47032619632,0.987654320988,162,54,54,0,3,rank_in_slot,TDs per ranked candidate
1,within-player,17,2024,1.11851851852,1.37957843944,0.985185185185,270,54,54,0,5,rank_in_slot,TDs per ranked candidate
1,within-player,17,2024,1.02962962963,1.22273610916,0.968518518519,540,54,54,0,10,rank_in_slot,TDs per ranked candidate
1,within-player,18,2024,1,1.27573584105,1,54,54,54,0,1,rank_available,TDs per ranked candidate
1,within-player,18,2024,0.895061728395,1.15037117598,0.969135802469,162,54,54,0,3,rank_available,TDs per ranked candidate
1,within-player,18,2024,0.888888888889,1.07411732232,0.959259259259,270,54,54,0,5,rank_available,TDs per ranked candidate
1,within-player,18,2024,0.846296296296,0.94604856624,0.95,540,54,54,0,10,rank_available,TDs per ranked candidate
1,within-player,18,2024,1.31481481481,1.60112828361,1,54,54,54,0,1,rank_in_slot,TDs per ranked candidate
1,within-player,18,2024,1.15432098765,1.46240513522,0.987654320988,162,54,54,0,3,rank_in_slot,TDs per ranked candidate
1,within-player,18,2024,1.17777777778,1.37731620293,0.988888888889,270,54,54,0,5,rank_in_slot,TDs per ranked candidate
1,within-player,18,2024,1.03333333333,1.2227906465,0.966666666667,540,54,54,0,10,rank_in_slot,TDs per ranked candidate
1,within-player,19,2024,0.777777777778,1.28904190174,0.962962962963,54,54,54,0,1,rank_available,TDs per ranked candidate
1,within-player,19,2024,0.913580246914,1.15942280796,0.956790123457,162,54,54,0,3,rank_available,TDs per ranked candidate
1,within-player,19,2024,0.903703703704,1.08026395154,0.959259259259,270,54,54,0,5,rank_available,TDs per ranked candidate
1,within-player,19,2024,0.857407407407,0.950053774423,0.959259259259,540,54,54,0,10,rank_available,TDs per ranked candidate
1,within-player,19,2024,1.18518518519,1.60631539417,0.981481481481,54,54,54,0,1,rank_in_slot,TDs per ranked candidate
1,within-player,19,2024,1.16666666667,1.46700647903,0.981481481481,162,54,54,0,3,rank_in_slot,TDs per ranked candidate
1,within-player,19,2024,1.17037037037,1.37734807873,0.985185185185,270,54,54,0,5,rank_in_slot,TDs per ranked candidate
1,within-player,19,2024,1.05740740741,1.22018090637,0.974074074074,540,54,54,0,10,rank_in_slot,TDs per ranked candidate
1,base-rate-only,-1,2025,1.07407407407,1.21602921691,0.907407407407,54,54,54,0,1,rank_available,TDs per ranked candidate
1,base-rate-only,-1,2025,0.981481481481,1.13227525444,0.91975308642,162,54,54,0,3,rank_available,TDs per ranked candidate
1,base-rate-only,-1,2025,1.02592592593,1.07690767798,0.911111111111,270,54,54,0,5,rank_available,TDs per ranked candidate
1,base-rate-only,-1,2025,0.851851851852,0.99097241054,0.9,540,54,54,0,10,rank_available,TDs per ranked candidate
1,base-rate-only,-1,2025,1.05555555556,1.46611813885,0.981481481481,54,54,54,0,1,rank_in_slot,TDs per ranked candidate
1,base-rate-only,-1,2025,1.12962962963,1.3495488373,0.987654320988,162,54,54,0,3,rank_in_slot,TDs per ranked candidate
1,base-rate-only,-1,2025,1.09259259259,1.27982298428,0.988888888889,270,54,54,0,5,rank_in_slot,TDs per ranked candidate
1,base-rate-only,-1,2025,1.01666666667,1.16453826137,0.966666666667,540,54,54,0,10,rank_in_slot,TDs per ranked candidate
1,current-season-rate,-1,2025,1.2037037037,1.11568654768,0.981481481481,54,54,54,0,1,rank_available,TDs per ranked candidate
1,current-season-rate,-1,2025,0.944444444444,1.04853249062,0.962962962963,162,54,54,0,3,rank_available,TDs per ranked candidate
1,current-season-rate,-1,2025,0.911111111111,1.0147074276,0.944444444444,270,54,54,0,5,rank_available,TDs per ranked candidate
1,current-season-rate,-1,2025,0.77037037037,0.961952196862,0.885185185185,540,54,54,0,10,rank_available,TDs per ranked candidate
1,current-season-rate,-1,2025,1.14814814815,1.27604329966,0.981481481481,54,54,54,0,1,rank_in_slot,TDs per ranked candidate
1,current-season-rate,-1,2025,1.14814814815,1.18816092015,0.975308641975,162,54,54,0,3,rank_in_slot,TDs per ranked candidate
1,current-season-rate,-1,2025,1.04444444444,1.13809253338,0.981481481481,270,54,54,0,5,rank_in_slot,TDs per ranked candidate
1,current-season-rate,-1,2025,0.959259259259,1.06345502396,0.974074074074,540,54,54,0,10,rank_in_slot,TDs per ranked candidate
1,historical-rate,-1,2025,1.01851851852,1.48227124183,0.518518518519,54,54,54,0,1,rank_available,TDs per ranked candidate
1,historical-rate,-1,2025,0.648148148148,1.38567903592,0.549382716049,162,54,54,0,3,rank_available,TDs per ranked candidate
1,historical-rate,-1,2025,0.533333333333,1.30676396316,0.637037037037,270,54,54,0,5,rank_available,TDs per ranked candidate
1,historical-rate,-1,2025,0.577777777778,1.1629881307,0.772222222222,540,54,54,0,10,rank_available,TDs per ranked candidate
1,historical-rate,-1,2025,1.07407407407,1.60253267974,0.962962962963,54,54,54,0,1,rank_in_slot,TDs per ranked candidate
1,historical-rate,-1,2025,1.04938271605,1.553078855,0.851851851852,162,54,54,0,3,rank_in_slot,TDs per ranked candidate
1,historical-rate,-1,2025,0.962962962963,1.46697906941,0.788888888889,270,54,54,0,5,rank_in_slot,TDs per ranked candidate
1,historical-rate,-1,2025,0.744444444444,1.33602451289,0.787037037037,540,54,54,0,10,rank_in_slot,TDs per ranked candidate
1,no-vegas,-1,2025,1.07407407407,1.22605628683,0.981481481481,54,54,54,0,1,rank_available,TDs per ranked candidate
1,no-vegas,-1,2025,1.06172839506,1.12755406527,0.975308641975,162,54,54,0,3,rank_available,TDs per ranked candidate
1,no-vegas,-1,2025,0.981481481481,1.06603680301,0.977777777778,270,54,54,0,5,rank_available,TDs per ranked candidate
1,no-vegas,-1,2025,0.868518518519,0.968233148906,0.97037037037,540,54,54,0,10,rank_available,TDs per ranked candidate
1,no-vegas,-1,2025,1.18518518519,1.50683572538,0.981481481481,54,54,54,0,1,rank_in_slot,TDs per ranked candidate
1,no-vegas,-1,2025,1.17901234568,1.37495267754,0.987654320988,162,54,54,0,3,rank_in_slot,TDs per ranked candidate
1,no-vegas,-1,2025,1.12592592593,1.29662323309,0.992592592593,270,54,54,0,5,rank_in_slot,TDs per ranked candidate
1,no-vegas,-1,2025,1,1.16416403189,0.985185185185,540,54,54,0,10,rank_in_slot,TDs per ranked candidate
1,player-vegas,-1,2025,1.24074074074,1.3159480915,0.944444444444,54,54,54,0,1,rank_available,TDs per ranked candidate
1,player-vegas,-1,2025,1.04320987654,1.19911806209,0.932098765432,162,54,54,0,3,rank_available,TDs per ranked candidate
1,player-vegas,-1,2025,0.996296296296,1.13070232869,0.896296296296,270,54,54,0,5,rank_available,TDs per ranked candidate
1,player-vegas,-1,2025,0.816666666667,1.02314810135,0.877777777778,540,54,54,0,10,rank_available,TDs per ranked candidate
1,player-vegas,-1,2025,1.22222222222,1.71332921883,0.981481481481,54,54,54,0,1,rank_in_slot,TDs per ranked candidate
1,player-vegas,-1,2025,1.1975308642,1.53800382647,0.987654320988,162,54,54,0,3,rank_in_slot,TDs per ranked candidate
1,player-vegas,-1,2025,1.08148148148,1.43674772246,0.988888888889,270,54,54,0,5,rank_in_slot,TDs per ranked candidate
1,player-vegas,-1,2025,0.998148148148,1.27013841721,0.961111111111,540,54,54,0,10,rank_in_slot,TDs per ranked candidate
1,random,0,2025,0.296296296296,1.74037841642,0.722222222222,54,54,54,0,1,rank_available,TDs per ranked candidate
1,random,0,2025,0.358024691358,1.55050370076,0.728395061728,162,54,54,0,3,rank_available,TDs per ranked candidate
1,random,0,2025,0.4,1.41887689367,0.755555555556,270,54,54,0,5,rank_available,TDs per ranked candidate
1,random,0,2025,0.381481481481,1.22300681775,0.742592592593,540,54,54,0,10,rank_available,TDs per ranked candidate
1,random,0,2025,0.296296296296,1.75213052219,0.722222222222,54,54,54,0,1,rank_in_slot,TDs per ranked candidate
1,random,0,2025,0.351851851852,1.55841164645,0.728395061728,162,54,54,0,3,rank_in_slot,TDs per ranked candidate
1,random,0,2025,0.444444444444,1.44415720654,0.774074074074,270,54,54,0,5,rank_in_slot,TDs per ranked candidate
1,random,0,2025,0.494444444444,1.26217949935,0.790740740741,540,54,54,0,10,rank_in_slot,TDs per ranked candidate
1,random,1,2025,0.240740740741,1.75901291506,0.62962962963,54,54,54,0,1,rank_available,TDs per ranked candidate
1,random,1,2025,0.327160493827,1.54688373755,0.648148148148,162,54,54,0,3,rank_available,TDs per ranked candidate
1,random,1,2025,0.281481481481,1.42894641853,0.633333333333,270,54,54,0,5,rank_available,TDs per ranked candidate
1,random,1,2025,0.377777777778,1.23652717347,0.725925925926,540,54,54,0,10,rank_available,TDs per ranked candidate
1,random,1,2025,0.240740740741,1.75901291506,0.62962962963,54,54,54,0,1,rank_in_slot,TDs per ranked candidate
1,random,1,2025,0.37037037037,1.55864232851,0.691358024691,162,54,54,0,3,rank_in_slot,TDs per ranked candidate
1,random,1,2025,0.292592592593,1.44362525693,0.648148148148,270,54,54,0,5,rank_in_slot,TDs per ranked candidate
1,random,1,2025,0.472222222222,1.26145167362,0.762962962963,540,54,54,0,10,rank_in_slot,TDs per ranked candidate
1,random,2,2025,0.240740740741,1.75304119387,0.722222222222,54,54,54,0,1,rank_available,TDs per ranked candidate
1,random,2,2025,0.358024691358,1.54445597394,0.740740740741,162,54,54,0,3,rank_available,TDs per ranked candidate
1,random,2,2025,0.381481481481,1.4274841019,0.737037037037,270,54,54,0,5,rank_available,TDs per ranked candidate
1,random,2,2025,0.340740740741,1.24280375955,0.712962962963,540,54,54,0,10,rank_available,TDs per ranked candidate
1,random,2,2025,0.240740740741,1.75885551992,0.740740740741,54,54,54,0,1,rank_in_slot,TDs per ranked candidate
1,random,2,2025,0.41975308642,1.55925365076,0.759259259259,162,54,54,0,3,rank_in_slot,TDs per ranked candidate
1,random,2,2025,0.411111111111,1.44486945505,0.740740740741,270,54,54,0,5,rank_in_slot,TDs per ranked candidate
1,random,2,2025,0.405555555556,1.26223390669,0.735185185185,540,54,54,0,10,rank_in_slot,TDs per ranked candidate
1,random,3,2025,0.333333333333,1.75440147158,0.777777777778,54,54,54,0,1,rank_available,TDs per ranked candidate
1,random,3,2025,0.37037037037,1.55459560214,0.753086419753,162,54,54,0,3,rank_available,TDs per ranked candidate
1,random,3,2025,0.448148148148,1.43254148837,0.788888888889,270,54,54,0,5,rank_available,TDs per ranked candidate
1,random,3,2025,0.390740740741,1.24493192645,0.748148148148,540,54,54,0,10,rank_available,TDs per ranked candidate
1,random,3,2025,0.333333333333,1.75440147158,0.777777777778,54,54,54,0,1,rank_in_slot,TDs per ranked candidate
1,random,3,2025,0.37037037037,1.55829294363,0.753086419753,162,54,54,0,3,rank_in_slot,TDs per ranked candidate
1,random,3,2025,0.437037037037,1.44522738934,0.796296296296,270,54,54,0,5,rank_in_slot,TDs per ranked candidate
1,random,3,2025,0.433333333333,1.26311431683,0.766666666667,540,54,54,0,10,rank_in_slot,TDs per ranked candidate
1,random,4,2025,0.240740740741,1.75901291506,0.592592592593,54,54,54,0,1,rank_available,TDs per ranked candidate
1,random,4,2025,0.246913580247,1.55513008514,0.691358024691,162,54,54,0,3,rank_available,TDs per ranked candidate
1,random,4,2025,0.277777777778,1.43304720655,0.718518518519,270,54,54,0,5,rank_available,TDs per ranked candidate
1,random,4,2025,0.346296296296,1.2401135015,0.742592592593,540,54,54,0,10,rank_available,TDs per ranked candidate
1,random,4,2025,0.240740740741,1.75901291506,0.592592592593,54,54,54,0,1,rank_in_slot,TDs per ranked candidate
1,random,4,2025,0.333333333333,1.55983430569,0.722222222222,162,54,54,0,3,rank_in_slot,TDs per ranked candidate
1,random,4,2025,0.32962962963,1.44572873077,0.748148148148,270,54,54,0,5,rank_in_slot,TDs per ranked candidate
1,random,4,2025,0.396296296296,1.26433676581,0.759259259259,540,54,54,0,10,rank_in_slot,TDs per ranked candidate
1,random,5,2025,0.5,1.73626622918,0.907407407407,54,54,54,0,1,rank_available,TDs per ranked candidate
1,random,5,2025,0.41975308642,1.54124931941,0.771604938272,162,54,54,0,3,rank_available,TDs per ranked candidate
1,random,5,2025,0.4,1.42262777932,0.774074074074,270,54,54,0,5,rank_available,TDs per ranked candidate
1,random,5,2025,0.361111111111,1.23737723596,0.75,540,54,54,0,10,rank_available,TDs per ranked candidate
1,random,5,2025,0.518518518519,1.75630587095,0.944444444444,54,54,54,0,1,rank_in_slot,TDs per ranked candidate
1,random,5,2025,0.450617283951,1.55675106238,0.79012345679,162,54,54,0,3,rank_in_slot,TDs per ranked candidate
1,random,5,2025,0.462962962963,1.44316724717,0.811111111111,270,54,54,0,5,rank_in_slot,TDs per ranked candidate
1,random,5,2025,0.433333333333,1.26240577271,0.777777777778,540,54,54,0,10,rank_in_slot,TDs per ranked candidate
1,random,6,2025,0.407407407407,1.72814722726,0.740740740741,54,54,54,0,1,rank_available,TDs per ranked candidate
1,random,6,2025,0.345679012346,1.52081505803,0.740740740741,162,54,54,0,3,rank_available,TDs per ranked candidate
1,random,6,2025,0.314814814815,1.40827625219,0.737037037037,270,54,54,0,5,rank_available,TDs per ranked candidate
1,random,6,2025,0.362962962963,1.23112414359,0.787037037037,540,54,54,0,10,rank_available,TDs per ranked candidate
1,random,6,2025,0.425925925926,1.74874729199,0.777777777778,54,54,54,0,1,rank_in_slot,TDs per ranked candidate
1,random,6,2025,0.456790123457,1.55637034981,0.765432098765,162,54,54,0,3,rank_in_slot,TDs per ranked candidate
1,random,6,2025,0.381481481481,1.44412556194,0.762962962963,270,54,54,0,5,rank_in_slot,TDs per ranked candidate
1,random,6,2025,0.392592592593,1.26284133304,0.788888888889,540,54,54,0,10,rank_in_slot,TDs per ranked candidate
1,random,7,2025,0.87037037037,1.70426680984,0.944444444444,54,54,54,0,1,rank_available,TDs per ranked candidate
1,random,7,2025,0.586419753086,1.50075956133,0.851851851852,162,54,54,0,3,rank_available,TDs per ranked candidate
1,random,7,2025,0.485185185185,1.39245496617,0.785185185185,270,54,54,0,5,rank_available,TDs per ranked candidate
1,random,7,2025,0.385185185185,1.21987566531,0.766666666667,540,54,54,0,10,rank_available,TDs per ranked candidate
1,random,7,2025,1,1.75901291506,0.981481481481,54,54,54,0,1,rank_in_slot,TDs per ranked candidate
1,random,7,2025,0.734567901235,1.55957441279,0.913580246914,162,54,54,0,3,rank_in_slot,TDs per ranked candidate
1,random,7,2025,0.544444444444,1.44542091833,0.814814814815,270,54,54,0,5,rank_in_slot,TDs per ranked candidate
1,random,7,2025,0.451851851852,1.26308482491,0.777777777778,540,54,54,0,10,rank_in_slot,TDs per ranked candidate
1,random,8,2025,0.425925925926,1.75690623449,0.851851851852,54,54,54,0,1,rank_available,TDs per ranked candidate
1,random,8,2025,0.277777777778,1.53848520682,0.759259259259,162,54,54,0,3,rank_available,TDs per ranked candidate
1,random,8,2025,0.322222222222,1.42598760517,0.777777777778,270,54,54,0,5,rank_available,TDs per ranked candidate
1,random,8,2025,0.351851851852,1.24643099756,0.772222222222,540,54,54,0,10,rank_available,TDs per ranked candidate
1,random,8,2025,0.425925925926,1.75690623449,0.851851851852,54,54,54,0,1,rank_in_slot,TDs per ranked candidate
1,random,8,2025,0.345679012346,1.55367362406,0.79012345679,162,54,54,0,3,rank_in_slot,TDs per ranked candidate
1,random,8,2025,0.362962962963,1.44175252744,0.788888888889,270,54,54,0,5,rank_in_slot,TDs per ranked candidate
1,random,8,2025,0.381481481481,1.26109493302,0.781481481481,540,54,54,0,10,rank_in_slot,TDs per ranked candidate
1,random,9,2025,0.481481481481,1.7139025244,0.777777777778,54,54,54,0,1,rank_available,TDs per ranked candidate
1,random,9,2025,0.296296296296,1.5268029378,0.740740740741,162,54,54,0,3,rank_available,TDs per ranked candidate
1,random,9,2025,0.314814814815,1.41545079326,0.725925925926,270,54,54,0,5,rank_available,TDs per ranked candidate
1,random,9,2025,0.381481481481,1.23314447755,0.738888888889,540,54,54,0,10,rank_available,TDs per ranked candidate
1,random,9,2025,0.518518518519,1.75356275785,0.833333333333,54,54,54,0,1,rank_in_slot,TDs per ranked candidate
1,random,9,2025,0.333333333333,1.55843656592,0.765432098765,162,54,54,0,3,rank_in_slot,TDs per ranked candidate
1,random,9,2025,0.344444444444,1.44443151077,0.740740740741,270,54,54,0,5,rank_in_slot,TDs per ranked candidate
1,random,9,2025,0.446296296296,1.26237902558,0.757407407407,540,54,54,0,10,rank_in_slot,TDs per ranked candidate
1,random,10,2025,0.111111111111,1.75278256837,0.62962962963,54,54,54,0,1,rank_available,TDs per ranked candidate
1,random,10,2025,0.277777777778,1.55601640569,0.666666666667,162,54,54,0,3,rank_available,TDs per ranked candidate
1,random,10,2025,0.322222222222,1.43447038666,0.711111111111,270,54,54,0,5,rank_available,TDs per ranked candidate
1,random,10,2025,0.316666666667,1.24841485828,0.698148148148,540,54,54,0,10,rank_available,TDs per ranked candidate
1,random,10,2025,0.111111111111,1.75278256837,0.62962962963,54,54,54,0,1,rank_in_slot,TDs per ranked candidate
1,random,10,2025,0.283950617284,1.55880817527,0.672839506173,162,54,54,0,3,rank_in_slot,TDs per ranked candidate
1,random,10,2025,0.374074074074,1.44300637785,0.740740740741,270,54,54,0,5,rank_in_slot,TDs per ranked candidate
1,random,10,2025,0.338888888889,1.26150283477,0.711111111111,540,54,54,0,10,rank_in_slot,TDs per ranked candidate
1,random,11,2025,0.518518518519,1.75901291506,0.777777777778,54,54,54,0,1,rank_available,TDs per ranked candidate
1,random,11,2025,0.444444444444,1.55386054813,0.783950617284,162,54,54,0,3,rank_available,TDs per ranked candidate
1,random,11,2025,0.396296296296,1.43805626714,0.755555555556,270,54,54,0,5,rank_available,TDs per ranked candidate
1,random,11,2025,0.368518518519,1.25572744945,0.761111111111,540,54,54,0,10,rank_available,TDs per ranked candidate
1,random,11,2025,0.518518518519,1.75901291506,0.777777777778,54,54,54,0,1,rank_in_slot,TDs per ranked candidate
1,random,11,2025,0.469135802469,1.55956490285,0.783950617284,162,54,54,0,3,rank_in_slot,TDs per ranked candidate
1,random,11,2025,0.422222222222,1.44553293034,0.774074074074,270,54,54,0,5,rank_in_slot,TDs per ranked candidate
1,random,11,2025,0.385185185185,1.26390071098,0.774074074074,540,54,54,0,10,rank_in_slot,TDs per ranked candidate
1,random,12,2025,0.444444444444,1.75901291506,0.907407407407,54,54,54,0,1,rank_available,TDs per ranked candidate
1,random,12,2025,0.475308641975,1.55544459927,0.864197530864,162,54,54,0,3,rank_available,TDs per ranked candidate
1,random,12,2025,0.37037037037,1.44051423668,0.807407407407,270,54,54,0,5,rank_available,TDs per ranked candidate
1,random,12,2025,0.418518518519,1.2515792647,0.803703703704,540,54,54,0,10,rank_available,TDs per ranked candidate
1,random,12,2025,0.444444444444,1.75901291506,0.907407407407,54,54,54,0,1,rank_in_slot,TDs per ranked candidate
1,random,12,2025,0.5,1.55809626204,0.864197530864,162,54,54,0,3,rank_in_slot,TDs per ranked candidate
1,random,12,2025,0.392592592593,1.44499213422,0.811111111111,270,54,54,0,5,rank_in_slot,TDs per ranked candidate
1,random,12,2025,0.453703703704,1.26325680373,0.822222222222,540,54,54,0,10,rank_in_slot,TDs per ranked candidate
1,random,13,2025,0.37037037037,1.75290121678,0.833333333333,54,54,54,0,1,rank_available,TDs per ranked candidate
1,random,13,2025,0.506172839506,1.54407368402,0.858024691358,162,54,54,0,3,rank_available,TDs per ranked candidate
1,random,13,2025,0.422222222222,1.42737448523,0.781481481481,270,54,54,0,5,rank_available,TDs per ranked candidate
1,random,13,2025,0.338888888889,1.24590106514,0.731481481481,540,54,54,0,10,rank_available,TDs per ranked candidate
1,random,13,2025,0.37037037037,1.75290121678,0.833333333333,54,54,54,0,1,rank_in_slot,TDs per ranked candidate
1,random,13,2025,0.561728395062,1.55716914232,0.882716049383,162,54,54,0,3,rank_in_slot,TDs per ranked candidate
1,random,13,2025,0.462962962963,1.44452643487,0.796296296296,270,54,54,0,5,rank_in_slot,TDs per ranked candidate
1,random,13,2025,0.381481481481,1.26215502436,0.762962962963,540,54,54,0,10,rank_in_slot,TDs per ranked candidate
1,random,14,2025,0.555555555556,1.70192527339,0.759259259259,54,54,54,0,1,rank_available,TDs per ranked candidate
1,random,14,2025,0.586419753086,1.4835658404,0.765432098765,162,54,54,0,3,rank_available,TDs per ranked candidate
1,random,14,2025,0.477777777778,1.3726230254,0.77037037037,270,54,54,0,5,rank_available,TDs per ranked candidate
1,random,14,2025,0.442592592593,1.20195441861,0.757407407407,540,54,54,0,10,rank_available,TDs per ranked candidate
1,random,14,2025,0.5,1.75515667773,0.777777777778,54,54,54,0,1,rank_in_slot,TDs per ranked candidate
1,random,14,2025,0.66049382716,1.55872231852,0.827160493827,162,54,54,0,3,rank_in_slot,TDs per ranked candidate
1,random,14,2025,0.533333333333,1.44442920029,0.792592592593,270,54,54,0,5,rank_in_slot,TDs per ranked candidate
1,random,14,2025,0.538888888889,1.26340024117,0.796296296296,540,54,54,0,10,rank_in_slot,TDs per ranked candidate
1,random,15,2025,0.444444444444,1.74627911597,0.814814814815,54,54,54,0,1,rank_available,TDs per ranked candidate
1,random,15,2025,0.432098765432,1.52926602359,0.83950617284,162,54,54,0,3,rank_available,TDs per ranked candidate
1,random,15,2025,0.351851851852,1.41453330502,0.8,270,54,54,0,5,rank_available,TDs per ranked candidate
1,random,15,2025,0.327777777778,1.234619874,0.766666666667,540,54,54,0,10,rank_available,TDs per ranked candidate
1,random,15,2025,0.444444444444,1.74923326303,0.796296296296,54,54,54,0,1,rank_in_slot,TDs per ranked candidate
1,random,15,2025,0.41975308642,1.55640061742,0.83950617284,162,54,54,0,3,rank_in_slot,TDs per ranked candidate
1,random,15,2025,0.422222222222,1.44397858544,0.822222222222,270,54,54,0,5,rank_in_slot,TDs per ranked candidate
1,random,15,2025,0.333333333333,1.26206983965,0.77037037037,540,54,54,0,10,rank_in_slot,TDs per ranked candidate
1,random,16,2025,0.37037037037,1.75064309581,0.888888888889,54,54,54,0,1,rank_available,TDs per ranked candidate
1,random,16,2025,0.395061728395,1.55069687778,0.808641975309,162,54,54,0,3,rank_available,TDs per ranked candidate
1,random,16,2025,0.388888888889,1.42854726765,0.792592592593,270,54,54,0,5,rank_available,TDs per ranked candidate
1,random,16,2025,0.337037037037,1.24061363213,0.744444444444,540,54,54,0,10,rank_available,TDs per ranked candidate
1,random,16,2025,0.37037037037,1.75064309581,0.888888888889,54,54,54,0,1,rank_in_slot,TDs per ranked candidate
1,random,16,2025,0.438271604938,1.55806526454,0.820987654321,162,54,54,0,3,rank_in_slot,TDs per ranked candidate
1,random,16,2025,0.481481481481,1.44445319462,0.822222222222,270,54,54,0,5,rank_in_slot,TDs per ranked candidate
1,random,16,2025,0.387037037037,1.26278121584,0.766666666667,540,54,54,0,10,rank_in_slot,TDs per ranked candidate
1,random,17,2025,0.537037037037,1.75731841056,0.759259259259,54,54,54,0,1,rank_available,TDs per ranked candidate
1,random,17,2025,0.407407407407,1.54471490051,0.734567901235,162,54,54,0,3,rank_available,TDs per ranked candidate
1,random,17,2025,0.3,1.43285034357,0.688888888889,270,54,54,0,5,rank_available,TDs per ranked candidate
1,random,17,2025,0.285185185185,1.25088386459,0.703703703704,540,54,54,0,10,rank_available,TDs per ranked candidate
1,random,17,2025,0.537037037037,1.75838571614,0.759259259259,54,54,54,0,1,rank_in_slot,TDs per ranked candidate
1,random,17,2025,0.450617283951,1.55907952449,0.753086419753,162,54,54,0,3,rank_in_slot,TDs per ranked candidate
1,random,17,2025,0.318518518519,1.44522676743,0.692592592593,270,54,54,0,5,rank_in_slot,TDs per ranked candidate
1,random,17,2025,0.307407407407,1.2639928904,0.714814814815,540,54,54,0,10,rank_in_slot,TDs per ranked candidate
1,random,18,2025,0.277777777778,1.75071673502,0.722222222222,54,54,54,0,1,rank_available,TDs per ranked candidate
1,random,18,2025,0.438271604938,1.53293478547,0.833333333333,162,54,54,0,3,rank_available,TDs per ranked candidate
1,random,18,2025,0.403703703704,1.41253025661,0.814814814815,270,54,54,0,5,rank_available,TDs per ranked candidate
1,random,18,2025,0.451851851852,1.22853049444,0.814814814815,540,54,54,0,10,rank_available,TDs per ranked candidate
1,random,18,2025,0.277777777778,1.75071673502,0.722222222222,54,54,54,0,1,rank_in_slot,TDs per ranked candidate
1,random,18,2025,0.518518518519,1.55536529738,0.83950617284,162,54,54,0,3,rank_in_slot,TDs per ranked candidate
1,random,18,2025,0.466666666667,1.44177658692,0.82962962963,270,54,54,0,5,rank_in_slot,TDs per ranked candidate
1,random,18,2025,0.492592592593,1.26109666811,0.827777777778,540,54,54,0,10,rank_in_slot,TDs per ranked candidate
1,random,19,2025,0.462962962963,1.67334455092,0.759259259259,54,54,54,0,1,rank_available,TDs per ranked candidate
1,random,19,2025,0.493827160494,1.50160271574,0.796296296296,162,54,54,0,3,rank_available,TDs per ranked candidate
1,random,19,2025,0.407407407407,1.39157407727,0.8,270,54,54,0,5,rank_available,TDs per ranked candidate
1,random,19,2025,0.387037037037,1.22073668216,0.77037037037,540,54,54,0,10,rank_available,TDs per ranked candidate
1,random,19,2025,0.907407407407,1.75586179026,0.925925925926,54,54,54,0,1,rank_in_slot,TDs per ranked candidate
1,random,19,2025,0.537037037037,1.55780312139,0.808641975309,162,54,54,0,3,rank_in_slot,TDs per ranked candidate
1,random,19,2025,0.514814814815,1.44242025187,0.818518518519,270,54,54,0,5,rank_in_slot,TDs per ranked candidate
1,random,19,2025,0.431481481481,1.26147821093,0.788888888889,540,54,54,0,10,rank_in_slot,TDs per ranked candidate
1,regressed-rate,-1,2025,1.22222222222,1.22394581732,0.925925925926,54,54,54,0,1,rank_available,TDs per ranked candidate
1,regressed-rate,-1,2025,0.814814814815,1.11865045499,0.858024691358,162,54,54,0,3,rank_available,TDs per ranked candidate
1,regressed-rate,-1,2025,0.774074074074,1.06804061238,0.848148148148,270,54,54,0,5,rank_available,TDs per ranked candidate
1,regressed-rate,-1,2025,0.633333333333,0.995247749681,0.831481481481,540,54,54,0,10,rank_available,TDs per ranked candidate
1,regressed-rate,-1,2025,1.09259259259,1.38996576791,1,54,54,54,0,1,rank_in_slot,TDs per ranked candidate
1,regressed-rate,-1,2025,1.13580246914,1.32056795279,1,162,54,54,0,3,rank_in_slot,TDs per ranked candidate
1,regressed-rate,-1,2025,1.10740740741,1.25558126581,0.985185185185,270,54,54,0,5,rank_in_slot,TDs per ranked candidate
1,regressed-rate,-1,2025,0.892592592593,1.13941397262,0.935185185185,540,54,54,0,10,rank_in_slot,TDs per ranked candidate
1,shipped,-1,2025,1.31481481481,1.29743343115,0.981481481481,54,54,54,0,1,rank_available,TDs per ranked candidate
1,shipped,-1,2025,1.03703703704,1.17381449075,0.969135802469,162,54,54,0,3,rank_available,TDs per ranked candidate
1,shipped,-1,2025,0.97037037037,1.10262915064,0.977777777778,270,54,54,0,5,rank_available,TDs per ranked candidate
1,shipped,-1,2025,0.851851851852,0.986063052889,0.966666666667,540,54,54,0,10,rank_available,TDs per ranked candidate
1,shipped,-1,2025,1.25925925926,1.74704139373,0.981481481481,54,54,54,0,1,rank_in_slot,TDs per ranked candidate
1,shipped,-1,2025,1.17901234568,1.55407712718,0.993827160494,162,54,54,0,3,rank_in_slot,TDs per ranked candidate
1,shipped,-1,2025,1.11481481481,1.44141522175,0.992592592593,270,54,54,0,5,rank_in_slot,TDs per ranked candidate
1,shipped,-1,2025,0.998148148148,1.26051701305,0.985185185185,540,54,54,0,10,rank_in_slot,TDs per ranked candidate
1,vegas-environment,-1,2025,0.759259259259,0.938501663198,0.907407407407,54,54,54,0,1,rank_available,TDs per ranked candidate
1,vegas-environment,-1,2025,0.851851851852,0.909281308976,0.950617283951,162,54,54,0,3,rank_available,TDs per ranked candidate
1,vegas-environment,-1,2025,0.851851851852,0.890504693654,0.959259259259,270,54,54,0,5,rank_available,TDs per ranked candidate
1,vegas-environment,-1,2025,0.822222222222,0.861351121041,0.957407407407,540,54,54,0,10,rank_available,TDs per ranked candidate
1,vegas-environment,-1,2025,1.09259259259,0.998212159049,0.981481481481,54,54,54,0,1,rank_in_slot,TDs per ranked candidate
1,vegas-environment,-1,2025,1.05555555556,0.965388668173,0.981481481481,162,54,54,0,3,rank_in_slot,TDs per ranked candidate
1,vegas-environment,-1,2025,1.01111111111,0.945565598599,0.977777777778,270,54,54,0,5,rank_in_slot,TDs per ranked candidate
1,vegas-environment,-1,2025,0.898148148148,0.913508166563,0.962962962963,540,54,54,0,10,rank_in_slot,TDs per ranked candidate
1,within-player,0,2025,1.09259259259,1.290811833,0.981481481481,54,54,54,0,1,rank_available,TDs per ranked candidate
1,within-player,0,2025,1.01851851852,1.17164971767,0.987654320988,162,54,54,0,3,rank_available,TDs per ranked candidate
1,within-player,0,2025,0.974074074074,1.09631076615,0.985185185185,270,54,54,0,5,rank_available,TDs per ranked candidate
1,within-player,0,2025,0.864814814815,0.980673177396,0.964814814815,540,54,54,0,10,rank_available,TDs per ranked candidate
1,within-player,0,2025,0.962962962963,1.69222128363,0.981481481481,54,54,54,0,1,rank_in_slot,TDs per ranked candidate
1,within-player,0,2025,1.12962962963,1.5390320188,0.993827160494,162,54,54,0,3,rank_in_slot,TDs per ranked candidate
1,within-player,0,2025,1.02222222222,1.42662693747,0.992592592593,270,54,54,0,5,rank_in_slot,TDs per ranked candidate
1,within-player,0,2025,0.964814814815,1.25138210542,0.987037037037,540,54,54,0,10,rank_in_slot,TDs per ranked candidate
1,within-player,1,2025,1.24074074074,1.32521141323,0.981481481481,54,54,54,0,1,rank_available,TDs per ranked candidate
1,within-player,1,2025,0.91975308642,1.1807614698,0.975308641975,162,54,54,0,3,rank_available,TDs per ranked candidate
1,within-player,1,2025,0.948148148148,1.10502006418,0.974074074074,270,54,54,0,5,rank_available,TDs per ranked candidate
1,within-player,1,2025,0.840740740741,0.985437315761,0.968518518519,540,54,54,0,10,rank_available,TDs per ranked candidate
1,within-player,1,2025,1.27777777778,1.74046693156,0.981481481481,54,54,54,0,1,rank_in_slot,TDs per ranked candidate
1,within-player,1,2025,1.11728395062,1.54431526534,0.993827160494,162,54,54,0,3,rank_in_slot,TDs per ranked candidate
1,within-player,1,2025,1.03703703704,1.42941407751,0.992592592593,270,54,54,0,5,rank_in_slot,TDs per ranked candidate
1,within-player,1,2025,1.00185185185,1.26066208457,0.990740740741,540,54,54,0,10,rank_in_slot,TDs per ranked candidate
1,within-player,2,2025,1.18518518519,1.31681322926,0.981481481481,54,54,54,0,1,rank_available,TDs per ranked candidate
1,within-player,2,2025,1.03703703704,1.185033349,0.981481481481,162,54,54,0,3,rank_available,TDs per ranked candidate
1,within-player,2,2025,0.937037037037,1.10892983134,0.977777777778,270,54,54,0,5,rank_available,TDs per ranked candidate
1,within-player,2,2025,0.87037037037,0.987183400482,0.968518518519,540,54,54,0,10,rank_available,TDs per ranked candidate
1,within-player,2,2025,1.2037037037,1.71624443723,0.981481481481,54,54,54,0,1,rank_in_slot,TDs per ranked candidate
1,within-player,2,2025,1.12345679012,1.54219423132,0.993827160494,162,54,54,0,3,rank_in_slot,TDs per ranked candidate
1,within-player,2,2025,1.06296296296,1.43370225447,0.992592592593,270,54,54,0,5,rank_in_slot,TDs per ranked candidate
1,within-player,2,2025,0.985185185185,1.25835417401,0.985185185185,540,54,54,0,10,rank_in_slot,TDs per ranked candidate
1,within-player,3,2025,1.07407407407,1.2800884357,0.981481481481,54,54,54,0,1,rank_available,TDs per ranked candidate
1,within-player,3,2025,1.07407407407,1.16813279532,0.981481481481,162,54,54,0,3,rank_available,TDs per ranked candidate
1,within-player,3,2025,1.00740740741,1.09528340537,0.988888888889,270,54,54,0,5,rank_available,TDs per ranked candidate
1,within-player,3,2025,0.868518518519,0.982313669643,0.968518518519,540,54,54,0,10,rank_available,TDs per ranked candidate
1,within-player,3,2025,1.07407407407,1.77651823226,0.981481481481,54,54,54,0,1,rank_in_slot,TDs per ranked candidate
1,within-player,3,2025,1.17901234568,1.55718716818,0.993827160494,162,54,54,0,3,rank_in_slot,TDs per ranked candidate
1,within-player,3,2025,1.05555555556,1.4314479174,0.992592592593,270,54,54,0,5,rank_in_slot,TDs per ranked candidate
1,within-player,3,2025,1.01851851852,1.2512102337,0.985185185185,540,54,54,0,10,rank_in_slot,TDs per ranked candidate
1,within-player,4,2025,1.18518518519,1.28587365083,0.981481481481,54,54,54,0,1,rank_available,TDs per ranked candidate
1,within-player,4,2025,0.962962962963,1.18079189482,0.975308641975,162,54,54,0,3,rank_available,TDs per ranked candidate
1,within-player,4,2025,0.918518518519,1.1055517055,0.97037037037,270,54,54,0,5,rank_available,TDs per ranked candidate
1,within-player,4,2025,0.87037037037,0.985188100637,0.964814814815,540,54,54,0,10,rank_available,TDs per ranked candidate
1,within-player,4,2025,0.944444444444,1.78595632243,0.981481481481,54,54,54,0,1,rank_in_slot,TDs per ranked candidate
1,within-player,4,2025,1.1049382716,1.5684358635,0.993827160494,162,54,54,0,3,rank_in_slot,TDs per ranked candidate
1,within-player,4,2025,1.00740740741,1.45342044539,0.992592592593,270,54,54,0,5,rank_in_slot,TDs per ranked candidate
1,within-player,4,2025,0.974074074074,1.27063961001,0.988888888889,540,54,54,0,10,rank_in_slot,TDs per ranked candidate
1,within-player,5,2025,1.2037037037,1.31733638864,0.981481481481,54,54,54,0,1,rank_available,TDs per ranked candidate
1,within-player,5,2025,0.987654320988,1.18334707359,0.981481481481,162,54,54,0,3,rank_available,TDs per ranked candidate
1,within-player,5,2025,0.951851851852,1.10576148234,0.974074074074,270,54,54,0,5,rank_available,TDs per ranked candidate
1,within-player,5,2025,0.892592592593,0.985154106089,0.966666666667,540,54,54,0,10,rank_available,TDs per ranked candidate
1,within-player,5,2025,1.2037037037,1.73554327656,0.981481481481,54,54,54,0,1,rank_in_slot,TDs per ranked candidate
1,within-player,5,2025,1.12962962963,1.55146045562,0.993827160494,162,54,54,0,3,rank_in_slot,TDs per ranked candidate
1,within-player,5,2025,1.04444444444,1.43734275704,0.992592592593,270,54,54,0,5,rank_in_slot,TDs per ranked candidate
1,within-player,5,2025,1.01851851852,1.25884485374,0.987037037037,540,54,54,0,10,rank_in_slot,TDs per ranked candidate
1,within-player,6,2025,0.981481481481,1.27586426765,0.981481481481,54,54,54,0,1,rank_available,TDs per ranked candidate
1,within-player,6,2025,1.03703703704,1.16345719259,0.981481481481,162,54,54,0,3,rank_available,TDs per ranked candidate
1,within-player,6,2025,0.948148148148,1.09610894892,0.974074074074,270,54,54,0,5,rank_available,TDs per ranked candidate
1,within-player,6,2025,0.838888888889,0.985190813605,0.968518518519,540,54,54,0,10,rank_available,TDs per ranked candidate
1,within-player,6,2025,1,1.7982853061,0.981481481481,54,54,54,0,1,rank_in_slot,TDs per ranked candidate
1,within-player,6,2025,1.1049382716,1.56954453839,0.993827160494,162,54,54,0,3,rank_in_slot,TDs per ranked candidate
1,within-player,6,2025,1.03703703704,1.45264609398,0.992592592593,270,54,54,0,5,rank_in_slot,TDs per ranked candidate
1,within-player,6,2025,0.955555555556,1.27042702641,0.987037037037,540,54,54,0,10,rank_in_slot,TDs per ranked candidate
1,within-player,7,2025,1.22222222222,1.29246391385,0.981481481481,54,54,54,0,1,rank_available,TDs per ranked candidate
1,within-player,7,2025,1.04320987654,1.17396479888,0.975308641975,162,54,54,0,3,rank_available,TDs per ranked candidate
1,within-player,7,2025,0.959259259259,1.10673920159,0.977777777778,270,54,54,0,5,rank_available,TDs per ranked candidate
1,within-player,7,2025,0.877777777778,0.984482840255,0.972222222222,540,54,54,0,10,rank_available,TDs per ranked candidate
1,within-player,7,2025,1.05555555556,1.70050101731,0.981481481481,54,54,54,0,1,rank_in_slot,TDs per ranked candidate
1,within-player,7,2025,1.17901234568,1.5352620908,0.993827160494,162,54,54,0,3,rank_in_slot,TDs per ranked candidate
1,within-player,7,2025,1.08148148148,1.43093927507,0.992592592593,270,54,54,0,5,rank_in_slot,TDs per ranked candidate
1,within-player,7,2025,0.992592592593,1.25974746321,0.987037037037,540,54,54,0,10,rank_in_slot,TDs per ranked candidate
1,within-player,8,2025,1.14814814815,1.28981367355,0.981481481481,54,54,54,0,1,rank_available,TDs per ranked candidate
1,within-player,8,2025,1.01851851852,1.17065972172,0.975308641975,162,54,54,0,3,rank_available,TDs per ranked candidate
1,within-player,8,2025,0.996296296296,1.09587137485,0.977777777778,270,54,54,0,5,rank_available,TDs per ranked candidate
1,within-player,8,2025,0.883333333333,0.977250828553,0.966666666667,540,54,54,0,10,rank_available,TDs per ranked candidate
1,within-player,8,2025,1.09259259259,1.75039612849,0.981481481481,54,54,54,0,1,rank_in_slot,TDs per ranked candidate
1,within-player,8,2025,1.06790123457,1.5580305534,0.993827160494,162,54,54,0,3,rank_in_slot,TDs per ranked candidate
1,within-player,8,2025,1.02592592593,1.44169518664,0.992592592593,270,54,54,0,5,rank_in_slot,TDs per ranked candidate
1,within-player,8,2025,1.0037037037,1.26326206369,0.987037037037,540,54,54,0,10,rank_in_slot,TDs per ranked candidate
1,within-player,9,2025,1.27777777778,1.27185754713,0.981481481481,54,54,54,0,1,rank_available,TDs per ranked candidate
1,within-player,9,2025,1.06790123457,1.16424853922,0.987654320988,162,54,54,0,3,rank_available,TDs per ranked candidate
1,within-player,9,2025,0.937037037037,1.10033171263,0.981481481481,270,54,54,0,5,rank_available,TDs per ranked candidate
1,within-player,9,2025,0.903703703704,0.98259288312,0.968518518519,540,54,54,0,10,rank_available,TDs per ranked candidate
1,within-player,9,2025,1.07407407407,1.730691655,0.981481481481,54,54,54,0,1,rank_in_slot,TDs per ranked candidate
1,within-player,9,2025,1.14814814815,1.54094348231,0.993827160494,162,54,54,0,3,rank_in_slot,TDs per ranked candidate
1,within-player,9,2025,1.07407407407,1.42883571358,0.992592592593,270,54,54,0,5,rank_in_slot,TDs per ranked candidate
1,within-player,9,2025,0.983333333333,1.25434628661,0.987037037037,540,54,54,0,10,rank_in_slot,TDs per ranked candidate
1,within-player,10,2025,1.18518518519,1.28099650914,0.981481481481,54,54,54,0,1,rank_available,TDs per ranked candidate
1,within-player,10,2025,1.09259259259,1.15967202173,0.987654320988,162,54,54,0,3,rank_available,TDs per ranked candidate
1,within-player,10,2025,0.962962962963,1.08952156172,0.985185185185,270,54,54,0,5,rank_available,TDs per ranked candidate
1,within-player,10,2025,0.864814814815,0.974055425897,0.97037037037,540,54,54,0,10,rank_available,TDs per ranked candidate
1,within-player,10,2025,1.01851851852,1.7464101344,0.981481481481,54,54,54,0,1,rank_in_slot,TDs per ranked candidate
1,within-player,10,2025,1.04938271605,1.54342699542,0.993827160494,162,54,54,0,3,rank_in_slot,TDs per ranked candidate
1,within-player,10,2025,1.08518518519,1.42709625011,0.992592592593,270,54,54,0,5,rank_in_slot,TDs per ranked candidate
1,within-player,10,2025,1.00185185185,1.24827710709,0.990740740741,540,54,54,0,10,rank_in_slot,TDs per ranked candidate
1,within-player,11,2025,1.14814814815,1.2565748777,0.981481481481,54,54,54,0,1,rank_available,TDs per ranked candidate
1,within-player,11,2025,1.07407407407,1.14880455086,0.987654320988,162,54,54,0,3,rank_available,TDs per ranked candidate
1,within-player,11,2025,1.00740740741,1.08431112203,0.981481481481,270,54,54,0,5,rank_available,TDs per ranked candidate
1,within-player,11,2025,0.874074074074,0.969440316324,0.97037037037,540,54,54,0,10,rank_available,TDs per ranked candidate
1,within-player,11,2025,1.18518518519,1.74467980257,0.981481481481,54,54,54,0,1,rank_in_slot,TDs per ranked candidate
1,within-player,11,2025,1.04938271605,1.54442838242,0.993827160494,162,54,54,0,3,rank_in_slot,TDs per ranked candidate
1,within-player,11,2025,1.03703703704,1.42910130028,0.992592592593,270,54,54,0,5,rank_in_slot,TDs per ranked candidate
1,within-player,11,2025,1.01851851852,1.25342601706,0.990740740741,540,54,54,0,10,rank_in_slot,TDs per ranked candidate
1,within-player,12,2025,1.24074074074,1.31555685693,0.981481481481,54,54,54,0,1,rank_available,TDs per ranked candidate
1,within-player,12,2025,1.01234567901,1.19214645928,0.975308641975,162,54,54,0,3,rank_available,TDs per ranked candidate
1,within-player,12,2025,0.962962962963,1.11461292948,0.977777777778,270,54,54,0,5,rank_available,TDs per ranked candidate
1,within-player,12,2025,0.901851851852,0.990298560467,0.966666666667,540,54,54,0,10,rank_available,TDs per ranked candidate
1,within-player,12,2025,0.962962962963,1.75774184611,0.981481481481,54,54,54,0,1,rank_in_slot,TDs per ranked candidate
1,within-player,12,2025,1.18518518519,1.56375563376,0.993827160494,162,54,54,0,3,rank_in_slot,TDs per ranked candidate
1,within-player,12,2025,1.06666666667,1.44752555952,0.992592592593,270,54,54,0,5,rank_in_slot,TDs per ranked candidate
1,within-player,12,2025,1.00740740741,1.26988269495,0.985185185185,540,54,54,0,10,rank_in_slot,TDs per ranked candidate
1,within-player,13,2025,1.35185185185,1.25616408606,0.981481481481,54,54,54,0,1,rank_available,TDs per ranked candidate
1,within-player,13,2025,1.00617283951,1.15351468643,0.975308641975,162,54,54,0,3,rank_available,TDs per ranked candidate
1,within-player,13,2025,0.937037037037,1.08997395739,0.974074074074,270,54,54,0,5,rank_available,TDs per ranked candidate
1,within-player,13,2025,0.868518518519,0.977505880768,0.966666666667,540,54,54,0,10,rank_available,TDs per ranked candidate
1,within-player,13,2025,1.03703703704,1.74115108297,0.981481481481,54,54,54,0,1,rank_in_slot,TDs per ranked candidate
1,within-player,13,2025,1.1049382716,1.54729357429,0.993827160494,162,54,54,0,3,rank_in_slot,TDs per ranked candidate
1,within-player,13,2025,1.07407407407,1.42728367102,0.992592592593,270,54,54,0,5,rank_in_slot,TDs per ranked candidate
1,within-player,13,2025,1.00740740741,1.25349653151,0.987037037037,540,54,54,0,10,rank_in_slot,TDs per ranked candidate
1,within-player,14,2025,1.25925925926,1.30275911593,0.981481481481,54,54,54,0,1,rank_available,TDs per ranked candidate
1,within-player,14,2025,1.11728395062,1.17556858111,0.975308641975,162,54,54,0,3,rank_available,TDs per ranked candidate
1,within-player,14,2025,1.01851851852,1.10193191553,0.981481481481,270,54,54,0,5,rank_available,TDs per ranked candidate
1,within-player,14,2025,0.907407407407,0.985372587498,0.972222222222,540,54,54,0,10,rank_available,TDs per ranked candidate
1,within-player,14,2025,1.14814814815,1.70116412951,0.981481481481,54,54,54,0,1,rank_in_slot,TDs per ranked candidate
1,within-player,14,2025,1.11728395062,1.53084047555,0.993827160494,162,54,54,0,3,rank_in_slot,TDs per ranked candidate
1,within-player,14,2025,1.08518518519,1.42394683102,0.992592592593,270,54,54,0,5,rank_in_slot,TDs per ranked candidate
1,within-player,14,2025,1,1.25349913774,0.988888888889,540,54,54,0,10,rank_in_slot,TDs per ranked candidate
1,within-player,15,2025,1.03703703704,1.27364324331,0.981481481481,54,54,54,0,1,rank_available,TDs per ranked candidate
1,within-player,15,2025,1.03703703704,1.15696651018,0.987654320988,162,54,54,0,3,rank_available,TDs per ranked candidate
1,within-player,15,2025,0.981481481481,1.09185493534,0.988888888889,270,54,54,0,5,rank_available,TDs per ranked candidate
1,within-player,15,2025,0.87037037037,0.975456376965,0.97037037037,540,54,54,0,10,rank_available,TDs per ranked candidate
1,within-player,15,2025,1.16666666667,1.74317264711,0.981481481481,54,54,54,0,1,rank_in_slot,TDs per ranked candidate
1,within-player,15,2025,1.11111111111,1.54733619269,0.993827160494,162,54,54,0,3,rank_in_slot,TDs per ranked candidate
1,within-player,15,2025,1.08888888889,1.42626854814,0.992592592593,270,54,54,0,5,rank_in_slot,TDs per ranked candidate
1,within-player,15,2025,0.994444444444,1.25317552087,0.987037037037,540,54,54,0,10,rank_in_slot,TDs per ranked candidate
1,within-player,16,2025,1,1.29589013954,0.981481481481,54,54,54,0,1,rank_available,TDs per ranked candidate
1,within-player,16,2025,0.981481481481,1.1699856968,0.987654320988,162,54,54,0,3,rank_available,TDs per ranked candidate
1,within-player,16,2025,0.925925925926,1.0952545692,0.985185185185,270,54,54,0,5,rank_available,TDs per ranked candidate
1,within-player,16,2025,0.875925925926,0.976178861194,0.97037037037,540,54,54,0,10,rank_available,TDs per ranked candidate
1,within-player,16,2025,0.981481481481,1.757815074,0.981481481481,54,54,54,0,1,rank_in_slot,TDs per ranked candidate
1,within-player,16,2025,1.09259259259,1.55579109885,0.993827160494,162,54,54,0,3,rank_in_slot,TDs per ranked candidate
1,within-player,16,2025,1.03703703704,1.43975817634,0.992592592593,270,54,54,0,5,rank_in_slot,TDs per ranked candidate
1,within-player,16,2025,0.975925925926,1.25860284009,0.988888888889,540,54,54,0,10,rank_in_slot,TDs per ranked candidate
1,within-player,17,2025,1.14814814815,1.30379354185,0.981481481481,54,54,54,0,1,rank_available,TDs per ranked candidate
1,within-player,17,2025,1.04938271605,1.16423582775,0.981481481481,162,54,54,0,3,rank_available,TDs per ranked candidate
1,within-player,17,2025,0.937037037037,1.09130586515,0.981481481481,270,54,54,0,5,rank_available,TDs per ranked candidate
1,within-player,17,2025,0.881481481481,0.976670804272,0.968518518519,540,54,54,0,10,rank_available,TDs per ranked candidate
1,within-player,17,2025,1.14814814815,1.80672834479,0.981481481481,54,54,54,0,1,rank_in_slot,TDs per ranked candidate
1,within-player,17,2025,1.06172839506,1.57731335559,0.993827160494,162,54,54,0,3,rank_in_slot,TDs per ranked candidate
1,within-player,17,2025,1.0962962963,1.44836120059,0.992592592593,270,54,54,0,5,rank_in_slot,TDs per ranked candidate
1,within-player,17,2025,1.02037037037,1.25751786739,0.987037037037,540,54,54,0,10,rank_in_slot,TDs per ranked candidate
1,within-player,18,2025,1.24074074074,1.28428822648,0.981481481481,54,54,54,0,1,rank_available,TDs per ranked candidate
1,within-player,18,2025,0.987654320988,1.16962205294,0.987654320988,162,54,54,0,3,rank_available,TDs per ranked candidate
1,within-player,18,2025,0.922222222222,1.09474818641,0.977777777778,270,54,54,0,5,rank_available,TDs per ranked candidate
1,within-player,18,2025,0.87037037037,0.981493367126,0.972222222222,540,54,54,0,10,rank_available,TDs per ranked candidate
1,within-player,18,2025,1.05555555556,1.75416599383,0.981481481481,54,54,54,0,1,rank_in_slot,TDs per ranked candidate
1,within-player,18,2025,1.07407407407,1.55212908069,0.993827160494,162,54,54,0,3,rank_in_slot,TDs per ranked candidate
1,within-player,18,2025,1.04074074074,1.43852252432,0.992592592593,270,54,54,0,5,rank_in_slot,TDs per ranked candidate
1,within-player,18,2025,0.97962962963,1.25980263542,0.987037037037,540,54,54,0,10,rank_in_slot,TDs per ranked candidate
1,within-player,19,2025,1.07407407407,1.28094815235,0.981481481481,54,54,54,0,1,rank_available,TDs per ranked candidate
1,within-player,19,2025,0.907407407407,1.16454776195,0.987654320988,162,54,54,0,3,rank_available,TDs per ranked candidate
1,within-player,19,2025,0.985185185185,1.09619407486,0.981481481481,270,54,54,0,5,rank_available,TDs per ranked candidate
1,within-player,19,2025,0.859259259259,0.98000044727,0.97037037037,540,54,54,0,10,rank_available,TDs per ranked candidate
1,within-player,19,2025,0.944444444444,1.73376936166,0.981481481481,54,54,54,0,1,rank_in_slot,TDs per ranked candidate
1,within-player,19,2025,1.08024691358,1.53822023716,0.993827160494,162,54,54,0,3,rank_in_slot,TDs per ranked candidate
1,within-player,19,2025,1.07407407407,1.43025701818,0.992592592593,270,54,54,0,5,rank_in_slot,TDs per ranked candidate
1,within-player,19,2025,0.992592592593,1.2617914317,0.992592592593,540,54,54,0,10,rank_in_slot,TDs per ranked candidate
