schema_version,bin,n,proj,actual,played,ratio,model,seed,season
1,"(-0.001, 0.05]",46,0.0424109429081,0,0.652173913043,,base-rate-only,-1,2011
1,"(0.05, 0.1]",404,0.0804046494637,0.0569306930693,0.680693069307,1.4123251471,base-rate-only,-1,2011
1,"(0.1, 0.15]",762,0.126014873498,0.0944881889764,0.741469816273,1.33365741119,base-rate-only,-1,2011
1,"(0.15, 0.2]",857,0.173196165781,0.0933488914819,0.716452742124,1.85536392593,base-rate-only,-1,2011
1,"(0.2, 0.3]",1129,0.243590238871,0.154118689105,0.761736049601,1.58053666486,base-rate-only,-1,2011
1,"(0.3, 0.4]",507,0.347356992113,0.319526627219,0.901380670611,1.08709873457,base-rate-only,-1,2011
1,"(0.4, 0.6]",545,0.482891700416,0.422018348624,0.96880733945,1.14424337707,base-rate-only,-1,2011
1,"(0.6, 0.8]",270,0.701190862787,0.407407407407,0.644444444444,1.72110484502,base-rate-only,-1,2011
1,"(0.8, 1.0]",397,0.909697515851,0.171284634761,0.244332493703,5.31102814401,base-rate-only,-1,2011
1,"(1.0, inf]",551,1.48642303639,1.08529945554,0.658802177858,1.36959714557,base-rate-only,-1,2011
1,"(0.05, 0.1]",21,0.0920839642136,0,0.809523809524,,current-season-rate,-1,2011
1,"(0.1, 0.15]",261,0.130325404329,0.0766283524904,0.708812260536,1.7007465265,current-season-rate,-1,2011
1,"(0.15, 0.2]",632,0.176865056515,0.104430379747,0.76582278481,1.69361690481,current-season-rate,-1,2011
1,"(0.2, 0.3]",1595,0.251999210191,0.13605015674,0.765517241379,1.85225225924,current-season-rate,-1,2011
1,"(0.3, 0.4]",1083,0.348013831835,0.207756232687,0.785780240074,1.67510657723,current-season-rate,-1,2011
1,"(0.4, 0.6]",731,0.473803479749,0.336525307798,0.871409028728,1.40792822641,current-season-rate,-1,2011
1,"(0.6, 0.8]",73,0.672690391767,0.643835616438,0.972602739726,1.04481699147,current-season-rate,-1,2011
1,"(0.8, 1.0]",81,0.920137533315,0.617283950617,0.604938271605,1.49062280397,current-season-rate,-1,2011
1,"(1.0, inf]",991,1.47750188575,0.651866801211,0.452068617558,2.2665702303,current-season-rate,-1,2011
1,"(-0.001, 0.05]",2410,0,0.110788381743,0.557676348548,0,historical-rate,-1,2011
1,"(0.05, 0.1]",310,0.0735356975014,0.135483870968,0.874193548387,0.542763481558,historical-rate,-1,2011
1,"(0.1, 0.15]",464,0.1305701306,0.193965517241,0.870689655172,0.673161562203,historical-rate,-1,2011
1,"(0.15, 0.2]",230,0.173166038671,0.191304347826,0.8,0.905186111237,historical-rate,-1,2011
1,"(0.2, 0.3]",276,0.248801253849,0.224637681159,0.869565217391,1.10756687197,historical-rate,-1,2011
1,"(0.3, 0.4]",529,0.34774183559,0.226843100189,0.880907372401,1.53296192523,historical-rate,-1,2011
1,"(0.4, 0.6]",509,0.501484521127,0.402750491159,0.86836935167,1.24514937197,historical-rate,-1,2011
1,"(0.6, 0.8]",230,0.690934271646,0.513043478261,0.995652173913,1.34673629219,historical-rate,-1,2011
1,"(0.8, 1.0]",181,0.916986757871,0.342541436464,0.569060773481,2.67700972862,historical-rate,-1,2011
1,"(1.0, inf]",329,1.72365189058,1.54103343465,0.851063829787,1.11850388955,historical-rate,-1,2011
1,"(-0.001, 0.05]",748,0.0370544879616,0.0427807486631,0.50935828877,0.866148656103,no-vegas,-1,2011
1,"(0.05, 0.1]",1254,0.0734431438045,0.0980861244019,0.645135566188,0.748761807568,no-vegas,-1,2011
1,"(0.1, 0.15]",927,0.122931697699,0.155339805825,0.670981661273,0.791372803936,no-vegas,-1,2011
1,"(0.15, 0.2]",569,0.172773132145,0.193321616872,0.715289982425,0.89370829264,no-vegas,-1,2011
1,"(0.2, 0.3]",636,0.243637278446,0.24213836478,0.823899371069,1.00619031878,no-vegas,-1,2011
1,"(0.3, 0.4]",361,0.347660065681,0.382271468144,0.927977839335,0.909458577616,no-vegas,-1,2011
1,"(0.4, 0.6]",415,0.487052162961,0.450602409639,0.987951807229,1.08089116379,no-vegas,-1,2011
1,"(0.6, 0.8]",124,0.6809066017,0.516129032258,0.927419354839,1.31925654079,no-vegas,-1,2011
1,"(0.8, 1.0]",79,0.895652068127,0.405063291139,0.582278481013,2.21114104319,no-vegas,-1,2011
1,"(1.0, inf]",355,1.62880087045,1.5014084507,0.884507042254,1.08484860977,no-vegas,-1,2011
1,"(-0.001, 0.05]",62,0.0419306751303,0,0.612903225806,,player-vegas,-1,2011
1,"(0.05, 0.1]",409,0.0803328346531,0.0562347188264,0.704156479218,1.42852736405,player-vegas,-1,2011
1,"(0.1, 0.15]",828,0.126310877044,0.0929951690821,0.725845410628,1.35825202847,player-vegas,-1,2011
1,"(0.15, 0.2]",868,0.173572212655,0.0967741935484,0.725806451613,1.79357953076,player-vegas,-1,2011
1,"(0.2, 0.3]",985,0.243238677721,0.170558375635,0.775634517766,1.42613153307,player-vegas,-1,2011
1,"(0.3, 0.4]",529,0.343163451004,0.253308128544,0.87145557656,1.35472735508,player-vegas,-1,2011
1,"(0.4, 0.6]",511,0.49013723679,0.436399217221,0.941291585127,1.12313958744,player-vegas,-1,2011
1,"(0.6, 0.8]",346,0.693196699937,0.341040462428,0.615606936416,2.03259371338,player-vegas,-1,2011
1,"(0.8, 1.0]",313,0.884971467228,0.29392971246,0.351437699681,3.01082683959,player-vegas,-1,2011
1,"(1.0, inf]",617,1.53390839478,0.969205834684,0.611021069692,1.58264461469,player-vegas,-1,2011
1,"(-0.001, 0.05]",767,0.0364536701543,0.250325945241,0.70664928292,0.145624817752,random,0,2011
1,"(0.05, 0.1]",1326,0.0741905461736,0.234539969834,0.757918552036,0.316323679184,random,0,2011
1,"(0.1, 0.15]",853,0.122515152396,0.267291910903,0.72919109027,0.458357127165,random,0,2011
1,"(0.15, 0.2]",540,0.173502216384,0.331481481481,0.724074074074,0.523414507528,random,0,2011
1,"(0.2, 0.3]",651,0.245482044475,0.187403993856,0.725038402458,1.3099082865,random,0,2011
1,"(0.3, 0.4]",343,0.345630753185,0.192419825073,0.804664723032,1.79623255064,random,0,2011
1,"(0.4, 0.6]",358,0.488243868973,0.18156424581,0.77374301676,2.68909700142,random,0,2011
1,"(0.6, 0.8]",192,0.692228450887,0.333333333333,0.744791666667,2.07668535266,random,0,2011
1,"(0.8, 1.0]",87,0.885991959754,0.574712643678,0.735632183908,1.54162600997,random,0,2011
1,"(1.0, inf]",351,1.75895636888,0.683760683761,0.487179487179,2.57247368949,random,0,2011
1,"(-0.001, 0.05]",771,0.0365310449794,0.22308690013,0.677042801556,0.163752533018,random,1,2011
1,"(0.05, 0.1]",1319,0.0743745908623,0.231235784685,0.740712661107,0.32163962409,random,1,2011
1,"(0.1, 0.15]",847,0.121981801958,0.269185360094,0.747343565525,0.453151694115,random,1,2011
1,"(0.15, 0.2]",553,0.173578042649,0.278481012658,0.714285714286,0.62330297133,random,1,2011
1,"(0.2, 0.3]",643,0.245313286267,0.217729393468,0.741835147745,1.12668887907,random,1,2011
1,"(0.3, 0.4]",350,0.344888891649,0.234285714286,0.831428571429,1.47208673265,random,1,2011
1,"(0.4, 0.6]",357,0.488072522256,0.204481792717,0.820728291317,2.38687521158,random,1,2011
1,"(0.6, 0.8]",191,0.692350495955,0.361256544503,0.79057591623,1.91650644533,random,1,2011
1,"(0.8, 1.0]",87,0.888276261919,0.528735632184,0.747126436782,1.68000075624,random,1,2011
1,"(1.0, inf]",350,1.76010293107,0.708571428571,0.454285714286,2.48401623337,random,1,2011
1,"(-0.001, 0.05]",769,0.0365033964099,0.269180754226,0.739921976593,0.135609235938,random,2,2011
1,"(0.05, 0.1]",1312,0.0742883719041,0.243140243902,0.755335365854,0.305537128333,random,2,2011
1,"(0.1, 0.15]",863,0.121825297851,0.287369640788,0.727694090382,0.423932387281,random,2,2011
1,"(0.15, 0.2]",540,0.173701909631,0.303703703704,0.712962962963,0.571945312199,random,2,2011
1,"(0.2, 0.3]",655,0.245014584605,0.209160305344,0.734351145038,1.17142009428,random,2,2011
1,"(0.3, 0.4]",342,0.34472504254,0.210526315789,0.789473684211,1.63744395206,random,2,2011
1,"(0.4, 0.6]",357,0.488057270366,0.232492997199,0.801120448179,2.09923428338,random,2,2011
1,"(0.6, 0.8]",191,0.689557083889,0.230366492147,0.701570680628,2.99330461415,random,2,2011
1,"(0.8, 1.0]",88,0.888395776763,0.397727272727,0.579545454545,2.23368081015,random,2,2011
1,"(1.0, inf]",351,1.75765428889,0.592592592593,0.478632478632,2.96604161251,random,2,2011
1,"(-0.001, 0.05]",775,0.0365292823762,0.267096774194,0.717419354839,0.136764221457,random,3,2011
1,"(0.05, 0.1]",1307,0.0742828960478,0.229533282326,0.755929609793,0.323625817115,random,3,2011
1,"(0.1, 0.15]",855,0.121883186292,0.259649122807,0.740350877193,0.469414974234,random,3,2011
1,"(0.15, 0.2]",547,0.173526883125,0.310786106033,0.678244972578,0.558348265113,random,3,2011
1,"(0.2, 0.3]",651,0.244700161226,0.254992319508,0.743471582181,0.959637379267,random,3,2011
1,"(0.3, 0.4]",343,0.344214930507,0.244897959184,0.827988338192,1.40554429957,random,3,2011
1,"(0.4, 0.6]",359,0.488175184882,0.119777158774,0.791086350975,4.0756951482,random,3,2011
1,"(0.6, 0.8]",190,0.688543776544,0.273684210526,0.684210526316,2.51583302968,random,3,2011
1,"(0.8, 1.0]",93,0.886564141466,0.376344086022,0.58064516129,2.35572757589,random,3,2011
1,"(1.0, inf]",348,1.76632416152,0.683908045977,0.514367816092,2.58269247146,random,3,2011
1,"(-0.001, 0.05]",779,0.0366261235169,0.198973042362,0.677792041078,0.184075807869,random,4,2011
1,"(0.05, 0.1]",1305,0.0743486564736,0.23754789272,0.76091954023,0.312983860316,random,4,2011
1,"(0.1, 0.15]",856,0.121960172379,0.245327102804,0.735981308411,0.497132893128,random,4,2011
1,"(0.15, 0.2]",541,0.173309482315,0.316081330869,0.724584103512,0.548306607793,random,4,2011
1,"(0.2, 0.3]",654,0.24538976293,0.319571865443,0.770642201835,0.767870358642,random,4,2011
1,"(0.3, 0.4]",347,0.344664399401,0.187319884726,0.809798270893,1.83997763988,random,4,2011
1,"(0.4, 0.6]",354,0.487527990089,0.248587570621,0.771186440678,1.96119214195,random,4,2011
1,"(0.6, 0.8]",192,0.689948004953,0.307291666667,0.677083333333,2.24525452459,random,4,2011
1,"(0.8, 1.0]",87,0.885820171204,0.287356321839,0.551724137931,3.08265419579,random,4,2011
1,"(1.0, inf]",353,1.75259139398,0.637393767705,0.521246458924,2.74962116478,random,4,2011
1,"(-0.001, 0.05]",774,0.0365313894824,0.279069767442,0.741602067183,0.130904145645,random,5,2011
1,"(0.05, 0.1]",1306,0.074217675343,0.259571209801,0.765696784074,0.285924141587,random,5,2011
1,"(0.1, 0.15]",858,0.121912187346,0.254079254079,0.699300699301,0.479819526342,random,5,2011
1,"(0.15, 0.2]",548,0.173299832485,0.302919708029,0.68795620438,0.572098242181,random,5,2011
1,"(0.2, 0.3]",651,0.245455788929,0.233486943164,0.760368663594,1.05126130653,random,5,2011
1,"(0.3, 0.4]",343,0.345149453318,0.221574344023,0.816326530612,1.55771398011,random,5,2011
1,"(0.4, 0.6]",360,0.487552520406,0.166666666667,0.755555555556,2.92531512244,random,5,2011
1,"(0.6, 0.8]",190,0.693028222686,0.294736842105,0.715789473684,2.35134575554,random,5,2011
1,"(0.8, 1.0]",86,0.887549252871,0.279069767442,0.697674418605,3.18038482279,random,5,2011
1,"(1.0, inf]",352,1.75458302284,0.596590909091,0.480113636364,2.94101535257,random,5,2011
1,"(-0.001, 0.05]",771,0.0365078796013,0.293125810636,0.735408560311,0.124546792799,random,6,2011
1,"(0.05, 0.1]",1309,0.0741544692231,0.255920550038,0.754010695187,0.289755821531,random,6,2011
1,"(0.1, 0.15]",864,0.122025861497,0.296296296296,0.761574074074,0.411837282551,random,6,2011
1,"(0.15, 0.2]",542,0.173592052429,0.256457564576,0.673431734317,0.676884118103,random,6,2011
1,"(0.2, 0.3]",649,0.245313074024,0.241910631741,0.718027734977,1.01406487288,random,6,2011
1,"(0.3, 0.4]",347,0.345545098189,0.204610951009,0.824207492795,1.68879083199,random,6,2011
1,"(0.4, 0.6]",354,0.487343195524,0.146892655367,0.754237288136,3.31768252337,random,6,2011
1,"(0.6, 0.8]",191,0.68961421216,0.366492146597,0.806282722513,1.88166163604,random,6,2011
1,"(0.8, 1.0]",90,0.887725790608,0.388888888889,0.555555555556,2.28272346156,random,6,2011
1,"(1.0, inf]",351,1.75351186904,0.501424501425,0.464387464387,3.49706060246,random,6,2011
1,"(-0.001, 0.05]",773,0.0365649547714,0.263906856404,0.749029754204,0.138552500188,random,7,2011
1,"(0.05, 0.1]",1314,0.0742470939798,0.258751902588,0.751141552511,0.286943180851,random,7,2011
1,"(0.1, 0.15]",851,0.122145629227,0.252643948296,0.728554641598,0.483469444058,random,7,2011
1,"(0.15, 0.2]",546,0.173572025509,0.344322344322,0.71978021978,0.50409747834,random,7,2011
1,"(0.2, 0.3]",654,0.24511469572,0.233944954128,0.746177370031,1.04774516994,random,7,2011
1,"(0.3, 0.4]",343,0.344850615901,0.157434402332,0.763848396501,2.19044002322,random,7,2011
1,"(0.4, 0.6]",358,0.4876558262,0.153631284916,0.762569832402,3.17419610508,random,7,2011
1,"(0.6, 0.8]",191,0.691613311901,0.314136125654,0.738219895288,2.20163570955,random,7,2011
1,"(0.8, 1.0]",86,0.888602148098,0.5,0.674418604651,1.7772042962,random,7,2011
1,"(1.0, inf]",352,1.75495387183,0.582386363636,0.460227272727,3.01338420918,random,7,2011
1,"(-0.001, 0.05]",770,0.0365274856472,0.237662337662,0.709090909091,0.153694884964,random,8,2011
1,"(0.05, 0.1]",1310,0.0741426995038,0.26641221374,0.777099236641,0.278300677221,random,8,2011
1,"(0.1, 0.15]",859,0.122126310838,0.289871944121,0.729918509895,0.421311249037,random,8,2011
1,"(0.15, 0.2]",544,0.173382066716,0.295955882353,0.713235294118,0.585837542196,random,8,2011
1,"(0.2, 0.3]",653,0.24517839761,0.243491577335,0.736600306279,1.00692763295,random,8,2011
1,"(0.3, 0.4]",348,0.345529984685,0.172413793103,0.804597701149,2.00407391117,random,8,2011
1,"(0.4, 0.6]",355,0.486281187082,0.160563380282,0.729577464789,3.02859335814,random,8,2011
1,"(0.6, 0.8]",189,0.686817987575,0.269841269841,0.671957671958,2.54526665983,random,8,2011
1,"(0.8, 1.0]",89,0.890199183077,0.629213483146,0.696629213483,1.41478084453,random,8,2011
1,"(1.0, inf]",351,1.75758081828,0.547008547009,0.498575498575,3.21307743343,random,8,2011
1,"(-0.001, 0.05]",768,0.0365418155094,0.2421875,0.75,0.150882335006,random,9,2011
1,"(0.05, 0.1]",1311,0.0741259959087,0.237986270023,0.749046529367,0.311471732809,random,9,2011
1,"(0.1, 0.15]",864,0.122016340997,0.278935185185,0.709490740741,0.437436176853,random,9,2011
1,"(0.15, 0.2]",541,0.173435538707,0.255083179298,0.674676524954,0.679917582901,random,9,2011
1,"(0.2, 0.3]",658,0.24510123064,0.275075987842,0.76443768997,0.891030993156,random,9,2011
1,"(0.3, 0.4]",341,0.345495492613,0.193548387097,0.788856304985,1.78506004516,random,9,2011
1,"(0.4, 0.6]",352,0.487769456044,0.207386363636,0.8125,2.3519842264,random,9,2011
1,"(0.6, 0.8]",195,0.687648917056,0.215384615385,0.65641025641,3.19265568633,random,9,2011
1,"(0.8, 1.0]",90,0.889875741672,0.344444444444,0.566666666667,2.58351021776,random,9,2011
1,"(1.0, inf]",348,1.76300524666,0.709770114943,0.545977011494,2.48391022606,random,9,2011
1,"(-0.001, 0.05]",772,0.0364897436255,0.248704663212,0.735751295337,0.146719177494,random,10,2011
1,"(0.05, 0.1]",1313,0.0741671341347,0.239146991622,0.752475247525,0.310131997194,random,10,2011
1,"(0.1, 0.15]",855,0.1221371488,0.254970760234,0.707602339181,0.479024138641,random,10,2011
1,"(0.15, 0.2]",546,0.173617995968,0.278388278388,0.699633699634,0.623654117095,random,10,2011
1,"(0.2, 0.3]",648,0.245642910097,0.25462962963,0.759259259259,0.964706701474,random,10,2011
1,"(0.3, 0.4]",346,0.344651198098,0.193641618497,0.780346820809,1.77984051555,random,10,2011
1,"(0.4, 0.6]",355,0.486196419096,0.183098591549,0.791549295775,2.65538044275,random,10,2011
1,"(0.6, 0.8]",195,0.68906064474,0.435897435897,0.789743589744,1.58078618499,random,10,2011
1,"(0.8, 1.0]",86,0.889886087394,0.441860465116,0.651162790698,2.0139527241,random,10,2011
1,"(1.0, inf]",352,1.75759831026,0.627840909091,0.474431818182,2.79943260277,random,10,2011
1,"(-0.001, 0.05]",770,0.0365047503672,0.288311688312,0.745454545455,0.126615575598,random,11,2011
1,"(0.05, 0.1]",1306,0.0741114034937,0.247320061256,0.742725880551,0.29965787295,random,11,2011
1,"(0.1, 0.15]",867,0.122001277051,0.289504036909,0.718569780854,0.421414769734,random,11,2011
1,"(0.15, 0.2]",541,0.17335680575,0.30314232902,0.702402957486,0.571866048236,random,11,2011
1,"(0.2, 0.3]",658,0.245530151646,0.23556231003,0.749240121581,1.04231509538,random,11,2011
1,"(0.3, 0.4]",341,0.345492357466,0.173020527859,0.821114369501,1.9968287101,random,11,2011
1,"(0.4, 0.6]",356,0.487533465664,0.199438202247,0.808988764045,2.44453399685,random,11,2011
1,"(0.6, 0.8]",192,0.692852713819,0.229166666667,0.697916666667,3.02335729667,random,11,2011
1,"(0.8, 1.0]",85,0.888465627638,0.4,0.635294117647,2.2211640691,random,11,2011
1,"(1.0, inf]",352,1.75499245603,0.551136363636,0.474431818182,3.18431620888,random,11,2011
1,"(-0.001, 0.05]",764,0.0364774910593,0.276178010471,0.747382198953,0.132079635874,random,12,2011
1,"(0.05, 0.1]",1318,0.074099747512,0.235204855842,0.740515933232,0.315043442648,random,12,2011
1,"(0.1, 0.15]",859,0.12198315392,0.235157159488,0.707799767171,0.518730342659,random,12,2011
1,"(0.15, 0.2]",547,0.173163994736,0.323583180987,0.694698354662,0.535145226669,random,12,2011
1,"(0.2, 0.3]",651,0.24557396091,0.307219662058,0.768049155146,0.799343242763,random,12,2011
1,"(0.3, 0.4]",341,0.345641121732,0.175953079179,0.791788856305,1.96439370851,random,12,2011
1,"(0.4, 0.6]",360,0.486565747816,0.202777777778,0.786111111111,2.39950231799,random,12,2011
1,"(0.6, 0.8]",188,0.690519833377,0.207446808511,0.718085106383,3.32865970961,random,12,2011
1,"(0.8, 1.0]",88,0.885885899336,0.590909090909,0.715909090909,1.49919152195,random,12,2011
1,"(1.0, inf]",352,1.75582190711,0.548295454545,0.502840909091,3.20232803784,random,12,2011
1,"(-0.001, 0.05]",766,0.0364337467006,0.227154046997,0.694516971279,0.160392241222,random,13,2011
1,"(0.05, 0.1]",1319,0.0740811275,0.245640636846,0.731614859742,0.301583355471,random,13,2011
1,"(0.1, 0.15]",851,0.122127716132,0.271445358402,0.721504112808,0.449916391466,random,13,2011
1,"(0.15, 0.2]",545,0.173510245304,0.321100917431,0.737614678899,0.540360478232,random,13,2011
1,"(0.2, 0.3]",652,0.244599868963,0.256134969325,0.791411042945,0.954964757869,random,13,2011
1,"(0.3, 0.4]",348,0.34458875124,0.221264367816,0.827586206897,1.55736214846,random,13,2011
1,"(0.4, 0.6]",355,0.486319569158,0.169014084507,0.774647887324,2.87739078418,random,13,2011
1,"(0.6, 0.8]",195,0.688689336897,0.266666666667,0.712820512821,2.58258501336,random,13,2011
1,"(0.8, 1.0]",87,0.886006513259,0.298850574713,0.586206896552,2.96471410206,random,13,2011
1,"(1.0, inf]",350,1.76089955573,0.66,0.517142857143,2.6680296299,random,13,2011
1,"(-0.001, 0.05]",769,0.0364401441975,0.237971391417,0.721716514954,0.153128256218,random,14,2011
1,"(0.05, 0.1]",1310,0.0741840865577,0.229007633588,0.731297709924,0.323937177969,random,14,2011
1,"(0.1, 0.15]",862,0.121916135047,0.298143851508,0.737819025522,0.408917153348,random,14,2011
1,"(0.15, 0.2]",543,0.1730960786,0.31123388582,0.731123388582,0.556160773254,random,14,2011
1,"(0.2, 0.3]",649,0.244565961954,0.2218798151,0.764252696456,1.10224520353,random,14,2011
1,"(0.3, 0.4]",345,0.345215497679,0.2,0.823188405797,1.7260774884,random,14,2011
1,"(0.4, 0.6]",357,0.486511094628,0.159663865546,0.742296918768,3.0470958032,random,14,2011
1,"(0.6, 0.8]",195,0.689484821092,0.282051282051,0.702564102564,2.44453709296,random,14,2011
1,"(0.8, 1.0]",88,0.887328879182,0.409090909091,0.625,2.16902614911,random,14,2011
1,"(1.0, inf]",350,1.76020156326,0.705714285714,0.514285714286,2.49421274146,random,14,2011
1,"(-0.001, 0.05]",766,0.0364472192717,0.270234986945,0.72454308094,0.134872318658,random,15,2011
1,"(0.05, 0.1]",1315,0.074114973266,0.232699619772,0.761216730038,0.318500620408,random,15,2011
1,"(0.1, 0.15]",858,0.122100858314,0.273892773893,0.721445221445,0.445798027378,random,15,2011
1,"(0.15, 0.2]",546,0.173356886748,0.291208791209,0.727106227106,0.595301007325,random,15,2011
1,"(0.2, 0.3]",646,0.244738631161,0.258513931889,0.743034055728,0.946713507365,random,15,2011
1,"(0.3, 0.4]",345,0.344532332217,0.159420289855,0.782608695652,2.16115735664,random,15,2011
1,"(0.4, 0.6]",362,0.485958329792,0.21546961326,0.792817679558,2.25534506904,random,15,2011
1,"(0.6, 0.8]",199,0.688813458272,0.336683417085,0.743718592965,2.04587877905,random,15,2011
1,"(0.8, 1.0]",79,0.88271828419,0.556962025316,0.683544303797,1.5848805557,random,15,2011
1,"(1.0, inf]",352,1.75796806623,0.565340909091,0.431818181818,3.10957165484,random,15,2011
1,"(-0.001, 0.05]",776,0.0365712696937,0.238402061856,0.737113402062,0.153401650175,random,16,2011
1,"(0.05, 0.1]",1305,0.0743018610939,0.242911877395,0.750191570881,0.305879901349,random,16,2011
1,"(0.1, 0.15]",863,0.121994577502,0.256083429896,0.687137891078,0.476386065088,random,16,2011
1,"(0.15, 0.2]",540,0.173036279001,0.305555555556,0.746296296296,0.566300549457,random,16,2011
1,"(0.2, 0.3]",650,0.245400426755,0.218461538462,0.766153846154,1.12331181261,random,16,2011
1,"(0.3, 0.4]",343,0.344760397481,0.204081632653,0.790087463557,1.68932594766,random,16,2011
1,"(0.4, 0.6]",362,0.486849164146,0.187845303867,0.798342541436,2.59175584443,random,16,2011
1,"(0.6, 0.8]",189,0.691071132402,0.380952380952,0.777777777778,1.81406172256,random,16,2011
1,"(0.8, 1.0]",87,0.888490129407,0.471264367816,0.597701149425,1.88533271362,random,16,2011
1,"(1.0, inf]",353,1.75534159331,0.668555240793,0.450424929178,2.62557450185,random,16,2011
1,"(-0.001, 0.05]",769,0.0364821797584,0.29388816645,0.725617685306,0.124136266523,random,17,2011
1,"(0.05, 0.1]",1303,0.0739744792199,0.223330775134,0.740598618573,0.331232805579,random,17,2011
1,"(0.1, 0.15]",867,0.121762793089,0.262975778547,0.720876585928,0.463019042143,random,17,2011
1,"(0.15, 0.2]",545,0.173575230195,0.295412844037,0.724770642202,0.587568325815,random,17,2011
1,"(0.2, 0.3]",654,0.245219259456,0.217125382263,0.747706422018,1.12939011045,random,17,2011
1,"(0.3, 0.4]",344,0.345241504629,0.25,0.813953488372,1.38096601852,random,17,2011
1,"(0.4, 0.6]",358,0.486967326343,0.203910614525,0.832402234637,2.38814113467,random,17,2011
1,"(0.6, 0.8]",189,0.691099796675,0.259259259259,0.693121693122,2.66567064432,random,17,2011
1,"(0.8, 1.0]",87,0.886415438883,0.551724137931,0.64367816092,1.60662798298,random,17,2011
1,"(1.0, inf]",352,1.7541037823,0.605113636364,0.471590909091,2.89880061676,random,17,2011
1,"(-0.001, 0.05]",769,0.0365177980618,0.243172951886,0.712613784135,0.150172121441,random,18,2011
1,"(0.05, 0.1]",1308,0.0741364820804,0.224006116208,0.751529051988,0.330957401233,random,18,2011
1,"(0.1, 0.15]",856,0.121929966071,0.31191588785,0.738317757009,0.390906557891,random,18,2011
1,"(0.15, 0.2]",549,0.172963258486,0.247723132969,0.695810564663,0.698211977271,random,18,2011
1,"(0.2, 0.3]",655,0.243916340336,0.219847328244,0.734351145038,1.10948057583,random,18,2011
1,"(0.3, 0.4]",341,0.344793337236,0.175953079179,0.788856304985,1.95957546663,random,18,2011
1,"(0.4, 0.6]",360,0.486537665043,0.183333333333,0.783333333333,2.65384180933,random,18,2011
1,"(0.6, 0.8]",193,0.688958328839,0.352331606218,0.79274611399,1.95542584509,random,18,2011
1,"(0.8, 1.0]",87,0.887770874816,0.620689655172,0.67816091954,1.43029752054,random,18,2011
1,"(1.0, inf]",350,1.7610448917,0.691428571429,0.497142857143,2.54696575245,random,18,2011
1,"(-0.001, 0.05]",765,0.0364480015758,0.287581699346,0.743790849673,0.126739641843,random,19,2011
1,"(0.05, 0.1]",1311,0.0739726652797,0.248665141114,0.754385964912,0.297479031232,random,19,2011
1,"(0.1, 0.15]",862,0.121958109582,0.240139211137,0.714617169374,0.507864205119,random,19,2011
1,"(0.15, 0.2]",553,0.173563335552,0.273056057866,0.683544303797,0.635632612983,random,19,2011
1,"(0.2, 0.3]",643,0.24503362222,0.199066874028,0.723172628305,1.23091108662,random,19,2011
1,"(0.3, 0.4]",351,0.345195995715,0.222222222222,0.814814814815,1.55338198072,random,19,2011
1,"(0.4, 0.6]",351,0.488009442817,0.230769230769,0.794871794872,2.11470758554,random,19,2011
1,"(0.6, 0.8]",192,0.689404847922,0.296875,0.765625,2.32220580353,random,19,2011
1,"(0.8, 1.0]",91,0.888211371267,0.450549450549,0.637362637363,1.97139597037,random,19,2011
1,"(1.0, inf]",349,1.76099568016,0.65329512894,0.504297994269,2.69555917709,random,19,2011
1,"(0.05, 0.1]",129,0.0898892794618,0.0387596899225,0.68992248062,2.31914341012,regressed-rate,-1,2011
1,"(0.1, 0.15]",329,0.129235487632,0.0881458966565,0.73556231003,1.4661543252,regressed-rate,-1,2011
1,"(0.15, 0.2]",876,0.173835506027,0.0981735159817,0.673515981735,1.77069654976,regressed-rate,-1,2011
1,"(0.2, 0.3]",1733,0.240432051641,0.151182919792,0.759953837276,1.59033872326,regressed-rate,-1,2011
1,"(0.3, 0.4]",645,0.347093726994,0.238759689922,0.88992248062,1.45373671371,regressed-rate,-1,2011
1,"(0.4, 0.6]",568,0.485990663391,0.429577464789,0.963028169014,1.13132252789,regressed-rate,-1,2011
1,"(0.6, 0.8]",171,0.678539398787,0.438596491228,0.859649122807,1.54706982924,regressed-rate,-1,2011
1,"(0.8, 1.0]",460,0.918541625014,0.254347826087,0.263043478261,3.6113602351,regressed-rate,-1,2011
1,"(1.0, inf]",557,1.45512877226,0.978456014363,0.603231597846,1.48716830486,regressed-rate,-1,2011
1,"(-0.001, 0.05]",774,0.0366615146491,0.0529715762274,0.515503875969,0.692097861912,shipped,-1,2011
1,"(0.05, 0.1]",1298,0.0742437322512,0.104006163328,0.639445300462,0.713839736756,shipped,-1,2011
1,"(0.1, 0.15]",864,0.121786415452,0.135416666667,0.680555555556,0.899345837182,shipped,-1,2011
1,"(0.15, 0.2]",546,0.173119742389,0.201465201465,0.739926739927,0.859303448584,shipped,-1,2011
1,"(0.2, 0.3]",657,0.244709840167,0.234398782344,0.815829528158,1.04398938305,shipped,-1,2011
1,"(0.3, 0.4]",345,0.345101799635,0.368115942029,0.910144927536,0.937481266725,shipped,-1,2011
1,"(0.4, 0.6]",353,0.486863527337,0.481586402266,0.983002832861,1.010957795,shipped,-1,2011
1,"(0.6, 0.8]",197,0.688860482042,0.426395939086,0.847715736041,1.61554184479,shipped,-1,2011
1,"(0.8, 1.0]",83,0.884468090565,0.457831325301,0.698795180723,1.9318645136,shipped,-1,2011
1,"(1.0, inf]",351,1.75251145872,1.54131054131,0.911680911681,1.1370268429,shipped,-1,2011
1,"(0.05, 0.1]",538,0.0784654877182,0.100371747212,0.349442379182,0.781748748008,vegas-environment,-1,2011
1,"(0.1, 0.15]",360,0.128868962012,0.0527777777778,0.508333333333,2.44172770127,vegas-environment,-1,2011
1,"(0.15, 0.2]",1331,0.176280035319,0.118707738542,0.709241172051,1.4849919431,vegas-environment,-1,2011
1,"(0.2, 0.3]",1384,0.244775423086,0.184971098266,0.701589595376,1.32331713106,vegas-environment,-1,2011
1,"(0.3, 0.4]",1003,0.344893064479,0.312063808574,0.930209371884,1.10520045902,vegas-environment,-1,2011
1,"(0.4, 0.6]",447,0.451724670408,0.41163310962,0.941834451902,1.09739634605,vegas-environment,-1,2011
1,"(0.8, 1.0]",1,0.981456865217,0,1,,vegas-environment,-1,2011
1,"(1.0, inf]",404,1.51118426276,1.31930693069,0.79702970297,1.14543797778,vegas-environment,-1,2011
1,"(-0.001, 0.05]",760,0.0362185132003,0.05,0.515789473684,0.724370264006,within-player,0,2011
1,"(0.05, 0.1]",1315,0.0741627893741,0.100380228137,0.644866920152,0.738818697174,within-player,0,2011
1,"(0.1, 0.15]",881,0.122239136036,0.137343927355,0.682179341657,0.89002213924,within-player,0,2011
1,"(0.15, 0.2]",520,0.172425700785,0.207692307692,0.726923076923,0.830197818594,within-player,0,2011
1,"(0.2, 0.3]",660,0.243876001652,0.274242424242,0.821212121212,0.889271608235,within-player,0,2011
1,"(0.3, 0.4]",342,0.345421837528,0.295321637427,0.90350877193,1.16964622213,within-player,0,2011
1,"(0.4, 0.6]",350,0.490103560582,0.477142857143,0.962857142857,1.02716315092,within-player,0,2011
1,"(0.6, 0.8]",204,0.69452067785,0.436274509804,0.843137254902,1.59193503687,within-player,0,2011
1,"(0.8, 1.0]",85,0.888596870498,0.6,0.764705882353,1.48099478416,within-player,0,2011
1,"(1.0, inf]",351,1.76220589797,1.50712250712,0.908831908832,1.16925192852,within-player,0,2011
1,"(-0.001, 0.05]",782,0.0363439996228,0.0498721227621,0.516624040921,0.728743787308,within-player,1,2011
1,"(0.05, 0.1]",1312,0.0743330831255,0.103658536585,0.641768292683,0.717095625446,within-player,1,2011
1,"(0.1, 0.15]",861,0.123030506114,0.1393728223,0.687572590012,0.882743881369,within-player,1,2011
1,"(0.15, 0.2]",509,0.173173785661,0.212180746562,0.71905697446,0.816161637976,within-player,1,2011
1,"(0.2, 0.3]",686,0.24156124531,0.256559766764,0.825072886297,0.941539853877,within-player,1,2011
1,"(0.3, 0.4]",349,0.347231080815,0.30659025788,0.919770773639,1.13255745051,within-player,1,2011
1,"(0.4, 0.6]",334,0.489587239309,0.505988023952,0.967065868263,0.967586614965,within-player,1,2011
1,"(0.6, 0.8]",189,0.686512873772,0.396825396825,0.846560846561,1.73001244191,within-player,1,2011
1,"(0.8, 1.0]",96,0.888950803731,0.635416666667,0.729166666667,1.39900454358,within-player,1,2011
1,"(1.0, inf]",350,1.75302571225,1.50285714286,0.911428571429,1.16646197583,within-player,1,2011
1,"(-0.001, 0.05]",796,0.0368467422245,0.0502512562814,0.511306532663,0.733250170267,within-player,2,2011
1,"(0.05, 0.1]",1276,0.074590564844,0.103448275862,0.641065830721,0.721042126826,within-player,2,2011
1,"(0.1, 0.15]",859,0.121595476891,0.149010477299,0.694994179278,0.816019645695,within-player,2,2011
1,"(0.15, 0.2]",551,0.17255174534,0.179673321234,0.724137931034,0.960363754366,within-player,2,2011
1,"(0.2, 0.3]",654,0.24292143322,0.25993883792,0.81498470948,0.934533043095,within-player,2,2011
1,"(0.3, 0.4]",347,0.346857791161,0.325648414986,0.913544668588,1.06512967728,within-player,2,2011
1,"(0.4, 0.6]",342,0.487209460311,0.482456140351,0.970760233918,1.00985233592,within-player,2,2011
1,"(0.6, 0.8]",206,0.685763289315,0.456310679612,0.854368932039,1.50284295318,within-player,2,2011
1,"(0.8, 1.0]",88,0.888164010585,0.534090909091,0.761363636364,1.66294538152,within-player,2,2011
1,"(1.0, inf]",349,1.77837688743,1.51575931232,0.908309455587,1.17325809776,within-player,2,2011
1,"(-0.001, 0.05]",773,0.0365500409705,0.0556274256145,0.523932729625,0.657050736517,within-player,3,2011
1,"(0.05, 0.1]",1297,0.0740836808605,0.100231303007,0.630686198921,0.7391271852,within-player,3,2011
1,"(0.1, 0.15]",857,0.121716658661,0.140023337223,0.696616102684,0.869259803939,within-player,3,2011
1,"(0.15, 0.2]",554,0.172853088788,0.191335740072,0.725631768953,0.903401992344,within-player,3,2011
1,"(0.2, 0.3]",643,0.243603540461,0.261275272162,0.819595645412,0.932363550693,within-player,3,2011
1,"(0.3, 0.4]",351,0.345204751628,0.336182336182,0.905982905983,1.02683786289,within-player,3,2011
1,"(0.4, 0.6]",357,0.489133898953,0.481792717087,0.960784313725,1.0152372205,within-player,3,2011
1,"(0.6, 0.8]",191,0.690741883296,0.397905759162,0.858638743455,1.73594341723,within-player,3,2011
1,"(0.8, 1.0]",94,0.89676087155,0.585106382979,0.744680851064,1.5326458532,within-player,3,2011
1,"(1.0, inf]",351,1.76703060957,1.50712250712,0.908831908832,1.17245320219,within-player,3,2011
1,"(-0.001, 0.05]",768,0.0364239495699,0.0598958333333,0.51171875,0.60812159282,within-player,4,2011
1,"(0.05, 0.1]",1319,0.0744199323639,0.0985595147839,0.64366944655,0.755076082984,within-player,4,2011
1,"(0.1, 0.15]",833,0.121919486311,0.139255702281,0.680672268908,0.87550803532,within-player,4,2011
1,"(0.15, 0.2]",557,0.172602903124,0.201077199282,0.734290843806,0.858391223573,within-player,4,2011
1,"(0.2, 0.3]",668,0.243882431169,0.252994011976,0.815868263473,0.963984994205,within-player,4,2011
1,"(0.3, 0.4]",343,0.344918006068,0.320699708455,0.924198250729,1.07551705529,within-player,4,2011
1,"(0.4, 0.6]",344,0.490250176152,0.5,0.962209302326,0.980500352304,within-player,4,2011
1,"(0.6, 0.8]",192,0.689345881545,0.458333333333,0.875,1.50402737792,within-player,4,2011
1,"(0.8, 1.0]",88,0.88450878788,0.477272727273,0.670454545455,1.85325650794,within-player,4,2011
1,"(1.0, inf]",356,1.76605730276,1.49438202247,0.912921348315,1.18179774395,within-player,4,2011
1,"(-0.001, 0.05]",761,0.0362386794956,0.0565045992116,0.517739816032,0.641340351073,within-player,5,2011
1,"(0.05, 0.1]",1329,0.0741120844238,0.103837471783,0.64258841234,0.713731595646,within-player,5,2011
1,"(0.1, 0.15]",840,0.122192807915,0.141666666667,0.678571428571,0.862537467632,within-player,5,2011
1,"(0.15, 0.2]",559,0.172791495758,0.209302325581,0.726296958855,0.825559368621,within-player,5,2011
1,"(0.2, 0.3]",663,0.245816243189,0.227752639517,0.819004524887,1.07931237903,within-player,5,2011
1,"(0.3, 0.4]",338,0.348327161514,0.360946745562,0.923076923077,0.965037545832,within-player,5,2011
1,"(0.4, 0.6]",353,0.487105155933,0.478753541076,0.968838526912,1.0174444973,within-player,5,2011
1,"(0.6, 0.8]",191,0.693655111142,0.450261780105,0.848167539267,1.5405596073,within-player,5,2011
1,"(0.8, 1.0]",82,0.881451226429,0.439024390244,0.731707317073,2.00775001575,within-player,5,2011
1,"(1.0, inf]",352,1.76380897799,1.52272727273,0.909090909091,1.1583223139,within-player,5,2011
1,"(-0.001, 0.05]",771,0.0364748795579,0.0518806744488,0.512321660182,0.703053303479,within-player,6,2011
1,"(0.05, 0.1]",1320,0.0745171176914,0.105303030303,0.643181818182,0.707644570882,within-player,6,2011
1,"(0.1, 0.15]",849,0.122167543182,0.137809187279,0.690223792697,0.886497813346,within-player,6,2011
1,"(0.15, 0.2]",535,0.172352449848,0.196261682243,0.71214953271,0.878176768271,within-player,6,2011
1,"(0.2, 0.3]",657,0.243876854023,0.254185692542,0.82496194825,0.959443671218,within-player,6,2011
1,"(0.3, 0.4]",349,0.34339340847,0.361031518625,0.914040114613,0.95114523457,within-player,6,2011
1,"(0.4, 0.6]",360,0.482094695641,0.444444444444,0.958333333333,1.08471306519,within-player,6,2011
1,"(0.6, 0.8]",188,0.692660498281,0.452127659574,0.867021276596,1.53200204326,within-player,6,2011
1,"(0.8, 1.0]",89,0.882101983835,0.505617977528,0.730337078652,1.74460170136,within-player,6,2011
1,"(1.0, inf]",350,1.7655023109,1.52285714286,0.908571428571,1.1593354762,within-player,6,2011
1,"(-0.001, 0.05]",761,0.0362918775082,0.0499342969777,0.515111695138,0.726792599573,within-player,7,2011
1,"(0.05, 0.1]",1329,0.07407379605,0.10158013544,0.641083521445,0.729215370004,within-player,7,2011
1,"(0.1, 0.15]",863,0.122616617852,0.146002317497,0.689455388181,0.839826517513,within-player,7,2011
1,"(0.15, 0.2]",534,0.172518339475,0.200374531835,0.722846441948,0.860979376444,within-player,7,2011
1,"(0.2, 0.3]",647,0.244546856725,0.248840803709,0.820710973725,0.982744200628,within-player,7,2011
1,"(0.3, 0.4]",344,0.34624465875,0.360465116279,0.904069767442,0.960549698467,within-player,7,2011
1,"(0.4, 0.6]",357,0.487891753449,0.442577030812,0.963585434174,1.102388329,within-player,7,2011
1,"(0.6, 0.8]",194,0.691480687963,0.484536082474,0.860824742268,1.42709844111,within-player,7,2011
1,"(0.8, 1.0]",87,0.885416271889,0.551724137931,0.747126436782,1.6048169928,within-player,7,2011
1,"(1.0, inf]",352,1.7616913162,1.49431818182,0.909090909091,1.17892650818,within-player,7,2011
1,"(-0.001, 0.05]",776,0.0364525647337,0.0567010309278,0.520618556701,0.642890687122,within-player,8,2011
1,"(0.05, 0.1]",1304,0.0750007096679,0.0989263803681,0.640337423313,0.758146708581,within-player,8,2011
1,"(0.1, 0.15]",851,0.121897125812,0.142185663925,0.674500587544,0.857309537736,within-player,8,2011
1,"(0.15, 0.2]",550,0.172855905021,0.189090909091,0.718181818182,0.9141418054,within-player,8,2011
1,"(0.2, 0.3]",672,0.246065894472,0.248511904762,0.83630952381,0.990157371768,within-player,8,2011
1,"(0.3, 0.4]",335,0.347513229543,0.35223880597,0.916417910448,0.986584168618,within-player,8,2011
1,"(0.4, 0.6]",351,0.490737499509,0.492877492877,0.968660968661,0.995658163744,within-player,8,2011
1,"(0.6, 0.8]",186,0.691885720306,0.440860215054,0.870967741935,1.56939931679,within-player,8,2011
1,"(0.8, 1.0]",88,0.892360367232,0.511363636364,0.681818181818,1.7450602737,within-player,8,2011
1,"(1.0, inf]",355,1.74985603216,1.50422535211,0.912676056338,1.16329380415,within-player,8,2011
1,"(-0.001, 0.05]",757,0.0362441795436,0.0528401585205,0.528401585205,0.685921097863,within-player,9,2011
1,"(0.05, 0.1]",1324,0.0739096385952,0.0981873111782,0.638972809668,0.752741242308,within-player,9,2011
1,"(0.1, 0.15]",864,0.122083658385,0.15162037037,0.671296296296,0.805192983547,within-player,9,2011
1,"(0.15, 0.2]",526,0.172714360443,0.205323193916,0.730038022814,0.841182903637,within-player,9,2011
1,"(0.2, 0.3]",687,0.245055642629,0.234352256186,0.825327510917,1.0456722142,within-player,9,2011
1,"(0.3, 0.4]",316,0.347617066889,0.363924050633,0.917721518987,0.955191244669,within-player,9,2011
1,"(0.4, 0.6]",358,0.484235531681,0.460893854749,0.966480446927,1.05064436571,within-player,9,2011
1,"(0.6, 0.8]",199,0.6912739237,0.422110552764,0.859296482412,1.63766084305,within-player,9,2011
1,"(0.8, 1.0]",89,0.891778944635,0.685393258427,0.719101123596,1.30112009955,within-player,9,2011
1,"(1.0, inf]",348,1.78514384077,1.5,0.905172413793,1.19009589385,within-player,9,2011
1,"(-0.001, 0.05]",754,0.0361731941788,0.0477453580902,0.51724137931,0.757627455857,within-player,10,2011
1,"(0.05, 0.1]",1312,0.0738342026389,0.102896341463,0.631859756098,0.717559065647,within-player,10,2011
1,"(0.1, 0.15]",879,0.121748936048,0.139931740614,0.695108077361,0.870059469808,within-player,10,2011
1,"(0.15, 0.2]",538,0.172778807299,0.189591078067,0.724907063197,0.911323513009,within-player,10,2011
1,"(0.2, 0.3]",650,0.243921380279,0.26,0.826153846154,0.938159154921,within-player,10,2011
1,"(0.3, 0.4]",360,0.345918696869,0.35,0.908333333333,0.988339133912,within-player,10,2011
1,"(0.4, 0.6]",348,0.487509202456,0.488505747126,0.965517241379,0.99796001444,within-player,10,2011
1,"(0.6, 0.8]",191,0.696258526185,0.465968586387,0.853403141361,1.49421773597,within-player,10,2011
1,"(0.8, 1.0]",90,0.893226745301,0.455555555556,0.733333333333,1.96074163603,within-player,10,2011
1,"(1.0, inf]",346,1.77226339705,1.52023121387,0.907514450867,1.16578542848,within-player,10,2011
1,"(-0.001, 0.05]",759,0.0363733352396,0.0553359683794,0.523056653491,0.657318129688,within-player,11,2011
1,"(0.05, 0.1]",1332,0.0741495246914,0.0983483483483,0.635135135135,0.753947838847,within-player,11,2011
1,"(0.1, 0.15]",840,0.122118263734,0.14880952381,0.680952380952,0.82063473229,within-player,11,2011
1,"(0.15, 0.2]",561,0.172655987919,0.19073083779,0.73440285205,0.90523373105,within-player,11,2011
1,"(0.2, 0.3]",647,0.244722871649,0.262751159196,0.831530139104,0.931386458571,within-player,11,2011
1,"(0.3, 0.4]",341,0.346955797625,0.313782991202,0.891495601173,1.10571894383,within-player,11,2011
1,"(0.4, 0.6]",359,0.488097264306,0.465181058496,0.977715877437,1.04926298135,within-player,11,2011
1,"(0.6, 0.8]",187,0.690816756889,0.502673796791,0.855614973262,1.37428439934,within-player,11,2011
1,"(0.8, 1.0]",88,0.89325019295,0.5,0.659090909091,1.7865003859,within-player,11,2011
1,"(1.0, inf]",354,1.76187659776,1.49717514124,0.918079096045,1.17680059549,within-player,11,2011
1,"(-0.001, 0.05]",771,0.0364819549297,0.0505836575875,0.533073929961,0.721220185919,within-player,12,2011
1,"(0.05, 0.1]",1307,0.0741323448163,0.100229533282,0.625095638868,0.739625760877,within-player,12,2011
1,"(0.1, 0.15]",869,0.121724765378,0.146144994246,0.684695051784,0.832904103253,within-player,12,2011
1,"(0.15, 0.2]",547,0.172877519081,0.210237659963,0.749542961609,0.822295677717,within-player,12,2011
1,"(0.2, 0.3]",661,0.245833485175,0.232980332829,0.821482602118,1.05516840065,within-player,12,2011
1,"(0.3, 0.4]",334,0.347662522398,0.368263473054,0.895209580838,0.944059207163,within-player,12,2011
1,"(0.4, 0.6]",355,0.487674622745,0.467605633803,0.980281690141,1.04291862093,within-player,12,2011
1,"(0.6, 0.8]",186,0.688169874596,0.483870967742,0.838709677419,1.42221774083,within-player,12,2011
1,"(0.8, 1.0]",84,0.889670237206,0.47619047619,0.75,1.86830749813,within-player,12,2011
1,"(1.0, inf]",354,1.75635447817,1.50282485876,0.906779661017,1.16870203999,within-player,12,2011
1,"(-0.001, 0.05]",767,0.0365520236117,0.0547588005215,0.525423728814,0.667509574051,within-player,13,2011
1,"(0.05, 0.1]",1321,0.0746546579176,0.101438304315,0.638152914459,0.735961217232,within-player,13,2011
1,"(0.1, 0.15]",847,0.122075768691,0.135773317591,0.684769775679,0.899114574618,within-player,13,2011
1,"(0.15, 0.2]",546,0.172604294019,0.20695970696,0.725274725275,0.833999509154,within-player,13,2011
1,"(0.2, 0.3]",648,0.243553100109,0.246913580247,0.808641975309,0.986390055443,within-player,13,2011
1,"(0.3, 0.4]",354,0.346589611076,0.324858757062,0.923728813559,1.06689323757,within-player,13,2011
1,"(0.4, 0.6]",358,0.491047872151,0.502793296089,0.969273743017,0.976639656834,within-player,13,2011
1,"(0.6, 0.8]",177,0.690078850446,0.412429378531,0.864406779661,1.67320488396,within-player,13,2011
1,"(0.8, 1.0]",101,0.88824686958,0.554455445545,0.693069306931,1.60201667549,within-player,13,2011
1,"(1.0, inf]",349,1.7608035125,1.51575931232,0.916905444126,1.1616643211,within-player,13,2011
1,"(-0.001, 0.05]",762,0.0363351861038,0.0577427821522,0.51968503937,0.629259359344,within-player,14,2011
1,"(0.05, 0.1]",1338,0.0745486441948,0.103886397608,0.632286995516,0.717597740523,within-player,14,2011
1,"(0.1, 0.15]",847,0.122831304557,0.125147579693,0.695395513577,0.981491650561,within-player,14,2011
1,"(0.15, 0.2]",536,0.173056393579,0.195895522388,0.72947761194,0.883411685319,within-player,14,2011
1,"(0.2, 0.3]",662,0.243420860917,0.274924471299,0.818731117825,0.885409944654,within-player,14,2011
1,"(0.3, 0.4]",337,0.346571483748,0.320474777448,0.913946587537,1.0814313891,within-player,14,2011
1,"(0.4, 0.6]",358,0.487010184875,0.472067039106,0.963687150838,1.03165471115,within-player,14,2011
1,"(0.6, 0.8]",192,0.689348701761,0.421875,0.848958333333,1.63401173751,within-player,14,2011
1,"(0.8, 1.0]",84,0.899856056815,0.690476190476,0.738095238095,1.30323980642,within-player,14,2011
1,"(1.0, inf]",352,1.74374822254,1.49147727273,0.911931818182,1.1691416654,within-player,14,2011
1,"(-0.001, 0.05]",755,0.0363427936544,0.0543046357616,0.511258278146,0.669239249001,within-player,15,2011
1,"(0.05, 0.1]",1331,0.0744072378737,0.102178812923,0.640120210368,0.728206129485,within-player,15,2011
1,"(0.1, 0.15]",845,0.122001210442,0.139644970414,0.685207100592,0.873652735794,within-player,15,2011
1,"(0.15, 0.2]",561,0.173356829172,0.20320855615,0.723707664884,0.8530980804,within-player,15,2011
1,"(0.2, 0.3]",661,0.245632448435,0.254160363086,0.830559757943,0.966446716758,within-player,15,2011
1,"(0.3, 0.4]",309,0.341930585232,0.326860841424,0.912621359223,1.04610446373,within-player,15,2011
1,"(0.4, 0.6]",372,0.486102652831,0.467741935484,0.962365591398,1.03925394743,within-player,15,2011
1,"(0.6, 0.8]",194,0.691837347521,0.438144329897,0.835051546392,1.57901700493,within-player,15,2011
1,"(0.8, 1.0]",91,0.891507018435,0.56043956044,0.802197802198,1.59072820936,within-player,15,2011
1,"(1.0, inf]",349,1.76019558304,1.51575931232,0.905444126074,1.16126324855,within-player,15,2011
1,"(-0.001, 0.05]",770,0.0364490522315,0.0558441558442,0.525974025974,0.652692330657,within-player,16,2011
1,"(0.05, 0.1]",1310,0.0741369404181,0.100763358779,0.632061068702,0.735752969301,within-player,16,2011
1,"(0.1, 0.15]",878,0.122398477908,0.150341685649,0.691343963554,0.814135330325,within-player,16,2011
1,"(0.15, 0.2]",532,0.172930267216,0.178571428571,0.734962406015,0.96840949641,within-player,16,2011
1,"(0.2, 0.3]",638,0.243380734403,0.253918495298,0.816614420063,0.958499435488,within-player,16,2011
1,"(0.3, 0.4]",355,0.346824860274,0.354929577465,0.912676056338,0.977165280932,within-player,16,2011
1,"(0.4, 0.6]",363,0.487642111308,0.484848484848,0.961432506887,1.00576185457,within-player,16,2011
1,"(0.6, 0.8]",172,0.691316583368,0.360465116279,0.848837209302,1.91784600547,within-player,16,2011
1,"(0.8, 1.0]",97,0.882440649142,0.59793814433,0.742268041237,1.47580591322,within-player,16,2011
1,"(1.0, inf]",353,1.74718603386,1.50424929178,0.906515580737,1.16150032006,within-player,16,2011
1,"(-0.001, 0.05]",753,0.0362190887905,0.0491367861886,0.517928286853,0.737107401601,within-player,17,2011
1,"(0.05, 0.1]",1324,0.0741936759808,0.101208459215,0.635196374622,0.733077813422,within-player,17,2011
1,"(0.1, 0.15]",878,0.121800435507,0.135535307517,0.683371298405,0.898662036763,within-player,17,2011
1,"(0.15, 0.2]",532,0.173280694155,0.221804511278,0.742481203008,0.781231604156,within-player,17,2011
1,"(0.2, 0.3]",657,0.244930482763,0.237442922374,0.818873668189,1.03153414856,within-player,17,2011
1,"(0.3, 0.4]",348,0.348446309245,0.376436781609,0.919540229885,0.925643630666,within-player,17,2011
1,"(0.4, 0.6]",335,0.487444260966,0.44776119403,0.961194029851,1.08862551616,within-player,17,2011
1,"(0.6, 0.8]",202,0.686393214302,0.450495049505,0.846534653465,1.5236420801,within-player,17,2011
1,"(0.8, 1.0]",92,0.888088491041,0.565217391304,0.79347826087,1.57123348415,within-player,17,2011
1,"(1.0, inf]",347,1.77223471915,1.52449567723,0.902017291066,1.16250557192,within-player,17,2011
1,"(-0.001, 0.05]",767,0.0362617617323,0.0534550195567,0.525423728814,0.678360274359,within-player,18,2011
1,"(0.05, 0.1]",1332,0.074267245913,0.102852852853,0.635135135135,0.722072785081,within-player,18,2011
1,"(0.1, 0.15]",832,0.122959861967,0.131009615385,0.691105769231,0.93855601061,within-player,18,2011
1,"(0.15, 0.2]",555,0.172587528359,0.205405405405,0.708108108108,0.840228756485,within-player,18,2011
1,"(0.2, 0.3]",656,0.244113977035,0.265243902439,0.835365853659,0.920337752499,within-player,18,2011
1,"(0.3, 0.4]",337,0.347530319406,0.347181008902,0.908011869436,1.00100613367,within-player,18,2011
1,"(0.4, 0.6]",370,0.48862641981,0.445945945946,0.962162162162,1.09570772927,within-player,18,2011
1,"(0.6, 0.8]",174,0.692921518416,0.48275862069,0.85632183908,1.435337431,within-player,18,2011
1,"(0.8, 1.0]",100,0.884772837132,0.5,0.75,1.76954567426,within-player,18,2011
1,"(1.0, inf]",345,1.77144304346,1.52463768116,0.904347826087,1.16187804181,within-player,18,2011
1,"(-0.001, 0.05]",760,0.0362034375192,0.0486842105263,0.509210526316,0.74363817607,within-player,19,2011
1,"(0.05, 0.1]",1326,0.0740628138233,0.104826546003,0.64479638009,0.706527274315,within-player,19,2011
1,"(0.1, 0.15]",858,0.12233194566,0.123543123543,0.677156177156,0.990196314872,within-player,19,2011
1,"(0.15, 0.2]",545,0.172294950232,0.222018348624,0.74495412844,0.77603923865,within-player,19,2011
1,"(0.2, 0.3]",651,0.244707264115,0.253456221198,0.814132104455,0.965481387509,within-player,19,2011
1,"(0.3, 0.4]",342,0.34703252309,0.342105263158,0.921052631579,1.0144027598,within-player,19,2011
1,"(0.4, 0.6]",350,0.489279720028,0.48,0.96,1.01933275006,within-player,19,2011
1,"(0.6, 0.8]",185,0.68511777076,0.459459459459,0.886486486486,1.49113867754,within-player,19,2011
1,"(0.8, 1.0]",101,0.88356102607,0.524752475248,0.70297029703,1.68376723836,within-player,19,2011
1,"(1.0, inf]",350,1.77180936942,1.50285714286,0.908571428571,1.17896060703,within-player,19,2011
1,"(-0.001, 0.05]",57,0.0435067467046,0.0526315789474,0.754385964912,0.826628187387,base-rate-only,-1,2012
1,"(0.05, 0.1]",446,0.0804643364949,0.0695067264574,0.735426008969,1.15764819602,base-rate-only,-1,2012
1,"(0.1, 0.15]",742,0.125943600714,0.0970350404313,0.738544474394,1.29791877403,base-rate-only,-1,2012
1,"(0.15, 0.2]",1061,0.176634775084,0.0838831291235,0.599434495759,2.10572467825,base-rate-only,-1,2012
1,"(0.2, 0.3]",956,0.244063700778,0.160041841004,0.758368200837,1.52499933296,base-rate-only,-1,2012
1,"(0.3, 0.4]",435,0.347548350493,0.32183908046,0.887356321839,1.07988237474,base-rate-only,-1,2012
1,"(0.4, 0.6]",535,0.485313115098,0.435514018692,0.932710280374,1.11434556471,base-rate-only,-1,2012
1,"(0.6, 0.8]",234,0.695189644168,0.384615384615,0.75641025641,1.80749307484,base-rate-only,-1,2012
1,"(0.8, 1.0]",345,0.913086037095,0.127536231884,0.179710144928,7.15942460904,base-rate-only,-1,2012
1,"(1.0, inf]",645,1.47149461856,1.01085271318,0.631007751938,1.45569636345,base-rate-only,-1,2012
1,"(0.05, 0.1]",5,0.0938424973719,0.2,0.8,0.46921248686,current-season-rate,-1,2012
1,"(0.1, 0.15]",241,0.130044847124,0.0954356846473,0.788381742739,1.36264383291,current-season-rate,-1,2012
1,"(0.15, 0.2]",665,0.175992920342,0.114285714286,0.792481203008,1.53993805299,current-season-rate,-1,2012
1,"(0.2, 0.3]",1499,0.249748520574,0.133422281521,0.74916611074,1.8718651617,current-season-rate,-1,2012
1,"(0.3, 0.4]",1386,0.344148756347,0.184704184704,0.663059163059,1.86324287616,current-season-rate,-1,2012
1,"(0.4, 0.6]",536,0.482013080348,0.401119402985,0.925373134328,1.20166981891,current-season-rate,-1,2012
1,"(0.6, 0.8]",73,0.657832104878,0.438356164384,0.986301369863,1.50067948925,current-season-rate,-1,2012
1,"(0.8, 1.0]",9,0.879123058335,0.333333333333,1,2.63736917501,current-season-rate,-1,2012
1,"(1.0, inf]",1042,1.4875005674,0.672744721689,0.452015355086,2.21109214156,current-season-rate,-1,2012
1,"(-0.001, 0.05]",2562,0,0.139344262295,0.576893052303,0,historical-rate,-1,2012
1,"(0.05, 0.1]",450,0.0746621854997,0.124444444444,0.8,0.599963990622,historical-rate,-1,2012
1,"(0.1, 0.15]",253,0.128285555025,0.102766798419,0.703557312253,1.24831713159,historical-rate,-1,2012
1,"(0.15, 0.2]",300,0.190600780238,0.21,0.806666666667,0.907622763039,historical-rate,-1,2012
1,"(0.2, 0.3]",273,0.253296104587,0.21978021978,0.868131868132,1.15249727587,historical-rate,-1,2012
1,"(0.3, 0.4]",385,0.352525914562,0.283116883117,0.885714285714,1.24516034042,historical-rate,-1,2012
1,"(0.4, 0.6]",468,0.497318811441,0.405982905983,0.884615384615,1.2249747566,historical-rate,-1,2012
1,"(0.6, 0.8]",168,0.688440634267,0.315476190476,0.672619047619,2.18222691617,historical-rate,-1,2012
1,"(0.8, 1.0]",149,0.969351230425,0.335570469799,0.590604026846,2.88866666667,historical-rate,-1,2012
1,"(1.0, inf]",448,1.66163122685,1.21205357143,0.803571428571,1.37092226451,historical-rate,-1,2012
1,"(-0.001, 0.05]",803,0.0374526644545,0.0498132004981,0.540473225405,0.751862238923,no-vegas,-1,2012
1,"(0.05, 0.1]",1376,0.0735438220186,0.0828488372093,0.609011627907,0.88768683419,no-vegas,-1,2012
1,"(0.1, 0.15]",892,0.121892898231,0.10201793722,0.622197309417,1.19481829915,no-vegas,-1,2012
1,"(0.15, 0.2]",549,0.173393589156,0.218579234973,0.628415300546,0.793275670391,no-vegas,-1,2012
1,"(0.2, 0.3]",516,0.245451738592,0.304263565891,0.848837209302,0.806707624926,no-vegas,-1,2012
1,"(0.3, 0.4]",359,0.346958777768,0.42061281337,0.941504178273,0.824888749794,no-vegas,-1,2012
1,"(0.4, 0.6]",403,0.483374605439,0.476426799007,0.957816377171,1.01458315621,no-vegas,-1,2012
1,"(0.6, 0.8]",114,0.674694196035,0.482456140351,0.991228070175,1.39845706087,no-vegas,-1,2012
1,"(0.8, 1.0]",41,0.895525358631,0.536585365854,0.707317073171,1.6689336229,no-vegas,-1,2012
1,"(1.0, inf]",403,1.6346730835,1.40198511166,0.831265508685,1.16597035867,no-vegas,-1,2012
1,"(-0.001, 0.05]",53,0.0436619653274,0.0566037735849,0.792452830189,0.771361387451,player-vegas,-1,2012
1,"(0.05, 0.1]",458,0.079496463377,0.0676855895197,0.759825327511,1.17449613634,player-vegas,-1,2012
1,"(0.1, 0.15]",805,0.126498416342,0.0931677018634,0.708074534161,1.35774966873,player-vegas,-1,2012
1,"(0.15, 0.2]",956,0.175498637346,0.092050209205,0.637029288703,1.90655337844,player-vegas,-1,2012
1,"(0.2, 0.3]",919,0.241736912834,0.153427638738,0.722524483134,1.5755760489,player-vegas,-1,2012
1,"(0.3, 0.4]",469,0.348310052355,0.304904051173,0.859275053305,1.14235954234,player-vegas,-1,2012
1,"(0.4, 0.6]",508,0.484207758956,0.413385826772,0.933070866142,1.17132162643,player-vegas,-1,2012
1,"(0.6, 0.8]",277,0.694404462191,0.425992779783,0.768953068592,1.63008505108,player-vegas,-1,2012
1,"(0.8, 1.0]",344,0.903452199888,0.188953488372,0.241279069767,4.7813470271,player-vegas,-1,2012
1,"(1.0, inf]",667,1.50061278663,0.949025487256,0.607196401799,1.5812144213,player-vegas,-1,2012
1,"(-0.001, 0.05]",805,0.0372704814936,0.296894409938,0.695652173913,0.125534466956,random,0,2012
1,"(0.05, 0.1]",1399,0.0731067693038,0.227305218013,0.745532523231,0.321623805836,random,0,2012
1,"(0.1, 0.15]",864,0.122852686119,0.256944444444,0.686342592593,0.478129373004,random,0,2012
1,"(0.15, 0.2]",514,0.172992693173,0.289883268482,0.626459143969,0.596766740208,random,0,2012
1,"(0.2, 0.3]",528,0.244057845804,0.24053030303,0.74053030303,1.01466568964,random,0,2012
1,"(0.3, 0.4]",336,0.346053629757,0.139880952381,0.738095238095,2.47391531061,random,0,2012
1,"(0.4, 0.6]",400,0.484150705767,0.1725,0.745,2.80667075807,random,0,2012
1,"(0.6, 0.8]",155,0.686532899084,0.232258064516,0.761290322581,2.95590553772,random,0,2012
1,"(0.8, 1.0]",78,0.89598873854,0.564102564103,0.692307692308,1.58834367287,random,0,2012
1,"(1.0, inf]",377,1.73869185895,0.679045092838,0.488063660477,2.5604954329,random,0,2012
1,"(-0.001, 0.05]",803,0.0373172144373,0.256537982565,0.6600249066,0.145464675695,random,1,2012
1,"(0.05, 0.1]",1399,0.0731047981748,0.189421015011,0.725518227305,0.38593816093,random,1,2012
1,"(0.1, 0.15]",868,0.12294872007,0.293778801843,0.715437788018,0.418507800081,random,1,2012
1,"(0.15, 0.2]",512,0.17283556549,0.33203125,0.662109375,0.520540056065,random,1,2012
1,"(0.2, 0.3]",532,0.243497950576,0.227443609023,0.708646616541,1.07058603063,random,1,2012
1,"(0.3, 0.4]",334,0.346162695752,0.230538922156,0.77245508982,1.50153688807,random,1,2012
1,"(0.4, 0.6]",398,0.483624504348,0.218592964824,0.793969849246,2.21244313483,random,1,2012
1,"(0.6, 0.8]",157,0.688072280664,0.222929936306,0.815286624204,3.08649565898,random,1,2012
1,"(0.8, 1.0]",73,0.893449893224,0.547945205479,0.630136986301,1.63054605513,random,1,2012
1,"(1.0, inf]",380,1.73313370738,0.660526315789,0.476315789474,2.62386776417,random,1,2012
1,"(-0.001, 0.05]",806,0.0373303749024,0.258064516129,0.705955334988,0.144655202747,random,2,2012
1,"(0.05, 0.1]",1393,0.0731621538267,0.198851399856,0.739411342426,0.367923755526,random,2,2012
1,"(0.1, 0.15]",870,0.122931889352,0.296551724138,0.665517241379,0.41453776642,random,2,2012
1,"(0.15, 0.2]",512,0.173013547702,0.376953125,0.654296875,0.4589789452,random,2,2012
1,"(0.2, 0.3]",535,0.243987954783,0.196261682243,0.738317757009,1.24317672199,random,2,2012
1,"(0.3, 0.4]",337,0.347024920062,0.207715133531,0.727002967359,1.67067711516,random,2,2012
1,"(0.4, 0.6]",398,0.484797833245,0.218592964824,0.811557788945,2.21781077737,random,2,2012
1,"(0.6, 0.8]",152,0.685880118614,0.236842105263,0.822368421053,2.89593827859,random,2,2012
1,"(0.8, 1.0]",74,0.894853528941,0.486486486486,0.527027027027,1.83942114282,random,2,2012
1,"(1.0, inf]",379,1.73474085025,0.625329815303,0.451187335092,2.77412144408,random,2,2012
1,"(-0.001, 0.05]",800,0.0371836459213,0.2775,0.68125,0.133995120437,random,3,2012
1,"(0.05, 0.1]",1399,0.0731798109006,0.199428162974,0.729807005004,0.366948227419,random,3,2012
1,"(0.1, 0.15]",874,0.122900686887,0.254004576659,0.703661327231,0.483852253779,random,3,2012
1,"(0.15, 0.2]",513,0.173157616621,0.341130604288,0.664717348928,0.507599184723,random,3,2012
1,"(0.2, 0.3]",529,0.243996966125,0.257088846881,0.735349716446,0.949076434412,random,3,2012
1,"(0.3, 0.4]",338,0.34723282158,0.215976331361,0.795857988166,1.60773553006,random,3,2012
1,"(0.4, 0.6]",392,0.484068346891,0.147959183673,0.727040816327,3.2716343445,random,3,2012
1,"(0.6, 0.8]",158,0.684786855762,0.183544303797,0.708860759494,3.73090769691,random,3,2012
1,"(0.8, 1.0]",74,0.897047629906,0.72972972973,0.756756756757,1.22928749283,random,3,2012
1,"(1.0, inf]",379,1.73581261998,0.683377308707,0.469656992084,2.5400501273,random,3,2012
1,"(-0.001, 0.05]",805,0.0373209762754,0.270807453416,0.711801242236,0.137813696797,random,4,2012
1,"(0.05, 0.1]",1394,0.0730826362337,0.200143472023,0.729555236729,0.365151236236,random,4,2012
1,"(0.1, 0.15]",877,0.123061036076,0.278221208666,0.686431014823,0.442313641963,random,4,2012
1,"(0.15, 0.2]",504,0.172954655286,0.311507936508,0.672619047619,0.555217492128,random,4,2012
1,"(0.2, 0.3]",528,0.243405035386,0.295454545455,0.75,0.823832427459,random,4,2012
1,"(0.3, 0.4]",342,0.346120232065,0.239766081871,0.74269005848,1.44357462642,random,4,2012
1,"(0.4, 0.6]",400,0.483938144151,0.185,0.735,2.61588186028,random,4,2012
1,"(0.6, 0.8]",153,0.688138159756,0.0915032679739,0.725490196078,7.52036703162,random,4,2012
1,"(0.8, 1.0]",73,0.896189375452,0.315068493151,0.630136986301,2.84442714817,random,4,2012
1,"(1.0, inf]",380,1.73407472667,0.684210526316,0.471052631579,2.5344169082,random,4,2012
1,"(-0.001, 0.05]",802,0.0372596265859,0.265586034913,0.703241895262,0.140292115126,random,5,2012
1,"(0.05, 0.1]",1404,0.0731735224739,0.208689458689,0.733618233618,0.350633534312,random,5,2012
1,"(0.1, 0.15]",869,0.123102817007,0.261219792865,0.696202531646,0.471261444842,random,5,2012
1,"(0.15, 0.2]",500,0.173029719228,0.35,0.664,0.494370626367,random,5,2012
1,"(0.2, 0.3]",542,0.243685318951,0.228782287823,0.710332103321,1.06514066832,random,5,2012
1,"(0.3, 0.4]",333,0.347231811888,0.192192192192,0.726726726727,1.80669052123,random,5,2012
1,"(0.4, 0.6]",394,0.48347557215,0.147208121827,0.776649746193,3.28429957633,random,5,2012
1,"(0.6, 0.8]",160,0.685247983469,0.24375,0.74375,2.81127377833,random,5,2012
1,"(0.8, 1.0]",73,0.896899318207,0.561643835616,0.58904109589,1.59691829827,random,5,2012
1,"(1.0, inf]",379,1.7349443709,0.720316622691,0.488126649077,2.40858577498,random,5,2012
1,"(-0.001, 0.05]",808,0.0374270469947,0.293316831683,0.69801980198,0.127599383847,random,6,2012
1,"(0.05, 0.1]",1397,0.0732428229063,0.228346456693,0.732283464567,0.320753052038,random,6,2012
1,"(0.1, 0.15]",865,0.122879470674,0.301734104046,0.71098265896,0.407244222733,random,6,2012
1,"(0.15, 0.2]",513,0.173098061022,0.282651072125,0.666666666667,0.612409002098,random,6,2012
1,"(0.2, 0.3]",533,0.243725211402,0.227016885553,0.722326454034,1.07359948494,random,6,2012
1,"(0.3, 0.4]",332,0.346840569878,0.156626506024,0.75,2.21444363845,random,6,2012
1,"(0.4, 0.6]",401,0.484706175017,0.139650872818,0.730673316708,3.47084243182,random,6,2012
1,"(0.6, 0.8]",153,0.686137864188,0.241830065359,0.764705882353,2.83727278975,random,6,2012
1,"(0.8, 1.0]",75,0.894775846491,0.52,0.693333333333,1.72072278171,random,6,2012
1,"(1.0, inf]",379,1.73592645689,0.633245382586,0.451187335092,2.74131719651,random,6,2012
1,"(-0.001, 0.05]",801,0.0372753198742,0.284644194757,0.700374531835,0.130954084295,random,7,2012
1,"(0.05, 0.1]",1402,0.073085462537,0.228958630528,0.734664764622,0.319208157249,random,7,2012
1,"(0.1, 0.15]",866,0.122874801992,0.259815242494,0.692840646651,0.47293146011,random,7,2012
1,"(0.15, 0.2]",513,0.173081634358,0.401559454191,0.666666666667,0.431023681678,random,7,2012
1,"(0.2, 0.3]",534,0.243644845959,0.213483146067,0.743445692884,1.14128375212,random,7,2012
1,"(0.3, 0.4]",336,0.347265822231,0.154761904762,0.75,2.24387146673,random,7,2012
1,"(0.4, 0.6]",394,0.484056419155,0.137055837563,0.708121827411,3.53181905828,random,7,2012
1,"(0.6, 0.8]",156,0.687542935594,0.217948717949,0.807692307692,3.15460876332,random,7,2012
1,"(0.8, 1.0]",75,0.893417608701,0.28,0.506666666667,3.19077717393,random,7,2012
1,"(1.0, inf]",379,1.73621835194,0.664907651715,0.490765171504,2.61121728328,random,7,2012
1,"(-0.001, 0.05]",800,0.0372440468617,0.2925,0.705,0.127330074741,random,8,2012
1,"(0.05, 0.1]",1409,0.0732061890972,0.251242015614,0.759403832505,0.291377176378,random,8,2012
1,"(0.1, 0.15]",862,0.123122345146,0.257540603248,0.694895591647,0.478069646469,random,8,2012
1,"(0.15, 0.2]",509,0.173011479958,0.318271119843,0.636542239686,0.543597798139,random,8,2012
1,"(0.2, 0.3]",536,0.243773357026,0.223880597015,0.753731343284,1.08885432805,random,8,2012
1,"(0.3, 0.4]",340,0.347889181449,0.179411764706,0.732352941176,1.93905445398,random,8,2012
1,"(0.4, 0.6]",392,0.485220836635,0.168367346939,0.706632653061,2.88191769638,random,8,2012
1,"(0.6, 0.8]",154,0.686799859873,0.194805194805,0.727272727273,3.52557261402,random,8,2012
1,"(0.8, 1.0]",74,0.891233560262,0.351351351351,0.554054054054,2.53658782536,random,8,2012
1,"(1.0, inf]",380,1.73470433802,0.610526315789,0.45,2.8413260709,random,8,2012
1,"(-0.001, 0.05]",799,0.037226385662,0.266583229036,0.668335419274,0.139642639173,random,9,2012
1,"(0.05, 0.1]",1402,0.0730897163816,0.21754636234,0.743223965763,0.335973056941,random,9,2012
1,"(0.1, 0.15]",868,0.122969401149,0.277649769585,0.690092165899,0.442893942727,random,9,2012
1,"(0.15, 0.2]",508,0.172505789475,0.326771653543,0.665354330709,0.527909283453,random,9,2012
1,"(0.2, 0.3]",541,0.243887735744,0.197781885397,0.724584103512,1.23311462652,random,9,2012
1,"(0.3, 0.4]",335,0.34763414237,0.2,0.731343283582,1.73817071185,random,9,2012
1,"(0.4, 0.6]",395,0.482816938213,0.232911392405,0.787341772152,2.0729640282,random,9,2012
1,"(0.6, 0.8]",156,0.689221694844,0.121794871795,0.705128205128,5.65887286293,random,9,2012
1,"(0.8, 1.0]",72,0.893809491904,0.444444444444,0.638888888889,2.01107135678,random,9,2012
1,"(1.0, inf]",380,1.73247401224,0.697368421053,0.510526315789,2.48430235718,random,9,2012
1,"(-0.001, 0.05]",802,0.0373161558205,0.295511221945,0.69825436409,0.12627661168,random,10,2012
1,"(0.05, 0.1]",1401,0.0731137818458,0.2005710207,0.735189150607,0.364528143651,random,10,2012
1,"(0.1, 0.15]",870,0.122972718989,0.277011494253,0.697701149425,0.443926412948,random,10,2012
1,"(0.15, 0.2]",505,0.172907014433,0.332673267327,0.651485148515,0.51975025172,random,10,2012
1,"(0.2, 0.3]",538,0.2438698897,0.21375464684,0.711895910781,1.14088696225,random,10,2012
1,"(0.3, 0.4]",337,0.346864510795,0.225519287834,0.759643916914,1.53807026497,random,10,2012
1,"(0.4, 0.6]",394,0.484094645582,0.175126903553,0.751269035533,2.76425058492,random,10,2012
1,"(0.6, 0.8]",155,0.688046378162,0.225806451613,0.774193548387,3.04706253186,random,10,2012
1,"(0.8, 1.0]",74,0.894729706549,0.5,0.621621621622,1.7894594131,random,10,2012
1,"(1.0, inf]",380,1.7338763142,0.652631578947,0.484210526316,2.65674596531,random,10,2012
1,"(-0.001, 0.05]",801,0.0372521502788,0.294631710362,0.710362047441,0.126436323616,random,11,2012
1,"(0.05, 0.1]",1400,0.0731678832525,0.193571428571,0.723571428571,0.377989064773,random,11,2012
1,"(0.1, 0.15]",871,0.122850862453,0.280137772675,0.693455797933,0.438537299987,random,11,2012
1,"(0.15, 0.2]",508,0.173291893876,0.320866141732,0.657480314961,0.54007535024,random,11,2012
1,"(0.2, 0.3]",538,0.243816311607,0.239776951673,0.756505576208,1.01684632283,random,11,2012
1,"(0.3, 0.4]",331,0.346584885801,0.202416918429,0.764350453172,1.71223279403,random,11,2012
1,"(0.4, 0.6]",397,0.482715622873,0.19395465995,0.765743073048,2.48880652313,random,11,2012
1,"(0.6, 0.8]",155,0.685958719085,0.18064516129,0.696774193548,3.79727148065,random,11,2012
1,"(0.8, 1.0]",76,0.894457327786,0.578947368421,0.552631578947,1.54497174799,random,11,2012
1,"(1.0, inf]",379,1.73441261586,0.654353562005,0.467018469657,2.6505741186,random,11,2012
1,"(-0.001, 0.05]",801,0.0372410653801,0.284644194757,0.701622971286,0.130833742849,random,12,2012
1,"(0.05, 0.1]",1404,0.0731666583718,0.20584045584,0.725783475783,0.3554532469,random,12,2012
1,"(0.1, 0.15]",868,0.123100952099,0.253456221198,0.69930875576,0.485689211007,random,12,2012
1,"(0.15, 0.2]",513,0.173333772028,0.37037037037,0.653021442495,0.468001184476,random,12,2012
1,"(0.2, 0.3]",518,0.243531527418,0.258687258687,0.776061776062,0.941412919422,random,12,2012
1,"(0.3, 0.4]",346,0.345475601056,0.167630057803,0.71098265896,2.06094065458,random,12,2012
1,"(0.4, 0.6]",399,0.484097387345,0.195488721805,0.749373433584,2.47634432757,random,12,2012
1,"(0.6, 0.8]",156,0.687146586075,0.288461538462,0.807692307692,2.38210816506,random,12,2012
1,"(0.8, 1.0]",71,0.896774230264,0.43661971831,0.619718309859,2.05390226931,random,12,2012
1,"(1.0, inf]",380,1.73366859656,0.615789473684,0.45,2.81535925938,random,12,2012
1,"(-0.001, 0.05]",803,0.0372836116814,0.252801992528,0.701120797011,0.14748147872,random,13,2012
1,"(0.05, 0.1]",1399,0.0731564193179,0.195854181558,0.708363116512,0.373524929291,random,13,2012
1,"(0.1, 0.15]",866,0.122792770727,0.275981524249,0.684757505774,0.444931127404,random,13,2012
1,"(0.15, 0.2]",513,0.173170185052,0.331384015595,0.664717348928,0.522566499597,random,13,2012
1,"(0.2, 0.3]",529,0.242833970233,0.274102079395,0.778827977316,0.885925312091,random,13,2012
1,"(0.3, 0.4]",339,0.347105399299,0.212389380531,0.752212389381,1.6342879217,random,13,2012
1,"(0.4, 0.6]",397,0.482863824588,0.158690176322,0.773299748111,3.04280854542,random,13,2012
1,"(0.6, 0.8]",155,0.684140561765,0.187096774194,0.722580645161,3.65661334737,random,13,2012
1,"(0.8, 1.0]",76,0.895586492121,0.552631578947,0.605263157895,1.62058508098,random,13,2012
1,"(1.0, inf]",379,1.73470131918,0.712401055409,0.503957783641,2.43500666655,random,13,2012
1,"(-0.001, 0.05]",797,0.0372206581358,0.281053952321,0.70765370138,0.132432430956,random,14,2012
1,"(0.05, 0.1]",1404,0.0729961793611,0.198005698006,0.710826210826,0.368656963392,random,14,2012
1,"(0.1, 0.15]",871,0.122773446449,0.289322617681,0.733639494834,0.424347904195,random,14,2012
1,"(0.15, 0.2]",510,0.173016745121,0.382352941176,0.690196078431,0.452505333394,random,14,2012
1,"(0.2, 0.3]",529,0.243501760747,0.264650283554,0.7202268431,0.920088795964,random,14,2012
1,"(0.3, 0.4]",335,0.34674299614,0.155223880597,0.731343283582,2.23382507129,random,14,2012
1,"(0.4, 0.6]",400,0.483337091755,0.175,0.7375,2.7619262386,random,14,2012
1,"(0.6, 0.8]",156,0.686686735223,0.185897435897,0.807692307692,3.69390105844,random,14,2012
1,"(0.8, 1.0]",75,0.894507750573,0.346666666667,0.666666666667,2.58031081896,random,14,2012
1,"(1.0, inf]",379,1.73430751886,0.635883905013,0.424802110818,2.72739647157,random,14,2012
1,"(-0.001, 0.05]",807,0.0373355671081,0.260223048327,0.681536555143,0.143475250744,random,15,2012
1,"(0.05, 0.1]",1404,0.0733589004987,0.20584045584,0.742165242165,0.35638718443,random,15,2012
1,"(0.1, 0.15]",861,0.123228885639,0.285714285714,0.709639953542,0.431301099736,random,15,2012
1,"(0.15, 0.2]",511,0.172934442744,0.409001956947,0.671232876712,0.422820575322,random,15,2012
1,"(0.2, 0.3]",527,0.244023615412,0.244781783681,0.700189753321,0.996902676917,random,15,2012
1,"(0.3, 0.4]",340,0.346546998406,0.229411764706,0.726470588235,1.51058948023,random,15,2012
1,"(0.4, 0.6]",398,0.484821605644,0.138190954774,0.773869346734,3.50834543721,random,15,2012
1,"(0.6, 0.8]",155,0.685550976112,0.2,0.787096774194,3.42775488056,random,15,2012
1,"(0.8, 1.0]",74,0.893257187563,0.5,0.608108108108,1.78651437513,random,15,2012
1,"(1.0, inf]",379,1.73330364785,0.588390501319,0.459102902375,2.94583893513,random,15,2012
1,"(-0.001, 0.05]",802,0.0372936765555,0.27680798005,0.716957605985,0.134727606295,random,16,2012
1,"(0.05, 0.1]",1401,0.0731030879198,0.209136331192,0.722341184868,0.34954752961,random,16,2012
1,"(0.1, 0.15]",863,0.122954230326,0.290845886443,0.692931633835,0.422747015025,random,16,2012
1,"(0.15, 0.2]",512,0.172779012114,0.353515625,0.669921875,0.488745050841,random,16,2012
1,"(0.2, 0.3]",538,0.24408563511,0.193308550186,0.700743494424,1.26267376624,random,16,2012
1,"(0.3, 0.4]",341,0.34788902004,0.161290322581,0.741935483871,2.15691192425,random,16,2012
1,"(0.4, 0.6]",387,0.482412902146,0.15503875969,0.798449612403,3.11156321884,random,16,2012
1,"(0.6, 0.8]",159,0.686884327771,0.201257861635,0.761006289308,3.41295650361,random,16,2012
1,"(0.8, 1.0]",76,0.897938333672,0.539473684211,0.618421052632,1.66447105754,random,16,2012
1,"(1.0, inf]",377,1.73725879294,0.710875331565,0.466843501326,2.44383046618,random,16,2012
1,"(-0.001, 0.05]",796,0.0371745142944,0.263819095477,0.701005025126,0.140909111325,random,17,2012
1,"(0.05, 0.1]",1405,0.0730752513497,0.209964412811,0.72384341637,0.348036366598,random,17,2012
1,"(0.1, 0.15]",864,0.12277877231,0.243055555556,0.689814814815,0.505146948934,random,17,2012
1,"(0.15, 0.2]",527,0.173164001718,0.322580645161,0.666034155598,0.536808405326,random,17,2012
1,"(0.2, 0.3]",520,0.2442364985,0.244230769231,0.75,1.00002345843,random,17,2012
1,"(0.3, 0.4]",343,0.346799563895,0.230320699708,0.755102040816,1.50572468881,random,17,2012
1,"(0.4, 0.6]",388,0.483644346727,0.211340206186,0.798969072165,2.28846349427,random,17,2012
1,"(0.6, 0.8]",159,0.684243028577,0.150943396226,0.679245283019,4.53311006433,random,17,2012
1,"(0.8, 1.0]",75,0.894402753574,0.426666666667,0.64,2.09625645369,random,17,2012
1,"(1.0, inf]",379,1.7339387607,0.733509234828,0.459102902375,2.36389492915,random,17,2012
1,"(-0.001, 0.05]",799,0.0372459824395,0.259073842303,0.670838548185,0.143765893571,random,18,2012
1,"(0.05, 0.1]",1408,0.0730519818865,0.213778409091,0.725852272727,0.341718240851,random,18,2012
1,"(0.1, 0.15]",861,0.123020685832,0.301974448316,0.743321718931,0.407387732696,random,18,2012
1,"(0.15, 0.2]",513,0.173210802625,0.284600389864,0.676413255361,0.608610559907,random,18,2012
1,"(0.2, 0.3]",534,0.244041255617,0.213483146067,0.728464419476,1.14314061842,random,18,2012
1,"(0.3, 0.4]",332,0.346362483611,0.213855421687,0.740963855422,1.61961048675,random,18,2012
1,"(0.4, 0.6]",400,0.482976726926,0.1625,0.75,2.97216447339,random,18,2012
1,"(0.6, 0.8]",154,0.684400775923,0.305194805195,0.701298701299,2.24250467005,random,18,2012
1,"(0.8, 1.0]",75,0.8938048364,0.306666666667,0.533333333333,2.91458098826,random,18,2012
1,"(1.0, inf]",380,1.73337155863,0.718421052632,0.481578947368,2.41275162008,random,18,2012
1,"(-0.001, 0.05]",800,0.0372907778527,0.3225,0.7075,0.115630318923,random,19,2012
1,"(0.05, 0.1]",1406,0.0731682719788,0.218349928876,0.738975817923,0.335096385675,random,19,2012
1,"(0.1, 0.15]",863,0.122874911805,0.269988412514,0.68134414832,0.455111797802,random,19,2012
1,"(0.15, 0.2]",511,0.173026402162,0.272015655577,0.624266144814,0.63608986694,random,19,2012
1,"(0.2, 0.3]",533,0.243552335486,0.27392120075,0.733583489681,0.889132841192,random,19,2012
1,"(0.3, 0.4]",340,0.347844184271,0.167647058824,0.726470588235,2.07486004653,random,19,2012
1,"(0.4, 0.6]",396,0.483883227656,0.161616161616,0.782828282828,2.99402747112,random,19,2012
1,"(0.6, 0.8]",153,0.687099498251,0.21568627451,0.830065359477,3.18564312826,random,19,2012
1,"(0.8, 1.0]",77,0.895998537713,0.597402597403,0.662337662338,1.49982363922,random,19,2012
1,"(1.0, inf]",377,1.73683427033,0.594164456233,0.458885941645,2.92315410676,random,19,2012
1,"(0.05, 0.1]",119,0.0901629182322,0.100840336134,0.806722689076,0.894115605803,regressed-rate,-1,2012
1,"(0.1, 0.15]",524,0.126155188566,0.0706106870229,0.753816793893,1.78663023807,regressed-rate,-1,2012
1,"(0.15, 0.2]",1375,0.183368605798,0.0894545454545,0.632,2.04985230058,regressed-rate,-1,2012
1,"(0.2, 0.3]",1271,0.247035663503,0.174665617624,0.752163650669,1.41433481222,regressed-rate,-1,2012
1,"(0.3, 0.4]",484,0.348846040894,0.25826446281,0.888429752066,1.35073187034,regressed-rate,-1,2012
1,"(0.4, 0.6]",487,0.476708975954,0.449691991786,0.932238193018,1.06007886434,regressed-rate,-1,2012
1,"(0.6, 0.8]",98,0.690878386823,0.510204081633,0.887755102041,1.35412163817,regressed-rate,-1,2012
1,"(0.8, 1.0]",408,0.90118848043,0.377450980392,0.335784313725,2.38756428581,regressed-rate,-1,2012
1,"(1.0, inf]",690,1.45318175147,0.81884057971,0.560869565217,1.77468213896,regressed-rate,-1,2012
1,"(-0.001, 0.05]",795,0.0372574845636,0.051572327044,0.539622641509,0.72243171288,shipped,-1,2012
1,"(0.05, 0.1]",1403,0.0730780073324,0.0812544547398,0.619387027798,0.899372318311,shipped,-1,2012
1,"(0.1, 0.15]",870,0.122940793522,0.111494252874,0.614942528736,1.10266484911,shipped,-1,2012
1,"(0.15, 0.2]",519,0.173167951422,0.206165703276,0.622350674374,0.839945484003,shipped,-1,2012
1,"(0.2, 0.3]",534,0.244693299774,0.295880149813,0.829588014981,0.827001405564,shipped,-1,2012
1,"(0.3, 0.4]",342,0.346939732142,0.438596491228,0.950292397661,0.791022589284,shipped,-1,2012
1,"(0.4, 0.6]",388,0.483675089753,0.451030927835,0.938144329897,1.07237677042,shipped,-1,2012
1,"(0.6, 0.8]",152,0.685724087033,0.506578947368,0.973684210526,1.35363715882,shipped,-1,2012
1,"(0.8, 1.0]",73,0.89538778076,0.452054794521,0.684931506849,1.98070630289,shipped,-1,2012
1,"(1.0, inf]",380,1.73402722364,1.46052631579,0.855263157895,1.18726188285,shipped,-1,2012
1,"(-0.001, 0.05]",1,0.0489690939691,0,0,,vegas-environment,-1,2012
1,"(0.05, 0.1]",582,0.0840407675188,0.0343642611684,0.283505154639,2.4455863348,vegas-environment,-1,2012
1,"(0.1, 0.15]",430,0.126792403814,0.0674418604651,0.602325581395,1.88002529794,vegas-environment,-1,2012
1,"(0.15, 0.2]",1463,0.173577533009,0.101161995899,0.695830485304,1.71583737022,vegas-environment,-1,2012
1,"(0.2, 0.3]",1240,0.253317430988,0.225806451613,0.675806451613,1.12183433723,vegas-environment,-1,2012
1,"(0.3, 0.4]",1136,0.338528757897,0.330105633803,0.909330985915,1.02551645059,vegas-environment,-1,2012
1,"(0.4, 0.6]",183,0.436033798062,0.415300546448,0.852459016393,1.04992348744,vegas-environment,-1,2012
1,"(0.8, 1.0]",1,0.979381879382,0,0,,vegas-environment,-1,2012
1,"(1.0, inf]",420,1.52455698719,1.37857142857,0.814285714286,1.10589626013,vegas-environment,-1,2012
1,"(-0.001, 0.05]",816,0.0376806340256,0.0526960784314,0.53431372549,0.715055752671,within-player,0,2012
1,"(0.05, 0.1]",1356,0.0733909348119,0.0818584070796,0.622418879056,0.896559527972,within-player,0,2012
1,"(0.1, 0.15]",905,0.123273292979,0.12817679558,0.645303867403,0.961744225397,within-player,0,2012
1,"(0.15, 0.2]",505,0.171514364392,0.166336633663,0.576237623762,1.03112802402,within-player,0,2012
1,"(0.2, 0.3]",542,0.244029204689,0.306273062731,0.819188191882,0.796770053865,within-player,0,2012
1,"(0.3, 0.4]",330,0.346616021679,0.436363636364,0.942424242424,0.794328383015,within-player,0,2012
1,"(0.4, 0.6]",387,0.48502010445,0.441860465116,0.956072351421,1.09767707849,within-player,0,2012
1,"(0.6, 0.8]",160,0.682570009413,0.56875,0.96875,1.20012309347,within-player,0,2012
1,"(0.8, 1.0]",61,0.899773730541,0.327868852459,0.639344262295,2.74430987815,within-player,0,2012
1,"(1.0, inf]",394,1.72348680781,1.42385786802,0.855329949239,1.21043458516,within-player,0,2012
1,"(-0.001, 0.05]",821,0.0374720392554,0.0523751522533,0.53227771011,0.715454516946,within-player,1,2012
1,"(0.05, 0.1]",1363,0.073655217541,0.0792369772561,0.618488628026,0.929556125078,within-player,1,2012
1,"(0.1, 0.15]",866,0.123250958083,0.139722863741,0.652424942263,0.882110162807,within-player,1,2012
1,"(0.15, 0.2]",550,0.172135389318,0.165454545455,0.58,1.04037872665,within-player,1,2012
1,"(0.2, 0.3]",532,0.244523041767,0.304511278195,0.838345864662,0.803001593951,within-player,1,2012
1,"(0.3, 0.4]",329,0.346760065511,0.419452887538,0.927051671733,0.82669609821,within-player,1,2012
1,"(0.4, 0.6]",384,0.482193120613,0.450520833333,0.963541666667,1.07030149315,within-player,1,2012
1,"(0.6, 0.8]",150,0.67861850734,0.526666666667,0.966666666667,1.28851615318,within-player,1,2012
1,"(0.8, 1.0]",76,0.886471302679,0.618421052632,0.631578947368,1.43344295752,within-player,1,2012
1,"(1.0, inf]",385,1.72522960123,1.41558441558,0.864935064935,1.21874017702,within-player,1,2012
1,"(-0.001, 0.05]",810,0.0373137254656,0.0493827160494,0.537037037037,0.755602940678,within-player,2,2012
1,"(0.05, 0.1]",1385,0.0730494290712,0.084476534296,0.619494584838,0.864730421057,within-player,2,2012
1,"(0.1, 0.15]",876,0.124177976104,0.119863013699,0.641552511416,1.03599911493,within-player,2,2012
1,"(0.15, 0.2]",521,0.172076511724,0.172744721689,0.585412667946,0.99613180676,within-player,2,2012
1,"(0.2, 0.3]",528,0.244830872836,0.316287878788,0.823863636364,0.774076053039,within-player,2,2012
1,"(0.3, 0.4]",337,0.343962940866,0.418397626113,0.940652818991,0.822095823205,within-player,2,2012
1,"(0.4, 0.6]",393,0.487993936921,0.4631043257,0.959287531807,1.05374514951,within-player,2,2012
1,"(0.6, 0.8]",153,0.686470100021,0.457516339869,0.947712418301,1.50042750433,within-player,2,2012
1,"(0.8, 1.0]",70,0.899120469556,0.571428571429,0.657142857143,1.57346082172,within-player,2,2012
1,"(1.0, inf]",383,1.74877882292,1.44908616188,0.864229765013,1.20681493546,within-player,2,2012
1,"(-0.001, 0.05]",796,0.0374472695327,0.0489949748744,0.530150753769,0.764308373027,within-player,3,2012
1,"(0.05, 0.1]",1398,0.0734792119147,0.0865522174535,0.631616595136,0.848958167411,within-player,3,2012
1,"(0.1, 0.15]",870,0.123194070572,0.122988505747,0.631034482759,1.00167141493,within-player,3,2012
1,"(0.15, 0.2]",543,0.17208054983,0.182320441989,0.581952117864,0.94383574301,within-player,3,2012
1,"(0.2, 0.3]",510,0.244717091608,0.305882352941,0.841176470588,0.80003664564,within-player,3,2012
1,"(0.3, 0.4]",333,0.345858270452,0.423423423423,0.90990990991,0.816814213195,within-player,3,2012
1,"(0.4, 0.6]",388,0.482545708866,0.448453608247,0.969072164948,1.07602146575,within-player,3,2012
1,"(0.6, 0.8]",163,0.687966773543,0.552147239264,0.963190184049,1.24598426764,within-player,3,2012
1,"(0.8, 1.0]",69,0.898975526899,0.492753623188,0.710144927536,1.82439151047,within-player,3,2012
1,"(1.0, inf]",386,1.73411536467,1.41450777202,0.847150259067,1.22594969004,within-player,3,2012
1,"(-0.001, 0.05]",819,0.0374729118434,0.047619047619,0.529914529915,0.786931148712,within-player,4,2012
1,"(0.05, 0.1]",1396,0.0737308169663,0.0909742120344,0.630372492837,0.810458429016,within-player,4,2012
1,"(0.1, 0.15]",871,0.124187465988,0.110218140069,0.62456946039,1.12674252996,within-player,4,2012
1,"(0.15, 0.2]",511,0.171305090526,0.183953033268,0.587084148728,0.931243630412,within-player,4,2012
1,"(0.2, 0.3]",527,0.244628891723,0.316888045541,0.842504743833,0.771972610408,within-player,4,2012
1,"(0.3, 0.4]",325,0.345957166449,0.403076923077,0.935384615385,0.858290680122,within-player,4,2012
1,"(0.4, 0.6]",403,0.485409376829,0.466501240695,0.957816377171,1.04053180246,within-player,4,2012
1,"(0.6, 0.8]",149,0.687718448647,0.510067114094,0.96644295302,1.34829011643,within-player,4,2012
1,"(0.8, 1.0]",75,0.903351874044,0.56,0.586666666667,1.61312834651,within-player,4,2012
1,"(1.0, inf]",380,1.7354258506,1.43947368421,0.871052631579,1.20559748305,within-player,4,2012
1,"(-0.001, 0.05]",782,0.0377297966396,0.0498721227621,0.531969309463,0.756530794159,within-player,5,2012
1,"(0.05, 0.1]",1402,0.0731142651149,0.0798858773181,0.619115549215,0.915233925814,within-player,5,2012
1,"(0.1, 0.15]",901,0.122855653082,0.123196448391,0.631520532741,0.997233724566,within-player,5,2012
1,"(0.15, 0.2]",494,0.172056305224,0.186234817814,0.599190283401,0.923867551965,within-player,5,2012
1,"(0.2, 0.3]",539,0.243356925374,0.311688311688,0.833024118738,0.780770135576,within-player,5,2012
1,"(0.3, 0.4]",351,0.346040113837,0.393162393162,0.923076923077,0.880145506932,within-player,5,2012
1,"(0.4, 0.6]",395,0.487320628455,0.491139240506,0.962025316456,0.992224990927,within-player,5,2012
1,"(0.6, 0.8]",136,0.686046417842,0.507352941176,0.970588235294,1.35220743227,within-player,5,2012
1,"(0.8, 1.0]",62,0.890294515891,0.41935483871,0.612903225806,2.12300999943,within-player,5,2012
1,"(1.0, inf]",394,1.70699824522,1.41624365482,0.860406091371,1.20529983623,within-player,5,2012
1,"(-0.001, 0.05]",821,0.0374945311173,0.0450669914738,0.540803897686,0.831973244521,within-player,6,2012
1,"(0.05, 0.1]",1369,0.073336313711,0.081811541271,0.616508400292,0.896405477414,within-player,6,2012
1,"(0.1, 0.15]",866,0.123208793873,0.122401847575,0.637413394919,1.006592599,within-player,6,2012
1,"(0.15, 0.2]",551,0.172066810105,0.186932849365,0.604355716878,0.920473906486,within-player,6,2012
1,"(0.2, 0.3]",519,0.24332172027,0.319845857418,0.830443159923,0.760746824217,within-player,6,2012
1,"(0.3, 0.4]",336,0.34605936014,0.428571428571,0.9375,0.807471840327,within-player,6,2012
1,"(0.4, 0.6]",392,0.486029907081,0.454081632653,0.956632653061,1.07035799762,within-player,6,2012
1,"(0.6, 0.8]",147,0.686964431567,0.517006802721,0.965986394558,1.32873383474,within-player,6,2012
1,"(0.8, 1.0]",66,0.892380848375,0.5,0.606060606061,1.78476169675,within-player,6,2012
1,"(1.0, inf]",389,1.70965775575,1.41902313625,0.86118251928,1.20481316483,within-player,6,2012
1,"(-0.001, 0.05]",780,0.0370940978501,0.05,0.524358974359,0.741881957002,within-player,7,2012
1,"(0.05, 0.1]",1413,0.073313356854,0.0842179759377,0.626326963907,0.870519102813,within-player,7,2012
1,"(0.1, 0.15]",860,0.12293338672,0.117441860465,0.639534883721,1.04675953049,within-player,7,2012
1,"(0.15, 0.2]",535,0.172285797411,0.177570093458,0.583177570093,0.970241069628,within-player,7,2012
1,"(0.2, 0.3]",526,0.243734006705,0.307984790875,0.830798479087,0.791383256339,within-player,7,2012
1,"(0.3, 0.4]",329,0.343459637348,0.446808510638,0.927051671733,0.768695378826,within-player,7,2012
1,"(0.4, 0.6]",403,0.484951380021,0.456575682382,0.957816377171,1.06214894646,within-player,7,2012
1,"(0.6, 0.8]",166,0.681079692458,0.487951807229,0.963855421687,1.39579294998,within-player,7,2012
1,"(0.8, 1.0]",62,0.903799048112,0.548387096774,0.629032258065,1.64810414656,within-player,7,2012
1,"(1.0, inf]",382,1.71372119399,1.42670157068,0.858638743455,1.20117705707,within-player,7,2012
1,"(-0.001, 0.05]",798,0.0374582735175,0.0513784461153,0.522556390977,0.729065908951,within-player,8,2012
1,"(0.05, 0.1]",1394,0.0737081047283,0.0832137733142,0.626972740316,0.885768086131,within-player,8,2012
1,"(0.1, 0.15]",858,0.123543069049,0.122377622378,0.630536130536,1.00952336423,within-player,8,2012
1,"(0.15, 0.2]",553,0.172410270236,0.19349005425,0.609403254973,0.891054948041,within-player,8,2012
1,"(0.2, 0.3]",533,0.245966414136,0.305816135084,0.84052532833,0.804295084259,within-player,8,2012
1,"(0.3, 0.4]",317,0.348787644867,0.422712933754,0.908517350158,0.82511704047,within-player,8,2012
1,"(0.4, 0.6]",396,0.485712101011,0.472222222222,0.967171717172,1.02856680214,within-player,8,2012
1,"(0.6, 0.8]",153,0.679081792942,0.457516339869,0.97385620915,1.484278776,within-player,8,2012
1,"(0.8, 1.0]",60,0.883358738403,0.416666666667,0.633333333333,2.12006097217,within-player,8,2012
1,"(1.0, inf]",394,1.71363330245,1.41878172589,0.852791878173,1.20782025253,within-player,8,2012
1,"(-0.001, 0.05]",798,0.0374947629429,0.0513784461153,0.521303258145,0.729776117767,within-player,9,2012
1,"(0.05, 0.1]",1402,0.0732688937536,0.0805991440799,0.630527817404,0.909053000377,within-player,9,2012
1,"(0.1, 0.15]",871,0.123792890281,0.134328358209,0.62456946039,0.921569294317,within-player,9,2012
1,"(0.15, 0.2]",514,0.172143519215,0.165369649805,0.5953307393,1.04096198678,within-player,9,2012
1,"(0.2, 0.3]",540,0.246442144712,0.327777777778,0.842592592593,0.751857390647,within-player,9,2012
1,"(0.3, 0.4]",332,0.346038706144,0.367469879518,0.927710843373,0.941679101967,within-player,9,2012
1,"(0.4, 0.6]",386,0.486356205174,0.492227979275,0.958549222798,0.988071027354,within-player,9,2012
1,"(0.6, 0.8]",158,0.685742007646,0.474683544304,0.96835443038,1.44462982944,within-player,9,2012
1,"(0.8, 1.0]",63,0.908124278618,0.444444444444,0.634920634921,2.04327962689,within-player,9,2012
1,"(1.0, inf]",392,1.72266116943,1.42602040816,0.854591836735,1.20801999716,within-player,9,2012
1,"(-0.001, 0.05]",810,0.0376353163277,0.0493827160494,0.532098765432,0.762115155636,within-player,10,2012
1,"(0.05, 0.1]",1386,0.0735874602819,0.0865800865801,0.621212121212,0.849935166256,within-player,10,2012
1,"(0.1, 0.15]",847,0.122768455317,0.120425029516,0.639905548996,1.01945962405,within-player,10,2012
1,"(0.15, 0.2]",554,0.172137278446,0.20036101083,0.611913357401,0.859135605938,within-player,10,2012
1,"(0.2, 0.3]",516,0.244256699065,0.298449612403,0.808139534884,0.818418550115,within-player,10,2012
1,"(0.3, 0.4]",338,0.345614862933,0.417159763314,0.937869822485,0.828495203343,within-player,10,2012
1,"(0.4, 0.6]",385,0.483843408583,0.436363636364,0.961038961039,1.10880781134,within-player,10,2012
1,"(0.6, 0.8]",163,0.675311493766,0.496932515337,0.944785276074,1.35896016647,within-player,10,2012
1,"(0.8, 1.0]",71,0.901737462587,0.56338028169,0.718309859155,1.60058399609,within-player,10,2012
1,"(1.0, inf]",386,1.71027917709,1.42487046632,0.852331606218,1.20030502247,within-player,10,2012
1,"(-0.001, 0.05]",806,0.0375572266214,0.0521091811414,0.539702233251,0.720741063259,within-player,11,2012
1,"(0.05, 0.1]",1382,0.0731579118638,0.0832127351664,0.615774240232,0.879167253877,within-player,11,2012
1,"(0.1, 0.15]",878,0.122984129294,0.135535307517,0.633257403189,0.90739550857,within-player,11,2012
1,"(0.15, 0.2]",534,0.171412143805,0.170411985019,0.621722846442,1.00586906365,within-player,11,2012
1,"(0.2, 0.3]",532,0.245504501229,0.293233082707,0.812030075188,0.837233299063,within-player,11,2012
1,"(0.3, 0.4]",314,0.348793869033,0.436305732484,0.933121019108,0.79942536406,within-player,11,2012
1,"(0.4, 0.6]",387,0.489013622459,0.454780361757,0.966408268734,1.07527427211,within-player,11,2012
1,"(0.6, 0.8]",164,0.676030876104,0.5,0.969512195122,1.35206175221,within-player,11,2012
1,"(0.8, 1.0]",64,0.904728521218,0.578125,0.6875,1.56493582049,within-player,11,2012
1,"(1.0, inf]",395,1.7190589318,1.39746835443,0.848101265823,1.23012369214,within-player,11,2012
1,"(-0.001, 0.05]",808,0.037457248516,0.049504950495,0.529702970297,0.756636420024,within-player,12,2012
1,"(0.05, 0.1]",1393,0.0738147701253,0.0804020100503,0.625987078248,0.918071203434,within-player,12,2012
1,"(0.1, 0.15]",862,0.123863315551,0.125290023202,0.626450116009,0.988612759302,within-player,12,2012
1,"(0.15, 0.2]",537,0.173021812401,0.191806331471,0.608938547486,0.902065177274,within-player,12,2012
1,"(0.2, 0.3]",525,0.246741478595,0.28,0.832380952381,0.881219566412,within-player,12,2012
1,"(0.3, 0.4]",327,0.349191293755,0.446483180428,0.932721712538,0.782092829164,within-player,12,2012
1,"(0.4, 0.6]",395,0.48654778859,0.46582278481,0.954430379747,1.04449117659,within-player,12,2012
1,"(0.6, 0.8]",155,0.679769356057,0.496774193548,0.961290322581,1.36836688557,within-player,12,2012
1,"(0.8, 1.0]",70,0.898619328907,0.471428571429,0.585714285714,1.90616221283,within-player,12,2012
1,"(1.0, inf]",384,1.70980444351,1.45052083333,0.872395833333,1.17875207596,within-player,12,2012
1,"(-0.001, 0.05]",802,0.0376035318012,0.0511221945137,0.532418952618,0.735561768404,within-player,13,2012
1,"(0.05, 0.1]",1403,0.0737474068185,0.0833927298646,0.622950819672,0.884338562105,within-player,13,2012
1,"(0.1, 0.15]",875,0.123261571608,0.122285714286,0.621714285714,1.00798014166,within-player,13,2012
1,"(0.15, 0.2]",510,0.17178565814,0.194117647059,0.607843137255,0.884956420719,within-player,13,2012
1,"(0.2, 0.3]",535,0.244776798989,0.300934579439,0.841121495327,0.813388741981,within-player,13,2012
1,"(0.3, 0.4]",335,0.34545714448,0.4,0.931343283582,0.863642861199,within-player,13,2012
1,"(0.4, 0.6]",385,0.48847770115,0.467532467532,0.950649350649,1.04479952746,within-player,13,2012
1,"(0.6, 0.8]",156,0.674742834052,0.512820512821,0.955128205128,1.3157485264,within-player,13,2012
1,"(0.8, 1.0]",62,0.913368890832,0.58064516129,0.741935483871,1.57302420088,within-player,13,2012
1,"(1.0, inf]",393,1.71562140405,1.40458015267,0.847328244275,1.22144784745,within-player,13,2012
1,"(-0.001, 0.05]",801,0.0377249715665,0.0524344569288,0.531835205993,0.71946910059,within-player,14,2012
1,"(0.05, 0.1]",1393,0.0737573170005,0.0789662598708,0.618090452261,0.934035841651,within-player,14,2012
1,"(0.1, 0.15]",880,0.123503399936,0.131818181818,0.627272727273,0.936922344343,within-player,14,2012
1,"(0.15, 0.2]",512,0.171729362299,0.177734375,0.60546875,0.966213554913,within-player,14,2012
1,"(0.2, 0.3]",538,0.244287514386,0.289962825279,0.836431226766,0.842478735511,within-player,14,2012
1,"(0.3, 0.4]",349,0.346430029742,0.444126074499,0.934097421203,0.780026325033,within-player,14,2012
1,"(0.4, 0.6]",371,0.48916897295,0.469002695418,0.970350404313,1.04299821244,within-player,14,2012
1,"(0.6, 0.8]",151,0.684587322676,0.476821192053,0.960264900662,1.43573174617,within-player,14,2012
1,"(0.8, 1.0]",74,0.890783427957,0.445945945946,0.662162162162,1.9975143536,within-player,14,2012
1,"(1.0, inf]",387,1.7248604822,1.44186046512,0.857881136951,1.1962742054,within-player,14,2012
1,"(-0.001, 0.05]",785,0.0370775114068,0.0509554140127,0.541401273885,0.727646161359,within-player,15,2012
1,"(0.05, 0.1]",1408,0.0733217884256,0.0830965909091,0.617897727273,0.882368188917,within-player,15,2012
1,"(0.1, 0.15]",856,0.122887716306,0.130841121495,0.640186915888,0.93921326034,within-player,15,2012
1,"(0.15, 0.2]",523,0.172087806134,0.17017208413,0.57361376673,1.0112575574,within-player,15,2012
1,"(0.2, 0.3]",546,0.244627163942,0.296703296703,0.82967032967,0.824484145136,within-player,15,2012
1,"(0.3, 0.4]",353,0.349288172324,0.382436260623,0.920679886686,0.913323887631,within-player,15,2012
1,"(0.4, 0.6]",365,0.487426583085,0.490410958904,0.972602739726,0.993914540928,within-player,15,2012
1,"(0.6, 0.8]",158,0.67510532926,0.506329113924,0.981012658228,1.33333302529,within-player,15,2012
1,"(0.8, 1.0]",71,0.892580611171,0.56338028169,0.69014084507,1.58433058483,within-player,15,2012
1,"(1.0, inf]",391,1.73072044322,1.41432225064,0.846547314578,1.22371011447,within-player,15,2012
1,"(-0.001, 0.05]",818,0.0376782635145,0.0488997555012,0.536674816626,0.770520488872,within-player,16,2012
1,"(0.05, 0.1]",1402,0.0740337387685,0.0912981455064,0.624108416548,0.810900794949,within-player,16,2012
1,"(0.1, 0.15]",836,0.123784117331,0.114832535885,0.614832535885,1.07795335509,within-player,16,2012
1,"(0.15, 0.2]",533,0.171727296311,0.181988742964,0.59287054409,0.94361493746,within-player,16,2012
1,"(0.2, 0.3]",541,0.245597787512,0.317929759704,0.857670979667,0.772490715373,within-player,16,2012
1,"(0.3, 0.4]",339,0.346074782179,0.383480825959,0.923303834808,0.902456547374,within-player,16,2012
1,"(0.4, 0.6]",385,0.485784656217,0.47012987013,0.966233766234,1.03329885439,within-player,16,2012
1,"(0.6, 0.8]",146,0.680997364206,0.534246575342,0.979452054795,1.27468737403,within-player,16,2012
1,"(0.8, 1.0]",69,0.886929886845,0.492753623188,0.623188405797,1.79994594683,within-player,16,2012
1,"(1.0, inf]",387,1.71864880583,1.42377260982,0.857881136951,1.20710905237,within-player,16,2012
1,"(-0.001, 0.05]",785,0.0375477092344,0.0573248407643,0.535031847134,0.654998927755,within-player,17,2012
1,"(0.05, 0.1]",1400,0.0731896453054,0.0757142857143,0.619285714286,0.966655692713,within-player,17,2012
1,"(0.1, 0.15]",872,0.123074796633,0.13876146789,0.63876146789,0.886952253423,within-player,17,2012
1,"(0.15, 0.2]",538,0.171456943488,0.171003717472,0.585501858736,1.00265038692,within-player,17,2012
1,"(0.2, 0.3]",542,0.245242700216,0.291512915129,0.835793357934,0.84127559188,within-player,17,2012
1,"(0.3, 0.4]",312,0.347506483045,0.432692307692,0.939102564103,0.803126094148,within-player,17,2012
1,"(0.4, 0.6]",399,0.484551014145,0.466165413534,0.959899749373,1.03944007873,within-player,17,2012
1,"(0.6, 0.8]",151,0.682037598604,0.503311258278,0.973509933775,1.35510101828,within-player,17,2012
1,"(0.8, 1.0]",67,0.893008631328,0.55223880597,0.65671641791,1.61706968376,within-player,17,2012
1,"(1.0, inf]",390,1.70954719313,1.41282051282,0.851282051282,1.21002432908,within-player,17,2012
1,"(-0.001, 0.05]",807,0.0375011641209,0.0545229244114,0.534076827757,0.687805441945,within-player,18,2012
1,"(0.05, 0.1]",1385,0.0731049548506,0.0815884476534,0.62238267148,0.896020906797,within-player,18,2012
1,"(0.1, 0.15]",878,0.123428257655,0.127562642369,0.628701594533,0.967589376975,within-player,18,2012
1,"(0.15, 0.2]",539,0.172318634528,0.185528756957,0.60853432282,0.928797440108,within-player,18,2012
1,"(0.2, 0.3]",514,0.244538583508,0.305447470817,0.832684824903,0.800591286133,within-player,18,2012
1,"(0.3, 0.4]",346,0.348296427332,0.433526011561,0.936416184971,0.803403759046,within-player,18,2012
1,"(0.4, 0.6]",393,0.48762926267,0.440203562341,0.954198473282,1.10773583948,within-player,18,2012
1,"(0.6, 0.8]",147,0.680556689334,0.489795918367,0.959183673469,1.38946990739,within-player,18,2012
1,"(0.8, 1.0]",65,0.898882029946,0.507692307692,0.6,1.7705252105,within-player,18,2012
1,"(1.0, inf]",382,1.74289956521,1.44764397906,0.866492146597,1.20395593836,within-player,18,2012
1,"(-0.001, 0.05]",798,0.0374464010353,0.0563909774436,0.541353383459,0.664049511694,within-player,19,2012
1,"(0.05, 0.1]",1382,0.0729950219338,0.0767004341534,0.612156295224,0.951689814268,within-player,19,2012
1,"(0.1, 0.15]",893,0.122857421163,0.128779395297,0.633818589026,0.954014583465,within-player,19,2012
1,"(0.15, 0.2]",520,0.172100512593,0.163461538462,0.586538461538,1.05285019468,within-player,19,2012
1,"(0.2, 0.3]",524,0.244205863592,0.312977099237,0.858778625954,0.780267515378,within-player,19,2012
1,"(0.3, 0.4]",339,0.347330129063,0.430678466077,0.929203539823,0.806472012003,within-player,19,2012
1,"(0.4, 0.6]",379,0.486005136629,0.448548812665,0.952506596306,1.08350556931,within-player,19,2012
1,"(0.6, 0.8]",157,0.677935381253,0.566878980892,0.955414012739,1.19590848154,within-player,19,2012
1,"(0.8, 1.0]",82,0.890234424401,0.548780487805,0.719512195122,1.62220495113,within-player,19,2012
1,"(1.0, inf]",382,1.73499072021,1.41884816754,0.856020942408,1.22281633786,within-player,19,2012
1,"(-0.001, 0.05]",17,0.0451317280692,0.0588235294118,0.882352941176,0.767239377176,base-rate-only,-1,2013
1,"(0.05, 0.1]",410,0.0807815569355,0.0731707317073,0.663414634146,1.10401461145,base-rate-only,-1,2013
1,"(0.1, 0.15]",694,0.125791941025,0.100864553314,0.710374639769,1.24713724388,base-rate-only,-1,2013
1,"(0.15, 0.2]",855,0.174890169172,0.115789473684,0.636257309942,1.51041509739,base-rate-only,-1,2013
1,"(0.2, 0.3]",1255,0.243749691992,0.169721115538,0.732270916335,1.43617776268,base-rate-only,-1,2013
1,"(0.3, 0.4]",569,0.344081498873,0.314586994728,0.92618629174,1.09375627295,base-rate-only,-1,2013
1,"(0.4, 0.6]",488,0.483786137575,0.428278688525,0.952868852459,1.12960590974,base-rate-only,-1,2013
1,"(0.6, 0.8]",266,0.698677319158,0.496240601504,0.733082706767,1.4079406583,base-rate-only,-1,2013
1,"(0.8, 1.0]",367,0.895302513972,0.171662125341,0.237057220708,5.21549242266,base-rate-only,-1,2013
1,"(1.0, inf]",638,1.49573256383,1.065830721,0.656739811912,1.40334908195,base-rate-only,-1,2013
1,"(0.05, 0.1]",9,0.0989033082775,0,0.444444444444,,current-season-rate,-1,2013
1,"(0.1, 0.15]",270,0.133197231061,0.0888888888889,0.707407407407,1.49846884943,current-season-rate,-1,2013
1,"(0.15, 0.2]",532,0.178907855848,0.112781954887,0.766917293233,1.58631632185,current-season-rate,-1,2013
1,"(0.2, 0.3]",1663,0.255700817631,0.162958508719,0.722790138304,1.56911608753,current-season-rate,-1,2013
1,"(0.3, 0.4]",1126,0.345015833966,0.205150976909,0.773534635879,1.68176549371,current-season-rate,-1,2013
1,"(0.4, 0.6]",747,0.46616502966,0.352074966533,0.827309236948,1.32405048348,current-season-rate,-1,2013
1,"(0.6, 0.8]",157,0.681764428964,0.541401273885,0.929936305732,1.25925900409,current-season-rate,-1,2013
1,"(0.8, 1.0]",25,0.864604209553,0.72,0.88,1.20083917993,current-season-rate,-1,2013
1,"(1.0, inf]",1030,1.490214717,0.702912621359,0.460194174757,2.12005684877,current-season-rate,-1,2013
1,"(-0.001, 0.05]",2583,0,0.120015485869,0.529616724739,0,historical-rate,-1,2013
1,"(0.05, 0.1]",355,0.0751327416715,0.160563380282,0.805633802817,0.467931987603,historical-rate,-1,2013
1,"(0.1, 0.15]",216,0.126787805816,0.171296296296,0.805555555556,0.740166650167,historical-rate,-1,2013
1,"(0.15, 0.2]",361,0.17985601483,0.243767313019,0.880886426593,0.737818424473,historical-rate,-1,2013
1,"(0.2, 0.3]",468,0.254871755292,0.209401709402,0.876068376068,1.21714266813,historical-rate,-1,2013
1,"(0.3, 0.4]",444,0.351892216736,0.369369369369,0.914414414414,0.952683806285,historical-rate,-1,2013
1,"(0.4, 0.6]",361,0.502640871748,0.385041551247,0.941828254848,1.30541981799,historical-rate,-1,2013
1,"(0.6, 0.8]",210,0.690421085528,0.528571428571,0.880952380952,1.3062020537,historical-rate,-1,2013
1,"(0.8, 1.0]",186,0.907907706093,0.586021505376,0.682795698925,1.54927370031,historical-rate,-1,2013
1,"(1.0, inf]",375,1.74504854701,1.50133333333,0.858666666667,1.16233251355,historical-rate,-1,2013
1,"(-0.001, 0.05]",748,0.0389835560694,0.0494652406417,0.483957219251,0.788099998376,no-vegas,-1,2013
1,"(0.05, 0.1]",1318,0.0729746126771,0.0887708649469,0.583459787557,0.822055893235,no-vegas,-1,2013
1,"(0.1, 0.15]",935,0.123109259746,0.132620320856,0.613903743316,0.92828353115,no-vegas,-1,2013
1,"(0.15, 0.2]",554,0.172564399619,0.270758122744,0.709386281588,0.63733784926,no-vegas,-1,2013
1,"(0.2, 0.3]",639,0.244968865909,0.292644757433,0.862284820031,0.837086124685,no-vegas,-1,2013
1,"(0.3, 0.4]",384,0.345702495335,0.369791666667,0.955729166667,0.934857452174,no-vegas,-1,2013
1,"(0.4, 0.6]",357,0.483584591686,0.436974789916,0.949579831933,1.10666473867,no-vegas,-1,2013
1,"(0.6, 0.8]",169,0.683699370483,0.698224852071,0.988165680473,0.979196556031,no-vegas,-1,2013
1,"(0.8, 1.0]",71,0.89714402691,0.718309859155,0.943661971831,1.24896521393,no-vegas,-1,2013
1,"(1.0, inf]",384,1.67869471498,1.546875,0.903645833333,1.08521678544,no-vegas,-1,2013
1,"(-0.001, 0.05]",24,0.0449633501785,0.0416666666667,0.833333333333,1.07912040428,player-vegas,-1,2013
1,"(0.05, 0.1]",428,0.0793528579867,0.0700934579439,0.668224299065,1.13210077394,player-vegas,-1,2013
1,"(0.1, 0.15]",683,0.125915069277,0.0937042459736,0.714494875549,1.34374987994,player-vegas,-1,2013
1,"(0.15, 0.2]",839,0.17452032979,0.122765196663,0.655542312277,1.42157822033,player-vegas,-1,2013
1,"(0.2, 0.3]",1210,0.243586262036,0.176859504132,0.723966942149,1.37728680871,player-vegas,-1,2013
1,"(0.3, 0.4]",584,0.346303376564,0.304794520548,0.89897260274,1.13618635906,player-vegas,-1,2013
1,"(0.4, 0.6]",458,0.482670566327,0.397379912664,0.951965065502,1.21463252405,player-vegas,-1,2013
1,"(0.6, 0.8]",308,0.692582359425,0.435064935065,0.655844155844,1.59190572166,player-vegas,-1,2013
1,"(0.8, 1.0]",353,0.897646886193,0.325779036827,0.405099150142,2.75538565936,player-vegas,-1,2013
1,"(1.0, inf]",672,1.54171424273,0.974702380952,0.610119047619,1.58172820018,player-vegas,-1,2013
1,"(-0.001, 0.05]",746,0.0381651126299,0.297587131367,0.690348525469,0.12824853163,random,0,2013
1,"(0.05, 0.1]",1310,0.0730412829571,0.238167938931,0.748091603053,0.30667974575,random,0,2013
1,"(0.1, 0.15]",924,0.123499020789,0.319264069264,0.728354978355,0.386824051556,random,0,2013
1,"(0.15, 0.2]",583,0.172735964545,0.367066895369,0.692967409949,0.470584426774,random,0,2013
1,"(0.2, 0.3]",637,0.246977065777,0.233908948195,0.706436420722,1.0558683953,random,0,2013
1,"(0.3, 0.4]",348,0.348090563696,0.204022988506,0.770114942529,1.70613403051,random,0,2013
1,"(0.4, 0.6]",352,0.484263374163,0.184659090909,0.732954545455,2.62247242623,random,0,2013
1,"(0.6, 0.8]",182,0.699994918141,0.313186813187,0.708791208791,2.23507149301,random,0,2013
1,"(0.8, 1.0]",102,0.89745224308,0.421568627451,0.735294117647,2.12884020451,random,0,2013
1,"(1.0, inf]",375,1.79144154746,0.661333333333,0.490666666667,2.70883298507,random,0,2013
1,"(-0.001, 0.05]",743,0.0381625788493,0.236877523553,0.63930013459,0.161106795938,random,1,2013
1,"(0.05, 0.1]",1320,0.0731157306742,0.220454545455,0.731818181818,0.331658984501,random,1,2013
1,"(0.1, 0.15]",914,0.12368004775,0.355579868709,0.745076586433,0.347826349672,random,1,2013
1,"(0.15, 0.2]",589,0.172452636187,0.308998302207,0.682512733447,0.558102212716,random,1,2013
1,"(0.2, 0.3]",630,0.246642562611,0.247619047619,0.728571428571,0.996056502851,random,1,2013
1,"(0.3, 0.4]",355,0.348592190898,0.253521126761,0.785915492958,1.37500253076,random,1,2013
1,"(0.4, 0.6]",349,0.48430293494,0.283667621777,0.822349570201,1.70729014438,random,1,2013
1,"(0.6, 0.8]",178,0.699620229063,0.320224719101,0.741573033708,2.18477896093,random,1,2013
1,"(0.8, 1.0]",106,0.897228679779,0.471698113208,0.754716981132,1.90212480113,random,1,2013
1,"(1.0, inf]",375,1.78881903208,0.666666666667,0.466666666667,2.68322854811,random,1,2013
1,"(-0.001, 0.05]",742,0.0380503911686,0.301886792453,0.685983827493,0.126041920746,random,2,2013
1,"(0.05, 0.1]",1312,0.0730290257606,0.247713414634,0.756859756098,0.294812559378,random,2,2013
1,"(0.1, 0.15]",928,0.123502254004,0.279094827586,0.706896551724,0.442510006623,random,2,2013
1,"(0.15, 0.2]",583,0.1726115197,0.320754716981,0.665523156089,0.538141796713,random,2,2013
1,"(0.2, 0.3]",627,0.245844428725,0.304625199362,0.738437001595,0.807039040894,random,2,2013
1,"(0.3, 0.4]",357,0.348650617808,0.190476190476,0.736694677871,1.83041574349,random,2,2013
1,"(0.4, 0.6]",350,0.484622304441,0.262857142857,0.785714285714,1.84367181037,random,2,2013
1,"(0.6, 0.8]",181,0.698985461988,0.232044198895,0.723756906077,3.01229449095,random,2,2013
1,"(0.8, 1.0]",105,0.897966541621,0.27619047619,0.647619047619,3.25125816794,random,2,2013
1,"(1.0, inf]",374,1.79451136109,0.692513368984,0.508021390374,2.59130211987,random,2,2013
1,"(-0.001, 0.05]",746,0.0382414254866,0.29490616622,0.702412868633,0.129673197332,random,3,2013
1,"(0.05, 0.1]",1311,0.073078269862,0.232646834477,0.729977116705,0.314116759964,random,3,2013
1,"(0.1, 0.15]",920,0.123189658448,0.30652173913,0.715217391304,0.401895339619,random,3,2013
1,"(0.15, 0.2]",590,0.172917622985,0.327118644068,0.706779661017,0.528608277519,random,3,2013
1,"(0.2, 0.3]",627,0.24634790232,0.287081339713,0.728867623604,0.858111859749,random,3,2013
1,"(0.3, 0.4]",356,0.347866558975,0.280898876404,0.806179775281,1.23840494995,random,3,2013
1,"(0.4, 0.6]",348,0.484090422321,0.189655172414,0.744252873563,2.55247677224,random,3,2013
1,"(0.6, 0.8]",179,0.697828436348,0.324022346369,0.715083798883,2.15364293287,random,3,2013
1,"(0.8, 1.0]",108,0.89418704188,0.37037037037,0.685185185185,2.41430501308,random,3,2013
1,"(1.0, inf]",374,1.79302526566,0.620320855615,0.467914438503,2.89048038515,random,3,2013
1,"(-0.001, 0.05]",742,0.0380399199166,0.327493261456,0.688679245283,0.116154817194,random,4,2013
1,"(0.05, 0.1]",1319,0.0731252826027,0.256254738438,0.741470811221,0.285361679743,random,4,2013
1,"(0.1, 0.15]",919,0.123709733188,0.262241566921,0.717083786725,0.471739604979,random,4,2013
1,"(0.15, 0.2]",588,0.172865308289,0.294217687075,0.680272108844,0.587542203897,random,4,2013
1,"(0.2, 0.3]",626,0.245980052826,0.289137380192,0.757188498403,0.850737641264,random,4,2013
1,"(0.3, 0.4]",353,0.348157142528,0.198300283286,0.753541076487,1.75570673303,random,4,2013
1,"(0.4, 0.6]",353,0.483913148574,0.232294617564,0.773371104816,2.08318709081,random,4,2013
1,"(0.6, 0.8]",179,0.700907899379,0.324022346369,0.731843575419,2.16314679291,random,4,2013
1,"(0.8, 1.0]",106,0.897671532611,0.481132075472,0.679245283019,1.86574867562,random,4,2013
1,"(1.0, inf]",374,1.79388569372,0.639037433155,0.459893048128,2.80716840775,random,4,2013
1,"(-0.001, 0.05]",745,0.0381671374072,0.264429530201,0.68322147651,0.144337651616,random,5,2013
1,"(0.05, 0.1]",1320,0.0731949497599,0.244696969697,0.75303030303,0.299124872084,random,5,2013
1,"(0.1, 0.15]",915,0.123664564085,0.268852459016,0.711475409836,0.459971854218,random,5,2013
1,"(0.15, 0.2]",580,0.172434583647,0.313793103448,0.687931034483,0.549516805027,random,5,2013
1,"(0.2, 0.3]",635,0.246277113323,0.289763779528,0.722834645669,0.849923733477,random,5,2013
1,"(0.3, 0.4]",355,0.348263649959,0.225352112676,0.729577464789,1.54541994669,random,5,2013
1,"(0.4, 0.6]",349,0.484436133859,0.234957020057,0.733524355301,2.06180744776,random,5,2013
1,"(0.6, 0.8]",178,0.69984324972,0.337078651685,0.76404494382,2.07620164084,random,5,2013
1,"(0.8, 1.0]",109,0.897106443321,0.293577981651,0.669724770642,3.05576882256,random,5,2013
1,"(1.0, inf]",373,1.79380622383,0.777479892761,0.536193029491,2.30720593616,random,5,2013
1,"(-0.001, 0.05]",743,0.0381612037794,0.300134589502,0.691790040377,0.12714697044,random,6,2013
1,"(0.05, 0.1]",1315,0.0729488807146,0.243346007605,0.737642585551,0.299774306686,random,6,2013
1,"(0.1, 0.15]",923,0.123617428165,0.294691224269,0.743228602384,0.419481199251,random,6,2013
1,"(0.15, 0.2]",585,0.172713063613,0.307692307692,0.654700854701,0.561317456741,random,6,2013
1,"(0.2, 0.3]",625,0.246435880818,0.2608,0.728,0.944922855899,random,6,2013
1,"(0.3, 0.4]",356,0.34844913663,0.22191011236,0.752808988764,1.57022648912,random,6,2013
1,"(0.4, 0.6]",351,0.483325472417,0.19943019943,0.754985754986,2.42353201169,random,6,2013
1,"(0.6, 0.8]",185,0.698166099408,0.416216216216,0.778378378378,1.67741205702,random,6,2013
1,"(0.8, 1.0]",103,0.900625574258,0.466019417476,0.68932038835,1.9325923781,random,6,2013
1,"(1.0, inf]",373,1.79411620928,0.654155495979,0.482573726542,2.74264486091,random,6,2013
1,"(-0.001, 0.05]",742,0.0380435308487,0.327493261456,0.675202156334,0.116165843168,random,7,2013
1,"(0.05, 0.1]",1321,0.0732482315887,0.234670704012,0.739591218774,0.312131980415,random,7,2013
1,"(0.1, 0.15]",910,0.123305360847,0.296703296703,0.712087912088,0.415584734707,random,7,2013
1,"(0.15, 0.2]",592,0.172575766085,0.371621621622,0.695945945946,0.46438569783,random,7,2013
1,"(0.2, 0.3]",630,0.246501185523,0.253968253968,0.749206349206,0.970598417996,random,7,2013
1,"(0.3, 0.4]",356,0.348702040687,0.216292134831,0.76404494382,1.61218086343,random,7,2013
1,"(0.4, 0.6]",348,0.482114280107,0.201149425287,0.718390804598,2.39679670682,random,7,2013
1,"(0.6, 0.8]",180,0.700827353961,0.238888888889,0.816666666667,2.9336959003,random,7,2013
1,"(0.8, 1.0]",106,0.900002288155,0.367924528302,0.72641509434,2.44616006524,random,7,2013
1,"(1.0, inf]",374,1.79414265867,0.652406417112,0.48128342246,2.75003833746,random,7,2013
1,"(-0.001, 0.05]",744,0.0381362905409,0.291666666667,0.713709677419,0.13075299614,random,8,2013
1,"(0.05, 0.1]",1317,0.0732007085881,0.257403189066,0.754745634017,0.284381513895,random,8,2013
1,"(0.1, 0.15]",922,0.123560525713,0.275488069414,0.72885032538,0.448514979163,random,8,2013
1,"(0.15, 0.2]",583,0.172739054011,0.300171526587,0.67409948542,0.575467819933,random,8,2013
1,"(0.2, 0.3]",626,0.246710601419,0.281150159744,0.728434504792,0.877504752774,random,8,2013
1,"(0.3, 0.4]",358,0.348378290624,0.234636871508,0.754189944134,1.48475509575,random,8,2013
1,"(0.4, 0.6]",350,0.483770281376,0.211428571429,0.714285714286,2.28810268218,random,8,2013
1,"(0.6, 0.8]",180,0.697377044492,0.288888888889,0.672222222222,2.4139974617,random,8,2013
1,"(0.8, 1.0]",105,0.899535528302,0.380952380952,0.685714285714,2.36128076179,random,8,2013
1,"(1.0, inf]",374,1.79248899251,0.708556149733,0.473262032086,2.52977691773,random,8,2013
1,"(-0.001, 0.05]",740,0.0380785792939,0.293243243243,0.689189189189,0.129853219712,random,9,2013
1,"(0.05, 0.1]",1318,0.0729439259417,0.230652503794,0.748103186646,0.316250310497,random,9,2013
1,"(0.1, 0.15]",919,0.123541403648,0.276387377584,0.706202393906,0.446986417137,random,9,2013
1,"(0.15, 0.2]",592,0.172873687215,0.304054054054,0.662162162162,0.568562349063,random,9,2013
1,"(0.2, 0.3]",627,0.246519023766,0.272727272727,0.709728867624,0.903903087141,random,9,2013
1,"(0.3, 0.4]",354,0.347904405481,0.220338983051,0.751412429379,1.57895076334,random,9,2013
1,"(0.4, 0.6]",351,0.48507111473,0.247863247863,0.792022792023,1.95701104908,random,9,2013
1,"(0.6, 0.8]",177,0.701055636899,0.276836158192,0.757062146893,2.53238464757,random,9,2013
1,"(0.8, 1.0]",106,0.894840213576,0.330188679245,0.698113207547,2.71008750397,random,9,2013
1,"(1.0, inf]",375,1.7925808269,0.802666666667,0.538666666667,2.23328176109,random,9,2013
1,"(-0.001, 0.05]",744,0.038162204239,0.299731182796,0.712365591398,0.127321434771,random,10,2013
1,"(0.05, 0.1]",1318,0.073136518094,0.244309559939,0.737481031866,0.299360033689,random,10,2013
1,"(0.1, 0.15]",925,0.123718415104,0.272432432432,0.695135135135,0.454125134805,random,10,2013
1,"(0.15, 0.2]",575,0.172754053962,0.306086956522,0.721739130435,0.564395346751,random,10,2013
1,"(0.2, 0.3]",628,0.245976573037,0.253184713376,0.699044585987,0.971530112372,random,10,2013
1,"(0.3, 0.4]",359,0.348461836036,0.222841225627,0.732590529248,1.56372248921,random,10,2013
1,"(0.4, 0.6]",351,0.483872216218,0.247863247863,0.769230769231,1.95217411371,random,10,2013
1,"(0.6, 0.8]",180,0.700490595089,0.394444444444,0.833333333333,1.77589164952,random,10,2013
1,"(0.8, 1.0]",105,0.897853554154,0.504761904762,0.67619047619,1.77876647521,random,10,2013
1,"(1.0, inf]",374,1.79211955096,0.676470588235,0.489304812834,2.64922020577,random,10,2013
1,"(-0.001, 0.05]",740,0.0380411990894,0.366216216216,0.724324324324,0.103876336997,random,11,2013
1,"(0.05, 0.1]",1326,0.0733119044184,0.220211161388,0.730769230769,0.332916387872,random,11,2013
1,"(0.1, 0.15]",918,0.123653961329,0.282135076253,0.696078431373,0.438279291507,random,11,2013
1,"(0.15, 0.2]",581,0.172809435732,0.332185886403,0.685025817556,0.520219078552,random,11,2013
1,"(0.2, 0.3]",625,0.245850073055,0.2976,0.7488,0.826109116449,random,11,2013
1,"(0.3, 0.4]",366,0.348529524412,0.213114754098,0.751366120219,1.6354077684,random,11,2013
1,"(0.4, 0.6]",346,0.484840733532,0.170520231214,0.797687861272,2.84330328478,random,11,2013
1,"(0.6, 0.8]",176,0.701916009993,0.267045454545,0.670454545455,2.62845144167,random,11,2013
1,"(0.8, 1.0]",108,0.897987443025,0.259259259259,0.574074074074,3.46366585167,random,11,2013
1,"(1.0, inf]",373,1.79675616321,0.70509383378,0.522788203753,2.54825113641,random,11,2013
1,"(-0.001, 0.05]",744,0.0380190158261,0.293010752688,0.684139784946,0.129752971443,random,12,2013
1,"(0.05, 0.1]",1309,0.0729752377969,0.24064171123,0.739495798319,0.303252654845,random,12,2013
1,"(0.1, 0.15]",921,0.123419435426,0.28664495114,0.726384364821,0.430565530407,random,12,2013
1,"(0.15, 0.2]",593,0.172669652553,0.357504215852,0.68802698145,0.482986339451,random,12,2013
1,"(0.2, 0.3]",632,0.24702347971,0.268987341772,0.740506329114,0.918346112805,random,12,2013
1,"(0.3, 0.4]",350,0.348305203007,0.225714285714,0.751428571429,1.54312431712,random,12,2013
1,"(0.4, 0.6]",351,0.484161436527,0.247863247863,0.749287749288,1.95334096806,random,12,2013
1,"(0.6, 0.8]",178,0.700546640442,0.320224719101,0.758426966292,2.18767196489,random,12,2013
1,"(0.8, 1.0]",107,0.898804315657,0.373831775701,0.728971962617,2.40430154438,random,12,2013
1,"(1.0, inf]",374,1.79403161378,0.625668449198,0.467914438503,2.86738386134,random,12,2013
1,"(-0.001, 0.05]",741,0.0381042337376,0.221322537112,0.674763832659,0.172166080485,random,13,2013
1,"(0.05, 0.1]",1319,0.0731059800229,0.250189537528,0.74753601213,0.292202386819,random,13,2013
1,"(0.1, 0.15]",925,0.123624476332,0.256216216216,0.686486486486,0.482500593278,random,13,2013
1,"(0.15, 0.2]",583,0.172483238961,0.329331046312,0.686106346484,0.523738168304,random,13,2013
1,"(0.2, 0.3]",621,0.24640602481,0.328502415459,0.760064412238,0.750088928465,random,13,2013
1,"(0.3, 0.4]",360,0.347885834475,0.255555555556,0.791666666667,1.36129239577,random,13,2013
1,"(0.4, 0.6]",352,0.484404158104,0.201704545455,0.738636363636,2.40155300919,random,13,2013
1,"(0.6, 0.8]",178,0.700826772988,0.292134831461,0.719101123596,2.39898395369,random,13,2013
1,"(0.8, 1.0]",106,0.898379949999,0.471698113208,0.698113207547,1.904565494,random,13,2013
1,"(1.0, inf]",374,1.79472103081,0.75935828877,0.524064171123,2.36347065325,random,13,2013
1,"(-0.001, 0.05]",743,0.0381562097352,0.277254374159,0.691790040377,0.137621669093,random,14,2013
1,"(0.05, 0.1]",1315,0.0730897062163,0.230418250951,0.748288973384,0.317204500576,random,14,2013
1,"(0.1, 0.15]",918,0.123284599066,0.325708061002,0.72440087146,0.378512581747,random,14,2013
1,"(0.15, 0.2]",585,0.172423447973,0.340170940171,0.68547008547,0.506872950072,random,14,2013
1,"(0.2, 0.3]",634,0.245951053839,0.276025236593,0.711356466877,0.891045532193,random,14,2013
1,"(0.3, 0.4]",354,0.348475126892,0.194915254237,0.75988700565,1.78782891188,random,14,2013
1,"(0.4, 0.6]",351,0.483732934048,0.196581196581,0.732193732194,2.46072840363,random,14,2013
1,"(0.6, 0.8]",179,0.69954776346,0.385474860335,0.759776536313,1.81476883564,random,14,2013
1,"(0.8, 1.0]",106,0.896967917268,0.339622641509,0.707547169811,2.64107220085,random,14,2013
1,"(1.0, inf]",374,1.79357202223,0.671122994652,0.491978609626,2.67249377018,random,14,2013
1,"(-0.001, 0.05]",745,0.0380900687293,0.346308724832,0.724832214765,0.109988764354,random,15,2013
1,"(0.05, 0.1]",1315,0.0731549441878,0.227376425856,0.754372623574,0.321734955207,random,15,2013
1,"(0.1, 0.15]",917,0.123482065056,0.258451472192,0.729552889858,0.477776597706,random,15,2013
1,"(0.15, 0.2]",593,0.172800177376,0.301854974705,0.669477234401,0.572460922816,random,15,2013
1,"(0.2, 0.3]",627,0.246649222385,0.311004784689,0.728867623604,0.793072115055,random,15,2013
1,"(0.3, 0.4]",349,0.348900994594,0.234957020057,0.76217765043,1.48495667212,random,15,2013
1,"(0.4, 0.6]",352,0.483258723048,0.21875,0.704545454545,2.20918273393,random,15,2013
1,"(0.6, 0.8]",184,0.698898497282,0.347826086957,0.722826086957,2.00933317969,random,15,2013
1,"(0.8, 1.0]",103,0.901870191284,0.436893203883,0.650485436893,2.06428066005,random,15,2013
1,"(1.0, inf]",374,1.79520294602,0.641711229947,0.446524064171,2.79752459088,random,15,2013
1,"(-0.001, 0.05]",742,0.0380994322732,0.312668463612,0.698113207547,0.121852494598,random,16,2013
1,"(0.05, 0.1]",1321,0.0731621342071,0.224829674489,0.765329295988,0.325411378073,random,16,2013
1,"(0.1, 0.15]",919,0.123771708902,0.280739934712,0.686615886834,0.440876746052,random,16,2013
1,"(0.15, 0.2]",583,0.172710783535,0.384219554031,0.68782161235,0.449510655362,random,16,2013
1,"(0.2, 0.3]",631,0.246691535729,0.266244057052,0.714738510301,0.92656166098,random,16,2013
1,"(0.3, 0.4]",354,0.348268095377,0.223163841808,0.771186440678,1.56059374384,random,16,2013
1,"(0.4, 0.6]",350,0.484075454859,0.214285714286,0.748571428571,2.25901878934,random,16,2013
1,"(0.6, 0.8]",178,0.699386388026,0.325842696629,0.719101123596,2.14639270808,random,16,2013
1,"(0.8, 1.0]",109,0.897220830175,0.403669724771,0.706422018349,2.22266069293,random,16,2013
1,"(1.0, inf]",372,1.79605365627,0.647849462366,0.494623655914,2.77233178478,random,16,2013
1,"(-0.001, 0.05]",743,0.0380903573613,0.304172274563,0.702557200538,0.12522626336,random,17,2013
1,"(0.05, 0.1]",1317,0.0730434287706,0.24145785877,0.731966590737,0.302510049342,random,17,2013
1,"(0.1, 0.15]",917,0.123479881254,0.297709923664,0.709923664122,0.414765754983,random,17,2013
1,"(0.15, 0.2]",587,0.172651570259,0.298126064736,0.654173764906,0.579122695669,random,17,2013
1,"(0.2, 0.3]",627,0.246276881647,0.261562998405,0.748006379585,0.941558565809,random,17,2013
1,"(0.3, 0.4]",363,0.348622881597,0.308539944904,0.834710743802,1.12991166089,random,17,2013
1,"(0.4, 0.6]",348,0.486515396778,0.23275862069,0.790229885057,2.09021429727,random,17,2013
1,"(0.6, 0.8]",178,0.700758874994,0.185393258427,0.662921348315,3.77985090148,random,17,2013
1,"(0.8, 1.0]",105,0.898368298276,0.371428571429,0.666666666667,2.41868387998,random,17,2013
1,"(1.0, inf]",374,1.79379888424,0.681818181818,0.48128342246,2.63090503022,random,17,2013
1,"(-0.001, 0.05]",741,0.0381156708062,0.326585695007,0.70310391363,0.116709553998,random,18,2013
1,"(0.05, 0.1]",1321,0.0731912850354,0.228614685844,0.725965177896,0.320151283218,random,18,2013
1,"(0.1, 0.15]",916,0.12361850161,0.32096069869,0.733624454148,0.385151522024,random,18,2013
1,"(0.15, 0.2]",586,0.172533251717,0.346416382253,0.691126279863,0.498051652741,random,18,2013
1,"(0.2, 0.3]",637,0.246383828454,0.204081632653,0.718995290424,1.20728075943,random,18,2013
1,"(0.3, 0.4]",345,0.34895284534,0.15652173913,0.750724637681,2.22942095634,random,18,2013
1,"(0.4, 0.6]",355,0.482783271981,0.216901408451,0.732394366197,2.22581898121,random,18,2013
1,"(0.6, 0.8]",179,0.700906851549,0.340782122905,0.737430167598,2.05675944963,random,18,2013
1,"(0.8, 1.0]",107,0.899011001779,0.439252336449,0.775700934579,2.04668462107,random,18,2013
1,"(1.0, inf]",372,1.79728360297,0.715053763441,0.502688172043,2.51349436205,random,18,2013
1,"(-0.001, 0.05]",743,0.0381020075295,0.329744279946,0.71736204576,0.115550169773,random,19,2013
1,"(0.05, 0.1]",1315,0.0731179671405,0.257034220532,0.743726235741,0.284467830739,random,19,2013
1,"(0.1, 0.15]",923,0.123642256283,0.291440953413,0.709642470206,0.424244619141,random,19,2013
1,"(0.15, 0.2]",583,0.17271961184,0.288164665523,0.656946826758,0.599378176801,random,19,2013
1,"(0.2, 0.3]",635,0.246449350038,0.236220472441,0.71811023622,1.04330224849,random,19,2013
1,"(0.3, 0.4]",353,0.348673067484,0.186968838527,0.770538243626,1.86487261851,random,19,2013
1,"(0.4, 0.6]",346,0.483745523209,0.222543352601,0.745664739884,2.17371364974,random,19,2013
1,"(0.6, 0.8]",182,0.700913910947,0.373626373626,0.769230769231,1.87597546754,random,19,2013
1,"(0.8, 1.0]",105,0.896199394802,0.152380952381,0.590476190476,5.88130852839,random,19,2013
1,"(1.0, inf]",374,1.79515768919,0.745989304813,0.532085561497,2.40641209949,random,19,2013
1,"(0.05, 0.1]",33,0.0957571938512,0.030303030303,0.484848484848,3.15998739709,regressed-rate,-1,2013
1,"(0.1, 0.15]",508,0.130649594052,0.106299212598,0.742125984252,1.22907395886,regressed-rate,-1,2013
1,"(0.15, 0.2]",859,0.175275379446,0.117578579744,0.600698486612,1.49070842519,regressed-rate,-1,2013
1,"(0.2, 0.3]",1860,0.238922294108,0.168817204301,0.739784946237,1.41527218803,regressed-rate,-1,2013
1,"(0.3, 0.4]",583,0.338058497901,0.283018867925,0.905660377358,1.19447335925,regressed-rate,-1,2013
1,"(0.4, 0.6]",559,0.483482917637,0.432915921288,0.940966010733,1.11680558248,regressed-rate,-1,2013
1,"(0.6, 0.8]",121,0.686356789603,0.553719008264,0.95867768595,1.23953987376,regressed-rate,-1,2013
1,"(0.8, 1.0]",381,0.899596335491,0.204724409449,0.202099737533,4.39418210028,regressed-rate,-1,2013
1,"(1.0, inf]",655,1.47371682655,0.998473282443,0.61679389313,1.4759702162,regressed-rate,-1,2013
1,"(-0.001, 0.05]",741,0.0382307190307,0.0512820512821,0.507422402159,0.745499021099,shipped,-1,2013
1,"(0.05, 0.1]",1317,0.0732038859925,0.0888382687927,0.566438876234,0.824012973095,shipped,-1,2013
1,"(0.1, 0.15]",916,0.123493905351,0.143013100437,0.634279475983,0.863514635892,shipped,-1,2013
1,"(0.15, 0.2]",594,0.172305101302,0.212121212121,0.698653198653,0.812295477566,shipped,-1,2013
1,"(0.2, 0.3]",629,0.245777035091,0.310015898251,0.85373608903,0.792788487549,shipped,-1,2013
1,"(0.3, 0.4]",361,0.348779489451,0.396121883657,0.950138504155,0.880485284559,shipped,-1,2013
1,"(0.4, 0.6]",343,0.48321766181,0.405247813411,0.953352769679,1.19240041727,shipped,-1,2013
1,"(0.6, 0.8]",179,0.701719293363,0.77094972067,0.960893854749,0.910201112406,shipped,-1,2013
1,"(0.8, 1.0]",107,0.898025704279,0.710280373832,0.934579439252,1.2643256626,shipped,-1,2013
1,"(1.0, inf]",372,1.79751036846,1.54032258065,0.911290322581,1.16697008214,shipped,-1,2013
1,"(0.05, 0.1]",548,0.0821946763211,0.0328467153285,0.270072992701,2.50237125689,vegas-environment,-1,2013
1,"(0.1, 0.15]",507,0.12755317553,0.0769230769231,0.595660749507,1.65819128189,vegas-environment,-1,2013
1,"(0.15, 0.2]",1414,0.176561232036,0.123762376238,0.656294200849,1.42661475485,vegas-environment,-1,2013
1,"(0.2, 0.3]",1284,0.249235385199,0.241433021807,0.704049844237,1.03231688579,vegas-environment,-1,2013
1,"(0.3, 0.4]",1027,0.343225928714,0.312560856865,0.912366114898,1.09810912396,vegas-environment,-1,2013
1,"(0.4, 0.6]",363,0.447120012156,0.517906336088,0.939393939394,0.863322151132,vegas-environment,-1,2013
1,"(0.6, 0.8]",3,0.602181457475,0.333333333333,1,1.80654437242,vegas-environment,-1,2013
1,"(1.0, inf]",413,1.51648438348,1.51089588378,0.903147699758,1.00369879868,vegas-environment,-1,2013
1,"(-0.001, 0.05]",747,0.0385261798836,0.0481927710843,0.493975903614,0.799418232585,within-player,0,2013
1,"(0.05, 0.1]",1277,0.0729749216218,0.0916209866875,0.573218480814,0.796486965052,within-player,0,2013
1,"(0.1, 0.15]",948,0.122494228707,0.147679324895,0.639240506329,0.829460920099,within-player,0,2013
1,"(0.15, 0.2]",581,0.173028864007,0.194492254733,0.695352839931,0.889643982195,within-player,0,2013
1,"(0.2, 0.3]",636,0.246739053248,0.319182389937,0.841194968553,0.773034669289,within-player,0,2013
1,"(0.3, 0.4]",368,0.347269158445,0.375,0.95652173913,0.926051089187,within-player,0,2013
1,"(0.4, 0.6]",338,0.487131581938,0.426035502959,0.952662721893,1.14340607427,within-player,0,2013
1,"(0.6, 0.8]",179,0.695816707893,0.759776536313,0.938547486034,0.915817578772,within-player,0,2013
1,"(0.8, 1.0]",111,0.893210503223,0.63963963964,0.936936936937,1.39642768814,within-player,0,2013
1,"(1.0, inf]",374,1.78995926186,1.54545454545,0.919786096257,1.15820893415,within-player,0,2013
1,"(-0.001, 0.05]",746,0.0383043888055,0.0509383378016,0.495978552279,0.751975632866,within-player,1,2013
1,"(0.05, 0.1]",1301,0.0732208308399,0.0860876249039,0.575710991545,0.850538401095,within-player,1,2013
1,"(0.1, 0.15]",913,0.123407415594,0.156626506024,0.648411829135,0.787908884179,within-player,1,2013
1,"(0.15, 0.2]",602,0.172508945794,0.197674418605,0.671096345515,0.872692314016,within-player,1,2013
1,"(0.2, 0.3]",617,0.244603335366,0.311183144246,0.847649918963,0.786043010004,within-player,1,2013
1,"(0.3, 0.4]",387,0.344583357383,0.372093023256,0.940568475452,0.926067772968,within-player,1,2013
1,"(0.4, 0.6]",321,0.485449476142,0.436137071651,0.968847352025,1.11306629887,within-player,1,2013
1,"(0.6, 0.8]",193,0.691289593979,0.740932642487,0.948186528497,0.932999242224,within-player,1,2013
1,"(0.8, 1.0]",102,0.893721891814,0.705882352941,0.921568627451,1.2661060134,within-player,1,2013
1,"(1.0, inf]",377,1.79684917917,1.5198938992,0.917771883289,1.18222014057,within-player,1,2013
1,"(-0.001, 0.05]",753,0.0383342253769,0.0411686586985,0.490039840637,0.931150700283,within-player,2,2013
1,"(0.05, 0.1]",1295,0.0729979003825,0.0965250965251,0.578378378378,0.756258247963,within-player,2,2013
1,"(0.1, 0.15]",926,0.123315964001,0.154427645788,0.642548596112,0.798535543114,within-player,2,2013
1,"(0.15, 0.2]",585,0.172613823915,0.194871794872,0.694017094017,0.885781464827,within-player,2,2013
1,"(0.2, 0.3]",616,0.246213682778,0.305194805195,0.839285714286,0.806742705274,within-player,2,2013
1,"(0.3, 0.4]",397,0.346422678041,0.395465994962,0.952141057935,0.875986007529,within-player,2,2013
1,"(0.4, 0.6]",321,0.482107726842,0.408099688474,0.95015576324,1.18134794135,within-player,2,2013
1,"(0.6, 0.8]",180,0.690339568228,0.75,0.944444444444,0.920452757637,within-player,2,2013
1,"(0.8, 1.0]",111,0.897062651752,0.747747747748,0.90990990991,1.19968619692,within-player,2,2013
1,"(1.0, inf]",375,1.79273881211,1.51733333333,0.922666666667,1.181506247,within-player,2,2013
1,"(-0.001, 0.05]",732,0.0384260721866,0.0382513661202,0.489071038251,1.00456731574,within-player,3,2013
1,"(0.05, 0.1]",1307,0.0730708923908,0.0925784238715,0.567712318286,0.789286416155,within-player,3,2013
1,"(0.1, 0.15]",922,0.122921550202,0.155097613883,0.656182212581,0.792543141864,within-player,3,2013
1,"(0.15, 0.2]",600,0.173124942941,0.21,0.675,0.824404490194,within-player,3,2013
1,"(0.2, 0.3]",607,0.245146381488,0.293245469522,0.848434925865,0.835976705412,within-player,3,2013
1,"(0.3, 0.4]",398,0.347294863046,0.374371859296,0.949748743719,0.927673526795,within-player,3,2013
1,"(0.4, 0.6]",332,0.484692816134,0.454819277108,0.960843373494,1.06568221825,within-player,3,2013
1,"(0.6, 0.8]",176,0.688767752491,0.704545454545,0.954545454545,0.977605842246,within-player,3,2013
1,"(0.8, 1.0]",116,0.895743681909,0.741379310345,0.931034482759,1.20821240816,within-player,3,2013
1,"(1.0, inf]",369,1.82128962609,1.54471544715,0.915989159892,1.17904538952,within-player,3,2013
1,"(-0.001, 0.05]",744,0.0387004745728,0.0510752688172,0.495967741935,0.757714554794,within-player,4,2013
1,"(0.05, 0.1]",1311,0.0732751602401,0.091533180778,0.581998474447,0.800531125623,within-player,4,2013
1,"(0.1, 0.15]",941,0.123596613546,0.15302869288,0.624867162593,0.807669537128,within-player,4,2013
1,"(0.15, 0.2]",567,0.173008142906,0.186948853616,0.693121693122,0.925430349317,within-player,4,2013
1,"(0.2, 0.3]",609,0.246819504193,0.325123152709,0.853858784893,0.759156959866,within-player,4,2013
1,"(0.3, 0.4]",397,0.34595311191,0.377833753149,0.942065491184,0.915622569523,within-player,4,2013
1,"(0.4, 0.6]",329,0.482747956475,0.462006079027,0.963525835866,1.0448952479,within-player,4,2013
1,"(0.6, 0.8]",176,0.701486584412,0.732954545455,0.948863636364,0.95706696788,within-player,4,2013
1,"(0.8, 1.0]",118,0.901764638906,0.618644067797,0.932203389831,1.45764695056,within-player,4,2013
1,"(1.0, inf]",367,1.82957203702,1.54223433243,0.91280653951,1.18631261057,within-player,4,2013
1,"(-0.001, 0.05]",727,0.0385099371197,0.0481430536451,0.49105914718,0.799906408172,within-player,5,2013
1,"(0.05, 0.1]",1304,0.0728918600873,0.0950920245399,0.572085889571,0.76654020608,within-player,5,2013
1,"(0.1, 0.15]",938,0.122834316971,0.138592750533,0.637526652452,0.886296840915,within-player,5,2013
1,"(0.15, 0.2]",577,0.17161264106,0.207972270364,0.694974003466,0.825170782431,within-player,5,2013
1,"(0.2, 0.3]",622,0.244652085954,0.337620578778,0.845659163987,0.724636178397,within-player,5,2013
1,"(0.3, 0.4]",379,0.345533858034,0.316622691293,0.941952506596,1.09131110162,within-player,5,2013
1,"(0.4, 0.6]",346,0.483529685446,0.468208092486,0.959537572254,1.03272389608,within-player,5,2013
1,"(0.6, 0.8]",177,0.695527545016,0.689265536723,0.954802259887,1.00908504482,within-player,5,2013
1,"(0.8, 1.0]",116,0.895365075686,0.689655172414,0.913793103448,1.29827935974,within-player,5,2013
1,"(1.0, inf]",373,1.82814458266,1.53619302949,0.922252010724,1.19004874229,within-player,5,2013
1,"(-0.001, 0.05]",747,0.0386238967951,0.0401606425703,0.496653279786,0.961735030197,within-player,6,2013
1,"(0.05, 0.1]",1275,0.0725991012599,0.0909803921569,0.570980392157,0.797964259537,within-player,6,2013
1,"(0.1, 0.15]",926,0.12280571675,0.165226781857,0.639308855292,0.743255514446,within-player,6,2013
1,"(0.15, 0.2]",608,0.172900955348,0.180921052632,0.689144736842,0.955670735016,within-player,6,2013
1,"(0.2, 0.3]",626,0.245323690562,0.300319488818,0.846645367412,0.816875693043,within-player,6,2013
1,"(0.3, 0.4]",383,0.347493703008,0.389033942559,0.945169712794,0.893222068807,within-player,6,2013
1,"(0.4, 0.6]",331,0.486240122203,0.438066465257,0.963746223565,1.10996883068,within-player,6,2013
1,"(0.6, 0.8]",183,0.696309181711,0.814207650273,0.96174863388,0.855198525188,within-player,6,2013
1,"(0.8, 1.0]",110,0.897988147693,0.6,0.9,1.49664691282,within-player,6,2013
1,"(1.0, inf]",370,1.80678096921,1.54054054054,0.918918918919,1.1728227344,within-player,6,2013
1,"(-0.001, 0.05]",730,0.0379022183853,0.0397260273973,0.495890410959,0.954090324871,within-player,7,2013
1,"(0.05, 0.1]",1325,0.0727192412781,0.101132075472,0.57358490566,0.719052199205,within-player,7,2013
1,"(0.1, 0.15]",922,0.123416744061,0.140997830803,0.644251626898,0.875309523263,within-player,7,2013
1,"(0.15, 0.2]",578,0.172643157107,0.21107266436,0.690311418685,0.817932334493,within-player,7,2013
1,"(0.2, 0.3]",620,0.243876523663,0.3,0.840322580645,0.812921745542,within-player,7,2013
1,"(0.3, 0.4]",395,0.346472752658,0.372151898734,0.941772151899,0.930998212924,within-player,7,2013
1,"(0.4, 0.6]",321,0.485108549868,0.457943925234,0.959501557632,1.05931867012,within-player,7,2013
1,"(0.6, 0.8]",190,0.691519333193,0.736842105263,0.957894736842,0.938490523619,within-player,7,2013
1,"(0.8, 1.0]",111,0.897297266053,0.657657657658,0.918918918919,1.36438351414,within-player,7,2013
1,"(1.0, inf]",367,1.80210318426,1.54768392371,0.91553133515,1.16438709265,within-player,7,2013
1,"(-0.001, 0.05]",735,0.0382537055158,0.0503401360544,0.48843537415,0.759904690651,within-player,8,2013
1,"(0.05, 0.1]",1330,0.0731630651217,0.0894736842105,0.576691729323,0.817704845478,within-player,8,2013
1,"(0.1, 0.15]",899,0.123690110478,0.157953281424,0.651835372636,0.783080347323,within-player,8,2013
1,"(0.15, 0.2]",616,0.174077320891,0.199675324675,0.696428571429,0.871801867225,within-player,8,2013
1,"(0.2, 0.3]",584,0.245487341914,0.313356164384,0.825342465753,0.783413156708,within-player,8,2013
1,"(0.3, 0.4]",391,0.346280028452,0.368286445013,0.948849104859,0.940246466144,within-player,8,2013
1,"(0.4, 0.6]",335,0.48345478782,0.411940298507,0.955223880597,1.17360401391,within-player,8,2013
1,"(0.6, 0.8]",182,0.689527752178,0.736263736264,0.967032967033,0.936522767883,within-player,8,2013
1,"(0.8, 1.0]",114,0.896582491293,0.69298245614,0.877192982456,1.29380258237,within-player,8,2013
1,"(1.0, inf]",373,1.79493953043,1.54691689008,0.927613941019,1.16033352661,within-player,8,2013
1,"(-0.001, 0.05]",729,0.0383796305543,0.0534979423868,0.489711934156,0.717403863439,within-player,9,2013
1,"(0.05, 0.1]",1326,0.0728505848315,0.0904977375566,0.578431372549,0.804998962388,within-player,9,2013
1,"(0.1, 0.15]",922,0.122921114147,0.144251626898,0.6431670282,0.852129828901,within-player,9,2013
1,"(0.15, 0.2]",580,0.173051884599,0.220689655172,0.684482758621,0.784141352089,within-player,9,2013
1,"(0.2, 0.3]",629,0.245445941075,0.300476947536,0.848966613672,0.816854481143,within-player,9,2013
1,"(0.3, 0.4]",380,0.346668098768,0.371052631579,0.939473684211,0.934282819374,within-player,9,2013
1,"(0.4, 0.6]",324,0.480384364846,0.450617283951,0.962962962963,1.06605845349,within-player,9,2013
1,"(0.6, 0.8]",179,0.697760328215,0.748603351955,0.938547486034,0.932082826496,within-player,9,2013
1,"(0.8, 1.0]",119,0.897330036782,0.672268907563,0.941176470588,1.33477842971,within-player,9,2013
1,"(1.0, inf]",371,1.79486786698,1.525606469,0.913746630728,1.17649466193,within-player,9,2013
1,"(-0.001, 0.05]",753,0.038467976612,0.0491367861886,0.491367861886,0.782875307807,within-player,10,2013
1,"(0.05, 0.1]",1279,0.073073255783,0.0891321344801,0.569976544175,0.819830650407,within-player,10,2013
1,"(0.1, 0.15]",925,0.12300024183,0.143783783784,0.642162162162,0.855452809722,within-player,10,2013
1,"(0.15, 0.2]",592,0.17231734306,0.217905405405,0.701013513514,0.790789667377,within-player,10,2013
1,"(0.2, 0.3]",614,0.243030154353,0.28338762215,0.837133550489,0.857589165359,within-player,10,2013
1,"(0.3, 0.4]",396,0.345113801752,0.393939393939,0.95202020202,0.87605811214,within-player,10,2013
1,"(0.4, 0.6]",330,0.480460055432,0.445454545455,0.957575757576,1.07858379791,within-player,10,2013
1,"(0.6, 0.8]",184,0.697295965371,0.722826086957,0.940217391304,0.964680132543,within-player,10,2013
1,"(0.8, 1.0]",114,0.897807511558,0.710526315789,0.938596491228,1.26358094219,within-player,10,2013
1,"(1.0, inf]",372,1.82227222932,1.5376344086,0.916666666667,1.18511410718,within-player,10,2013
1,"(-0.001, 0.05]",735,0.0383998297287,0.0367346938776,0.492517006803,1.04532869817,within-player,11,2013
1,"(0.05, 0.1]",1316,0.0728971634293,0.101823708207,0.572948328267,0.715915425918,within-player,11,2013
1,"(0.1, 0.15]",912,0.123022794721,0.135964912281,0.635964912281,0.904812812787,within-player,11,2013
1,"(0.15, 0.2]",593,0.172507554125,0.212478920742,0.706576728499,0.811880790447,within-player,11,2013
1,"(0.2, 0.3]",627,0.243947491737,0.311004784689,0.840510366826,0.784385011892,within-player,11,2013
1,"(0.3, 0.4]",391,0.345808781307,0.363171355499,0.953964194373,0.952191785148,within-player,11,2013
1,"(0.4, 0.6]",323,0.482898139752,0.448916408669,0.956656346749,1.07569723545,within-player,11,2013
1,"(0.6, 0.8]",172,0.695085398931,0.738372093023,0.947674418605,0.941375500914,within-player,11,2013
1,"(0.8, 1.0]",113,0.893123376559,0.699115044248,0.911504424779,1.27750558926,within-player,11,2013
1,"(1.0, inf]",377,1.8048465943,1.53050397878,0.917771883289,1.17924985451,within-player,11,2013
1,"(-0.001, 0.05]",748,0.0384310234741,0.0427807486631,0.495989304813,0.898325173708,within-player,12,2013
1,"(0.05, 0.1]",1303,0.073042441245,0.0997697620875,0.570222563315,0.732110007248,within-player,12,2013
1,"(0.1, 0.15]",915,0.123412337203,0.140983606557,0.655737704918,0.875366577836,within-player,12,2013
1,"(0.15, 0.2]",583,0.172690884845,0.210977701544,0.682675814751,0.818526714348,within-player,12,2013
1,"(0.2, 0.3]",630,0.245720631017,0.296825396825,0.831746031746,0.827828863854,within-player,12,2013
1,"(0.3, 0.4]",389,0.346184634386,0.390745501285,0.948586118252,0.885959360371,within-player,12,2013
1,"(0.4, 0.6]",339,0.485206035913,0.442477876106,0.970501474926,1.09656564116,within-player,12,2013
1,"(0.6, 0.8]",164,0.695307045641,0.768292682927,0.951219512195,0.90500282131,within-player,12,2013
1,"(0.8, 1.0]",116,0.894591682233,0.681034482759,0.905172413793,1.31357765999,within-player,12,2013
1,"(1.0, inf]",372,1.80648716339,1.52688172043,0.916666666667,1.18312187461,within-player,12,2013
1,"(-0.001, 0.05]",743,0.0384940127981,0.0403768506057,0.491251682369,0.953368383634,within-player,13,2013
1,"(0.05, 0.1]",1301,0.0728526750272,0.0914681014604,0.576479631053,0.796481766474,within-player,13,2013
1,"(0.1, 0.15]",948,0.123262172924,0.163502109705,0.646624472574,0.753887354397,within-player,13,2013
1,"(0.15, 0.2]",577,0.172734303414,0.180242634315,0.67417677643,0.958343202593,within-player,13,2013
1,"(0.2, 0.3]",609,0.246769920829,0.333333333333,0.850574712644,0.740309762488,within-player,13,2013
1,"(0.3, 0.4]",379,0.346735293828,0.369393139842,0.963060686016,0.938661974005,within-player,13,2013
1,"(0.4, 0.6]",333,0.480446865139,0.423423423423,0.93993993994,1.13467238363,within-player,13,2013
1,"(0.6, 0.8]",181,0.688679656945,0.718232044199,0.966850828729,0.958853983901,within-player,13,2013
1,"(0.8, 1.0]",107,0.894554939901,0.691588785047,0.906542056075,1.29347808878,within-player,13,2013
1,"(1.0, inf]",381,1.80352952998,1.52230971129,0.92125984252,1.18473232917,within-player,13,2013
1,"(-0.001, 0.05]",746,0.0384277334176,0.0455764075067,0.498659517426,0.84314968028,within-player,14,2013
1,"(0.05, 0.1]",1269,0.0724344507649,0.086682427108,0.579196217494,0.835630163824,within-player,14,2013
1,"(0.1, 0.15]",959,0.123246238586,0.158498435871,0.62252346194,0.777586465814,within-player,14,2013
1,"(0.15, 0.2]",578,0.171935074282,0.204152249135,0.698961937716,0.842190448599,within-player,14,2013
1,"(0.2, 0.3]",619,0.245668229824,0.297253634895,0.841680129241,0.826459968811,within-player,14,2013
1,"(0.3, 0.4]",383,0.3446126727,0.386422976501,0.947780678851,0.891801713811,within-player,14,2013
1,"(0.4, 0.6]",343,0.482670648308,0.448979591837,0.962099125364,1.07503917123,within-player,14,2013
1,"(0.6, 0.8]",177,0.688977787875,0.689265536723,0.954802259887,0.99958252831,within-player,14,2013
1,"(0.8, 1.0]",110,0.898261514283,0.781818181818,0.927272727273,1.14893914618,within-player,14,2013
1,"(1.0, inf]",375,1.79469507365,1.51466666667,0.914666666667,1.18487790954,within-player,14,2013
1,"(-0.001, 0.05]",741,0.0384041785307,0.0391363022942,0.48987854251,0.981292975561,within-player,15,2013
1,"(0.05, 0.1]",1311,0.0729066080653,0.093058733791,0.581998474447,0.783447239128,within-player,15,2013
1,"(0.1, 0.15]",919,0.123465014361,0.167573449402,0.636561479869,0.736781481806,within-player,15,2013
1,"(0.15, 0.2]",581,0.172798891687,0.189328743546,0.679862306368,0.912692327909,within-player,15,2013
1,"(0.2, 0.3]",615,0.242740589811,0.29756097561,0.842276422764,0.815767555924,within-player,15,2013
1,"(0.3, 0.4]",379,0.344133658868,0.366754617414,0.952506596306,0.938321271302,within-player,15,2013
1,"(0.4, 0.6]",346,0.484178101689,0.453757225434,0.968208092486,1.06704218589,within-player,15,2013
1,"(0.6, 0.8]",183,0.692572233777,0.710382513661,0.945355191257,0.974928606009,within-player,15,2013
1,"(0.8, 1.0]",109,0.898129116028,0.697247706422,0.908256880734,1.2881062322,within-player,15,2013
1,"(1.0, inf]",375,1.82726676337,1.536,0.917333333333,1.18962679907,within-player,15,2013
1,"(-0.001, 0.05]",753,0.0386666698288,0.0411686586985,0.505976095618,0.939225883261,within-player,16,2013
1,"(0.05, 0.1]",1294,0.073130863136,0.0981452859351,0.566460587326,0.745128636992,within-player,16,2013
1,"(0.1, 0.15]",942,0.123742917241,0.150743099788,0.651804670913,0.820886112962,within-player,16,2013
1,"(0.15, 0.2]",549,0.172481328282,0.187613843352,0.67941712204,0.919342225503,within-player,16,2013
1,"(0.2, 0.3]",644,0.244923545119,0.312111801242,0.835403726708,0.784730164462,within-player,16,2013
1,"(0.3, 0.4]",387,0.346471878196,0.366925064599,0.958656330749,0.944257865226,within-player,16,2013
1,"(0.4, 0.6]",332,0.48898319282,0.478915662651,0.94578313253,1.02102150954,within-player,16,2013
1,"(0.6, 0.8]",169,0.69728989765,0.704142011834,0.952662721893,0.990268846243,within-player,16,2013
1,"(0.8, 1.0]",119,0.89070948658,0.72268907563,0.949579831933,1.23249335934,within-player,16,2013
1,"(1.0, inf]",370,1.8064835799,1.52972972973,0.913513513514,1.18091682785,within-player,16,2013
1,"(-0.001, 0.05]",713,0.0380138405373,0.0420757363254,0.492286115007,0.903462276769,within-player,17,2013
1,"(0.05, 0.1]",1338,0.0728432687656,0.0911808669656,0.570254110613,0.798887652528,within-player,17,2013
1,"(0.1, 0.15]",926,0.122873124013,0.168466522678,0.663066954644,0.729362261772,within-player,17,2013
1,"(0.15, 0.2]",582,0.173089307847,0.192439862543,0.666666666667,0.899446224706,within-player,17,2013
1,"(0.2, 0.3]",615,0.246425167768,0.29593495935,0.839024390244,0.832700429547,within-player,17,2013
1,"(0.3, 0.4]",391,0.343984873292,0.363171355499,0.951406649616,0.947169615895,within-player,17,2013
1,"(0.4, 0.6]",335,0.485201291468,0.45671641791,0.958208955224,1.0623688408,within-player,17,2013
1,"(0.6, 0.8]",172,0.693469855768,0.674418604651,0.936046511628,1.02824840683,within-player,17,2013
1,"(0.8, 1.0]",117,0.907562514287,0.777777777778,0.940170940171,1.1668660898,within-player,17,2013
1,"(1.0, inf]",370,1.81382381657,1.54594594595,0.918918918919,1.17327764358,within-player,17,2013
1,"(-0.001, 0.05]",739,0.0383396403698,0.041948579161,0.495263870095,0.913967555912,within-player,18,2013
1,"(0.05, 0.1]",1318,0.0733137923085,0.0940819423369,0.572078907436,0.779254663409,within-player,18,2013
1,"(0.1, 0.15]",886,0.123736631549,0.154627539503,0.651241534989,0.800223763159,within-player,18,2013
1,"(0.15, 0.2]",629,0.172218094564,0.189189189189,0.682034976153,0.910295642698,within-player,18,2013
1,"(0.2, 0.3]",611,0.246136230814,0.314238952537,0.84124386252,0.783277276183,within-player,18,2013
1,"(0.3, 0.4]",385,0.346164682201,0.387012987013,0.963636363636,0.894452366762,within-player,18,2013
1,"(0.4, 0.6]",334,0.488238472837,0.446107784431,0.937125748503,1.09444060354,within-player,18,2013
1,"(0.6, 0.8]",169,0.6893599487,0.733727810651,0.970414201183,0.939530897825,within-player,18,2013
1,"(0.8, 1.0]",112,0.892880117291,0.696428571429,0.928571428571,1.28208427098,within-player,18,2013
1,"(1.0, inf]",376,1.80062210133,1.52393617021,0.914893617021,1.18156005253,within-player,18,2013
1,"(-0.001, 0.05]",747,0.0384548807004,0.0441767068273,0.496653279786,0.870478663128,within-player,19,2013
1,"(0.05, 0.1]",1306,0.0728125187276,0.0926493108729,0.575038284839,0.785893797175,within-player,19,2013
1,"(0.1, 0.15]",892,0.123224039673,0.14798206278,0.633408071749,0.832695783248,within-player,19,2013
1,"(0.15, 0.2]",610,0.172686198977,0.208196721311,0.698360655738,0.829437648629,within-player,19,2013
1,"(0.2, 0.3]",634,0.245948246425,0.299684542587,0.840694006309,0.820690464388,within-player,19,2013
1,"(0.3, 0.4]",376,0.344596095364,0.353723404255,0.946808510638,0.974196480128,within-player,19,2013
1,"(0.4, 0.6]",338,0.488365017026,0.508875739645,0.96449704142,0.959694045087,within-player,19,2013
1,"(0.6, 0.8]",169,0.69283867906,0.644970414201,0.940828402367,1.07421776845,within-player,19,2013
1,"(0.8, 1.0]",124,0.897448446677,0.758064516129,0.91935483871,1.1838681637,within-player,19,2013
1,"(1.0, inf]",363,1.82461491142,1.5564738292,0.922865013774,1.172274713,within-player,19,2013
1,"(-0.001, 0.05]",2,0.0471965863084,0,1,,base-rate-only,-1,2014
1,"(0.05, 0.1]",303,0.0807544607022,0.0891089108911,0.73597359736,0.906244503436,base-rate-only,-1,2014
1,"(0.1, 0.15]",775,0.1271265238,0.105806451613,0.710967741935,1.20150068226,base-rate-only,-1,2014
1,"(0.15, 0.2]",935,0.176453186531,0.0919786096257,0.675935828877,1.91841545821,base-rate-only,-1,2014
1,"(0.2, 0.3]",1108,0.246530173425,0.169675090253,0.8059566787,1.45295442635,base-rate-only,-1,2014
1,"(0.3, 0.4]",607,0.346554919773,0.265238879736,0.894563426689,1.30657662299,base-rate-only,-1,2014
1,"(0.4, 0.6]",527,0.480305735168,0.428842504744,0.971537001898,1.12000496652,base-rate-only,-1,2014
1,"(0.6, 0.8]",211,0.692862819807,0.530805687204,0.829383886256,1.30530406231,base-rate-only,-1,2014
1,"(0.8, 1.0]",322,0.928205920852,0.245341614907,0.304347826087,3.78332033562,base-rate-only,-1,2014
1,"(1.0, inf]",707,1.50043600671,0.973125884017,0.613861386139,1.5418724662,base-rate-only,-1,2014
1,"(0.05, 0.1]",12,0.0924025004731,0.0833333333333,0.833333333333,1.10883000568,current-season-rate,-1,2014
1,"(0.1, 0.15]",216,0.130034611092,0.106481481481,0.791666666667,1.22119460852,current-season-rate,-1,2014
1,"(0.15, 0.2]",617,0.178056476796,0.119935170178,0.7471636953,1.4846060295,current-season-rate,-1,2014
1,"(0.2, 0.3]",1482,0.249615016092,0.136302294197,0.802968960864,1.83133392994,current-season-rate,-1,2014
1,"(0.3, 0.4]",1233,0.338557768114,0.198702351987,0.743714517437,1.7038437881,current-season-rate,-1,2014
1,"(0.4, 0.6]",745,0.475722092463,0.362416107383,0.881879194631,1.31264058846,current-season-rate,-1,2014
1,"(0.6, 0.8]",151,0.675401248253,0.58940397351,0.953642384106,1.14590548861,current-season-rate,-1,2014
1,"(0.8, 1.0]",47,0.885687168982,0.468085106383,0.723404255319,1.89214986101,current-season-rate,-1,2014
1,"(1.0, inf]",994,1.56958672089,0.727364185111,0.481891348089,2.15791037423,current-season-rate,-1,2014
1,"(-0.001, 0.05]",2256,0,0.145390070922,0.605496453901,0,historical-rate,-1,2014
1,"(0.05, 0.1]",240,0.0801760620745,0.145833333333,0.808333333333,0.549778711368,historical-rate,-1,2014
1,"(0.1, 0.15]",420,0.1331199452,0.12380952381,0.72380952381,1.07519955739,historical-rate,-1,2014
1,"(0.15, 0.2]",278,0.180227864412,0.136690647482,0.830935251799,1.31850911333,historical-rate,-1,2014
1,"(0.2, 0.3]",479,0.2542812233,0.198329853862,0.893528183716,1.28211269432,historical-rate,-1,2014
1,"(0.3, 0.4]",507,0.347988093432,0.252465483235,0.895463510848,1.37835908883,historical-rate,-1,2014
1,"(0.4, 0.6]",427,0.501966376715,0.365339578454,0.927400468384,1.3739720696,historical-rate,-1,2014
1,"(0.6, 0.8]",253,0.70010351062,0.351778656126,0.747035573123,1.99018188974,historical-rate,-1,2014
1,"(0.8, 1.0]",175,0.918039115646,0.617142857143,0.76,1.48756338183,historical-rate,-1,2014
1,"(1.0, inf]",462,1.66641657765,1.34199134199,0.796536796537,1.24174912722,historical-rate,-1,2014
1,"(-0.001, 0.05]",617,0.0390600295146,0.0810372771475,0.560777957861,0.48200076421,no-vegas,-1,2014
1,"(0.05, 0.1]",1338,0.0737790505678,0.0889387144993,0.651718983558,0.829549324872,no-vegas,-1,2014
1,"(0.1, 0.15]",836,0.123402816353,0.159090909091,0.635167464115,0.775674845648,no-vegas,-1,2014
1,"(0.15, 0.2]",552,0.173082816284,0.166666666667,0.673913043478,1.03849689771,no-vegas,-1,2014
1,"(0.2, 0.3]",729,0.245337110391,0.296296296296,0.880658436214,0.828012747571,no-vegas,-1,2014
1,"(0.3, 0.4]",433,0.345424214412,0.327944572748,0.949191685912,1.05330059747,no-vegas,-1,2014
1,"(0.4, 0.6]",352,0.482635310938,0.457386363636,0.982954545455,1.05520266739,no-vegas,-1,2014
1,"(0.6, 0.8]",162,0.687537916021,0.635802469136,0.956790123457,1.08137031452,no-vegas,-1,2014
1,"(0.8, 1.0]",58,0.888309559206,0.586206896552,0.758620689655,1.515351601,no-vegas,-1,2014
1,"(1.0, inf]",420,1.69426681409,1.42619047619,0.819047619048,1.18796671438,no-vegas,-1,2014
1,"(-0.001, 0.05]",5,0.0482155490565,0.2,0.8,0.241077745282,player-vegas,-1,2014
1,"(0.05, 0.1]",321,0.0810668409142,0.105919003115,0.753894080997,0.765366350984,player-vegas,-1,2014
1,"(0.1, 0.15]",798,0.126783415894,0.102756892231,0.710526315789,1.23381909614,player-vegas,-1,2014
1,"(0.15, 0.2]",832,0.174980606876,0.0757211538462,0.699519230769,2.31085499875,player-vegas,-1,2014
1,"(0.2, 0.3]",1147,0.245269086585,0.16652136007,0.781168265039,1.47289865086,player-vegas,-1,2014
1,"(0.3, 0.4]",597,0.34484663614,0.2797319933,0.887772194305,1.23277510045,player-vegas,-1,2014
1,"(0.4, 0.6]",513,0.478932225136,0.40350877193,0.953216374269,1.18691899273,player-vegas,-1,2014
1,"(0.6, 0.8]",227,0.689450250177,0.550660792952,0.819383259912,1.25204165432,player-vegas,-1,2014
1,"(0.8, 1.0]",333,0.911173446456,0.294294294294,0.417417417417,3.09613018031,player-vegas,-1,2014
1,"(1.0, inf]",724,1.53905706867,0.940607734807,0.591160220994,1.63623688358,player-vegas,-1,2014
1,"(-0.001, 0.05]",607,0.0383045616587,0.248764415157,0.728171334432,0.153979264416,random,0,2014
1,"(0.05, 0.1]",1321,0.0729299794247,0.245268735806,0.777441332324,0.297347230926,random,0,2014
1,"(0.1, 0.15]",871,0.123165970573,0.319173363949,0.764638346728,0.385890504924,random,0,2014
1,"(0.15, 0.2]",544,0.173358983484,0.347426470588,0.680147058824,0.498980354577,random,0,2014
1,"(0.2, 0.3]",732,0.245372488286,0.258196721311,0.771857923497,0.950331541934,random,0,2014
1,"(0.3, 0.4]",412,0.348226936894,0.199029126214,0.769417475728,1.7496280244,random,0,2014
1,"(0.4, 0.6]",341,0.483320606926,0.211143695015,0.765395894428,2.28906009669,random,0,2014
1,"(0.6, 0.8]",167,0.69247248572,0.167664670659,0.808383233533,4.13010375412,random,0,2014
1,"(0.8, 1.0]",88,0.889232786716,0.443181818182,0.693181818182,2.00647398028,random,0,2014
1,"(1.0, inf]",414,1.7699179369,0.717391304348,0.528985507246,2.46715833629,random,0,2014
1,"(-0.001, 0.05]",614,0.0384108803895,0.187296416938,0.688925081433,0.205080700514,random,1,2014
1,"(0.05, 0.1]",1309,0.0729285048771,0.242933537051,0.781512605042,0.300199411585,random,1,2014
1,"(0.1, 0.15]",865,0.122989682391,0.312138728324,0.746820809249,0.394022500993,random,1,2014
1,"(0.15, 0.2]",558,0.172783240869,0.360215053763,0.68458781362,0.479666907486,random,1,2014
1,"(0.2, 0.3]",723,0.244937200242,0.248962655602,0.752420470263,0.983831087639,random,1,2014
1,"(0.3, 0.4]",417,0.347110651198,0.242206235012,0.846522781775,1.43312021336,random,1,2014
1,"(0.4, 0.6]",340,0.484125640256,0.205882352941,0.805882352941,2.35146739553,random,1,2014
1,"(0.6, 0.8]",169,0.690939099652,0.272189349112,0.804733727811,2.53845017046,random,1,2014
1,"(0.8, 1.0]",89,0.889017506629,0.247191011236,0.640449438202,3.59647991318,random,1,2014
1,"(1.0, inf]",413,1.77225773478,0.789346246973,0.544794188862,2.24522222228,random,1,2014
1,"(-0.001, 0.05]",609,0.0382983972874,0.308702791461,0.745484400657,0.124062361426,random,2,2014
1,"(0.05, 0.1]",1318,0.0729084745331,0.229893778452,0.786798179059,0.317139833117,random,2,2014
1,"(0.1, 0.15]",867,0.123083821259,0.286043829296,0.724336793541,0.430297068677,random,2,2014
1,"(0.15, 0.2]",549,0.173020563193,0.338797814208,0.684881602914,0.510689726844,random,2,2014
1,"(0.2, 0.3]",731,0.245348722039,0.28317373461,0.759233926129,0.866424714061,random,2,2014
1,"(0.3, 0.4]",410,0.346182695906,0.209756097561,0.79756097561,1.65040587583,random,2,2014
1,"(0.4, 0.6]",344,0.484007622901,0.223837209302,0.843023255814,2.16231976984,random,2,2014
1,"(0.6, 0.8]",165,0.694230179813,0.157575757576,0.727272727273,4.40569152573,random,2,2014
1,"(0.8, 1.0]",91,0.893857356292,0.516483516484,0.78021978022,1.73065998771,random,2,2014
1,"(1.0, inf]",413,1.77328849071,0.680387409201,0.496368038741,2.60629233687,random,2,2014
1,"(-0.001, 0.05]",614,0.0383091722462,0.250814332248,0.721498371336,0.152739167267,random,3,2014
1,"(0.05, 0.1]",1319,0.0730256495164,0.217589082638,0.769522365428,0.335612654049,random,3,2014
1,"(0.1, 0.15]",870,0.123479101245,0.314942528736,0.731034482759,0.392068679135,random,3,2014
1,"(0.15, 0.2]",539,0.173223485237,0.356215213358,0.684601113173,0.486288846578,random,3,2014
1,"(0.2, 0.3]",728,0.245527611306,0.285714285714,0.75,0.859346639572,random,3,2014
1,"(0.3, 0.4]",413,0.346927638815,0.254237288136,0.878934624697,1.36458204601,random,3,2014
1,"(0.4, 0.6]",342,0.483504242968,0.16081871345,0.798245614035,3.00651729264,random,3,2014
1,"(0.6, 0.8]",166,0.693701046765,0.210843373494,0.78313253012,3.29012496466,random,3,2014
1,"(0.8, 1.0]",92,0.889728774989,0.510869565217,0.826086956522,1.74159675104,random,3,2014
1,"(1.0, inf]",414,1.77012115815,0.705314009662,0.512077294686,2.50969232696,random,3,2014
1,"(-0.001, 0.05]",612,0.0383952508572,0.277777777778,0.735294117647,0.138222903086,random,4,2014
1,"(0.05, 0.1]",1322,0.0731264154276,0.216338880484,0.763993948563,0.338017906277,random,4,2014
1,"(0.1, 0.15]",858,0.123158851602,0.325174825175,0.735431235431,0.378746575895,random,4,2014
1,"(0.15, 0.2]",555,0.173017104476,0.354954954955,0.675675675676,0.487433974538,random,4,2014
1,"(0.2, 0.3]",723,0.245447443764,0.293222683264,0.788381742739,0.837068404913,random,4,2014
1,"(0.3, 0.4]",415,0.346295599269,0.2,0.795180722892,1.73147799635,random,4,2014
1,"(0.4, 0.6]",341,0.481965514793,0.255131964809,0.824046920821,1.88908322465,random,4,2014
1,"(0.6, 0.8]",168,0.694655493488,0.220238095238,0.827380952381,3.15411142989,random,4,2014
1,"(0.8, 1.0]",89,0.891686028639,0.348314606742,0.707865168539,2.56000182416,random,4,2014
1,"(1.0, inf]",414,1.77216711248,0.644927536232,0.51690821256,2.74785462385,random,4,2014
1,"(-0.001, 0.05]",614,0.0384277556465,0.273615635179,0.745928338762,0.140444297422,random,5,2014
1,"(0.05, 0.1]",1319,0.0730531947799,0.271417740713,0.790750568613,0.269154089147,random,5,2014
1,"(0.1, 0.15]",857,0.123245477257,0.325554259043,0.760793465578,0.378571233007,random,5,2014
1,"(0.15, 0.2]",553,0.172830723833,0.305605786618,0.703435804702,0.565534853725,random,5,2014
1,"(0.2, 0.3]",727,0.245121085588,0.250343878955,0.760660247593,0.9791375232,random,5,2014
1,"(0.3, 0.4]",415,0.346163902764,0.180722891566,0.766265060241,1.91544026196,random,5,2014
1,"(0.4, 0.6]",340,0.483461265734,0.188235294118,0.758823529412,2.56838797421,random,5,2014
1,"(0.6, 0.8]",169,0.691468783043,0.295857988166,0.792899408284,2.33716448669,random,5,2014
1,"(0.8, 1.0]",89,0.888204459869,0.359550561798,0.662921348315,2.47031865401,random,5,2014
1,"(1.0, inf]",414,1.77280598523,0.657004830918,0.480676328502,2.69831499223,random,5,2014
1,"(-0.001, 0.05]",609,0.0384167061685,0.343185550082,0.761904761905,0.111941502663,random,6,2014
1,"(0.05, 0.1]",1323,0.0729117715021,0.225245653817,0.767195767196,0.323698905024,random,6,2014
1,"(0.1, 0.15]",859,0.123300977966,0.305005820722,0.743888242142,0.404257786536,random,6,2014
1,"(0.15, 0.2]",559,0.173093985607,0.400715563506,0.717352415027,0.43196222301,random,6,2014
1,"(0.2, 0.3]",726,0.245882584852,0.20523415978,0.720385674931,1.19805876915,random,6,2014
1,"(0.3, 0.4]",412,0.347113129201,0.21359223301,0.81067961165,1.62512055944,random,6,2014
1,"(0.4, 0.6]",335,0.483729372842,0.191044776119,0.817910447761,2.53202093597,random,6,2014
1,"(0.6, 0.8]",171,0.690001639163,0.25730994152,0.818713450292,2.68159727947,random,6,2014
1,"(0.8, 1.0]",90,0.892137827827,0.5,0.755555555556,1.78427565565,random,6,2014
1,"(1.0, inf]",413,1.77277351035,0.64406779661,0.496368038741,2.75246413449,random,6,2014
1,"(-0.001, 0.05]",610,0.038302749429,0.254098360656,0.701639344262,0.150739852592,random,7,2014
1,"(0.05, 0.1]",1321,0.0729603708586,0.254352763058,0.783497350492,0.286847172334,random,7,2014
1,"(0.1, 0.15]",866,0.123254504885,0.294457274827,0.713625866051,0.418581965609,random,7,2014
1,"(0.15, 0.2]",543,0.173073379445,0.418047882136,0.709023941068,0.414003722637,random,7,2014
1,"(0.2, 0.3]",728,0.245379965065,0.245879120879,0.792582417582,0.997969913785,random,7,2014
1,"(0.3, 0.4]",421,0.34720566134,0.220902612827,0.805225653207,1.57175896155,random,7,2014
1,"(0.4, 0.6]",338,0.483752584416,0.201183431953,0.819526627219,2.40453490489,random,7,2014
1,"(0.6, 0.8]",168,0.693763842914,0.196428571429,0.75,3.53188865484,random,7,2014
1,"(0.8, 1.0]",88,0.892991974628,0.215909090909,0.647727272727,4.13596282986,random,7,2014
1,"(1.0, inf]",414,1.77005845793,0.685990338164,0.533816425121,2.58029648445,random,7,2014
1,"(-0.001, 0.05]",617,0.0384233355313,0.235008103728,0.724473257699,0.163497917399,random,8,2014
1,"(0.05, 0.1]",1311,0.0730367587591,0.252479023646,0.771929824561,0.289278521852,random,8,2014
1,"(0.1, 0.15]",868,0.123127925185,0.289170506912,0.753456221198,0.42579696837,random,8,2014
1,"(0.15, 0.2]",550,0.173399087845,0.330909090909,0.7,0.524008232498,random,8,2014
1,"(0.2, 0.3]",721,0.245633979586,0.27600554785,0.803051317614,0.889960297898,random,8,2014
1,"(0.3, 0.4]",424,0.346949739035,0.23820754717,0.775943396226,1.45650187476,random,8,2014
1,"(0.4, 0.6]",338,0.485367364941,0.189349112426,0.786982248521,2.56334639609,random,8,2014
1,"(0.6, 0.8]",162,0.691408423878,0.259259259259,0.79012345679,2.66686106353,random,8,2014
1,"(0.8, 1.0]",92,0.889653901856,0.608695652174,0.782608695652,1.46157426733,random,8,2014
1,"(1.0, inf]",414,1.77209686534,0.671497584541,0.461352657005,2.63902195055,random,8,2014
1,"(-0.001, 0.05]",612,0.0384272623138,0.251633986928,0.753267973856,0.152710938546,random,9,2014
1,"(0.05, 0.1]",1319,0.0729137308715,0.230477634572,0.75966641395,0.316359246774,random,9,2014
1,"(0.1, 0.15]",862,0.123148154999,0.299303944316,0.726218097448,0.411448486857,random,9,2014
1,"(0.15, 0.2]",548,0.17299828628,0.326642335766,0.673357664234,0.529626038443,random,9,2014
1,"(0.2, 0.3]",730,0.245213494385,0.264383561644,0.775342465753,0.927491455447,random,9,2014
1,"(0.3, 0.4]",417,0.347038829045,0.232613908873,0.810551558753,1.4919091929,random,9,2014
1,"(0.4, 0.6]",337,0.483796188896,0.237388724036,0.830860534125,2.03799144573,random,9,2014
1,"(0.6, 0.8]",166,0.69126751117,0.295180722892,0.78313253012,2.34184503784,random,9,2014
1,"(0.8, 1.0]",92,0.892227030127,0.304347826087,0.717391304348,2.93160309899,random,9,2014
1,"(1.0, inf]",414,1.77015596373,0.74154589372,0.54347826087,2.38711585989,random,9,2014
1,"(-0.001, 0.05]",611,0.0383425592234,0.225859247136,0.72504091653,0.169763070185,random,10,2014
1,"(0.05, 0.1]",1324,0.0729444525649,0.250755287009,0.777190332326,0.290898961434,random,10,2014
1,"(0.1, 0.15]",856,0.123290213405,0.308411214953,0.734813084112,0.399759176798,random,10,2014
1,"(0.15, 0.2]",553,0.172814296992,0.31103074141,0.670886075949,0.555618059514,random,10,2014
1,"(0.2, 0.3]",722,0.245248447511,0.247922437673,0.760387811634,0.989214408397,random,10,2014
1,"(0.3, 0.4]",417,0.34662704764,0.230215827338,0.805755395683,1.50566123819,random,10,2014
1,"(0.4, 0.6]",341,0.482840700121,0.243401759531,0.791788856305,1.98371902098,random,10,2014
1,"(0.6, 0.8]",170,0.69198768044,0.341176470588,0.870588235294,2.02823975301,random,10,2014
1,"(0.8, 1.0]",90,0.892445020393,0.311111111111,0.744444444444,2.86857327984,random,10,2014
1,"(1.0, inf]",413,1.77323972005,0.72397094431,0.535108958838,2.44932442937,random,10,2014
1,"(-0.001, 0.05]",609,0.0383663431465,0.295566502463,0.770114942529,0.129806127645,random,11,2014
1,"(0.05, 0.1]",1323,0.0731069110137,0.234315948602,0.745275888133,0.312001429907,random,11,2014
1,"(0.1, 0.15]",858,0.123019153313,0.293706293706,0.729603729604,0.418850926758,random,11,2014
1,"(0.15, 0.2]",553,0.173137676713,0.349005424955,0.692585895118,0.496088783535,random,11,2014
1,"(0.2, 0.3]",729,0.244976350665,0.241426611797,0.791495198903,1.01470317974,random,11,2014
1,"(0.3, 0.4]",420,0.346403766549,0.214285714286,0.840476190476,1.61655091056,random,11,2014
1,"(0.4, 0.6]",336,0.485216119357,0.199404761905,0.78869047619,2.43332262842,random,11,2014
1,"(0.6, 0.8]",166,0.695255662043,0.253012048193,0.795180722892,2.74791523569,random,11,2014
1,"(0.8, 1.0]",90,0.891186620654,0.311111111111,0.6,2.86452842353,random,11,2014
1,"(1.0, inf]",413,1.77080742339,0.753026634383,0.52784503632,2.35158670695,random,11,2014
1,"(-0.001, 0.05]",609,0.038378376874,0.228243021346,0.725779967159,0.168146989326,random,12,2014
1,"(0.05, 0.1]",1319,0.0728513111795,0.219105382866,0.780894617134,0.332494392546,random,12,2014
1,"(0.1, 0.15]",862,0.123045517474,0.298143851508,0.747099767981,0.412705198688,random,12,2014
1,"(0.15, 0.2]",550,0.172644758123,0.432727272727,0.696363636364,0.398968978855,random,12,2014
1,"(0.2, 0.3]",734,0.245458943683,0.287465940054,0.771117166213,0.85387139651,random,12,2014
1,"(0.3, 0.4]",412,0.347206867509,0.152912621359,0.757281553398,2.27062268911,random,12,2014
1,"(0.4, 0.6]",344,0.483495928263,0.252906976744,0.796511627907,1.9117540152,random,12,2014
1,"(0.6, 0.8]",161,0.693495272169,0.223602484472,0.739130434783,3.1014649672,random,12,2014
1,"(0.8, 1.0]",91,0.889291771923,0.340659340659,0.736263736264,2.61050165307,random,12,2014
1,"(1.0, inf]",415,1.76812197849,0.718072289157,0.544578313253,2.46231752038,random,12,2014
1,"(-0.001, 0.05]",608,0.0382857873354,0.277960526316,0.735197368421,0.137738217159,random,13,2014
1,"(0.05, 0.1]",1328,0.073062992466,0.230421686747,0.775602409639,0.317083836585,random,13,2014
1,"(0.1, 0.15]",852,0.123308321555,0.287558685446,0.730046948357,0.428810979447,random,13,2014
1,"(0.15, 0.2]",559,0.173157987327,0.357781753131,0.683363148479,0.483976574579,random,13,2014
1,"(0.2, 0.3]",722,0.245245636471,0.285318559557,0.774238227147,0.859550240448,random,13,2014
1,"(0.3, 0.4]",416,0.346313964021,0.247596153846,0.831730769231,1.39870494207,random,13,2014
1,"(0.4, 0.6]",343,0.481758668395,0.201166180758,0.801749271137,2.3948293226,random,13,2014
1,"(0.6, 0.8]",165,0.691845636723,0.175757575758,0.709090909091,3.93636310549,random,13,2014
1,"(0.8, 1.0]",91,0.893373276558,0.274725274725,0.692307692308,3.25187872667,random,13,2014
1,"(1.0, inf]",413,1.77473795739,0.719128329298,0.537530266344,2.46790160405,random,13,2014
1,"(-0.001, 0.05]",615,0.0384247060256,0.255284552846,0.726829268293,0.150517160546,random,14,2014
1,"(0.05, 0.1]",1321,0.073074368341,0.231642694928,0.766086298259,0.315461570518,random,14,2014
1,"(0.1, 0.15]",854,0.123222205447,0.332552693208,0.728337236534,0.370534378352,random,14,2014
1,"(0.15, 0.2]",554,0.172828088363,0.362815884477,0.720216606498,0.476352044543,random,14,2014
1,"(0.2, 0.3]",727,0.245805438495,0.266850068776,0.781292984869,0.921136875185,random,14,2014
1,"(0.3, 0.4]",414,0.34687459733,0.193236714976,0.823671497585,1.79507604118,random,14,2014
1,"(0.4, 0.6]",338,0.482335977967,0.192307692308,0.778106508876,2.50814708543,random,14,2014
1,"(0.6, 0.8]",171,0.691720381482,0.216374269006,0.766081871345,3.19686987118,random,14,2014
1,"(0.8, 1.0]",89,0.891631212136,0.449438202247,0.76404494382,1.983879447,random,14,2014
1,"(1.0, inf]",414,1.7704371693,0.688405797101,0.512077294686,2.57179294066,random,14,2014
1,"(-0.001, 0.05]",619,0.0384651756422,0.287560581583,0.741518578352,0.133763728778,random,15,2014
1,"(0.05, 0.1]",1313,0.0731032597966,0.240670220868,0.785224676314,0.303748671244,random,15,2014
1,"(0.1, 0.15]",858,0.123241565905,0.329836829837,0.722610722611,0.373644040799,random,15,2014
1,"(0.15, 0.2]",551,0.172900099176,0.350272232305,0.691470054446,0.493616345315,random,15,2014
1,"(0.2, 0.3]",732,0.245379281205,0.248633879781,0.760928961749,0.986910076054,random,15,2014
1,"(0.3, 0.4]",413,0.347186589694,0.191283292978,0.801452784504,1.81503875371,random,15,2014
1,"(0.4, 0.6]",343,0.484761850248,0.218658892128,0.807580174927,2.21697752847,random,15,2014
1,"(0.6, 0.8]",169,0.695632785598,0.260355029586,0.757396449704,2.67186229014,random,15,2014
1,"(0.8, 1.0]",85,0.892349639611,0.670588235294,0.8,1.330696831,random,15,2014
1,"(1.0, inf]",414,1.77318588861,0.584541062802,0.509661835749,3.03346676812,random,15,2014
1,"(-0.001, 0.05]",613,0.0383650591547,0.272430668842,0.755301794454,0.140825037496,random,16,2014
1,"(0.05, 0.1]",1319,0.073123979257,0.226686884003,0.796057619409,0.322577018863,random,16,2014
1,"(0.1, 0.15]",865,0.123118941538,0.327167630058,0.720231213873,0.376317612829,random,16,2014
1,"(0.15, 0.2]",545,0.173170683965,0.357798165138,0.711926605505,0.483989860311,random,16,2014
1,"(0.2, 0.3]",736,0.245770958766,0.23097826087,0.73777173913,1.0640436803,random,16,2014
1,"(0.3, 0.4]",413,0.347640236549,0.198547215496,0.784503631961,1.75091972799,random,16,2014
1,"(0.4, 0.6]",337,0.485236411775,0.178041543027,0.771513353116,2.72541117947,random,16,2014
1,"(0.6, 0.8]",166,0.695428897478,0.246987951807,0.771084337349,2.81563895077,random,16,2014
1,"(0.8, 1.0]",88,0.891192993581,0.431818181818,0.727272727273,2.06381535356,random,16,2014
1,"(1.0, inf]",415,1.76994923311,0.756626506024,0.530120481928,2.33926411383,random,16,2014
1,"(-0.001, 0.05]",613,0.0383094628196,0.285481239804,0.755301794454,0.134192575477,random,17,2014
1,"(0.05, 0.1]",1314,0.0729602157049,0.22602739726,0.751141552511,0.322793681604,random,17,2014
1,"(0.1, 0.15]",860,0.123064594815,0.296511627907,0.733720930233,0.415041378593,random,17,2014
1,"(0.15, 0.2]",553,0.172928140881,0.421338155515,0.70705244123,0.410426016768,random,17,2014
1,"(0.2, 0.3]",726,0.244656566625,0.268595041322,0.779614325069,0.910875217279,random,17,2014
1,"(0.3, 0.4]",426,0.346500509494,0.253521126761,0.830985915493,1.36675200967,random,17,2014
1,"(0.4, 0.6]",333,0.484418640584,0.213213213213,0.825825825826,2.27199165232,random,17,2014
1,"(0.6, 0.8]",167,0.692614182466,0.209580838323,0.766467065868,3.30475909919,random,17,2014
1,"(0.8, 1.0]",93,0.890035140878,0.290322580645,0.677419354839,3.06567659636,random,17,2014
1,"(1.0, inf]",412,1.77429924961,0.614077669903,0.497572815534,2.88937269106,random,17,2014
1,"(-0.001, 0.05]",610,0.038293668729,0.262295081967,0.727868852459,0.145994612029,random,18,2014
1,"(0.05, 0.1]",1321,0.0729794066546,0.247539742619,0.78955336866,0.294818948596,random,18,2014
1,"(0.1, 0.15]",863,0.123227931896,0.356894553882,0.768250289687,0.345278263723,random,18,2014
1,"(0.15, 0.2]",553,0.173325346638,0.350813743219,0.68896925859,0.494066580882,random,18,2014
1,"(0.2, 0.3]",726,0.245670222456,0.239669421488,0.747933884298,1.02503782473,random,18,2014
1,"(0.3, 0.4]",411,0.346191711411,0.187347931873,0.800486618005,1.84785445961,random,18,2014
1,"(0.4, 0.6]",343,0.483806429891,0.189504373178,0.752186588921,2.55300931465,random,18,2014
1,"(0.6, 0.8]",165,0.693694148825,0.218181818182,0.769696969697,3.17943151545,random,18,2014
1,"(0.8, 1.0]",92,0.890499140467,0.413043478261,0.75,2.15594528745,random,18,2014
1,"(1.0, inf]",413,1.77417070538,0.653753026634,0.498789346247,2.71382407897,random,18,2014
1,"(-0.001, 0.05]",613,0.0384423006362,0.303425774878,0.745513866232,0.126694248871,random,19,2014
1,"(0.05, 0.1]",1324,0.0731143653913,0.2416918429,0.780966767372,0.302510686806,random,19,2014
1,"(0.1, 0.15]",859,0.123415717052,0.294528521537,0.721769499418,0.419028066986,random,19,2014
1,"(0.15, 0.2]",550,0.173241539164,0.345454545455,0.687272727273,0.501488666001,random,19,2014
1,"(0.2, 0.3]",722,0.244984440007,0.246537396122,0.756232686981,0.993700930816,random,19,2014
1,"(0.3, 0.4]",419,0.346579536187,0.241050119332,0.811455847255,1.43779035309,random,19,2014
1,"(0.4, 0.6]",340,0.484047602976,0.238235294118,0.8,2.03180475323,random,19,2014
1,"(0.6, 0.8]",165,0.693327183138,0.163636363636,0.824242424242,4.23699945251,random,19,2014
1,"(0.8, 1.0]",91,0.891205481201,0.351648351648,0.703296703297,2.53436558717,random,19,2014
1,"(1.0, inf]",414,1.77115804673,0.678743961353,0.521739130435,2.60946416849,random,19,2014
1,"(0.05, 0.1]",63,0.0901047397087,0.0952380952381,0.714285714286,0.946099766941,regressed-rate,-1,2014
1,"(0.1, 0.15]",377,0.129830030874,0.103448275862,0.753315649867,1.25502363179,regressed-rate,-1,2014
1,"(0.15, 0.2]",1309,0.185500258865,0.128342245989,0.682200152788,1.44535618365,regressed-rate,-1,2014
1,"(0.2, 0.3]",1331,0.255391536582,0.161532682194,0.794139744553,1.58105179158,regressed-rate,-1,2014
1,"(0.3, 0.4]",649,0.338400745868,0.234206471495,0.887519260401,1.44488213203,regressed-rate,-1,2014
1,"(0.4, 0.6]",553,0.479711794062,0.376130198915,0.952983725136,1.27538760633,regressed-rate,-1,2014
1,"(0.6, 0.8]",183,0.677705586389,0.595628415301,0.912568306011,1.13779928724,regressed-rate,-1,2014
1,"(0.8, 1.0]",279,0.955051611724,0.290322580645,0.311827956989,3.28962221816,regressed-rate,-1,2014
1,"(1.0, inf]",753,1.4773834032,0.891102257636,0.567065073041,1.65792802177,regressed-rate,-1,2014
1,"(-0.001, 0.05]",615,0.0385239900362,0.10406504065,0.590243902439,0.370191466754,shipped,-1,2014
1,"(0.05, 0.1]",1314,0.0732174243228,0.0829528158295,0.638508371385,0.882639408809,shipped,-1,2014
1,"(0.1, 0.15]",862,0.12326307334,0.149651972158,0.645011600928,0.823664877667,shipped,-1,2014
1,"(0.15, 0.2]",544,0.17284901102,0.167279411765,0.681985294118,1.03329518676,shipped,-1,2014
1,"(0.2, 0.3]",745,0.245093485074,0.284563758389,0.864429530201,0.861295501794,shipped,-1,2014
1,"(0.3, 0.4]",417,0.346689411272,0.335731414868,0.952038369305,1.032639175,shipped,-1,2014
1,"(0.4, 0.6]",330,0.483689318517,0.433333333333,0.969696969697,1.11620611965,shipped,-1,2014
1,"(0.6, 0.8]",168,0.692144954762,0.64880952381,0.922619047619,1.06679222385,shipped,-1,2014
1,"(0.8, 1.0]",91,0.887443424104,0.472527472527,0.714285714286,1.87807794403,shipped,-1,2014
1,"(1.0, inf]",411,1.77674130803,1.48175182482,0.858880778589,1.19908157241,shipped,-1,2014
1,"(0.05, 0.1]",371,0.0862912715626,0.10781671159,0.407008086253,0.800351543743,vegas-environment,-1,2014
1,"(0.1, 0.15]",658,0.12808046784,0.0866261398176,0.621580547112,1.47854294454,vegas-environment,-1,2014
1,"(0.15, 0.2]",1186,0.17292050765,0.105396290051,0.694772344013,1.64066977659,vegas-environment,-1,2014
1,"(0.2, 0.3]",1439,0.248381941875,0.225851285615,0.701181375956,1.09975881341,vegas-environment,-1,2014
1,"(0.3, 0.4]",1000,0.344245840984,0.315,0.93,1.09284393963,vegas-environment,-1,2014
1,"(0.4, 0.6]",423,0.456249807078,0.463356973995,0.964539007092,0.984661573438,vegas-environment,-1,2014
1,"(0.6, 0.8]",2,0.605338356456,0,0.5,,vegas-environment,-1,2014
1,"(1.0, inf]",418,1.61603164687,1.41387559809,0.791866028708,1.14298008188,vegas-environment,-1,2014
1,"(-0.001, 0.05]",627,0.0387223783278,0.106858054226,0.591706539075,0.362372107635,within-player,0,2014
1,"(0.05, 0.1]",1286,0.0733797700343,0.0824261275272,0.636080870918,0.890248908152,within-player,0,2014
1,"(0.1, 0.15]",873,0.123060807255,0.138602520046,0.641466208477,0.887868468871,within-player,0,2014
1,"(0.15, 0.2]",566,0.172606128538,0.166077738516,0.703180212014,1.03930924205,within-player,0,2014
1,"(0.2, 0.3]",691,0.244231540383,0.289435600579,0.852387843705,0.843819972022,within-player,0,2014
1,"(0.3, 0.4]",432,0.343640480148,0.340277777778,0.953703703704,1.00988222737,within-player,0,2014
1,"(0.4, 0.6]",344,0.482424521286,0.447674418605,0.968023255814,1.07762360599,within-player,0,2014
1,"(0.6, 0.8]",172,0.687576770777,0.610465116279,0.924418604651,1.12631623404,within-player,0,2014
1,"(0.8, 1.0]",97,0.886437796368,0.432989690722,0.731958762887,2.04724919637,within-player,0,2014
1,"(1.0, inf]",409,1.78577364426,1.49877750611,0.860635696822,1.19148681974,within-player,0,2014
1,"(-0.001, 0.05]",624,0.0382419186632,0.0977564102564,0.584935897436,0.391196020424,within-player,1,2014
1,"(0.05, 0.1]",1297,0.0734400949447,0.0940632228219,0.636083269082,0.780752484781,within-player,1,2014
1,"(0.1, 0.15]",853,0.123092035627,0.133645955451,0.663540445487,0.921030757805,within-player,1,2014
1,"(0.15, 0.2]",568,0.173434864498,0.165492957746,0.670774647887,1.04798939399,within-player,1,2014
1,"(0.2, 0.3]",721,0.243947226663,0.299583911234,0.861303744799,0.814286807519,within-player,1,2014
1,"(0.3, 0.4]",405,0.345615816335,0.323456790123,0.943209876543,1.0685069131,within-player,1,2014
1,"(0.4, 0.6]",358,0.480718732221,0.449720670391,0.974860335196,1.0689273673,within-player,1,2014
1,"(0.6, 0.8]",163,0.695236197008,0.576687116564,0.920245398773,1.20556915013,within-player,1,2014
1,"(0.8, 1.0]",106,0.881389861319,0.518867924528,0.716981132075,1.69867864181,within-player,1,2014
1,"(1.0, inf]",402,1.80390663,1.49502487562,0.865671641791,1.20660643138,within-player,1,2014
1,"(-0.001, 0.05]",620,0.0385544294563,0.104838709677,0.593548387097,0.367749942506,within-player,2,2014
1,"(0.05, 0.1]",1284,0.0733446286916,0.0903426791277,0.633177570093,0.811849165862,within-player,2,2014
1,"(0.1, 0.15]",867,0.122855745845,0.131487889273,0.644752018454,0.934350277607,within-player,2,2014
1,"(0.15, 0.2]",573,0.173401924332,0.158813263525,0.694589877836,1.0918604686,within-player,2,2014
1,"(0.2, 0.3]",707,0.244621392475,0.298444130127,0.855728429986,0.819655566254,within-player,2,2014
1,"(0.3, 0.4]",430,0.346606326574,0.318604651163,0.951162790698,1.08788847027,within-player,2,2014
1,"(0.4, 0.6]",339,0.483973404346,0.483775811209,0.979351032448,1.00040843947,within-player,2,2014
1,"(0.6, 0.8]",179,0.695204557233,0.553072625698,0.893854748603,1.25698601762,within-player,2,2014
1,"(0.8, 1.0]",93,0.88520139309,0.612903225806,0.806451612903,1.44427595715,within-player,2,2014
1,"(1.0, inf]",405,1.79423296693,1.46913580247,0.849382716049,1.22128462455,within-player,2,2014
1,"(-0.001, 0.05]",623,0.0390385710737,0.104333868379,0.579454253612,0.374169688906,within-player,3,2014
1,"(0.05, 0.1]",1271,0.0730720436849,0.0818253343824,0.636506687648,0.893024687726,within-player,3,2014
1,"(0.1, 0.15]",880,0.123171076458,0.155681818182,0.659090909091,0.791171877978,within-player,3,2014
1,"(0.15, 0.2]",566,0.173014596051,0.157243816254,0.685512367491,1.10029507152,within-player,3,2014
1,"(0.2, 0.3]",730,0.243838441294,0.293150684932,0.852054794521,0.831785337124,within-player,3,2014
1,"(0.3, 0.4]",400,0.344649092262,0.34,0.955,1.01367380077,within-player,3,2014
1,"(0.4, 0.6]",366,0.486752672331,0.426229508197,0.969945355191,1.14199665431,within-player,3,2014
1,"(0.6, 0.8]",164,0.688725687166,0.603658536585,0.939024390244,1.14091932015,within-player,3,2014
1,"(0.8, 1.0]",89,0.885155348892,0.584269662921,0.730337078652,1.51497742407,within-player,3,2014
1,"(1.0, inf]",408,1.78901432972,1.46323529412,0.850490196078,1.22264295901,within-player,3,2014
1,"(-0.001, 0.05]",617,0.038470177645,0.0940032414911,0.591572123177,0.409243096672,within-player,4,2014
1,"(0.05, 0.1]",1286,0.0728065476413,0.0878693623639,0.639191290824,0.828577170502,within-player,4,2014
1,"(0.1, 0.15]",886,0.123119538403,0.147855530474,0.648984198646,0.83270161088,within-player,4,2014
1,"(0.15, 0.2]",554,0.173685547932,0.166064981949,0.673285198556,1.04588906038,within-player,4,2014
1,"(0.2, 0.3]",744,0.245198450814,0.288978494624,0.864247311828,0.848500685609,within-player,4,2014
1,"(0.3, 0.4]",391,0.347084061152,0.309462915601,0.946291560102,1.12156915629,within-player,4,2014
1,"(0.4, 0.6]",347,0.482746723763,0.487031700288,0.979827089337,0.991201852934,within-player,4,2014
1,"(0.6, 0.8]",169,0.697007669745,0.585798816568,0.917159763314,1.18984137562,within-player,4,2014
1,"(0.8, 1.0]",92,0.885324438161,0.521739130435,0.75,1.69687183981,within-player,4,2014
1,"(1.0, inf]",411,1.7779371022,1.46715328467,0.85401459854,1.21182777612,within-player,4,2014
1,"(-0.001, 0.05]",601,0.038425207794,0.109816971714,0.594009983361,0.349902270973,within-player,5,2014
1,"(0.05, 0.1]",1332,0.0730941421709,0.0765765765766,0.626126126126,0.954523503644,within-player,5,2014
1,"(0.1, 0.15]",838,0.122221295051,0.156324582339,0.656324582339,0.781843093535,within-player,5,2014
1,"(0.15, 0.2]",569,0.173420318952,0.165202108963,0.683655536028,1.04974639877,within-player,5,2014
1,"(0.2, 0.3]",731,0.24605373687,0.27633378933,0.860465116279,0.890422186396,within-player,5,2014
1,"(0.3, 0.4]",411,0.346587987264,0.357664233577,0.961070559611,0.969031719494,within-player,5,2014
1,"(0.4, 0.6]",339,0.486995177744,0.451327433628,0.970501474926,1.07902853108,within-player,5,2014
1,"(0.6, 0.8]",167,0.697580799808,0.586826347305,0.928143712575,1.18873462824,within-player,5,2014
1,"(0.8, 1.0]",100,0.887106140354,0.52,0.73,1.70597334683,within-player,5,2014
1,"(1.0, inf]",409,1.7976021643,1.47677261614,0.860635696822,1.21725047219,within-player,5,2014
1,"(-0.001, 0.05]",626,0.0386334385242,0.0974440894569,0.603833865815,0.396467746167,within-player,6,2014
1,"(0.05, 0.1]",1301,0.0734625949546,0.0860876249039,0.62567255957,0.853346750321,within-player,6,2014
1,"(0.1, 0.15]",840,0.12284358732,0.157142857143,0.663095238095,0.781731919307,within-player,6,2014
1,"(0.15, 0.2]",587,0.173083946981,0.173764906303,0.678023850085,0.99608114586,within-player,6,2014
1,"(0.2, 0.3]",731,0.246365378273,0.295485636115,0.857729138167,0.83376431258,within-player,6,2014
1,"(0.3, 0.4]",377,0.346008742661,0.281167108753,0.960212201592,1.23061599984,within-player,6,2014
1,"(0.4, 0.6]",363,0.48051218583,0.465564738292,0.96694214876,1.03210605595,within-player,6,2014
1,"(0.6, 0.8]",169,0.700386145517,0.585798816568,0.923076923077,1.19560867265,within-player,6,2014
1,"(0.8, 1.0]",81,0.881065571296,0.518518518519,0.777777777778,1.6991978875,within-player,6,2014
1,"(1.0, inf]",422,1.75635674556,1.44549763033,0.845971563981,1.21505335513,within-player,6,2014
1,"(-0.001, 0.05]",617,0.0382637723006,0.111831442464,0.588330632091,0.342155761007,within-player,7,2014
1,"(0.05, 0.1]",1307,0.0729062059723,0.0818668706963,0.632746748279,0.89054589912,within-player,7,2014
1,"(0.1, 0.15]",863,0.123577535183,0.146002317497,0.655851680185,0.846408038595,within-player,7,2014
1,"(0.15, 0.2]",559,0.173368276344,0.171735241503,0.69946332737,1.00950902579,within-player,7,2014
1,"(0.2, 0.3]",721,0.244522422533,0.29680998613,0.851595006935,0.82383489087,within-player,7,2014
1,"(0.3, 0.4]",399,0.345438526834,0.338345864662,0.944862155388,1.02096275709,within-player,7,2014
1,"(0.4, 0.6]",365,0.48078081791,0.416438356164,0.975342465753,1.15450656932,within-player,7,2014
1,"(0.6, 0.8]",165,0.699520850894,0.630303030303,0.921212121212,1.10981673459,within-player,7,2014
1,"(0.8, 1.0]",90,0.886878551905,0.411111111111,0.711111111111,2.15727215328,within-player,7,2014
1,"(1.0, inf]",411,1.76684875876,1.48175182482,0.858880778589,1.19240531995,within-player,7,2014
1,"(-0.001, 0.05]",620,0.0386376539612,0.108064516129,0.579032258065,0.357542469492,within-player,8,2014
1,"(0.05, 0.1]",1295,0.0733031755932,0.0818532818533,0.647104247104,0.895543513144,within-player,8,2014
1,"(0.1, 0.15]",851,0.123144309812,0.142185663925,0.646298472385,0.866081054961,within-player,8,2014
1,"(0.15, 0.2]",589,0.17345840926,0.166383701188,0.675721561969,1.04252043933,within-player,8,2014
1,"(0.2, 0.3]",710,0.245596187968,0.285915492958,0.860563380282,0.858981741168,within-player,8,2014
1,"(0.3, 0.4]",417,0.344980615367,0.354916067146,0.956834532374,0.972006193296,within-player,8,2014
1,"(0.4, 0.6]",334,0.483775003745,0.437125748503,0.97005988024,1.10671815925,within-player,8,2014
1,"(0.6, 0.8]",185,0.686726974652,0.589189189189,0.918918918919,1.16554578267,within-player,8,2014
1,"(0.8, 1.0]",85,0.889764808625,0.482352941176,0.717647058824,1.84463435934,within-player,8,2014
1,"(1.0, inf]",411,1.78157874472,1.48418491484,0.858880778589,1.20037518701,within-player,8,2014
1,"(-0.001, 0.05]",640,0.0385355814606,0.1015625,0.5765625,0.379427263612,within-player,9,2014
1,"(0.05, 0.1]",1275,0.0735143524194,0.0917647058824,0.644705882353,0.801117943031,within-player,9,2014
1,"(0.1, 0.15]",847,0.122383707094,0.134592680047,0.650531286895,0.909289472883,within-player,9,2014
1,"(0.15, 0.2]",589,0.172747776212,0.164685908319,0.684210526316,1.04895299164,within-player,9,2014
1,"(0.2, 0.3]",709,0.245344763925,0.299012693935,0.860366713681,0.820516215203,within-player,9,2014
1,"(0.3, 0.4]",427,0.345629006602,0.32318501171,0.943793911007,1.06944627405,within-player,9,2014
1,"(0.4, 0.6]",340,0.484670246522,0.435294117647,0.976470588235,1.11343164742,within-player,9,2014
1,"(0.6, 0.8]",160,0.696609728322,0.5875,0.91875,1.18571868651,within-player,9,2014
1,"(0.8, 1.0]",102,0.882208868695,0.529411764706,0.735294117647,1.66639452976,within-player,9,2014
1,"(1.0, inf]",408,1.78852452234,1.49509803922,0.860294117647,1.19625902478,within-player,9,2014
1,"(-0.001, 0.05]",609,0.0383204746495,0.100164203612,0.592775041051,0.382576541993,within-player,10,2014
1,"(0.05, 0.1]",1306,0.0732507192108,0.0888208269525,0.637059724349,0.824702062839,within-player,10,2014
1,"(0.1, 0.15]",871,0.122514655353,0.140068886338,0.642939150402,0.874674301745,within-player,10,2014
1,"(0.15, 0.2]",555,0.173762037563,0.147747747748,0.675675675676,1.17607232741,within-player,10,2014
1,"(0.2, 0.3]",720,0.244132248509,0.302777777778,0.865277777778,0.8063083437,within-player,10,2014
1,"(0.3, 0.4]",426,0.345591106101,0.366197183099,0.957746478873,0.943729558967,within-player,10,2014
1,"(0.4, 0.6]",344,0.485003917363,0.424418604651,0.970930232558,1.14274895598,within-player,10,2014
1,"(0.6, 0.8]",160,0.696100804987,0.61875,0.9125,1.125011402,within-player,10,2014
1,"(0.8, 1.0]",100,0.888916938216,0.46,0.79,1.93242812656,within-player,10,2014
1,"(1.0, inf]",406,1.77996955782,1.48522167488,0.849753694581,1.19845379846,within-player,10,2014
1,"(-0.001, 0.05]",590,0.0381096536989,0.103389830508,0.583050847458,0.368601568563,within-player,11,2014
1,"(0.05, 0.1]",1332,0.073144249651,0.0840840840841,0.635135135135,0.869894111921,within-player,11,2014
1,"(0.1, 0.15]",847,0.122955296178,0.157024793388,0.648170011806,0.783031096711,within-player,11,2014
1,"(0.15, 0.2]",569,0.173111686284,0.154657293497,0.699472759227,1.11932442609,within-player,11,2014
1,"(0.2, 0.3]",738,0.244478203804,0.281842818428,0.848238482385,0.867427473112,within-player,11,2014
1,"(0.3, 0.4]",400,0.344010468674,0.34,0.9575,1.0117954961,within-player,11,2014
1,"(0.4, 0.6]",338,0.481456504296,0.44674556213,0.98224852071,1.07769734074,within-player,11,2014
1,"(0.6, 0.8]",179,0.688871995903,0.642458100559,0.916201117318,1.0722442371,within-player,11,2014
1,"(0.8, 1.0]",95,0.881693160946,0.4,0.768421052632,2.20423290237,within-player,11,2014
1,"(1.0, inf]",409,1.79800678725,1.48410757946,0.850855745721,1.21150704446,within-player,11,2014
1,"(-0.001, 0.05]",624,0.0387311515059,0.104166666667,0.592948717949,0.371819054457,within-player,12,2014
1,"(0.05, 0.1]",1283,0.0733851431335,0.091192517537,0.635229929852,0.804727680686,within-player,12,2014
1,"(0.1, 0.15]",872,0.122832349745,0.134174311927,0.642201834862,0.915468452801,within-player,12,2014
1,"(0.15, 0.2]",570,0.17337521824,0.168421052632,0.69298245614,1.0294153583,within-player,12,2014
1,"(0.2, 0.3]",720,0.24418597161,0.283333333333,0.861111111111,0.861832840976,within-player,12,2014
1,"(0.3, 0.4]",414,0.347353827423,0.333333333333,0.951690821256,1.04206148227,within-player,12,2014
1,"(0.4, 0.6]",337,0.481785434957,0.448071216617,0.976261127596,1.0752429906,within-player,12,2014
1,"(0.6, 0.8]",177,0.691322136099,0.627118644068,0.920903954802,1.10237854135,within-player,12,2014
1,"(0.8, 1.0]",83,0.882978564096,0.530120481928,0.746987951807,1.665618655,within-player,12,2014
1,"(1.0, inf]",417,1.77274338528,1.45323741007,0.851318944844,1.21985807205,within-player,12,2014
1,"(-0.001, 0.05]",620,0.0386784290295,0.108064516129,0.598387096774,0.357919791019,within-player,13,2014
1,"(0.05, 0.1]",1298,0.0733634528756,0.0832049306626,0.637134052388,0.881720016968,within-player,13,2014
1,"(0.1, 0.15]",863,0.122579502746,0.152954808806,0.641946697567,0.801409930835,within-player,13,2014
1,"(0.15, 0.2]",566,0.17378721955,0.159010600707,0.689045936396,1.09292851406,within-player,13,2014
1,"(0.2, 0.3]",718,0.243824834518,0.274373259053,0.856545961003,0.888661072001,within-player,13,2014
1,"(0.3, 0.4]",411,0.345178201737,0.357664233577,0.948905109489,0.965090074245,within-player,13,2014
1,"(0.4, 0.6]",348,0.484555337181,0.422413793103,0.974137931034,1.14711059414,within-player,13,2014
1,"(0.6, 0.8]",181,0.696905310125,0.651933701657,0.92817679558,1.06898187401,within-player,13,2014
1,"(0.8, 1.0]",75,0.888042422536,0.36,0.653333333333,2.46678450704,within-player,13,2014
1,"(1.0, inf]",417,1.76469282905,1.47721822542,0.863309352518,1.19460537291,within-player,13,2014
1,"(-0.001, 0.05]",621,0.038564674814,0.101449275362,0.587761674718,0.380137508881,within-player,14,2014
1,"(0.05, 0.1]",1298,0.0732736630627,0.0878274268105,0.63251155624,0.834291356626,within-player,14,2014
1,"(0.1, 0.15]",859,0.12318455646,0.13736903376,0.648428405122,0.896741813554,within-player,14,2014
1,"(0.15, 0.2]",567,0.172895881003,0.183421516755,0.707231040564,0.942615043546,within-player,14,2014
1,"(0.2, 0.3]",736,0.244620865831,0.279891304348,0.849184782609,0.873985229377,within-player,14,2014
1,"(0.3, 0.4]",392,0.348408868318,0.331632653061,0.956632653061,1.05058674139,within-player,14,2014
1,"(0.4, 0.6]",351,0.479375318624,0.435897435897,0.97150997151,1.09974337802,within-player,14,2014
1,"(0.6, 0.8]",173,0.690590262687,0.670520231214,0.942196531792,1.0299320297,within-player,14,2014
1,"(0.8, 1.0]",89,0.880693601039,0.460674157303,0.696629213483,1.91174952421,within-player,14,2014
1,"(1.0, inf]",411,1.79876319115,1.4695863747,0.858880778589,1.22399283372,within-player,14,2014
1,"(-0.001, 0.05]",615,0.0386564407061,0.10243902439,0.611382113821,0.377360492607,within-player,15,2014
1,"(0.05, 0.1]",1320,0.0740056938176,0.0893939393939,0.627272727273,0.827860303722,within-player,15,2014
1,"(0.1, 0.15]",831,0.123146435334,0.14440433213,0.645006016847,0.852789064691,within-player,15,2014
1,"(0.15, 0.2]",581,0.172523331324,0.168674698795,0.68330464716,1.02281689285,within-player,15,2014
1,"(0.2, 0.3]",696,0.242770052375,0.278735632184,0.860632183908,0.870968847697,within-player,15,2014
1,"(0.3, 0.4]",425,0.344996322401,0.343529411765,0.950588235294,1.00427011658,within-player,15,2014
1,"(0.4, 0.6]",352,0.482735556719,0.448863636364,0.974431818182,1.07546149345,within-player,15,2014
1,"(0.6, 0.8]",170,0.684174612272,0.558823529412,0.917647058824,1.22431246407,within-player,15,2014
1,"(0.8, 1.0]",101,0.892650256623,0.485148514851,0.752475247525,1.83995256977,within-player,15,2014
1,"(1.0, inf]",406,1.80602462381,1.49753694581,0.857142857143,1.20599670603,within-player,15,2014
1,"(-0.001, 0.05]",618,0.0384176011507,0.10355987055,0.597087378641,0.370969961111,within-player,16,2014
1,"(0.05, 0.1]",1297,0.0731072277849,0.0863531225906,0.632228218967,0.846607807473,within-player,16,2014
1,"(0.1, 0.15]",873,0.123107429867,0.146620847652,0.649484536082,0.839631142766,within-player,16,2014
1,"(0.15, 0.2]",549,0.173678801756,0.174863387978,0.677595628415,0.993225647543,within-player,16,2014
1,"(0.2, 0.3]",721,0.244754767389,0.280166435506,0.862690707351,0.873604887561,within-player,16,2014
1,"(0.3, 0.4]",417,0.346536610873,0.335731414868,0.952038369305,1.0321840481,within-player,16,2014
1,"(0.4, 0.6]",342,0.481322972777,0.444444444444,0.970760233918,1.08297668875,within-player,16,2014
1,"(0.6, 0.8]",170,0.693632007807,0.576470588235,0.929411764706,1.20323919722,within-player,16,2014
1,"(0.8, 1.0]",99,0.886324589534,0.454545454545,0.717171717172,1.94991409698,within-player,16,2014
1,"(1.0, inf]",411,1.78030667381,1.48905109489,0.863746958637,1.19559810937,within-player,16,2014
1,"(-0.001, 0.05]",595,0.0384463394098,0.10756302521,0.598319327731,0.3574308117,within-player,17,2014
1,"(0.05, 0.1]",1337,0.0731708406922,0.0890052356021,0.633507853403,0.822095916012,within-player,17,2014
1,"(0.1, 0.15]",846,0.12314927959,0.132387706856,0.646572104019,0.930216879761,within-player,17,2014
1,"(0.15, 0.2]",549,0.173278775641,0.185792349727,0.692167577413,0.932647527713,within-player,17,2014
1,"(0.2, 0.3]",747,0.244345991346,0.275769745649,0.85140562249,0.886050755026,within-player,17,2014
1,"(0.3, 0.4]",393,0.346565889689,0.343511450382,0.946564885496,1.00889181221,within-player,17,2014
1,"(0.4, 0.6]",358,0.48274239106,0.430167597765,0.977653631285,1.12221932467,within-player,17,2014
1,"(0.6, 0.8]",177,0.694683915611,0.61581920904,0.909604519774,1.128064707,within-player,17,2014
1,"(0.8, 1.0]",89,0.881683333723,0.561797752809,0.76404494382,1.56939633403,within-player,17,2014
1,"(1.0, inf]",406,1.79431236478,1.47290640394,0.852216748768,1.21821207375,within-player,17,2014
1,"(-0.001, 0.05]",613,0.0385247946294,0.10766721044,0.584013050571,0.357813622846,within-player,18,2014
1,"(0.05, 0.1]",1318,0.073096380235,0.0887708649469,0.639605462822,0.82342759957,within-player,18,2014
1,"(0.1, 0.15]",847,0.122890705462,0.155844155844,0.651711924439,0.78854869338,within-player,18,2014
1,"(0.15, 0.2]",584,0.173155110241,0.140410958904,0.662671232877,1.23320224854,within-player,18,2014
1,"(0.2, 0.3]",712,0.243683543317,0.286516853933,0.873595505618,0.850503347263,within-player,18,2014
1,"(0.3, 0.4]",418,0.346654663435,0.361244019139,0.964114832536,0.959613571628,within-player,18,2014
1,"(0.4, 0.6]",334,0.486153977441,0.443113772455,0.967065868263,1.09713127341,within-player,18,2014
1,"(0.6, 0.8]",169,0.695398708633,0.591715976331,0.923076923077,1.17522381759,within-player,18,2014
1,"(0.8, 1.0]",96,0.886119216702,0.4375,0.729166666667,2.02541535246,within-player,18,2014
1,"(1.0, inf]",406,1.79063404452,1.49507389163,0.85960591133,1.19768932797,within-player,18,2014
1,"(-0.001, 0.05]",609,0.0386242451114,0.101806239737,0.582922824302,0.379389762465,within-player,19,2014
1,"(0.05, 0.1]",1322,0.0735447143843,0.090015128593,0.638426626324,0.817026154757,within-player,19,2014
1,"(0.1, 0.15]",834,0.122816469064,0.147482014388,0.651079136691,0.832755570726,within-player,19,2014
1,"(0.15, 0.2]",567,0.173042935499,0.149911816578,0.679012345679,1.15429816974,within-player,19,2014
1,"(0.2, 0.3]",749,0.244699010465,0.287049399199,0.862483311081,0.852463064363,within-player,19,2014
1,"(0.3, 0.4]",415,0.349654961818,0.38313253012,0.951807228916,0.912621441224,within-player,19,2014
1,"(0.4, 0.6]",330,0.482485491868,0.415151515152,0.972727272727,1.16219133078,within-player,19,2014
1,"(0.6, 0.8]",163,0.693459250905,0.570552147239,0.914110429448,1.21541782686,within-player,19,2014
1,"(0.8, 1.0]",93,0.87885330807,0.559139784946,0.784946236559,1.57179533943,within-player,19,2014
1,"(1.0, inf]",415,1.77780683505,1.45542168675,0.848192771084,1.22150635189,within-player,19,2014
1,"(-0.001, 0.05]",4,0.0463158550161,0,0.75,,base-rate-only,-1,2015
1,"(0.05, 0.1]",301,0.0812313391514,0.093023255814,0.744186046512,0.873236895877,base-rate-only,-1,2015
1,"(0.1, 0.15]",729,0.128138733546,0.0932784636488,0.691358024691,1.37372259934,base-rate-only,-1,2015
1,"(0.15, 0.2]",864,0.174551211947,0.100694444444,0.681712962963,1.73347410485,base-rate-only,-1,2015
1,"(0.2, 0.3]",1137,0.242325006905,0.187335092348,0.784520668426,1.29353771292,base-rate-only,-1,2015
1,"(0.3, 0.4]",570,0.342505807752,0.277192982456,0.880701754386,1.23562221784,base-rate-only,-1,2015
1,"(0.4, 0.6]",472,0.482003351724,0.432203389831,0.972457627119,1.11522344124,base-rate-only,-1,2015
1,"(0.6, 0.8]",207,0.684195672705,0.458937198068,0.821256038647,1.49082636053,base-rate-only,-1,2015
1,"(0.8, 1.0]",312,0.937952097249,0.11858974359,0.179487179487,7.90921768491,base-rate-only,-1,2015
1,"(1.0, inf]",654,1.53545832637,1.11314984709,0.651376146789,1.37938151847,base-rate-only,-1,2015
1,"(0.05, 0.1]",5,0.094543615991,0,1,,current-season-rate,-1,2015
1,"(0.1, 0.15]",186,0.131691492719,0.0967741935484,0.811827956989,1.36081209143,current-season-rate,-1,2015
1,"(0.15, 0.2]",559,0.179114851266,0.0983899821109,0.75313059034,1.8204582156,current-season-rate,-1,2015
1,"(0.2, 0.3]",1548,0.253970314175,0.15180878553,0.737080103359,1.67296189933,current-season-rate,-1,2015
1,"(0.3, 0.4]",1187,0.338478568872,0.222409435552,0.80202190396,1.52187144413,current-season-rate,-1,2015
1,"(0.4, 0.6]",637,0.457968450016,0.340659340659,0.861852433281,1.34435899843,current-season-rate,-1,2015
1,"(0.6, 0.8]",126,0.664819528863,0.507936507937,0.97619047619,1.30886344745,current-season-rate,-1,2015
1,"(0.8, 1.0]",12,0.918167882679,0.333333333333,0.75,2.75450364804,current-season-rate,-1,2015
1,"(1.0, inf]",990,1.57821810555,0.768686868687,0.478787878788,2.05313524901,current-season-rate,-1,2015
1,"(-0.001, 0.05]",2218,0,0.154192966637,0.587466185753,0,historical-rate,-1,2015
1,"(0.05, 0.1]",287,0.0718595167898,0.163763066202,0.81881533101,0.438801730185,historical-rate,-1,2015
1,"(0.1, 0.15]",327,0.129081145239,0.146788990826,0.82874617737,0.879365301943,historical-rate,-1,2015
1,"(0.15, 0.2]",440,0.181418209789,0.211363636364,0.781818181818,0.85832271298,historical-rate,-1,2015
1,"(0.2, 0.3]",364,0.244365915868,0.211538461538,0.862637362637,1.15518432956,historical-rate,-1,2015
1,"(0.3, 0.4]",437,0.347372626896,0.315789473684,0.899313501144,1.10001331851,historical-rate,-1,2015
1,"(0.4, 0.6]",388,0.502695580479,0.309278350515,0.868556701031,1.62538237688,historical-rate,-1,2015
1,"(0.6, 0.8]",228,0.701269600283,0.526315789474,0.956140350877,1.33241224054,historical-rate,-1,2015
1,"(0.8, 1.0]",179,0.959756392351,0.335195530726,0.525139664804,2.86327323718,historical-rate,-1,2015
1,"(1.0, inf]",382,1.69798199183,1.5,0.82722513089,1.13198799455,historical-rate,-1,2015
1,"(-0.001, 0.05]",554,0.0394678683205,0.0505415162455,0.51083032491,0.780899966055,no-vegas,-1,2015
1,"(0.05, 0.1]",1240,0.0729879832514,0.0822580645161,0.616935483871,0.887304894429,no-vegas,-1,2015
1,"(0.1, 0.15]",888,0.122896401606,0.129504504505,0.652027027027,0.948973953272,no-vegas,-1,2015
1,"(0.15, 0.2]",564,0.172871667959,0.237588652482,0.716312056738,0.727609109918,no-vegas,-1,2015
1,"(0.2, 0.3]",673,0.241780153628,0.304606240713,0.824665676077,0.793746553128,no-vegas,-1,2015
1,"(0.3, 0.4]",374,0.348030960054,0.352941176471,0.970588235294,0.986087720154,no-vegas,-1,2015
1,"(0.4, 0.6]",403,0.482856626538,0.456575682382,0.97270471464,1.05756098095,no-vegas,-1,2015
1,"(0.6, 0.8]",112,0.691063162141,0.669642857143,0.982142857143,1.03198765546,no-vegas,-1,2015
1,"(0.8, 1.0]",46,0.891873937791,0.630434782609,0.869565217391,1.41469659098,no-vegas,-1,2015
1,"(1.0, inf]",396,1.70808831258,1.55050505051,0.843434343434,1.10163350453,no-vegas,-1,2015
1,"(-0.001, 0.05]",5,0.046744507468,0.2,0.8,0.23372253734,player-vegas,-1,2015
1,"(0.05, 0.1]",294,0.0799380083443,0.0850340136054,0.778911564626,0.940070978129,player-vegas,-1,2015
1,"(0.1, 0.15]",746,0.126047048943,0.0924932975871,0.679624664879,1.36276954365,player-vegas,-1,2015
1,"(0.15, 0.2]",838,0.174836819813,0.110978520286,0.692124105012,1.57541134412,player-vegas,-1,2015
1,"(0.2, 0.3]",1183,0.244265798729,0.187658495351,0.769230769231,1.30165063016,player-vegas,-1,2015
1,"(0.3, 0.4]",541,0.342253016289,0.253234750462,0.894639556377,1.35152468476,player-vegas,-1,2015
1,"(0.4, 0.6]",445,0.483556863261,0.458426966292,0.975280898876,1.05481766741,player-vegas,-1,2015
1,"(0.6, 0.8]",198,0.695095847154,0.444444444444,0.833333333333,1.5639656561,player-vegas,-1,2015
1,"(0.8, 1.0]",274,0.910381650713,0.215328467153,0.29197080292,4.2278741067,player-vegas,-1,2015
1,"(1.0, inf]",726,1.49987142115,0.99173553719,0.595041322314,1.51237034966,player-vegas,-1,2015
1,"(-0.001, 0.05]",551,0.0390539408802,0.339382940109,0.722323049002,0.115073376604,random,0,2015
1,"(0.05, 0.1]",1241,0.0724869624483,0.231265108783,0.76954069299,0.31343665644,random,0,2015
1,"(0.1, 0.15]",868,0.122772878994,0.276497695853,0.751152073733,0.444028579028,random,0,2015
1,"(0.15, 0.2]",606,0.174299868823,0.379537953795,0.694719471947,0.459242263073,random,0,2015
1,"(0.2, 0.3]",683,0.244238983171,0.276720351391,0.748169838946,0.882620240772,random,0,2015
1,"(0.3, 0.4]",350,0.350265190894,0.145714285714,0.748571428571,2.40378072182,random,0,2015
1,"(0.4, 0.6]",366,0.482945869707,0.174863387978,0.748633879781,2.76184669239,random,0,2015
1,"(0.6, 0.8]",119,0.685587781859,0.151260504202,0.806722689076,4.53249700229,random,0,2015
1,"(0.8, 1.0]",66,0.893126920201,0.530303030303,0.772727272727,1.68418219238,random,0,2015
1,"(1.0, inf]",400,1.73506128257,0.7925,0.5125,2.18935177611,random,0,2015
1,"(-0.001, 0.05]",549,0.0390996429281,0.249544626594,0.657559198543,0.156683970566,random,1,2015
1,"(0.05, 0.1]",1250,0.0726084710462,0.2104,0.7592,0.345097295847,random,1,2015
1,"(0.1, 0.15]",868,0.12334466137,0.261520737327,0.758064516129,0.471643903387,random,1,2015
1,"(0.15, 0.2]",596,0.17392935861,0.422818791946,0.691275167785,0.41135673703,random,1,2015
1,"(0.2, 0.3]",689,0.244226575196,0.265602322206,0.743105950653,0.919519728469,random,1,2015
1,"(0.3, 0.4]",344,0.3503399292,0.267441860465,0.854651162791,1.30996669179,random,1,2015
1,"(0.4, 0.6]",372,0.482871432477,0.244623655914,0.80376344086,1.97393596573,random,1,2015
1,"(0.6, 0.8]",117,0.683773422406,0.299145299145,0.811965811966,2.28575686919,random,1,2015
1,"(0.8, 1.0]",63,0.890174665894,0.507936507937,0.761904761905,1.75253137348,random,1,2015
1,"(1.0, inf]",402,1.73158979845,0.761194029851,0.490049751244,2.27483365679,random,1,2015
1,"(-0.001, 0.05]",554,0.0390712937128,0.250902527076,0.693140794224,0.155722997963,random,2,2015
1,"(0.05, 0.1]",1240,0.0726036596916,0.247580645161,0.761290322581,0.293252566833,random,2,2015
1,"(0.1, 0.15]",873,0.123057445119,0.325315005727,0.7686139748,0.378271653483,random,2,2015
1,"(0.15, 0.2]",598,0.173967038006,0.403010033445,0.700668896321,0.431669247832,random,2,2015
1,"(0.2, 0.3]",688,0.245123881365,0.25726744186,0.741279069767,0.952797911746,random,2,2015
1,"(0.3, 0.4]",342,0.350438450419,0.219298245614,0.77485380117,1.59799933391,random,2,2015
1,"(0.4, 0.6]",368,0.481753274599,0.192934782609,0.804347826087,2.49697471905,random,2,2015
1,"(0.6, 0.8]",120,0.682164398549,0.233333333333,0.866666666667,2.92356170807,random,2,2015
1,"(0.8, 1.0]",66,0.891740017496,0.318181818182,0.560606060606,2.80261148356,random,2,2015
1,"(1.0, inf]",401,1.73314368733,0.68578553616,0.486284289277,2.52723861316,random,2,2015
1,"(-0.001, 0.05]",549,0.0390970212848,0.291438979964,0.735883424408,0.134151654284,random,3,2015
1,"(0.05, 0.1]",1246,0.072532802684,0.230337078652,0.743178170144,0.314898509214,random,3,2015
1,"(0.1, 0.15]",872,0.123030818045,0.314220183486,0.76376146789,0.391543333341,random,3,2015
1,"(0.15, 0.2]",599,0.174133594199,0.362270450751,0.682804674457,0.480672916706,random,3,2015
1,"(0.2, 0.3]",687,0.244743178108,0.251819505095,0.768558951965,0.971899210175,random,3,2015
1,"(0.3, 0.4]",345,0.350897073359,0.211594202899,0.834782608696,1.65834918231,random,3,2015
1,"(0.4, 0.6]",365,0.481647366796,0.161643835616,0.731506849315,2.97968286238,random,3,2015
1,"(0.6, 0.8]",119,0.681906027599,0.252100840336,0.773109243697,2.70489390948,random,3,2015
1,"(0.8, 1.0]",66,0.891685344397,0.651515151515,0.757575757576,1.36863331931,random,3,2015
1,"(1.0, inf]",402,1.73053934446,0.751243781095,0.485074626866,2.30356561746,random,3,2015
1,"(-0.001, 0.05]",547,0.0389433017482,0.330895795247,0.694698354662,0.117690530698,random,4,2015
1,"(0.05, 0.1]",1249,0.0724453873615,0.224979983987,0.759807846277,0.322008145247,random,4,2015
1,"(0.1, 0.15]",864,0.123135536676,0.291666666667,0.736111111111,0.422178982891,random,4,2015
1,"(0.15, 0.2]",607,0.174355021716,0.341021416804,0.698517298188,0.511272938076,random,4,2015
1,"(0.2, 0.3]",686,0.244266573144,0.298833819242,0.807580174927,0.817399361838,random,4,2015
1,"(0.3, 0.4]",344,0.351492177951,0.19476744186,0.773255813953,1.80467625694,random,4,2015
1,"(0.4, 0.6]",370,0.48298910176,0.232432432432,0.802702702703,2.07797636804,random,4,2015
1,"(0.6, 0.8]",117,0.684791422145,0.222222222222,0.811965811966,3.08156139965,random,4,2015
1,"(0.8, 1.0]",66,0.893427839999,0.363636363636,0.636363636364,2.45692656,random,4,2015
1,"(1.0, inf]",400,1.73666488262,0.7225,0.455,2.40368841885,random,4,2015
1,"(-0.001, 0.05]",546,0.0389273420007,0.289377289377,0.699633699634,0.134521067927,random,5,2015
1,"(0.05, 0.1]",1249,0.0724115933346,0.244195356285,0.771016813451,0.296531410082,random,5,2015
1,"(0.1, 0.15]",866,0.12302894212,0.288683602771,0.736720554273,0.426172255505,random,5,2015
1,"(0.15, 0.2]",611,0.17415490982,0.409165302782,0.685761047463,0.4256345996,random,5,2015
1,"(0.2, 0.3]",673,0.244122311576,0.255572065379,0.760772659733,0.955199509828,random,5,2015
1,"(0.3, 0.4]",351,0.350177831675,0.165242165242,0.80056980057,2.11917963652,random,5,2015
1,"(0.4, 0.6]",366,0.482845403258,0.18306010929,0.754098360656,2.63763309839,random,5,2015
1,"(0.6, 0.8]",123,0.684853752278,0.260162601626,0.79674796748,2.63240661032,random,5,2015
1,"(0.8, 1.0]",65,0.892121447732,0.4,0.646153846154,2.23030361933,random,5,2015
1,"(1.0, inf]",400,1.73324408895,0.75,0.535,2.3109921186,random,5,2015
1,"(-0.001, 0.05]",549,0.0390779347546,0.327868852459,0.693989071038,0.119187701001,random,6,2015
1,"(0.05, 0.1]",1250,0.0725326150781,0.1992,0.7568,0.364119553605,random,6,2015
1,"(0.1, 0.15]",865,0.123121703127,0.34450867052,0.782658959538,0.35738346713,random,6,2015
1,"(0.15, 0.2]",607,0.174194762541,0.364085667216,0.675453047776,0.478444438292,random,6,2015
1,"(0.2, 0.3]",678,0.244957305261,0.227138643068,0.725663716814,1.07844839589,random,6,2015
1,"(0.3, 0.4]",343,0.349804999677,0.233236151603,0.778425655977,1.49978893611,random,6,2015
1,"(0.4, 0.6]",376,0.48251005261,0.162234042553,0.781914893617,2.97416032429,random,6,2015
1,"(0.6, 0.8]",117,0.685069235061,0.264957264957,0.880341880342,2.58558388717,random,6,2015
1,"(0.8, 1.0]",63,0.889972821314,0.492063492063,0.730158730159,1.80865444331,random,6,2015
1,"(1.0, inf]",402,1.73404423147,0.778606965174,0.519900497512,2.22711112156,random,6,2015
1,"(-0.001, 0.05]",546,0.0390787438299,0.342490842491,0.68315018315,0.114101572894,random,7,2015
1,"(0.05, 0.1]",1253,0.0725369928644,0.227454110136,0.766959297686,0.318908252839,random,7,2015
1,"(0.1, 0.15]",868,0.123316434386,0.255760368664,0.713133640553,0.482156148861,random,7,2015
1,"(0.15, 0.2]",595,0.174161525866,0.403361344538,0.709243697479,0.431775449544,random,7,2015
1,"(0.2, 0.3]",689,0.243669396933,0.240928882438,0.748911465893,1.01137478607,random,7,2015
1,"(0.3, 0.4]",347,0.350744979863,0.210374639769,0.815561959654,1.66723983579,random,7,2015
1,"(0.4, 0.6]",369,0.483592796321,0.205962059621,0.80216802168,2.3479702874,random,7,2015
1,"(0.6, 0.8]",118,0.684992303446,0.279661016949,0.813559322034,2.44936641838,random,7,2015
1,"(0.8, 1.0]",64,0.893359414272,0.53125,0.671875,1.68161772098,random,7,2015
1,"(1.0, inf]",401,1.73166055777,0.753117206983,0.538653366584,2.2993241181,random,7,2015
1,"(-0.001, 0.05]",549,0.0390241929812,0.309653916211,0.690346083789,0.126025187921,random,8,2015
1,"(0.05, 0.1]",1247,0.0724217995152,0.247794707298,0.787489975942,0.292265320373,random,8,2015
1,"(0.1, 0.15]",864,0.123049051056,0.291666666667,0.747685185185,0.421882460764,random,8,2015
1,"(0.15, 0.2]",604,0.174325326065,0.337748344371,0.667218543046,0.516139690898,random,8,2015
1,"(0.2, 0.3]",687,0.244407302095,0.29403202329,0.772925764192,0.831226814552,random,8,2015
1,"(0.3, 0.4]",347,0.350431206069,0.164265129683,0.78674351585,2.1333268159,random,8,2015
1,"(0.4, 0.6]",366,0.482687506261,0.207650273224,0.751366120219,2.32452141173,random,8,2015
1,"(0.6, 0.8]",121,0.681791382881,0.206611570248,0.743801652893,3.29987029314,random,8,2015
1,"(0.8, 1.0]",64,0.89585828864,0.515625,0.625,1.73742213554,random,8,2015
1,"(1.0, inf]",401,1.73439867575,0.72319201995,0.513715710723,2.39825472061,random,8,2015
1,"(-0.001, 0.05]",554,0.0391713191903,0.283393501805,0.707581227437,0.138222361984,random,9,2015
1,"(0.05, 0.1]",1237,0.072478969611,0.217461600647,0.770412287793,0.333295484791,random,9,2015
1,"(0.1, 0.15]",869,0.12304996479,0.273878020713,0.723820483314,0.44928747648,random,9,2015
1,"(0.15, 0.2]",603,0.173870847195,0.366500829187,0.676616915423,0.47440778669,random,9,2015
1,"(0.2, 0.3]",686,0.244522030308,0.268221574344,0.733236151603,0.911641917343,random,9,2015
1,"(0.3, 0.4]",349,0.349880649805,0.23782234957,0.799426934097,1.47118490099,random,9,2015
1,"(0.4, 0.6]",366,0.481129219658,0.185792349727,0.811475409836,2.58960727051,random,9,2015
1,"(0.6, 0.8]",121,0.680972540071,0.231404958678,0.809917355372,2.94277419102,random,9,2015
1,"(0.8, 1.0]",66,0.890478497174,0.424242424242,0.772727272727,2.09898502905,random,9,2015
1,"(1.0, inf]",399,1.73787626258,0.857142857143,0.538847117794,2.02752230634,random,9,2015
1,"(-0.001, 0.05]",545,0.0390323646234,0.328440366972,0.691743119266,0.118841557094,random,10,2015
1,"(0.05, 0.1]",1246,0.0722964042537,0.219903691814,0.762439807384,0.328763940512,random,10,2015
1,"(0.1, 0.15]",874,0.123055880399,0.298627002288,0.764302059497,0.412072181872,random,10,2015
1,"(0.15, 0.2]",600,0.173951517807,0.411666666667,0.678333333333,0.422554294268,random,10,2015
1,"(0.2, 0.3]",683,0.244750318617,0.259150805271,0.761346998536,0.944432020427,random,10,2015
1,"(0.3, 0.4]",349,0.349319889815,0.214899713467,0.787965616046,1.62550188727,random,10,2015
1,"(0.4, 0.6]",368,0.48217180771,0.209239130435,0.774456521739,2.30440552256,random,10,2015
1,"(0.6, 0.8]",121,0.682721234826,0.214876033058,0.842975206612,3.17727959284,random,10,2015
1,"(0.8, 1.0]",62,0.891850199216,0.435483870968,0.725806451613,2.04795230931,random,10,2015
1,"(1.0, inf]",402,1.73283252903,0.68407960199,0.487562189055,2.53308609698,random,10,2015
1,"(-0.001, 0.05]",546,0.0389648886327,0.307692307692,0.727106227106,0.126635888056,random,11,2015
1,"(0.05, 0.1]",1250,0.0724570347597,0.2264,0.7608,0.320039906183,random,11,2015
1,"(0.1, 0.15]",869,0.123101154877,0.255466052934,0.729574223245,0.48186893508,random,11,2015
1,"(0.15, 0.2]",599,0.174119180384,0.327212020033,0.671118530885,0.532129535969,random,11,2015
1,"(0.2, 0.3]",685,0.24439758177,0.344525547445,0.76204379562,0.709374336919,random,11,2015
1,"(0.3, 0.4]",352,0.350997830765,0.215909090909,0.784090909091,1.62567416355,random,11,2015
1,"(0.4, 0.6]",365,0.48267067643,0.2,0.816438356164,2.41335338215,random,11,2015
1,"(0.6, 0.8]",116,0.684129122124,0.155172413793,0.758620689655,4.40883212035,random,11,2015
1,"(0.8, 1.0]",67,0.891355690165,0.417910447761,0.686567164179,2.13288683004,random,11,2015
1,"(1.0, inf]",401,1.73287732666,0.793017456359,0.526184538653,2.18516920752,random,11,2015
1,"(-0.001, 0.05]",547,0.0391228620911,0.308957952468,0.718464351005,0.126628435289,random,12,2015
1,"(0.05, 0.1]",1247,0.0724153666515,0.242983159583,0.764234161989,0.298026277935,random,12,2015
1,"(0.1, 0.15]",869,0.123052124411,0.28998849252,0.737629459148,0.424334508385,random,12,2015
1,"(0.15, 0.2]",604,0.173972987027,0.408940397351,0.688741721854,0.425423822526,random,12,2015
1,"(0.2, 0.3]",684,0.244743440235,0.267543859649,0.760233918129,0.914778760223,random,12,2015
1,"(0.3, 0.4]",349,0.350488575978,0.19770773639,0.785100286533,1.77276105821,random,12,2015
1,"(0.4, 0.6]",366,0.48331356965,0.172131147541,0.775956284153,2.80782169035,random,12,2015
1,"(0.6, 0.8]",119,0.683170551461,0.294117647059,0.857142857143,2.32277987497,random,12,2015
1,"(0.8, 1.0]",64,0.890658399757,0.390625,0.75,2.28008550338,random,12,2015
1,"(1.0, inf]",401,1.73248235636,0.678304239401,0.483790523691,2.55413759154,random,12,2015
1,"(-0.001, 0.05]",553,0.0390718246103,0.260397830018,0.678119349005,0.150046659788,random,13,2015
1,"(0.05, 0.1]",1231,0.0723112092308,0.244516653128,0.754670999188,0.295731224462,random,13,2015
1,"(0.1, 0.15]",877,0.122965152916,0.242873432155,0.734321550741,0.506293141351,random,13,2015
1,"(0.15, 0.2]",601,0.174186967049,0.412645590682,0.688851913478,0.422122448372,random,13,2015
1,"(0.2, 0.3]",692,0.244446087058,0.274566473988,0.777456647399,0.890298380232,random,13,2015
1,"(0.3, 0.4]",341,0.350266145218,0.278592375367,0.838709677419,1.25727111073,random,13,2015
1,"(0.4, 0.6]",373,0.481856974924,0.16890080429,0.782841823056,2.85289923248,random,13,2015
1,"(0.6, 0.8]",115,0.682673095334,0.15652173913,0.75652173913,4.36152255352,random,13,2015
1,"(0.8, 1.0]",68,0.892375529583,0.367647058824,0.779411764706,2.42726144047,random,13,2015
1,"(1.0, inf]",399,1.73684034982,0.804511278195,0.518796992481,2.15887632267,random,13,2015
1,"(-0.001, 0.05]",552,0.0390533468345,0.327898550725,0.702898550725,0.119101919628,random,14,2015
1,"(0.05, 0.1]",1238,0.0724416744037,0.212439418417,0.760904684976,0.340999212593,random,14,2015
1,"(0.1, 0.15]",875,0.122700838529,0.242285714286,0.739428571429,0.506430347704,random,14,2015
1,"(0.15, 0.2]",598,0.173947959771,0.433110367893,0.715719063545,0.401625019085,random,14,2015
1,"(0.2, 0.3]",691,0.244814870354,0.287988422576,0.740955137482,0.850085806105,random,14,2015
1,"(0.3, 0.4]",341,0.351294287601,0.219941348974,0.762463343109,1.59721802762,random,14,2015
1,"(0.4, 0.6]",371,0.48179768468,0.183288409704,0.808625336927,2.62863148553,random,14,2015
1,"(0.6, 0.8]",116,0.6841084381,0.215517241379,0.793103448276,3.17426315278,random,14,2015
1,"(0.8, 1.0]",67,0.89177214416,0.567164179104,0.835820895522,1.57233509628,random,14,2015
1,"(1.0, inf]",401,1.73614294046,0.743142144638,0.498753117207,2.3362191917,random,14,2015
1,"(-0.001, 0.05]",549,0.0389955665786,0.302367941712,0.701275045537,0.128967265371,random,15,2015
1,"(0.05, 0.1]",1242,0.0724627366613,0.252012882448,0.766505636071,0.287535843237,random,15,2015
1,"(0.1, 0.15]",873,0.123032152088,0.318442153494,0.767468499427,0.386356362494,random,15,2015
1,"(0.15, 0.2]",608,0.174119853924,0.371710526316,0.682565789474,0.468428633567,random,15,2015
1,"(0.2, 0.3]",681,0.245000537743,0.262848751836,0.750367107195,0.932097017895,random,15,2015
1,"(0.3, 0.4]",339,0.349927950946,0.197640117994,0.766961651917,1.77053097568,random,15,2015
1,"(0.4, 0.6]",371,0.482152668895,0.156334231806,0.792452830189,3.08411448552,random,15,2015
1,"(0.6, 0.8]",126,0.68572152157,0.174603174603,0.785714285714,3.92731416899,random,15,2015
1,"(0.8, 1.0]",60,0.889805149373,0.466666666667,0.633333333333,1.90672532008,random,15,2015
1,"(1.0, inf]",401,1.73565139481,0.700748129676,0.501246882793,2.47685483743,random,15,2015
1,"(-0.001, 0.05]",552,0.0390918659773,0.327898550725,0.726449275362,0.119219392373,random,16,2015
1,"(0.05, 0.1]",1249,0.072621085705,0.229783827062,0.771016813451,0.316040892145,random,16,2015
1,"(0.1, 0.15]",867,0.123409105664,0.273356401384,0.733564013841,0.451458627048,random,16,2015
1,"(0.15, 0.2]",594,0.173977902738,0.43771043771,0.710437710438,0.397472593178,random,16,2015
1,"(0.2, 0.3]",688,0.244311975535,0.21511627907,0.726744186047,1.13572053492,random,16,2015
1,"(0.3, 0.4]",347,0.351074364703,0.172910662824,0.798270893372,2.03038007587,random,16,2015
1,"(0.4, 0.6]",367,0.482003930702,0.209809264305,0.74659400545,2.29734340997,random,16,2015
1,"(0.6, 0.8]",123,0.683507159135,0.422764227642,0.861788617886,1.61675731872,random,16,2015
1,"(0.8, 1.0]",61,0.892030166617,0.573770491803,0.672131147541,1.55468114753,random,16,2015
1,"(1.0, inf]",402,1.73380480105,0.699004975124,0.509950248756,2.48038978655,random,16,2015
1,"(-0.001, 0.05]",548,0.0390115521236,0.32299270073,0.70802919708,0.120781528609,random,17,2015
1,"(0.05, 0.1]",1249,0.0725251090205,0.238590872698,0.765412329864,0.303972688479,random,17,2015
1,"(0.1, 0.15]",864,0.12312747539,0.260416666667,0.71875,0.472809505498,random,17,2015
1,"(0.15, 0.2]",606,0.173822595198,0.364686468647,0.683168316832,0.476635713529,random,17,2015
1,"(0.2, 0.3]",683,0.244251567558,0.269399707174,0.771595900439,0.906651199143,random,17,2015
1,"(0.3, 0.4]",348,0.350545362846,0.290229885057,0.859195402299,1.20781966604,random,17,2015
1,"(0.4, 0.6]",368,0.482954582414,0.20652173913,0.788043478261,2.33851692538,random,17,2015
1,"(0.6, 0.8]",117,0.684790908237,0.128205128205,0.735042735043,5.34136908425,random,17,2015
1,"(0.8, 1.0]",66,0.890482844068,0.560606060606,0.727272727273,1.58842885699,random,17,2015
1,"(1.0, inf]",401,1.73440535477,0.708229426434,0.488778054863,2.44893150444,random,17,2015
1,"(-0.001, 0.05]",546,0.0389804103009,0.326007326007,0.67032967033,0.119569123732,random,18,2015
1,"(0.05, 0.1]",1250,0.0725753129313,0.2184,0.7744,0.332304546389,random,18,2015
1,"(0.1, 0.15]",867,0.122834572566,0.261822376009,0.753171856978,0.469152310197,random,18,2015
1,"(0.15, 0.2]",600,0.174194682283,0.41,0.691666666667,0.424865078739,random,18,2015
1,"(0.2, 0.3]",688,0.244389824311,0.28488372093,0.764534883721,0.857858158806,random,18,2015
1,"(0.3, 0.4]",345,0.349845877216,0.168115942029,0.797101449275,2.08097978689,random,18,2015
1,"(0.4, 0.6]",368,0.482299064534,0.255434782609,0.790760869565,1.88814952924,random,18,2015
1,"(0.6, 0.8]",122,0.682910092372,0.188524590164,0.803278688525,3.62239266388,random,18,2015
1,"(0.8, 1.0]",66,0.895473854704,0.469696969697,0.666666666667,1.90649272292,random,18,2015
1,"(1.0, inf]",398,1.73725093738,0.733668341709,0.474874371859,2.36789682561,random,18,2015
1,"(-0.001, 0.05]",546,0.0389694635785,0.346153846154,0.736263736264,0.112578450338,random,19,2015
1,"(0.05, 0.1]",1245,0.0723870526075,0.237751004016,0.759036144578,0.304465812487,random,19,2015
1,"(0.1, 0.15]",870,0.122941530085,0.250574712644,0.712643678161,0.490638216393,random,19,2015
1,"(0.15, 0.2]",605,0.173972934224,0.338842975207,0.699173553719,0.513432318074,random,19,2015
1,"(0.2, 0.3]",681,0.244357877574,0.270190895742,0.738619676946,0.904389753413,random,19,2015
1,"(0.3, 0.4]",349,0.349691535581,0.220630372493,0.85100286533,1.5849655314,random,19,2015
1,"(0.4, 0.6]",370,0.480418013363,0.156756756757,0.762162162162,3.06473560249,random,19,2015
1,"(0.6, 0.8]",119,0.684024905566,0.243697478992,0.857142857143,2.80686081939,random,19,2015
1,"(0.8, 1.0]",65,0.893989145733,0.384615384615,0.692307692308,2.32437177891,random,19,2015
1,"(1.0, inf]",400,1.73913403129,0.8425,0.515,2.06425404308,random,19,2015
1,"(0.05, 0.1]",46,0.0936929988456,0.173913043478,0.652173913043,0.538734743362,regressed-rate,-1,2015
1,"(0.1, 0.15]",424,0.132852917942,0.13679245283,0.76179245283,0.971200641506,regressed-rate,-1,2015
1,"(0.15, 0.2]",743,0.180084665191,0.0915208613728,0.637954239569,1.9676897976,regressed-rate,-1,2015
1,"(0.2, 0.3]",1872,0.234732537768,0.17735042735,0.768696581197,1.32355214067,regressed-rate,-1,2015
1,"(0.3, 0.4]",535,0.343484176634,0.291588785047,0.897196261682,1.17797458012,regressed-rate,-1,2015
1,"(0.4, 0.6]",459,0.486841086725,0.326797385621,0.941176470588,1.48973372538,regressed-rate,-1,2015
1,"(0.6, 0.8]",174,0.68899608662,0.48275862069,0.948275862069,1.42720617943,regressed-rate,-1,2015
1,"(0.8, 1.0]",364,0.953007107534,0.244505494505,0.25,3.89769199037,regressed-rate,-1,2015
1,"(1.0, inf]",633,1.51983846364,1.06319115324,0.617693522907,1.42950631127,regressed-rate,-1,2015
1,"(-0.001, 0.05]",546,0.0390984773273,0.0531135531136,0.525641025641,0.736129952438,shipped,-1,2015
1,"(0.05, 0.1]",1243,0.0725312278896,0.076427996782,0.603378921963,0.94901385544,shipped,-1,2015
1,"(0.1, 0.15]",874,0.123082528055,0.143020594966,0.669336384439,0.860593036159,shipped,-1,2015
1,"(0.15, 0.2]",602,0.173891299363,0.237541528239,0.686046511628,0.732045889627,shipped,-1,2015
1,"(0.2, 0.3]",690,0.244191453765,0.298550724638,0.849275362319,0.817922830571,shipped,-1,2015
1,"(0.3, 0.4]",347,0.350786562692,0.35446685879,0.962536023055,0.989617376048,shipped,-1,2015
1,"(0.4, 0.6]",368,0.483137026734,0.459239130435,0.983695652174,1.05203802271,shipped,-1,2015
1,"(0.6, 0.8]",116,0.680011461598,0.655172413793,0.965517241379,1.03791223086,shipped,-1,2015
1,"(0.8, 1.0]",63,0.894198441588,0.68253968254,0.873015873016,1.31010469349,shipped,-1,2015
1,"(1.0, inf]",401,1.73040366395,1.5187032419,0.850374064838,1.139395516,shipped,-1,2015
1,"(0.05, 0.1]",483,0.0848076673053,0.0538302277433,0.304347826087,1.57546551186,vegas-environment,-1,2015
1,"(0.1, 0.15]",206,0.123221339681,0.0388349514563,0.558252427184,3.17294949678,vegas-environment,-1,2015
1,"(0.15, 0.2]",1569,0.175362058781,0.100701083493,0.717017208413,1.74141183689,vegas-environment,-1,2015
1,"(0.2, 0.3]",1161,0.256105158574,0.267872523686,0.665805340224,0.95607102606,vegas-environment,-1,2015
1,"(0.3, 0.4]",1147,0.340436015195,0.328683522232,0.926765475153,1.03575625843,vegas-environment,-1,2015
1,"(0.4, 0.6]",278,0.430088726522,0.41726618705,0.94964028777,1.03072987908,vegas-environment,-1,2015
1,"(1.0, inf]",406,1.59731635349,1.53201970443,0.832512315271,1.0426212854,vegas-environment,-1,2015
1,"(-0.001, 0.05]",555,0.0392456443138,0.0558558558559,0.553153153153,0.70262363207,within-player,0,2015
1,"(0.05, 0.1]",1220,0.0724741923132,0.0811475409836,0.601639344262,0.893116309314,within-player,0,2015
1,"(0.1, 0.15]",881,0.122287348911,0.125993189557,0.641316685585,0.970586976492,within-player,0,2015
1,"(0.15, 0.2]",615,0.174359625205,0.242276422764,0.705691056911,0.719672278531,within-player,0,2015
1,"(0.2, 0.3]",662,0.244059829,0.321752265861,0.847432024169,0.758533365249,within-player,0,2015
1,"(0.3, 0.4]",368,0.347512896004,0.339673913043,0.953804347826,1.02307796584,within-player,0,2015
1,"(0.4, 0.6]",367,0.482454432031,0.468664850136,0.986376021798,1.02942311951,within-player,0,2015
1,"(0.6, 0.8]",130,0.684585157194,0.569230769231,0.969230769231,1.20264960048,within-player,0,2015
1,"(0.8, 1.0]",55,0.891983003401,0.654545454545,0.836363636364,1.36275181075,within-player,0,2015
1,"(1.0, inf]",397,1.728976274,1.5314861461,0.853904282116,1.12895325786,within-player,0,2015
1,"(-0.001, 0.05]",563,0.0392661517032,0.0639431616341,0.545293072824,0.61407898358,within-player,1,2015
1,"(0.05, 0.1]",1230,0.0732209745445,0.0731707317073,0.59756097561,1.00068665211,within-player,1,2015
1,"(0.1, 0.15]",858,0.123491006721,0.134032634033,0.653846153846,0.921350293624,within-player,1,2015
1,"(0.15, 0.2]",609,0.173696295762,0.229885057471,0.694581280788,0.755578886567,within-player,1,2015
1,"(0.2, 0.3]",659,0.243111066195,0.298937784522,0.854324734446,0.813249708743,within-player,1,2015
1,"(0.3, 0.4]",370,0.34469197996,0.413513513514,0.948648648649,0.833568840426,within-player,1,2015
1,"(0.4, 0.6]",387,0.479096815034,0.439276485788,0.987080103359,1.09064980834,within-player,1,2015
1,"(0.6, 0.8]",114,0.682625117142,0.587719298246,0.973684210526,1.1614815426,within-player,1,2015
1,"(0.8, 1.0]",53,0.890763747079,0.660377358491,0.867924528302,1.34887081701,within-player,1,2015
1,"(1.0, inf]",407,1.73011587734,1.51105651106,0.850122850123,1.14497099525,within-player,1,2015
1,"(-0.001, 0.05]",560,0.0391918937695,0.0625,0.551785714286,0.627070300313,within-player,2,2015
1,"(0.05, 0.1]",1249,0.0729336969542,0.0824659727782,0.604483586869,0.884409587338,within-player,2,2015
1,"(0.1, 0.15]",839,0.123607047863,0.128724672229,0.65673420739,0.960243640343,within-player,2,2015
1,"(0.15, 0.2]",617,0.173536260844,0.239870340357,0.682333873582,0.72345860095,within-player,2,2015
1,"(0.2, 0.3]",667,0.243362272032,0.298350824588,0.847076461769,0.815691635404,within-player,2,2015
1,"(0.3, 0.4]",374,0.346260376011,0.371657754011,0.951871657754,0.931664608835,within-player,2,2015
1,"(0.4, 0.6]",370,0.483706046671,0.454054054054,0.986486486486,1.06530498374,within-player,2,2015
1,"(0.6, 0.8]",119,0.680017383884,0.621848739496,0.974789915966,1.09354146868,within-player,2,2015
1,"(0.8, 1.0]",60,0.887803307961,0.566666666667,0.85,1.56671171993,within-player,2,2015
1,"(1.0, inf]",395,1.76197888691,1.54430379747,0.850632911392,1.14095354153,within-player,2,2015
1,"(-0.001, 0.05]",554,0.0392363914825,0.0559566787004,0.552346570397,0.701192286494,within-player,3,2015
1,"(0.05, 0.1]",1228,0.0727822069911,0.0749185667752,0.598534201954,0.971484241142,within-player,3,2015
1,"(0.1, 0.15]",869,0.123367387017,0.133486766398,0.659378596087,0.924191890672,within-player,3,2015
1,"(0.15, 0.2]",602,0.172748890198,0.239202657807,0.679401993355,0.722186332634,within-player,3,2015
1,"(0.2, 0.3]",672,0.242316390427,0.296130952381,0.852678571429,0.818274444056,within-player,3,2015
1,"(0.3, 0.4]",364,0.346990089394,0.395604395604,0.953296703297,0.877113837079,within-player,3,2015
1,"(0.4, 0.6]",384,0.48228545851,0.450520833333,0.9765625,1.07050645126,within-player,3,2015
1,"(0.6, 0.8]",122,0.683300389071,0.581967213115,0.991803278689,1.17412179531,within-player,3,2015
1,"(0.8, 1.0]",57,0.898424540629,0.631578947368,0.789473684211,1.42250552266,within-player,3,2015
1,"(1.0, inf]",398,1.73613820122,1.53768844221,0.856783919598,1.12905719622,within-player,3,2015
1,"(-0.001, 0.05]",546,0.038994397622,0.0586080586081,0.543956043956,0.665341909425,within-player,4,2015
1,"(0.05, 0.1]",1231,0.0727914744759,0.0787977254265,0.600324939074,0.92377634103,within-player,4,2015
1,"(0.1, 0.15]",866,0.12271706891,0.131639722864,0.644341801386,0.932219137513,within-player,4,2015
1,"(0.15, 0.2]",632,0.173590346429,0.232594936709,0.705696202532,0.746320400974,within-player,4,2015
1,"(0.2, 0.3]",653,0.241376463598,0.31393568147,0.85145482389,0.768872345023,within-player,4,2015
1,"(0.3, 0.4]",353,0.347589236754,0.342776203966,0.957507082153,1.01404132706,within-player,4,2015
1,"(0.4, 0.6]",395,0.48537863902,0.46835443038,0.977215189873,1.03634898602,within-player,4,2015
1,"(0.6, 0.8]",112,0.677736473841,0.633928571429,0.991071428571,1.06910542352,within-player,4,2015
1,"(0.8, 1.0]",72,0.903219198816,0.652777777778,0.875,1.38365494287,within-player,4,2015
1,"(1.0, inf]",390,1.76931796418,1.5358974359,0.848717948718,1.15197663778,within-player,4,2015
1,"(-0.001, 0.05]",557,0.0393553918358,0.0502692998205,0.542190305206,0.78289118759,within-player,5,2015
1,"(0.05, 0.1]",1221,0.072931545599,0.0835380835381,0.602784602785,0.873033501729,within-player,5,2015
1,"(0.1, 0.15]",857,0.122848471814,0.140023337223,0.649941656943,0.877342836207,within-player,5,2015
1,"(0.15, 0.2]",632,0.17364007565,0.20253164557,0.691455696203,0.857347873522,within-player,5,2015
1,"(0.2, 0.3]",662,0.241258744602,0.309667673716,0.858006042296,0.779089214274,within-player,5,2015
1,"(0.3, 0.4]",364,0.345131034827,0.365384615385,0.945054945055,0.944569147946,within-player,5,2015
1,"(0.4, 0.6]",380,0.483964208781,0.478947368421,0.986842105263,1.01047472163,within-player,5,2015
1,"(0.6, 0.8]",119,0.682310618667,0.63025210084,0.983193277311,1.08259951495,within-player,5,2015
1,"(0.8, 1.0]",53,0.891564908079,0.603773584906,0.830188679245,1.47665437901,within-player,5,2015
1,"(1.0, inf]",405,1.73408201446,1.51358024691,0.851851851852,1.14568224446,within-player,5,2015
1,"(-0.001, 0.05]",554,0.0391849336374,0.0595667870036,0.564981949458,0.657831916216,within-player,6,2015
1,"(0.05, 0.1]",1255,0.0727620355437,0.0796812749004,0.596015936255,0.913163546074,within-player,6,2015
1,"(0.1, 0.15]",851,0.123660945299,0.132784958872,0.655699177438,0.931287296012,within-player,6,2015
1,"(0.15, 0.2]",631,0.173722220983,0.229793977813,0.694136291601,0.755991182347,within-player,6,2015
1,"(0.2, 0.3]",649,0.244677149979,0.308166409861,0.845916795069,0.79397735168,within-player,6,2015
1,"(0.3, 0.4]",353,0.346584108322,0.365439093484,0.966005665722,0.948404575487,within-player,6,2015
1,"(0.4, 0.6]",376,0.485457567239,0.465425531915,0.981382978723,1.04304025875,within-player,6,2015
1,"(0.6, 0.8]",126,0.683604990331,0.642857142857,0.968253968254,1.06338554051,within-player,6,2015
1,"(0.8, 1.0]",54,0.906575152817,0.537037037037,0.833333333333,1.68810545697,within-player,6,2015
1,"(1.0, inf]",401,1.74218414117,1.52867830424,0.852867830424,1.13966695042,within-player,6,2015
1,"(-0.001, 0.05]",556,0.039416343532,0.0665467625899,0.559352517986,0.592310459561,within-player,7,2015
1,"(0.05, 0.1]",1208,0.0725566742662,0.0778145695364,0.592715231788,0.932430452271,within-player,7,2015
1,"(0.1, 0.15]",899,0.123199544873,0.117908787542,0.650723025584,1.04487161171,within-player,7,2015
1,"(0.15, 0.2]",613,0.174515869106,0.252854812398,0.691680261011,0.690182114595,within-player,7,2015
1,"(0.2, 0.3]",667,0.242744300968,0.305847076462,0.863568215892,0.793678670321,within-player,7,2015
1,"(0.3, 0.4]",361,0.34533711204,0.368421052632,0.961218836565,0.937343589823,within-player,7,2015
1,"(0.4, 0.6]",376,0.48701539143,0.465425531915,0.978723404255,1.0463873553,within-player,7,2015
1,"(0.6, 0.8]",111,0.682407839366,0.54954954955,0.954954954955,1.24175852737,within-player,7,2015
1,"(0.8, 1.0]",56,0.908294968325,0.642857142857,0.892857142857,1.41290328406,within-player,7,2015
1,"(1.0, inf]",403,1.75504025584,1.53101736973,0.848635235732,1.14632288996,within-player,7,2015
1,"(-0.001, 0.05]",568,0.0394636192824,0.056338028169,0.55985915493,0.700479242263,within-player,8,2015
1,"(0.05, 0.1]",1231,0.0729627421012,0.0828594638505,0.603574329813,0.880560152221,within-player,8,2015
1,"(0.1, 0.15]",860,0.122821402572,0.11511627907,0.653488372093,1.06693339608,within-player,8,2015
1,"(0.15, 0.2]",616,0.173825380902,0.271103896104,0.685064935065,0.641176255303,within-player,8,2015
1,"(0.2, 0.3]",666,0.242299653856,0.288288288288,0.84984984985,0.840476924313,within-player,8,2015
1,"(0.3, 0.4]",353,0.347166273077,0.373937677054,0.949008498584,0.92840677573,within-player,8,2015
1,"(0.4, 0.6]",366,0.480653255609,0.434426229508,0.983606557377,1.10640938084,within-player,8,2015
1,"(0.6, 0.8]",126,0.674609204375,0.650793650794,0.97619047619,1.03659463111,within-player,8,2015
1,"(0.8, 1.0]",66,0.893822707742,0.681818181818,0.878787878788,1.31093997135,within-player,8,2015
1,"(1.0, inf]",398,1.74054448835,1.52763819095,0.849246231156,1.13936958283,within-player,8,2015
1,"(-0.001, 0.05]",550,0.0393541846996,0.0672727272727,0.558181818182,0.584994637427,within-player,9,2015
1,"(0.05, 0.1]",1233,0.0727805478632,0.081103000811,0.598540145985,0.897384155154,within-player,9,2015
1,"(0.1, 0.15]",864,0.123330038289,0.111111111111,0.638888888889,1.1099703446,within-player,9,2015
1,"(0.15, 0.2]",652,0.173329719576,0.248466257669,0.716257668712,0.697598624468,within-player,9,2015
1,"(0.2, 0.3]",628,0.244930217368,0.300955414013,0.842356687898,0.813842203741,within-player,9,2015
1,"(0.3, 0.4]",377,0.348216367245,0.384615384615,0.965517241379,0.905362554838,within-player,9,2015
1,"(0.4, 0.6]",357,0.48545741916,0.459383753501,0.974789915966,1.05675791854,within-player,9,2015
1,"(0.6, 0.8]",135,0.680569868591,0.592592592593,0.992592592593,1.14846165325,within-player,9,2015
1,"(0.8, 1.0]",65,0.889814242466,0.692307692308,0.876923076923,1.28528723912,within-player,9,2015
1,"(1.0, inf]",389,1.76221538395,1.54241645244,0.845758354756,1.14250297393,within-player,9,2015
1,"(-0.001, 0.05]",558,0.0391719763544,0.0573476702509,0.557347670251,0.68306133768,within-player,10,2015
1,"(0.05, 0.1]",1243,0.0728716950906,0.0852775543041,0.593724859212,0.854523745261,within-player,10,2015
1,"(0.1, 0.15]",848,0.123323011775,0.122641509434,0.659198113208,1.00555686524,within-player,10,2015
1,"(0.15, 0.2]",607,0.173141189414,0.224052718287,0.706754530478,0.772769867458,within-player,10,2015
1,"(0.2, 0.3]",678,0.241671252214,0.294985250737,0.840707964602,0.819265545004,within-player,10,2015
1,"(0.3, 0.4]",340,0.347126550502,0.408823529412,0.941176470588,0.849086526408,within-player,10,2015
1,"(0.4, 0.6]",409,0.485082003977,0.469437652812,0.982885085575,1.03332572722,within-player,10,2015
1,"(0.6, 0.8]",108,0.681149629598,0.537037037037,0.962962962963,1.26834758615,within-player,10,2015
1,"(0.8, 1.0]",59,0.886232075882,0.728813559322,0.864406779661,1.2159928483,within-player,10,2015
1,"(1.0, inf]",400,1.72741721388,1.52,0.8525,1.13645869334,within-player,10,2015
1,"(-0.001, 0.05]",546,0.0393240929556,0.0586080586081,0.551282051282,0.670967336055,within-player,11,2015
1,"(0.05, 0.1]",1245,0.0723911599886,0.0803212851406,0.60562248996,0.901269941858,within-player,11,2015
1,"(0.1, 0.15]",872,0.122925990983,0.128440366972,0.644495412844,0.957066644082,within-player,11,2015
1,"(0.15, 0.2]",607,0.174264570319,0.235584843493,0.691927512356,0.739710448839,within-player,11,2015
1,"(0.2, 0.3]",662,0.242442156335,0.309667673716,0.851963746224,0.782910768264,within-player,11,2015
1,"(0.3, 0.4]",370,0.347742235625,0.383783783784,0.954054054054,0.906088923812,within-player,11,2015
1,"(0.4, 0.6]",374,0.485474061601,0.449197860963,0.98128342246,1.08075773237,within-player,11,2015
1,"(0.6, 0.8]",120,0.676116212538,0.558333333333,0.991666666667,1.21095441052,within-player,11,2015
1,"(0.8, 1.0]",48,0.891893813319,0.666666666667,0.833333333333,1.33784071998,within-player,11,2015
1,"(1.0, inf]",406,1.71985282782,1.5197044335,0.849753694581,1.13170218492,within-player,11,2015
1,"(-0.001, 0.05]",553,0.0393899731895,0.0524412296564,0.551537070524,0.751126040475,within-player,12,2015
1,"(0.05, 0.1]",1235,0.0726636803335,0.0817813765182,0.595951417004,0.888511338731,within-player,12,2015
1,"(0.1, 0.15]",865,0.123690497765,0.127167630058,0.658959537572,0.972657096061,within-player,12,2015
1,"(0.15, 0.2]",609,0.173812956773,0.234811165846,0.688013136289,0.740224410314,within-player,12,2015
1,"(0.2, 0.3]",676,0.242404838694,0.30325443787,0.853550295858,0.799344736376,within-player,12,2015
1,"(0.3, 0.4]",362,0.345865415102,0.397790055249,0.953038674033,0.869467224076,within-player,12,2015
1,"(0.4, 0.6]",370,0.483252272088,0.448648648649,0.981081081081,1.07712855827,within-player,12,2015
1,"(0.6, 0.8]",116,0.681876400277,0.551724137931,0.974137931034,1.2359009755,within-player,12,2015
1,"(0.8, 1.0]",64,0.892285130117,0.78125,0.890625,1.14212496655,within-player,12,2015
1,"(1.0, inf]",400,1.73793247125,1.515,0.85,1.14715014604,within-player,12,2015
1,"(-0.001, 0.05]",553,0.0389913211197,0.0596745027125,0.560578661844,0.653400017552,within-player,13,2015
1,"(0.05, 0.1]",1259,0.0731969925052,0.0826052422558,0.590945194599,0.886105899654,within-player,13,2015
1,"(0.1, 0.15]",856,0.123381128622,0.133177570093,0.655373831776,0.926440755265,within-player,13,2015
1,"(0.15, 0.2]",614,0.173729259715,0.239413680782,0.700325732899,0.725644663025,within-player,13,2015
1,"(0.2, 0.3]",641,0.243653965755,0.302652106084,0.85023400936,0.805062845614,within-player,13,2015
1,"(0.3, 0.4]",352,0.344337399713,0.332386363636,0.960227272727,1.03595525384,within-player,13,2015
1,"(0.4, 0.6]",402,0.486030198209,0.487562189055,0.980099502488,0.99685785551,within-player,13,2015
1,"(0.6, 0.8]",114,0.680509234968,0.578947368421,0.991228070175,1.17542504222,within-player,13,2015
1,"(0.8, 1.0]",60,0.892595404214,0.583333333333,0.833333333333,1.53016355008,within-player,13,2015
1,"(1.0, inf]",399,1.74270421798,1.53383458647,0.852130325815,1.13617480878,within-player,13,2015
1,"(-0.001, 0.05]",541,0.0391405614804,0.0591497227357,0.563770794824,0.661720117528,within-player,14,2015
1,"(0.05, 0.1]",1232,0.0719729511123,0.0803571428571,0.583603896104,0.89566339162,within-player,14,2015
1,"(0.1, 0.15]",863,0.123260457016,0.128621089224,0.666280417149,0.958322291938,within-player,14,2015
1,"(0.15, 0.2]",630,0.173019604864,0.238095238095,0.68253968254,0.726682340431,within-player,14,2015
1,"(0.2, 0.3]",665,0.242226940124,0.306766917293,0.857142857143,0.789612329324,within-player,14,2015
1,"(0.3, 0.4]",353,0.346580631826,0.368271954674,0.954674220963,0.941099715649,within-player,14,2015
1,"(0.4, 0.6]",390,0.485253542045,0.451282051282,0.982051282051,1.07527773521,within-player,14,2015
1,"(0.6, 0.8]",114,0.673238937296,0.570175438596,0.991228070175,1.1807575208,within-player,14,2015
1,"(0.8, 1.0]",58,0.893487057649,0.620689655172,0.862068965517,1.43950692621,within-player,14,2015
1,"(1.0, inf]",404,1.72543944569,1.52227722772,0.84900990099,1.13345940822,within-player,14,2015
1,"(-0.001, 0.05]",552,0.039000076079,0.0525362318841,0.559782608696,0.74234627571,within-player,15,2015
1,"(0.05, 0.1]",1245,0.0729259040034,0.0819277108434,0.6,0.890125004747,within-player,15,2015
1,"(0.1, 0.15]",855,0.123245219234,0.126315789474,0.653801169591,0.975691318933,within-player,15,2015
1,"(0.15, 0.2]",616,0.174129808728,0.222402597403,0.681818181818,0.782948629024,within-player,15,2015
1,"(0.2, 0.3]",664,0.242948728746,0.317771084337,0.852409638554,0.764540075296,within-player,15,2015
1,"(0.3, 0.4]",350,0.346823343474,0.374285714286,0.954285714286,0.926627253557,within-player,15,2015
1,"(0.4, 0.6]",387,0.485655942655,0.462532299742,0.976744186047,1.04999357434,within-player,15,2015
1,"(0.6, 0.8]",118,0.675086215391,0.559322033898,0.991525423729,1.20697232449,within-player,15,2015
1,"(0.8, 1.0]",64,0.893567936644,0.6875,0.890625,1.29973518057,within-player,15,2015
1,"(1.0, inf]",399,1.73353415177,1.5313283208,0.847117794486,1.13204603364,within-player,15,2015
1,"(-0.001, 0.05]",542,0.0391193001922,0.0608856088561,0.557195571956,0.642504869823,within-player,16,2015
1,"(0.05, 0.1]",1244,0.072486027127,0.08038585209,0.597266881029,0.90172617746,within-player,16,2015
1,"(0.1, 0.15]",857,0.122764075203,0.124854142357,0.645274212369,0.983259929433,within-player,16,2015
1,"(0.15, 0.2]",604,0.173968752763,0.220198675497,0.695364238411,0.790053583975,within-player,16,2015
1,"(0.2, 0.3]",690,0.242383446859,0.31884057971,0.850724637681,0.760202628785,within-player,16,2015
1,"(0.3, 0.4]",356,0.347271893018,0.379213483146,0.957865168539,0.91576884381,within-player,16,2015
1,"(0.4, 0.6]",378,0.481389368768,0.44708994709,0.978835978836,1.07671704967,within-player,16,2015
1,"(0.6, 0.8]",125,0.684473854022,0.616,0.984,1.11115885393,within-player,16,2015
1,"(0.8, 1.0]",54,0.89753019232,0.574074074074,0.833333333333,1.56343968985,within-player,16,2015
1,"(1.0, inf]",400,1.7525272392,1.5325,0.8525,1.14357405494,within-player,16,2015
1,"(-0.001, 0.05]",552,0.0388853145719,0.0579710144928,0.55615942029,0.670771676366,within-player,17,2015
1,"(0.05, 0.1]",1251,0.0730369804098,0.0815347721823,0.599520383693,0.895777083261,within-player,17,2015
1,"(0.1, 0.15]",854,0.122757827799,0.13700234192,0.656908665105,0.896027221712,within-player,17,2015
1,"(0.15, 0.2]",597,0.173016599118,0.241206030151,0.685092127303,0.717297983845,within-player,17,2015
1,"(0.2, 0.3]",670,0.243791894288,0.279104477612,0.846268656716,0.873478979536,within-player,17,2015
1,"(0.3, 0.4]",372,0.346203238258,0.365591397849,0.94623655914,0.946967681117,within-player,17,2015
1,"(0.4, 0.6]",380,0.484863272462,0.478947368421,0.986842105263,1.01235188756,within-player,17,2015
1,"(0.6, 0.8]",110,0.675261285413,0.590909090909,0.981818181818,1.14274986762,within-player,17,2015
1,"(0.8, 1.0]",63,0.892960304595,0.68253968254,0.857142857143,1.30829067883,within-player,17,2015
1,"(1.0, inf]",401,1.72323657283,1.52119700748,0.852867830424,1.13281617328,within-player,17,2015
1,"(-0.001, 0.05]",554,0.0389832518421,0.0523465703971,0.557761732852,0.74471453519,within-player,18,2015
1,"(0.05, 0.1]",1233,0.0726520631304,0.0794809407948,0.60097323601,0.914081569793,within-player,18,2015
1,"(0.1, 0.15]",849,0.123252660576,0.140164899882,0.647820965842,0.879340410331,within-player,18,2015
1,"(0.15, 0.2]",619,0.173498965306,0.210016155089,0.683360258481,0.826121996341,within-player,18,2015
1,"(0.2, 0.3]",693,0.243722661218,0.314574314574,0.857142857143,0.774769744147,within-player,18,2015
1,"(0.3, 0.4]",348,0.347118543132,0.362068965517,0.951149425287,0.958708357223,within-player,18,2015
1,"(0.4, 0.6]",372,0.482935173495,0.483870967742,0.981182795699,0.998066025222,within-player,18,2015
1,"(0.6, 0.8]",124,0.680530505128,0.572580645161,0.983870967742,1.1885321498,within-player,18,2015
1,"(0.8, 1.0]",58,0.905570140515,0.620689655172,0.879310344828,1.45897411527,within-player,18,2015
1,"(1.0, inf]",400,1.7419843863,1.5275,0.8475,1.14041531018,within-player,18,2015
1,"(-0.001, 0.05]",540,0.0390870037642,0.0574074074074,0.55,0.680870388151,within-player,19,2015
1,"(0.05, 0.1]",1254,0.0723806622147,0.0805422647528,0.597288676236,0.898666835814,within-player,19,2015
1,"(0.1, 0.15]",850,0.123213841783,0.131764705882,0.670588235294,0.935105049245,within-player,19,2015
1,"(0.15, 0.2]",619,0.173854496931,0.231017770598,0.665589660743,0.752558976225,within-player,19,2015
1,"(0.2, 0.3]",666,0.242941564847,0.307807807808,0.864864864865,0.789263815552,within-player,19,2015
1,"(0.3, 0.4]",358,0.34608275439,0.36312849162,0.935754189944,0.953058662089,within-player,19,2015
1,"(0.4, 0.6]",389,0.483272412998,0.467866323907,0.982005141388,1.03292839921,within-player,19,2015
1,"(0.6, 0.8]",122,0.678633126943,0.590163934426,0.967213114754,1.14990613176,within-player,19,2015
1,"(0.8, 1.0]",59,0.902252940324,0.610169491525,0.881355932203,1.47869231886,within-player,19,2015
1,"(1.0, inf]",393,1.76168769116,1.54198473282,0.849872773537,1.14248063139,within-player,19,2015
1,"(-0.001, 0.05]",28,0.0428745205119,0,0.892857142857,,base-rate-only,-1,2016
1,"(0.05, 0.1]",483,0.0812585286584,0.0848861283644,0.788819875776,0.957265105903,base-rate-only,-1,2016
1,"(0.1, 0.15]",1051,0.126075891541,0.0875356803045,0.704091341579,1.44028002184,base-rate-only,-1,2016
1,"(0.15, 0.2]",1555,0.175481468709,0.107395498392,0.615434083601,1.63397415474,base-rate-only,-1,2016
1,"(0.2, 0.3]",2072,0.238817225381,0.137065637066,0.59555984556,1.74235665842,base-rate-only,-1,2016
1,"(0.3, 0.4]",757,0.3450041795,0.256274768824,0.874504623514,1.34622764887,base-rate-only,-1,2016
1,"(0.4, 0.6]",624,0.481276754096,0.427884615385,0.9375,1.12478162755,base-rate-only,-1,2016
1,"(0.6, 0.8]",254,0.679288121774,0.452755905512,0.858267716535,1.50034072113,base-rate-only,-1,2016
1,"(0.8, 1.0]",148,0.892027007498,0.358108108108,0.452702702703,2.49094334169,base-rate-only,-1,2016
1,"(1.0, inf]",1183,1.38763818162,0.688926458157,0.4539306847,2.01420364277,base-rate-only,-1,2016
1,"(0.05, 0.1]",4,0.0951976935899,0.25,0.75,0.38079077436,current-season-rate,-1,2016
1,"(0.1, 0.15]",293,0.130564822827,0.143344709898,0.860068259386,0.910845073528,current-season-rate,-1,2016
1,"(0.15, 0.2]",762,0.176488301695,0.0984251968504,0.786089238845,1.79312114522,current-season-rate,-1,2016
1,"(0.2, 0.3]",2203,0.249520628207,0.1484339537,0.743531547889,1.68102123529,current-season-rate,-1,2016
1,"(0.3, 0.4]",2650,0.346777008437,0.131698113208,0.566037735849,2.63312055117,current-season-rate,-1,2016
1,"(0.4, 0.6]",711,0.469491898126,0.395218002813,0.915611814346,1.18793145754,current-season-rate,-1,2016
1,"(0.6, 0.8]",145,0.674552502762,0.537931034483,0.91724137931,1.25397580642,current-season-rate,-1,2016
1,"(0.8, 1.0]",44,0.863336435683,0.704545454545,0.818181818182,1.22538074742,current-season-rate,-1,2016
1,"(1.0, inf]",1343,1.60832417474,0.628443782576,0.442293373045,2.5592172591,current-season-rate,-1,2016
1,"(-0.001, 0.05]",4036,0,0.108523290387,0.514866204163,0,historical-rate,-1,2016
1,"(0.05, 0.1]",594,0.0802559474056,0.156565656566,0.777777777778,0.512602502784,historical-rate,-1,2016
1,"(0.1, 0.15]",426,0.128906136248,0.178403755869,0.821596244131,0.722552816336,historical-rate,-1,2016
1,"(0.15, 0.2]",471,0.182789377113,0.203821656051,0.745222929936,0.896810381459,historical-rate,-1,2016
1,"(0.2, 0.3]",506,0.25586509601,0.197628458498,0.845849802372,1.29467738581,historical-rate,-1,2016
1,"(0.3, 0.4]",561,0.346234121766,0.272727272727,0.896613190731,1.26952511314,historical-rate,-1,2016
1,"(0.4, 0.6]",570,0.496172079139,0.350877192982,0.828070175439,1.41409042555,historical-rate,-1,2016
1,"(0.6, 0.8]",316,0.696536816735,0.360759493671,0.753164556962,1.93075117621,historical-rate,-1,2016
1,"(0.8, 1.0]",202,0.916238052377,0.326732673267,0.564356435644,2.80424373606,historical-rate,-1,2016
1,"(1.0, inf]",473,1.84546173347,1.46300211416,0.866807610994,1.26142109817,historical-rate,-1,2016
1,"(-0.001, 0.05]",1337,0.038713870764,0.0508601346298,0.510845175767,0.761183017817,no-vegas,-1,2016
1,"(0.05, 0.1]",2320,0.071215089414,0.0952586206897,0.549568965517,0.747597318735,no-vegas,-1,2016
1,"(0.1, 0.15]",1259,0.121172305802,0.118347895155,0.618745035743,1.02386532218,no-vegas,-1,2016
1,"(0.15, 0.2]",725,0.173770991883,0.231724137931,0.68275862069,0.749904578067,no-vegas,-1,2016
1,"(0.2, 0.3]",879,0.242815196169,0.269624573379,0.783845278726,0.900567752881,no-vegas,-1,2016
1,"(0.3, 0.4]",459,0.347086846202,0.326797385621,0.904139433551,1.06208574938,no-vegas,-1,2016
1,"(0.4, 0.6]",460,0.480590524356,0.463043478261,0.94347826087,1.03789502913,no-vegas,-1,2016
1,"(0.6, 0.8]",177,0.683032972156,0.536723163842,0.977401129944,1.27259827444,no-vegas,-1,2016
1,"(0.8, 1.0]",43,0.874914047435,0.720930232558,0.976744186047,1.21359045289,no-vegas,-1,2016
1,"(1.0, inf]",496,1.69979238983,1.40322580645,0.848790322581,1.2113463008,no-vegas,-1,2016
1,"(-0.001, 0.05]",39,0.0439426558057,0,0.871794871795,,player-vegas,-1,2016
1,"(0.05, 0.1]",543,0.0815563560361,0.0920810313076,0.756906077348,0.885702026552,player-vegas,-1,2016
1,"(0.1, 0.15]",1093,0.127601241108,0.092406221409,0.698993595608,1.38087283694,player-vegas,-1,2016
1,"(0.15, 0.2]",1454,0.175066968285,0.105914718019,0.619669876204,1.65290501224,player-vegas,-1,2016
1,"(0.2, 0.3]",2005,0.237980861769,0.134164588529,0.588528678304,1.77379787303,player-vegas,-1,2016
1,"(0.3, 0.4]",776,0.344153647853,0.257731958763,0.889175257732,1.33531615367,player-vegas,-1,2016
1,"(0.4, 0.6]",624,0.478148394005,0.407051282051,0.934294871795,1.1746637711,player-vegas,-1,2016
1,"(0.6, 0.8]",295,0.692300598371,0.484745762712,0.786440677966,1.42817256307,player-vegas,-1,2016
1,"(0.8, 1.0]",326,0.904731762144,0.196319018405,0.312883435583,4.60847741342,player-vegas,-1,2016
1,"(1.0, inf]",1000,1.48326049023,0.793,0.509,1.87044198011,player-vegas,-1,2016
1,"(-0.001, 0.05]",1417,0.0384471116113,0.260409315455,0.675370501059,0.147641076296,random,0,2016
1,"(0.05, 0.1]",2286,0.0713300895471,0.189413823272,0.672353455818,0.376583336501,random,0,2016
1,"(0.1, 0.15]",1241,0.122006356672,0.190975020145,0.65592264303,0.638860289576,random,0,2016
1,"(0.15, 0.2]",676,0.174645824072,0.263313609467,0.650887573964,0.663261668947,random,0,2016
1,"(0.2, 0.3]",862,0.2435084131,0.27030162413,0.685614849188,0.90087661842,random,0,2016
1,"(0.3, 0.4]",485,0.348718052711,0.19587628866,0.698969072165,1.780297427,random,0,2016
1,"(0.4, 0.6]",457,0.480604756109,0.177242888403,0.713347921225,2.71156016718,random,0,2016
1,"(0.6, 0.8]",179,0.68578960662,0.240223463687,0.670391061453,2.854798595,random,0,2016
1,"(0.8, 1.0]",71,0.896580696652,0.239436619718,0.647887323944,3.74454290955,random,0,2016
1,"(1.0, inf]",481,1.75145884609,0.711018711019,0.490644490644,2.46330907886,random,0,2016
1,"(-0.001, 0.05]",1399,0.0383405259149,0.228734810579,0.661901358113,0.167619986734,random,1,2016
1,"(0.05, 0.1]",2307,0.0711814905638,0.194191590811,0.68400520156,0.366552898952,random,1,2016
1,"(0.1, 0.15]",1233,0.121769743971,0.228710462287,0.677210056772,0.532418774172,random,1,2016
1,"(0.15, 0.2]",683,0.174993507962,0.348462664714,0.663250366032,0.502187251839,random,1,2016
1,"(0.2, 0.3]",854,0.242831035581,0.229508196721,0.658079625293,1.05804951217,random,1,2016
1,"(0.3, 0.4]",489,0.347971768372,0.167689161554,0.685071574642,2.07509993578,random,1,2016
1,"(0.4, 0.6]",462,0.48159725988,0.205627705628,0.738095238095,2.34208351647,random,1,2016
1,"(0.6, 0.8]",174,0.683356000539,0.17816091954,0.655172413793,3.8356110998,random,1,2016
1,"(0.8, 1.0]",73,0.896685044401,0.27397260274,0.575342465753,3.27290041206,random,1,2016
1,"(1.0, inf]",481,1.75230980869,0.656964656965,0.45738045738,2.66728170248,random,1,2016
1,"(-0.001, 0.05]",1414,0.0383897472159,0.267326732673,0.691654879774,0.143606091437,random,2,2016
1,"(0.05, 0.1]",2290,0.0713457857689,0.191266375546,0.675545851528,0.373017921029,random,2,2016
1,"(0.1, 0.15]",1234,0.121872326355,0.237439222042,0.688006482982,0.513277988811,random,2,2016
1,"(0.15, 0.2]",679,0.174442945858,0.328424153166,0.631811487482,0.5311513912,random,2,2016
1,"(0.2, 0.3]",869,0.242818964427,0.260069044879,0.693901035673,0.933671150826,random,2,2016
1,"(0.3, 0.4]",471,0.347230179381,0.197452229299,0.675159235669,1.75855284396,random,2,2016
1,"(0.4, 0.6]",461,0.480130786863,0.162689804772,0.668112798265,2.95120390325,random,2,2016
1,"(0.6, 0.8]",182,0.682615525048,0.153846153846,0.769230769231,4.43700091281,random,2,2016
1,"(0.8, 1.0]",73,0.892174359743,0.13698630137,0.561643835616,6.51287282613,random,2,2016
1,"(1.0, inf]",482,1.75285249774,0.547717842324,0.400414937759,3.20028372694,random,2,2016
1,"(-0.001, 0.05]",1403,0.0383948413586,0.253741981468,0.651461154669,0.151314501197,random,3,2016
1,"(0.05, 0.1]",2301,0.0712537283001,0.204259017818,0.692307692308,0.348840061316,random,3,2016
1,"(0.1, 0.15]",1243,0.122030227234,0.252614641995,0.680611423974,0.483068702077,random,3,2016
1,"(0.15, 0.2]",675,0.174409322865,0.277037037037,0.647407407407,0.62955236863,random,3,2016
1,"(0.2, 0.3]",863,0.243235774096,0.24449594438,0.68134414832,0.994845843815,random,3,2016
1,"(0.3, 0.4]",489,0.347465370293,0.208588957055,0.730061349693,1.66578986346,random,3,2016
1,"(0.4, 0.6]",443,0.482822554257,0.167042889391,0.695259593679,2.89041069643,random,3,2016
1,"(0.6, 0.8]",186,0.682113486201,0.220430107527,0.693548387097,3.09446605935,random,3,2016
1,"(0.8, 1.0]",69,0.899807012245,0.31884057971,0.507246376812,2.82212199295,random,3,2016
1,"(1.0, inf]",483,1.75071614943,0.51966873706,0.412008281573,3.36890796882,random,3,2016
1,"(-0.001, 0.05]",1413,0.0384085800137,0.225053078556,0.658881811748,0.170664539495,random,4,2016
1,"(0.05, 0.1]",2290,0.0713070851049,0.198253275109,0.698689956332,0.359676706807,random,4,2016
1,"(0.1, 0.15]",1238,0.121992093203,0.200323101777,0.64943457189,0.60897665881,random,4,2016
1,"(0.15, 0.2]",677,0.174664911708,0.311669128508,0.617429837518,0.560417749887,random,4,2016
1,"(0.2, 0.3]",857,0.242199810443,0.289381563594,0.697782963827,0.836956603022,random,4,2016
1,"(0.3, 0.4]",489,0.347418611898,0.177914110429,0.738241308793,1.95273219791,random,4,2016
1,"(0.4, 0.6]",458,0.480866077502,0.218340611354,0.689956331878,2.20236663496,random,4,2016
1,"(0.6, 0.8]",180,0.682232512301,0.138888888889,0.705555555556,4.91207408857,random,4,2016
1,"(0.8, 1.0]",72,0.898569662098,0.208333333333,0.513888888889,4.31313437807,random,4,2016
1,"(1.0, inf]",481,1.75328722435,0.669438669439,0.444906444906,2.61904085377,random,4,2016
1,"(-0.001, 0.05]",1415,0.0384584218516,0.262190812721,0.666431095406,0.146681042911,random,5,2016
1,"(0.05, 0.1]",2283,0.0712641363165,0.226018396846,0.687253613666,0.315302370563,random,5,2016
1,"(0.1, 0.15]",1242,0.121696272001,0.226247987118,0.671497584541,0.53788886059,random,5,2016
1,"(0.15, 0.2]",674,0.175094874479,0.253709198813,0.632047477745,0.690140031572,random,5,2016
1,"(0.2, 0.3]",866,0.242664736545,0.242494226328,0.677829099307,1.00070315166,random,5,2016
1,"(0.3, 0.4]",488,0.346987577334,0.186475409836,0.754098360656,1.86076854658,random,5,2016
1,"(0.4, 0.6]",450,0.479248570209,0.173333333333,0.664444444444,2.76489559736,random,5,2016
1,"(0.6, 0.8]",183,0.682406330994,0.20218579235,0.72131147541,3.37514482627,random,5,2016
1,"(0.8, 1.0]",72,0.896575571578,0.416666666667,0.638888888889,2.15178137179,random,5,2016
1,"(1.0, inf]",482,1.75269311951,0.504149377593,0.419087136929,3.47653532348,random,5,2016
1,"(-0.001, 0.05]",1409,0.0383998949867,0.237047551455,0.675656493967,0.161992371366,random,6,2016
1,"(0.05, 0.1]",2298,0.071284125504,0.184943429069,0.682767624021,0.385437459784,random,6,2016
1,"(0.1, 0.15]",1231,0.121902798206,0.245329000812,0.677497969131,0.496895180767,random,6,2016
1,"(0.15, 0.2]",676,0.174734646444,0.325443786982,0.652366863905,0.536911913619,random,6,2016
1,"(0.2, 0.3]",866,0.242511476686,0.247113163972,0.673210161663,0.98137821874,random,6,2016
1,"(0.3, 0.4]",481,0.346842619066,0.162162162162,0.698544698545,2.13886281757,random,6,2016
1,"(0.4, 0.6]",470,0.482214871154,0.187234042553,0.676595744681,2.57546578912,random,6,2016
1,"(0.6, 0.8]",171,0.685259278017,0.228070175439,0.707602339181,3.00459837284,random,6,2016
1,"(0.8, 1.0]",69,0.896692622613,0.478260869565,0.623188405797,1.87490275637,random,6,2016
1,"(1.0, inf]",484,1.75128310149,0.609504132231,0.431818181818,2.87329159703,random,6,2016
1,"(-0.001, 0.05]",1411,0.0384393541145,0.255138199858,0.687455705174,0.150660912932,random,7,2016
1,"(0.05, 0.1]",2287,0.0712006681862,0.198950590293,0.683865325754,0.357881160751,random,7,2016
1,"(0.1, 0.15]",1239,0.121876062023,0.241323648103,0.657788539144,0.505031574736,random,7,2016
1,"(0.15, 0.2]",679,0.174595309345,0.290132547865,0.60530191458,0.601777741346,random,7,2016
1,"(0.2, 0.3]",873,0.243327437009,0.256586483391,0.678121420389,0.948325234415,random,7,2016
1,"(0.3, 0.4]",478,0.347756509425,0.138075313808,0.707112970711,2.51860017432,random,7,2016
1,"(0.4, 0.6]",460,0.482215250138,0.221739130435,0.728260869565,2.17469622611,random,7,2016
1,"(0.6, 0.8]",177,0.682654070928,0.209039548023,0.74011299435,3.26566947444,random,7,2016
1,"(0.8, 1.0]",69,0.898055068935,0.376811594203,0.68115942029,2.38329999064,random,7,2016
1,"(1.0, inf]",482,1.75247344085,0.54356846473,0.421161825726,3.22401602477,random,7,2016
1,"(-0.001, 0.05]",1411,0.0384188433571,0.230333097094,0.671863926293,0.166796886083,random,8,2016
1,"(0.05, 0.1]",2288,0.0711627601231,0.214160839161,0.689248251748,0.332286520738,random,8,2016
1,"(0.1, 0.15]",1244,0.121953755542,0.208199356913,0.680064308682,0.58575471774,random,8,2016
1,"(0.15, 0.2]",678,0.174603050033,0.252212389381,0.638643067847,0.692285777323,random,8,2016
1,"(0.2, 0.3]",866,0.243570447021,0.24480369515,0.657043879908,0.994962297736,random,8,2016
1,"(0.3, 0.4]",473,0.347865632303,0.196617336152,0.689217758985,1.76925208687,random,8,2016
1,"(0.4, 0.6]",457,0.480524530636,0.161925601751,0.645514223195,2.96756365541,random,8,2016
1,"(0.6, 0.8]",185,0.679885180448,0.151351351351,0.697297297297,4.49209851368,random,8,2016
1,"(0.8, 1.0]",71,0.894099409815,0.450704225352,0.577464788732,1.98378306553,random,8,2016
1,"(1.0, inf]",482,1.75078121743,0.713692946058,0.502074688797,2.45312949651,random,8,2016
1,"(-0.001, 0.05]",1406,0.0384170707013,0.241820768137,0.677098150782,0.158865886488,random,9,2016
1,"(0.05, 0.1]",2298,0.0712580385226,0.182332463011,0.689730200174,0.390813776909,random,9,2016
1,"(0.1, 0.15]",1235,0.121833278463,0.25020242915,0.661538461538,0.486938831396,random,9,2016
1,"(0.15, 0.2]",682,0.174797938777,0.281524926686,0.626099706745,0.620896845029,random,9,2016
1,"(0.2, 0.3]",861,0.243034322139,0.229965156794,0.663182346109,1.05683106748,random,9,2016
1,"(0.3, 0.4]",497,0.347579548793,0.162977867203,0.69014084507,2.1326794537,random,9,2016
1,"(0.4, 0.6]",442,0.48344006184,0.217194570136,0.696832579186,2.22583861805,random,9,2016
1,"(0.6, 0.8]",180,0.68363598639,0.211111111111,0.716666666667,3.238275725,random,9,2016
1,"(0.8, 1.0]",70,0.89461888212,0.314285714286,0.614285714286,2.84651462493,random,9,2016
1,"(1.0, inf]",484,1.74733558894,0.688016528926,0.477272727273,2.53967094608,random,9,2016
1,"(-0.001, 0.05]",1402,0.038296963221,0.227532097004,0.694008559201,0.16831455309,random,10,2016
1,"(0.05, 0.1]",2284,0.0710657402527,0.203152364273,0.685201401051,0.349814980037,random,10,2016
1,"(0.1, 0.15]",1258,0.121730376778,0.235294117647,0.658982511924,0.517354101308,random,10,2016
1,"(0.15, 0.2]",668,0.174389292424,0.296407185629,0.631736526946,0.588343673429,random,10,2016
1,"(0.2, 0.3]",881,0.243093495434,0.254256526674,0.662883087401,0.956095399454,random,10,2016
1,"(0.3, 0.4]",475,0.34831422919,0.197894736842,0.736842105263,1.76009849857,random,10,2016
1,"(0.4, 0.6]",451,0.482519199396,0.188470066519,0.705099778271,2.56019010503,random,10,2016
1,"(0.6, 0.8]",183,0.680752028448,0.229508196721,0.693989071038,2.96613383824,random,10,2016
1,"(0.8, 1.0]",71,0.897866321059,0.253521126761,0.577464788732,3.54158382196,random,10,2016
1,"(1.0, inf]",482,1.75092118517,0.597510373444,0.408713692946,2.93036115018,random,10,2016
1,"(-0.001, 0.05]",1410,0.038420944233,0.247517730496,0.657446808511,0.155225018248,random,11,2016
1,"(0.05, 0.1]",2295,0.0712333986392,0.19477124183,0.691938997821,0.365728523215,random,11,2016
1,"(0.1, 0.15]",1239,0.121988071066,0.234059725585,0.669895076675,0.521183517417,random,11,2016
1,"(0.15, 0.2]",673,0.174866509089,0.298662704309,0.640416047548,0.585498311528,random,11,2016
1,"(0.2, 0.3]",871,0.243066770815,0.246842709529,0.67278989667,0.984703057579,random,11,2016
1,"(0.3, 0.4]",473,0.348469302003,0.228329809725,0.69978858351,1.52616648007,random,11,2016
1,"(0.4, 0.6]",456,0.480221294267,0.177631578947,0.708333333333,2.70346802698,random,11,2016
1,"(0.6, 0.8]",185,0.680677391255,0.145945945946,0.654054054054,4.66390064378,random,11,2016
1,"(0.8, 1.0]",71,0.894160179052,0.549295774648,0.69014084507,1.62783006956,random,11,2016
1,"(1.0, inf]",482,1.75090663872,0.5622406639,0.45643153527,3.11415867107,random,11,2016
1,"(-0.001, 0.05]",1406,0.0384305983495,0.236842105263,0.674964438122,0.162262526365,random,12,2016
1,"(0.05, 0.1]",2292,0.071194895108,0.206369982548,0.689790575916,0.344986679889,random,12,2016
1,"(0.1, 0.15]",1242,0.121761594339,0.210950080515,0.661835748792,0.577205725834,random,12,2016
1,"(0.15, 0.2]",677,0.174571058316,0.323485967504,0.624815361891,0.539655737351,random,12,2016
1,"(0.2, 0.3]",870,0.242922747546,0.211494252874,0.641379310345,1.14860212155,random,12,2016
1,"(0.3, 0.4]",477,0.348503315675,0.129979035639,0.660377358491,2.68122712221,random,12,2016
1,"(0.4, 0.6]",458,0.479781678266,0.2096069869,0.733624454148,2.28895842339,random,12,2016
1,"(0.6, 0.8]",182,0.683850962027,0.230769230769,0.758241758242,2.96335416879,random,12,2016
1,"(0.8, 1.0]",69,0.898249280529,0.449275362319,0.710144927536,1.99932904376,random,12,2016
1,"(1.0, inf]",482,1.75102732655,0.676348547718,0.48755186722,2.58894224355,random,12,2016
1,"(-0.001, 0.05]",1410,0.0384289787133,0.250354609929,0.682978723404,0.153498186929,random,13,2016
1,"(0.05, 0.1]",2305,0.0713606457766,0.199132321041,0.685032537961,0.358357927048,random,13,2016
1,"(0.1, 0.15]",1222,0.121952218303,0.207855973813,0.624386252046,0.586715003017,random,13,2016
1,"(0.15, 0.2]",678,0.174611215969,0.281710914454,0.65191740413,0.619824106947,random,13,2016
1,"(0.2, 0.3]",877,0.242858069665,0.275940706956,0.685290763968,0.8801096161,random,13,2016
1,"(0.3, 0.4]",475,0.349164387035,0.174736842105,0.747368421053,1.9982299258,random,13,2016
1,"(0.4, 0.6]",450,0.481229655414,0.186666666667,0.722222222222,2.57801601114,random,13,2016
1,"(0.6, 0.8]",187,0.68272297473,0.251336898396,0.663101604278,2.71636587818,random,13,2016
1,"(0.8, 1.0]",69,0.898328171571,0.434782608696,0.652173913043,2.06615479461,random,13,2016
1,"(1.0, inf]",482,1.75311699608,0.591286307054,0.433609958506,2.96492067407,random,13,2016
1,"(-0.001, 0.05]",1403,0.0383345537118,0.265146115467,0.668567355666,0.144578975424,random,14,2016
1,"(0.05, 0.1]",2293,0.0711366632049,0.188399476668,0.690361971217,0.377584186872,random,14,2016
1,"(0.1, 0.15]",1254,0.122070642378,0.205741626794,0.648325358852,0.593320098999,random,14,2016
1,"(0.15, 0.2]",667,0.174677259044,0.292353823088,0.629685157421,0.597485804013,random,14,2016
1,"(0.2, 0.3]",869,0.242691745387,0.271576524741,0.688147295742,0.893640367548,random,14,2016
1,"(0.3, 0.4]",478,0.348237466066,0.140167364017,0.707112970711,2.48444042955,random,14,2016
1,"(0.4, 0.6]",453,0.480072338443,0.163355408389,0.644591611479,2.93882120696,random,14,2016
1,"(0.6, 0.8]",183,0.680772516434,0.174863387978,0.677595628415,3.89316782835,random,14,2016
1,"(0.8, 1.0]",72,0.895982309439,0.333333333333,0.583333333333,2.68794692832,random,14,2016
1,"(1.0, inf]",483,1.75057858208,0.699792960663,0.534161490683,2.50156643534,random,14,2016
1,"(-0.001, 0.05]",1405,0.0384046054145,0.257651245552,0.677580071174,0.149056548639,random,15,2016
1,"(0.05, 0.1]",2297,0.0711349011121,0.207662168045,0.673051806704,0.342551085649,random,15,2016
1,"(0.1, 0.15]",1243,0.121903611105,0.196299275945,0.661303298471,0.621008969684,random,15,2016
1,"(0.15, 0.2]",669,0.174375309003,0.316890881913,0.648729446936,0.55026925341,random,15,2016
1,"(0.2, 0.3]",868,0.242963408459,0.264976958525,0.690092165899,0.916922776271,random,15,2016
1,"(0.3, 0.4]",481,0.347642992267,0.168399168399,0.721413721414,2.06439850963,random,15,2016
1,"(0.4, 0.6]",459,0.482328490768,0.167755991285,0.681917211329,2.87517892549,random,15,2016
1,"(0.6, 0.8]",180,0.683130740157,0.211111111111,0.733333333333,3.23588245337,random,15,2016
1,"(0.8, 1.0]",71,0.896840797041,0.478873239437,0.732394366197,1.87281460559,random,15,2016
1,"(1.0, inf]",482,1.75232791543,0.566390041494,0.433609958506,3.09385368218,random,15,2016
1,"(-0.001, 0.05]",1402,0.0383681005532,0.248930099857,0.659058487874,0.154132025718,random,16,2016
1,"(0.05, 0.1]",2301,0.0712042023163,0.185136897001,0.682312038244,0.384602980117,random,16,2016
1,"(0.1, 0.15]",1242,0.122080066578,0.23268921095,0.644927536232,0.524648590621,random,16,2016
1,"(0.15, 0.2]",674,0.174611154811,0.293768545994,0.608308605341,0.594383425974,random,16,2016
1,"(0.2, 0.3]",864,0.243438822127,0.256944444444,0.712962962963,0.947437578007,random,16,2016
1,"(0.3, 0.4]",478,0.34688069452,0.175732217573,0.713389121339,1.9739163331,random,16,2016
1,"(0.4, 0.6]",461,0.480190260717,0.203904555315,0.741865509761,2.35497564033,random,16,2016
1,"(0.6, 0.8]",180,0.681484780823,0.233333333333,0.7,2.92064906067,random,16,2016
1,"(0.8, 1.0]",70,0.897558819742,0.3,0.557142857143,2.99186273247,random,16,2016
1,"(1.0, inf]",483,1.74873147844,0.627329192547,0.490683229814,2.78758186167,random,16,2016
1,"(-0.001, 0.05]",1406,0.0384148095126,0.241820768137,0.676386913229,0.158856535808,random,17,2016
1,"(0.05, 0.1]",2291,0.0710991021318,0.193365342645,0.693583587953,0.367693099287,random,17,2016
1,"(0.1, 0.15]",1242,0.121717904934,0.221417069243,0.659420289855,0.54972231974,random,17,2016
1,"(0.15, 0.2]",682,0.174807623942,0.325513196481,0.637829912023,0.537021619497,random,17,2016
1,"(0.2, 0.3]",869,0.243426018298,0.254315304948,0.659378596087,0.957181945254,random,17,2016
1,"(0.3, 0.4]",475,0.347505163069,0.178947368421,0.72,1.94194061715,random,17,2016
1,"(0.4, 0.6]",452,0.482097684044,0.223451327434,0.71017699115,2.15750646721,random,17,2016
1,"(0.6, 0.8]",182,0.680184865912,0.142857142857,0.631868131868,4.76129406138,random,17,2016
1,"(0.8, 1.0]",74,0.895674352073,0.283783783784,0.567567567568,3.15618581207,random,17,2016
1,"(1.0, inf]",482,1.75020831283,0.609958506224,0.454356846473,2.86938913871,random,17,2016
1,"(-0.001, 0.05]",1413,0.0384857601787,0.229299363057,0.676574663836,0.167840676335,random,18,2016
1,"(0.05, 0.1]",2294,0.0714065106752,0.18962510898,0.676111595466,0.37656674825,random,18,2016
1,"(0.1, 0.15]",1237,0.122021651365,0.221503637833,0.680679062247,0.550878769118,random,18,2016
1,"(0.15, 0.2]",684,0.174785020757,0.296783625731,0.654970760234,0.588930808856,random,18,2016
1,"(0.2, 0.3]",858,0.24336453038,0.236596736597,0.671328671329,1.02860476387,random,18,2016
1,"(0.3, 0.4]",476,0.346860138144,0.153361344538,0.649159663866,2.26171816105,random,18,2016
1,"(0.4, 0.6]",463,0.48147132353,0.177105831533,0.684665226782,2.71855149749,random,18,2016
1,"(0.6, 0.8]",180,0.683368215039,0.238888888889,0.733333333333,2.86061113272,random,18,2016
1,"(0.8, 1.0]",66,0.89774970654,0.166666666667,0.378787878788,5.38649823924,random,18,2016
1,"(1.0, inf]",484,1.75190592913,0.785123966942,0.51652892562,2.23137492026,random,18,2016
1,"(-0.001, 0.05]",1414,0.0383794928974,0.232673267327,0.678925035361,0.164950160963,random,19,2016
1,"(0.05, 0.1]",2285,0.0712927539169,0.202625820569,0.686652078775,0.351844368683,random,19,2016
1,"(0.1, 0.15]",1239,0.121636671131,0.222760290557,0.669895076675,0.546042882358,random,19,2016
1,"(0.15, 0.2]",682,0.174650173235,0.299120234604,0.643695014663,0.583879500716,random,19,2016
1,"(0.2, 0.3]",866,0.243753969881,0.199769053118,0.644341801386,1.22017883189,random,19,2016
1,"(0.3, 0.4]",476,0.347156620821,0.191176470588,0.724789915966,1.81589617045,random,19,2016
1,"(0.4, 0.6]",458,0.480824995855,0.17903930131,0.683406113537,2.68558351343,random,19,2016
1,"(0.6, 0.8]",185,0.684631555805,0.275675675676,0.697297297297,2.48346740831,random,19,2016
1,"(0.8, 1.0]",68,0.896758357655,0.455882352941,0.676470588235,1.96708284905,random,19,2016
1,"(1.0, inf]",482,1.75373660696,0.680497925311,0.45020746888,2.57713733095,random,19,2016
1,"(0.05, 0.1]",70,0.0926947920355,0.0571428571429,0.814285714286,1.62215886062,regressed-rate,-1,2016
1,"(0.1, 0.15]",521,0.12400251619,0.138195777351,0.756238003839,0.897295985208,regressed-rate,-1,2016
1,"(0.15, 0.2]",1622,0.178961970883,0.107891491985,0.641183723798,1.65872181013,regressed-rate,-1,2016
1,"(0.2, 0.3]",2950,0.230793081282,0.136271186441,0.617627118644,1.69363082036,regressed-rate,-1,2016
1,"(0.3, 0.4]",837,0.338671099413,0.230585424134,0.89247311828,1.46874461248,regressed-rate,-1,2016
1,"(0.4, 0.6]",636,0.482061674887,0.377358490566,0.919811320755,1.27746343845,regressed-rate,-1,2016
1,"(0.6, 0.8]",183,0.691587540999,0.51912568306,0.939890710383,1.33221600003,regressed-rate,-1,2016
1,"(0.8, 1.0]",26,0.84247216718,0.0769230769231,0.307692307692,10.9521381733,regressed-rate,-1,2016
1,"(1.0, inf]",1310,1.3728760534,0.645038167939,0.443511450382,2.12836405912,regressed-rate,-1,2016
1,"(-0.001, 0.05]",1397,0.0384689294721,0.050107372942,0.513242662849,0.767729921035,shipped,-1,2016
1,"(0.05, 0.1]",2281,0.0711008195818,0.0951337132836,0.550635686103,0.747377739475,shipped,-1,2016
1,"(0.1, 0.15]",1263,0.121791181374,0.129057798892,0.622327790974,0.943694859359,shipped,-1,2016
1,"(0.15, 0.2]",686,0.174607371165,0.228862973761,0.677842565598,0.762934118595,shipped,-1,2016
1,"(0.2, 0.3]",873,0.242489671472,0.265750286369,0.77892325315,0.912471910323,shipped,-1,2016
1,"(0.3, 0.4]",475,0.346990928177,0.326315789474,0.915789473684,1.06335929603,shipped,-1,2016
1,"(0.4, 0.6]",446,0.478157155015,0.430493273543,0.934977578475,1.11071922467,shipped,-1,2016
1,"(0.6, 0.8]",182,0.684400431859,0.587912087912,0.956043956044,1.16412036073,shipped,-1,2016
1,"(0.8, 1.0]",71,0.899189382481,0.661971830986,0.887323943662,1.35834991822,shipped,-1,2016
1,"(1.0, inf]",481,1.74861203942,1.43035343035,0.858627858628,1.22250347523,shipped,-1,2016
1,"(0.05, 0.1]",1499,0.0881662511872,0.0627084723149,0.332888592395,1.40597032478,vegas-environment,-1,2016
1,"(0.1, 0.15]",510,0.120339442815,0.0450980392157,0.456862745098,2.66839634069,vegas-environment,-1,2016
1,"(0.15, 0.2]",2478,0.177163510716,0.111380145278,0.699354317998,1.59062021578,vegas-environment,-1,2016
1,"(0.2, 0.3]",1495,0.253518757252,0.211371237458,0.665551839465,1.19940044966,vegas-environment,-1,2016
1,"(0.3, 0.4]",1513,0.339810274014,0.348975545274,0.904163912756,0.973736637467,vegas-environment,-1,2016
1,"(0.4, 0.6]",165,0.417507475809,0.569696969697,0.951515151515,0.732858867111,vegas-environment,-1,2016
1,"(1.0, inf]",495,1.66606778171,1.40808080808,0.850505050505,1.18321886937,vegas-environment,-1,2016
1,"(-0.001, 0.05]",1411,0.0384171968929,0.0552799433026,0.510276399717,0.694957241228,within-player,0,2016
1,"(0.05, 0.1]",2288,0.0715205773829,0.0909090909091,0.549388111888,0.786726351212,within-player,0,2016
1,"(0.1, 0.15]",1208,0.121451324755,0.141556291391,0.633278145695,0.857971931602,within-player,0,2016
1,"(0.15, 0.2]",749,0.174565506878,0.212283044059,0.656875834446,0.822324305984,within-player,0,2016
1,"(0.2, 0.3]",849,0.243757598373,0.265017667845,0.79976442874,0.919778671195,within-player,0,2016
1,"(0.3, 0.4]",479,0.347691420755,0.342379958246,0.910229645094,1.01551335696,within-player,0,2016
1,"(0.4, 0.6]",443,0.478540665857,0.415349887133,0.930022573363,1.15213866834,within-player,0,2016
1,"(0.6, 0.8]",176,0.688678677893,0.579545454545,0.948863636364,1.18830830695,within-player,0,2016
1,"(0.8, 1.0]",71,0.898587785541,0.704225352113,0.830985915493,1.27599465547,within-player,0,2016
1,"(1.0, inf]",481,1.75044647209,1.42827442827,0.871101871102,1.22556732617,within-player,0,2016
1,"(-0.001, 0.05]",1397,0.0384124448637,0.0565497494631,0.512526843236,0.679268170565,within-player,1,2016
1,"(0.05, 0.1]",2268,0.0711429369907,0.0934744268078,0.552469135802,0.761095193844,within-player,1,2016
1,"(0.1, 0.15]",1269,0.122002574564,0.129235618597,0.621749408983,0.944032116598,within-player,1,2016
1,"(0.15, 0.2]",711,0.174178207884,0.206751054852,0.67229254571,0.84245378099,within-player,1,2016
1,"(0.2, 0.3]",860,0.242050342227,0.291860465116,0.789534883721,0.829335833925,within-player,1,2016
1,"(0.3, 0.4]",474,0.343682576513,0.314345991561,0.905063291139,1.09332578032,within-player,1,2016
1,"(0.4, 0.6]",452,0.482026014867,0.435840707965,0.933628318584,1.10596831837,within-player,1,2016
1,"(0.6, 0.8]",161,0.673977095001,0.552795031056,0.950310559006,1.21921699208,within-player,1,2016
1,"(0.8, 1.0]",76,0.885960326175,0.710526315789,0.842105263158,1.24690712573,within-player,1,2016
1,"(1.0, inf]",487,1.76073835719,1.40862422998,0.868583162218,1.24997023316,within-player,1,2016
1,"(-0.001, 0.05]",1421,0.0383090627582,0.0534834623505,0.512315270936,0.716278660256,within-player,2,2016
1,"(0.05, 0.1]",2265,0.0711211061533,0.0909492273731,0.547902869757,0.781986919598,within-player,2,2016
1,"(0.1, 0.15]",1236,0.121764332225,0.13996763754,0.624595469256,0.869946327344,within-player,2,2016
1,"(0.15, 0.2]",711,0.173509476196,0.222222222222,0.677918424754,0.78079264288,within-player,2,2016
1,"(0.2, 0.3]",881,0.243010224878,0.266742338252,0.796821793417,0.911029821777,within-player,2,2016
1,"(0.3, 0.4]",467,0.345887230382,0.336188436831,0.903640256959,1.02884927763,within-player,2,2016
1,"(0.4, 0.6]",418,0.480362164951,0.435406698565,0.930622009569,1.10324936785,within-player,2,2016
1,"(0.6, 0.8]",199,0.678939718296,0.492462311558,0.939698492462,1.37866330552,within-player,2,2016
1,"(0.8, 1.0]",68,0.894045002767,0.735294117647,0.838235294118,1.21590120376,within-player,2,2016
1,"(1.0, inf]",489,1.73950846382,1.41717791411,0.871165644172,1.22744536625,within-player,2,2016
1,"(-0.001, 0.05]",1401,0.0383598433555,0.0606709493219,0.51391862955,0.632260476954,within-player,3,2016
1,"(0.05, 0.1]",2262,0.0710479611021,0.0893015030946,0.554376657825,0.795596475312,within-player,3,2016
1,"(0.1, 0.15]",1274,0.121540698474,0.138932496075,0.610675039246,0.874818360765,within-player,3,2016
1,"(0.15, 0.2]",708,0.174858515108,0.227401129944,0.675141242938,0.768943035383,within-player,3,2016
1,"(0.2, 0.3]",873,0.242871032601,0.241695303551,0.79381443299,1.00486450929,within-player,3,2016
1,"(0.3, 0.4]",461,0.347241213607,0.366594360087,0.906724511931,0.947208280904,within-player,3,2016
1,"(0.4, 0.6]",428,0.479271832727,0.429906542056,0.93691588785,1.11482795873,within-player,3,2016
1,"(0.6, 0.8]",190,0.680455432185,0.510526315789,0.952631578947,1.33285084655,within-player,3,2016
1,"(0.8, 1.0]",80,0.901923600691,0.7125,0.8375,1.26585768518,within-player,3,2016
1,"(1.0, inf]",478,1.76000628537,1.43305439331,0.870292887029,1.2281503714,within-player,3,2016
1,"(-0.001, 0.05]",1441,0.0387498303168,0.058986814712,0.519777931992,0.65692359396,within-player,4,2016
1,"(0.05, 0.1]",2264,0.0716609642422,0.0931978798587,0.55035335689,0.768911957556,within-player,4,2016
1,"(0.1, 0.15]",1228,0.122056816484,0.123778501629,0.620521172638,0.986090596329,within-player,4,2016
1,"(0.15, 0.2]",718,0.174267113823,0.245125348189,0.682451253482,0.710930612073,within-player,4,2016
1,"(0.2, 0.3]",855,0.242739763776,0.250292397661,0.773099415205,0.969824757143,within-player,4,2016
1,"(0.3, 0.4]",468,0.344437653429,0.318376068376,0.92094017094,1.08185786446,within-player,4,2016
1,"(0.4, 0.6]",438,0.481115837865,0.477168949772,0.940639269406,1.00827146883,within-player,4,2016
1,"(0.6, 0.8]",178,0.682491036957,0.494382022472,0.938202247191,1.38049323384,within-player,4,2016
1,"(0.8, 1.0]",74,0.894788015374,0.621621621622,0.824324324324,1.43944158995,within-player,4,2016
1,"(1.0, inf]",491,1.72858940092,1.4215885947,0.869653767821,1.21595615451,within-player,4,2016
1,"(-0.001, 0.05]",1416,0.0387534075602,0.0550847457627,0.521186440678,0.703523398784,within-player,5,2016
1,"(0.05, 0.1]",2274,0.0712030774752,0.0919085312225,0.54001759015,0.774716737697,within-player,5,2016
1,"(0.1, 0.15]",1221,0.121498429927,0.13923013923,0.636363636364,0.872644605532,within-player,5,2016
1,"(0.15, 0.2]",723,0.174619460246,0.22683264177,0.681881051176,0.769816279013,within-player,5,2016
1,"(0.2, 0.3]",860,0.242908801692,0.26511627907,0.782558139535,0.916234953749,within-player,5,2016
1,"(0.3, 0.4]",495,0.346536810538,0.309090909091,0.894949494949,1.12114850468,within-player,5,2016
1,"(0.4, 0.6]",443,0.484763145548,0.446952595937,0.930022573363,1.0845963307,within-player,5,2016
1,"(0.6, 0.8]",169,0.684318316282,0.550295857988,0.952662721893,1.24354618765,within-player,5,2016
1,"(0.8, 1.0]",69,0.894440263716,0.666666666667,0.884057971014,1.34166039557,within-player,5,2016
1,"(1.0, inf]",485,1.7516438122,1.4206185567,0.865979381443,1.23301487506,within-player,5,2016
1,"(-0.001, 0.05]",1433,0.0386310193774,0.0558269364969,0.52477320307,0.691978134597,within-player,6,2016
1,"(0.05, 0.1]",2258,0.0713056859655,0.0925597874225,0.540744021258,0.770374348852,within-player,6,2016
1,"(0.1, 0.15]",1252,0.121675660403,0.129392971246,0.622204472843,0.940357572987,within-player,6,2016
1,"(0.15, 0.2]",702,0.17460245668,0.235042735043,0.68660968661,0.742854088421,within-player,6,2016
1,"(0.2, 0.3]",868,0.244330300939,0.276497695853,0.786866359447,0.883661255062,within-player,6,2016
1,"(0.3, 0.4]",457,0.347581086006,0.330415754923,0.92341356674,1.05195070401,within-player,6,2016
1,"(0.4, 0.6]",436,0.477964982214,0.417431192661,0.922018348624,1.14501501234,within-player,6,2016
1,"(0.6, 0.8]",192,0.679488481771,0.541666666667,0.958333333333,1.25444027404,within-player,6,2016
1,"(0.8, 1.0]",70,0.901026689363,0.614285714286,0.842857142857,1.46678763385,within-player,6,2016
1,"(1.0, inf]",487,1.73459787716,1.42094455852,0.866529774127,1.22073578927,within-player,6,2016
1,"(-0.001, 0.05]",1400,0.0383670003511,0.0528571428571,0.512857142857,0.725862168804,within-player,7,2016
1,"(0.05, 0.1]",2287,0.0708148904431,0.091823349366,0.550502842151,0.771207878302,within-player,7,2016
1,"(0.1, 0.15]",1225,0.121782150337,0.142040816327,0.624489795918,0.857374334267,within-player,7,2016
1,"(0.15, 0.2]",738,0.174474730531,0.215447154472,0.672086720867,0.809826107746,within-player,7,2016
1,"(0.2, 0.3]",852,0.242830414223,0.265258215962,0.793427230047,0.915449172203,within-player,7,2016
1,"(0.3, 0.4]",479,0.346739180302,0.340292275574,0.899791231733,1.01894519856,within-player,7,2016
1,"(0.4, 0.6]",441,0.477592715612,0.421768707483,0.936507936508,1.1323569225,within-player,7,2016
1,"(0.6, 0.8]",172,0.682199195729,0.575581395349,0.941860465116,1.18523496632,within-player,7,2016
1,"(0.8, 1.0]",73,0.893891502251,0.616438356164,0.86301369863,1.45009065921,within-player,7,2016
1,"(1.0, inf]",488,1.73149684319,1.41803278689,0.866803278689,1.22105557728,within-player,7,2016
1,"(-0.001, 0.05]",1408,0.0384621878632,0.0504261363636,0.514204545455,0.762743105794,within-player,8,2016
1,"(0.05, 0.1]",2293,0.071062749044,0.0968163977322,0.548190143916,0.733994970982,within-player,8,2016
1,"(0.1, 0.15]",1231,0.121565335202,0.129975629569,0.631194151097,0.935293297712,within-player,8,2016
1,"(0.15, 0.2]",707,0.174292706938,0.230551626591,0.67468175389,0.755981250339,within-player,8,2016
1,"(0.2, 0.3]",851,0.244776520652,0.267920094007,0.782608695652,0.913617627522,within-player,8,2016
1,"(0.3, 0.4]",475,0.346484299674,0.322105263158,0.894736842105,1.07568655128,within-player,8,2016
1,"(0.4, 0.6]",446,0.483903796499,0.439461883408,0.943946188341,1.10112802673,within-player,8,2016
1,"(0.6, 0.8]",185,0.683025595668,0.502702702703,0.945945945946,1.35870683009,within-player,8,2016
1,"(0.8, 1.0]",71,0.899402795938,0.788732394366,0.87323943662,1.14031425914,within-player,8,2016
1,"(1.0, inf]",488,1.75030816657,1.40573770492,0.864754098361,1.24511717971,within-player,8,2016
1,"(-0.001, 0.05]",1403,0.0384586686825,0.0570206699929,0.513186029936,0.674468902019,within-player,9,2016
1,"(0.05, 0.1]",2271,0.0709899041319,0.0885072655218,0.546455306033,0.802079961609,within-player,9,2016
1,"(0.1, 0.15]",1272,0.122176255018,0.139937106918,0.62893081761,0.873079754958,within-player,9,2016
1,"(0.15, 0.2]",693,0.174358687566,0.226551226551,0.679653679654,0.769621468045,within-player,9,2016
1,"(0.2, 0.3]",856,0.242044656334,0.257009345794,0.789719626168,0.941773753738,within-player,9,2016
1,"(0.3, 0.4]",496,0.347563185015,0.320564516129,0.899193548387,1.08422226269,within-player,9,2016
1,"(0.4, 0.6]",397,0.477523903854,0.468513853904,0.931989924433,1.01923112812,within-player,9,2016
1,"(0.6, 0.8]",209,0.678342512675,0.526315789474,0.952153110048,1.28885077408,within-player,9,2016
1,"(0.8, 1.0]",71,0.895431618988,0.746478873239,0.87323943662,1.19954047072,within-player,9,2016
1,"(1.0, inf]",487,1.75448980682,1.4045174538,0.864476386037,1.24917622211,within-player,9,2016
1,"(-0.001, 0.05]",1383,0.0381311959366,0.0549530007231,0.513376717281,0.693887420794,within-player,10,2016
1,"(0.05, 0.1]",2260,0.0709497778821,0.0862831858407,0.542477876106,0.822289733403,within-player,10,2016
1,"(0.1, 0.15]",1297,0.121627125582,0.144949884348,0.639167309175,0.839097775957,within-player,10,2016
1,"(0.15, 0.2]",707,0.173941965284,0.210749646393,0.678925035361,0.825348788294,within-player,10,2016
1,"(0.2, 0.3]",869,0.244520081799,0.2750287687,0.783659378596,0.889070925034,within-player,10,2016
1,"(0.3, 0.4]",479,0.345944422335,0.321503131524,0.899791231733,1.076021937,within-player,10,2016
1,"(0.4, 0.6]",422,0.480737238088,0.447867298578,0.936018957346,1.07339214007,within-player,10,2016
1,"(0.6, 0.8]",183,0.676941501387,0.546448087432,0.950819672131,1.23880294754,within-player,10,2016
1,"(0.8, 1.0]",68,0.896054379435,0.735294117647,0.852941176471,1.21863395603,within-player,10,2016
1,"(1.0, inf]",487,1.74153426924,1.41273100616,0.866529774127,1.23274300744,within-player,10,2016
1,"(-0.001, 0.05]",1394,0.038488993207,0.0602582496413,0.519368723099,0.638734006316,within-player,11,2016
1,"(0.05, 0.1]",2284,0.0711076859928,0.088003502627,0.542907180385,0.808009725411,within-player,11,2016
1,"(0.1, 0.15]",1245,0.121542025109,0.131726907631,0.631325301205,0.922681836953,within-player,11,2016
1,"(0.15, 0.2]",715,0.174651681655,0.243356643357,0.672727272727,0.717677887262,within-player,11,2016
1,"(0.2, 0.3]",858,0.243651373765,0.245920745921,0.784382284382,0.990771936923,within-player,11,2016
1,"(0.3, 0.4]",475,0.349801262403,0.378947368421,0.905263157895,0.923086664673,within-player,11,2016
1,"(0.4, 0.6]",434,0.482551318137,0.391705069124,0.947004608295,1.23192512983,within-player,11,2016
1,"(0.6, 0.8]",187,0.682415156375,0.572192513369,0.92513368984,1.19263209572,within-player,11,2016
1,"(0.8, 1.0]",84,0.899227740251,0.654761904762,0.916666666667,1.37336600329,within-player,11,2016
1,"(1.0, inf]",479,1.76543217456,1.42379958246,0.858037578288,1.23994429856,within-player,11,2016
1,"(-0.001, 0.05]",1394,0.0381942823599,0.0523672883788,0.503586800574,0.729353830271,within-player,12,2016
1,"(0.05, 0.1]",2281,0.0712101512434,0.0964489259097,0.557650153441,0.738319795392,within-player,12,2016
1,"(0.1, 0.15]",1274,0.121609383846,0.13579277865,0.622448979592,0.895551185089,within-player,12,2016
1,"(0.15, 0.2]",680,0.174394630196,0.217647058824,0.680882352941,0.801272625224,within-player,12,2016
1,"(0.2, 0.3]",875,0.243058376319,0.253714285714,0.784,0.958000357113,within-player,12,2016
1,"(0.3, 0.4]",476,0.348812139539,0.371848739496,0.913865546218,0.938048465653,within-player,12,2016
1,"(0.4, 0.6]",427,0.479444187088,0.412177985948,0.925058548009,1.16319697663,within-player,12,2016
1,"(0.6, 0.8]",193,0.682428699082,0.544041450777,0.932642487047,1.25436894212,within-player,12,2016
1,"(0.8, 1.0]",76,0.906723052587,0.75,0.842105263158,1.20896407012,within-player,12,2016
1,"(1.0, inf]",479,1.7658540266,1.4133611691,0.868475991649,1.24940041173,within-player,12,2016
1,"(-0.001, 0.05]",1381,0.0384402780792,0.0586531498914,0.516292541636,0.655383012684,within-player,13,2016
1,"(0.05, 0.1]",2318,0.0709781613868,0.0927523727351,0.545297670406,0.765243619045,within-player,13,2016
1,"(0.1, 0.15]",1238,0.122073965445,0.131663974152,0.638933764136,0.927163001359,within-player,13,2016
1,"(0.15, 0.2]",723,0.174942810523,0.21438450899,0.662517289073,0.816023561343,within-player,13,2016
1,"(0.2, 0.3]",852,0.24415627399,0.267605633803,0.787558685446,0.912373444911,within-player,13,2016
1,"(0.3, 0.4]",471,0.346764362689,0.350318471338,0.908704883227,0.989854635312,within-player,13,2016
1,"(0.4, 0.6]",451,0.482387129957,0.421286031042,0.942350332594,1.14503471374,within-player,13,2016
1,"(0.6, 0.8]",162,0.685425689886,0.555555555556,0.938271604938,1.23376624179,within-player,13,2016
1,"(0.8, 1.0]",74,0.901031314527,0.77027027027,0.864864864865,1.16975995219,within-player,13,2016
1,"(1.0, inf]",485,1.77179604989,1.41030927835,0.863917525773,1.25631737455,within-player,13,2016
1,"(-0.001, 0.05]",1409,0.0383789773035,0.0546486870121,0.516678495387,0.702285441826,within-player,14,2016
1,"(0.05, 0.1]",2268,0.0708881050469,0.0917107583774,0.546296296296,0.772952991569,within-player,14,2016
1,"(0.1, 0.15]",1256,0.122225892006,0.136942675159,0.617834394904,0.892533257902,within-player,14,2016
1,"(0.15, 0.2]",688,0.174470345163,0.229651162791,0.681686046512,0.759718971343,within-player,14,2016
1,"(0.2, 0.3]",873,0.242321974309,0.257731958763,0.796105383734,0.940209260319,within-player,14,2016
1,"(0.3, 0.4]",492,0.34809482744,0.35162601626,0.90243902439,0.989957543934,within-player,14,2016
1,"(0.4, 0.6]",430,0.480645133367,0.404651162791,0.93023255814,1.18780119165,within-player,14,2016
1,"(0.6, 0.8]",184,0.677315323905,0.603260869565,0.95652173913,1.12275693332,within-player,14,2016
1,"(0.8, 1.0]",70,0.891151244325,0.728571428571,0.9,1.22314876672,within-player,14,2016
1,"(1.0, inf]",485,1.74065589702,1.4,0.857731958763,1.24332564073,within-player,14,2016
1,"(-0.001, 0.05]",1404,0.0385383709238,0.0584045584046,0.512820512821,0.659852107037,within-player,15,2016
1,"(0.05, 0.1]",2258,0.0711190234229,0.0921169176262,0.543401240035,0.772051706197,within-player,15,2016
1,"(0.1, 0.15]",1262,0.121846693433,0.130744849445,0.63470681458,0.931942588558,within-player,15,2016
1,"(0.15, 0.2]",714,0.174888799201,0.240896358543,0.682072829132,0.725991875754,within-player,15,2016
1,"(0.2, 0.3]",844,0.242971468613,0.25,0.771327014218,0.971885874451,within-player,15,2016
1,"(0.3, 0.4]",473,0.344092239566,0.342494714588,0.92600422833,1.00466437849,within-player,15,2016
1,"(0.4, 0.6]",444,0.47498943485,0.400900900901,0.918918918919,1.18480510715,within-player,15,2016
1,"(0.6, 0.8]",208,0.684466631118,0.600961538462,0.971153846154,1.13895247418,within-player,15,2016
1,"(0.8, 1.0]",62,0.894974955003,0.612903225806,0.822580645161,1.460222295,within-player,15,2016
1,"(1.0, inf]",486,1.75233702657,1.41358024691,0.866255144033,1.23964453408,within-player,15,2016
1,"(-0.001, 0.05]",1414,0.0385257221686,0.0551626591231,0.512729844413,0.698402194185,within-player,16,2016
1,"(0.05, 0.1]",2271,0.0713352791649,0.0920299427565,0.552179656539,0.775131191308,within-player,16,2016
1,"(0.1, 0.15]",1240,0.121202458455,0.137096774194,0.625806451613,0.884064991085,within-player,16,2016
1,"(0.15, 0.2]",723,0.174696178503,0.204702627939,0.655601659751,0.85341443958,within-player,16,2016
1,"(0.2, 0.3]",844,0.243030249416,0.291469194313,0.802132701422,0.833811099622,within-player,16,2016
1,"(0.3, 0.4]",479,0.346271714736,0.302713987474,0.897703549061,1.14389069902,within-player,16,2016
1,"(0.4, 0.6]",431,0.481378648833,0.443155452436,0.935034802784,1.0862523437,within-player,16,2016
1,"(0.6, 0.8]",190,0.690422341511,0.510526315789,0.947368421053,1.35237365863,within-player,16,2016
1,"(0.8, 1.0]",76,0.898153417001,0.802631578947,0.868421052632,1.11901081462,within-player,16,2016
1,"(1.0, inf]",487,1.75497625097,1.40246406571,0.864476386037,1.25135202668,within-player,16,2016
1,"(-0.001, 0.05]",1374,0.0384691338159,0.0596797671033,0.521106259098,0.644592559306,within-player,17,2016
1,"(0.05, 0.1]",2309,0.070865325446,0.08791684712,0.540060632308,0.806049440665,within-player,17,2016
1,"(0.1, 0.15]",1245,0.121758568002,0.133333333333,0.636144578313,0.913189260012,within-player,17,2016
1,"(0.15, 0.2]",735,0.174611767158,0.214965986395,0.677551020408,0.812276258613,within-player,17,2016
1,"(0.2, 0.3]",833,0.242777350304,0.27731092437,0.782713085234,0.875469838973,within-player,17,2016
1,"(0.3, 0.4]",494,0.347519908084,0.317813765182,0.908906882591,1.09347028403,within-player,17,2016
1,"(0.4, 0.6]",418,0.478487101686,0.459330143541,0.930622009569,1.0417062943,within-player,17,2016
1,"(0.6, 0.8]",188,0.680763479549,0.526595744681,0.952127659574,1.29276297126,within-player,17,2016
1,"(0.8, 1.0]",72,0.895976655753,0.694444444444,0.861111111111,1.29020638428,within-player,17,2016
1,"(1.0, inf]",487,1.7510732179,1.41683778234,0.866529774127,1.23590240162,within-player,17,2016
1,"(-0.001, 0.05]",1386,0.0383928800965,0.0526695526696,0.518759018759,0.72893879197,within-player,18,2016
1,"(0.05, 0.1]",2319,0.0713945024223,0.0948684777922,0.542043984476,0.752562959624,within-player,18,2016
1,"(0.1, 0.15]",1235,0.121738049267,0.12955465587,0.637246963563,0.939665567783,within-player,18,2016
1,"(0.15, 0.2]",679,0.174392639311,0.234167893962,0.675994108984,0.744733346492,within-player,18,2016
1,"(0.2, 0.3]",883,0.24255992713,0.253680634202,0.776896942242,0.956162569893,within-player,18,2016
1,"(0.3, 0.4]",480,0.34611928634,0.347916666667,0.9125,0.994833876906,within-player,18,2016
1,"(0.4, 0.6]",443,0.479539698183,0.424379232506,0.943566591422,1.12997918242,within-player,18,2016
1,"(0.6, 0.8]",178,0.689255072503,0.584269662921,0.932584269663,1.1796865664,within-player,18,2016
1,"(0.8, 1.0]",57,0.893522667487,0.754385964912,0.877192982456,1.18443702434,within-player,18,2016
1,"(1.0, inf]",495,1.72824706129,1.39393939394,0.860606060606,1.23982941354,within-player,18,2016
1,"(-0.001, 0.05]",1405,0.0383086536463,0.0562277580071,0.511743772242,0.681312131305,within-player,19,2016
1,"(0.05, 0.1]",2268,0.0710786789171,0.0930335097002,0.550264550265,0.764011581914,within-player,19,2016
1,"(0.1, 0.15]",1265,0.121372176585,0.134387351779,0.626877470356,0.903151784592,within-player,19,2016
1,"(0.15, 0.2]",717,0.174680206111,0.23709902371,0.669456066946,0.736739457537,within-player,19,2016
1,"(0.2, 0.3]",835,0.243565276516,0.261077844311,0.784431137725,0.932922045371,within-player,19,2016
1,"(0.3, 0.4]",491,0.345769515093,0.311608961303,0.910386965377,1.10962635236,within-player,19,2016
1,"(0.4, 0.6]",428,0.47904685025,0.429906542056,0.939252336449,1.11430462993,within-player,19,2016
1,"(0.6, 0.8]",198,0.682690385387,0.585858585859,0.954545454545,1.16528186471,within-player,19,2016
1,"(0.8, 1.0]",58,0.889805845851,0.672413793103,0.844827586207,1.32330100152,within-player,19,2016
1,"(1.0, inf]",490,1.73266346839,1.40408163265,0.865306122449,1.23401903998,within-player,19,2016
1,"(-0.001, 0.05]",41,0.042519742819,0.170731707317,0.853658536585,0.24904420794,base-rate-only,-1,2017
1,"(0.05, 0.1]",537,0.082996828559,0.0651769087523,0.729981378026,1.27340848389,base-rate-only,-1,2017
1,"(0.1, 0.15]",1055,0.12632359798,0.085308056872,0.703317535545,1.48079328743,base-rate-only,-1,2017
1,"(0.15, 0.2]",1395,0.176884090518,0.0831541218638,0.632974910394,2.12718367477,base-rate-only,-1,2017
1,"(0.2, 0.3]",1898,0.253314880953,0.156480505796,0.692307692308,1.61882708434,base-rate-only,-1,2017
1,"(0.3, 0.4]",870,0.34553228099,0.237931034483,0.848275862069,1.452237123,base-rate-only,-1,2017
1,"(0.4, 0.6]",618,0.480881411217,0.354368932039,0.873786407767,1.35700781795,base-rate-only,-1,2017
1,"(0.6, 0.8]",235,0.669392680325,0.370212765957,0.731914893617,1.80812965375,base-rate-only,-1,2017
1,"(0.8, 1.0]",456,0.958365254806,0.18201754386,0.252192982456,5.26523561677,base-rate-only,-1,2017
1,"(1.0, inf]",821,1.44548938595,0.895249695493,0.611449451888,1.61462147736,base-rate-only,-1,2017
1,"(0.05, 0.1]",19,0.0939278360334,0.157894736842,0.947368421053,0.594876294878,current-season-rate,-1,2017
1,"(0.1, 0.15]",329,0.130545868363,0.09726443769,0.820668693009,1.3421747091,current-season-rate,-1,2017
1,"(0.15, 0.2]",939,0.177527110911,0.0958466453674,0.740149094782,1.85219952383,current-season-rate,-1,2017
1,"(0.2, 0.3]",2429,0.253790367316,0.130094689172,0.730341704405,1.95081266523,current-season-rate,-1,2017
1,"(0.3, 0.4]",1397,0.342613944577,0.203292770222,0.780959198282,1.68532281892,current-season-rate,-1,2017
1,"(0.4, 0.6]",1409,0.466870123393,0.19375443577,0.617459190916,2.40959708374,current-season-rate,-1,2017
1,"(0.6, 0.8]",106,0.680121271548,0.537735849057,0.924528301887,1.26478692604,current-season-rate,-1,2017
1,"(0.8, 1.0]",34,0.891305572021,0.676470588235,0.911764705882,1.31758214994,current-season-rate,-1,2017
1,"(1.0, inf]",1264,1.56628187712,0.631329113924,0.463607594937,2.48092768506,current-season-rate,-1,2017
1,"(-0.001, 0.05]",3640,0,0.102197802198,0.527197802198,0,historical-rate,-1,2017
1,"(0.05, 0.1]",401,0.0825248357558,0.13216957606,0.773067331671,0.624386021473,historical-rate,-1,2017
1,"(0.1, 0.15]",428,0.130315991122,0.151869158879,0.827102803738,0.858080680004,historical-rate,-1,2017
1,"(0.15, 0.2]",537,0.181784901551,0.135940409683,0.832402234637,1.33723961826,historical-rate,-1,2017
1,"(0.2, 0.3]",710,0.254515240921,0.238028169014,0.892957746479,1.06926521334,historical-rate,-1,2017
1,"(0.3, 0.4]",589,0.345856183644,0.264855687606,0.847198641766,1.30582879594,historical-rate,-1,2017
1,"(0.4, 0.6]",628,0.49899597196,0.210191082803,0.764331210191,2.37401113932,historical-rate,-1,2017
1,"(0.6, 0.8]",275,0.705564113664,0.454545454545,0.854545454545,1.55224105006,historical-rate,-1,2017
1,"(0.8, 1.0]",265,0.931923940839,0.464150943396,0.596226415094,2.00780361238,historical-rate,-1,2017
1,"(1.0, inf]",453,1.64458996899,1.34216335541,0.876379690949,1.22532772361,historical-rate,-1,2017
1,"(-0.001, 0.05]",1055,0.0381350589288,0.0663507109005,0.591469194313,0.574749816713,no-vegas,-1,2017
1,"(0.05, 0.1]",2349,0.0725364423656,0.078331204768,0.541932737335,0.926022299547,no-vegas,-1,2017
1,"(0.1, 0.15]",1230,0.1229134069,0.114634146341,0.648780487805,1.07222333679,no-vegas,-1,2017
1,"(0.15, 0.2]",795,0.172629778361,0.174842767296,0.647798742138,0.987342976957,no-vegas,-1,2017
1,"(0.2, 0.3]",906,0.24663368578,0.261589403974,0.831125827815,0.942827507664,no-vegas,-1,2017
1,"(0.3, 0.4]",469,0.345563294473,0.324093816631,0.908315565032,1.06624463887,no-vegas,-1,2017
1,"(0.4, 0.6]",456,0.478439538173,0.390350877193,0.960526315789,1.22566533375,no-vegas,-1,2017
1,"(0.6, 0.8]",141,0.677837931119,0.496453900709,0.957446808511,1.36535926125,no-vegas,-1,2017
1,"(0.8, 1.0]",59,0.900889980096,0.610169491525,0.881355932203,1.47645857849,no-vegas,-1,2017
1,"(1.0, inf]",466,1.58795919605,1.4356223176,0.899141630901,1.10611208574,no-vegas,-1,2017
1,"(-0.001, 0.05]",50,0.0398711648515,0.1,0.84,0.398711648515,player-vegas,-1,2017
1,"(0.05, 0.1]",592,0.0818268014803,0.0709459459459,0.699324324324,1.15336824944,player-vegas,-1,2017
1,"(0.1, 0.15]",1093,0.125959893702,0.0814272644099,0.718206770357,1.54690071704,player-vegas,-1,2017
1,"(0.15, 0.2]",1237,0.174944658642,0.0962004850445,0.6645109135,1.81854237596,player-vegas,-1,2017
1,"(0.2, 0.3]",1799,0.24714831097,0.156197887715,0.704836020011,1.58227690902,player-vegas,-1,2017
1,"(0.3, 0.4]",981,0.343726454933,0.195718654434,0.743119266055,1.75622735568,player-vegas,-1,2017
1,"(0.4, 0.6]",632,0.483133620661,0.333860759494,0.846518987342,1.44711112918,player-vegas,-1,2017
1,"(0.6, 0.8]",269,0.695222560712,0.475836431227,0.802973977695,1.46105366275,player-vegas,-1,2017
1,"(0.8, 1.0]",345,0.906885503567,0.298550724638,0.373913043478,3.03762620127,player-vegas,-1,2017
1,"(1.0, inf]",928,1.43026743764,0.760775862069,0.53125,1.88001158942,player-vegas,-1,2017
1,"(-0.001, 0.05]",1111,0.0374017884968,0.184518451845,0.69396939694,0.202699448878,random,0,2017
1,"(0.05, 0.1]",2289,0.0720591800385,0.18130187855,0.698558322412,0.397454127971,random,0,2017
1,"(0.1, 0.15]",1244,0.122976290695,0.21463022508,0.709003215434,0.572968185862,random,0,2017
1,"(0.15, 0.2]",782,0.172400273826,0.268542199488,0.680306905371,0.64198578158,random,0,2017
1,"(0.2, 0.3]",894,0.244614498352,0.238255033557,0.686800894855,1.02669183815,random,0,2017
1,"(0.3, 0.4]",462,0.345192302861,0.166666666667,0.720779220779,2.07115381716,random,0,2017
1,"(0.4, 0.6]",438,0.486793282294,0.194063926941,0.691780821918,2.50841714876,random,0,2017
1,"(0.6, 0.8]",174,0.68589737286,0.14367816092,0.626436781609,4.77384571511,random,0,2017
1,"(0.8, 1.0]",79,0.891890725596,0.493670886076,0.658227848101,1.80665044416,random,0,2017
1,"(1.0, inf]",453,1.65992518777,0.75055187638,0.525386313466,2.21160620606,random,0,2017
1,"(-0.001, 0.05]",1107,0.037435079165,0.182475158085,0.686540198735,0.205151646711,random,1,2017
1,"(0.05, 0.1]",2304,0.0722026550115,0.181857638889,0.695746527778,0.397028441877,random,1,2017
1,"(0.1, 0.15]",1232,0.123151957431,0.257305194805,0.726461038961,0.47862211847,random,1,2017
1,"(0.15, 0.2]",789,0.172483355612,0.297845373891,0.674271229404,0.579103691822,random,1,2017
1,"(0.2, 0.3]",891,0.244198315608,0.200897867565,0.665544332211,1.21553463244,random,1,2017
1,"(0.3, 0.4]",453,0.345137647808,0.194260485651,0.746136865342,1.77667448247,random,1,2017
1,"(0.4, 0.6]",441,0.48508838928,0.199546485261,0.755102040816,2.43095431446,random,1,2017
1,"(0.6, 0.8]",175,0.681727262883,0.177142857143,0.697142857143,3.84846035498,random,1,2017
1,"(0.8, 1.0]",82,0.89249059897,0.268292682927,0.524390243902,3.32655586889,random,1,2017
1,"(1.0, inf]",452,1.66046791158,0.652654867257,0.473451327434,2.54417456283,random,1,2017
1,"(-0.001, 0.05]",1106,0.0374399881007,0.228752260398,0.68896925859,0.163670461816,random,2,2017
1,"(0.05, 0.1]",2297,0.072074714384,0.188071397475,0.712668698302,0.383230599398,random,2,2017
1,"(0.1, 0.15]",1230,0.122701155727,0.232520325203,0.70243902439,0.527700774629,random,2,2017
1,"(0.15, 0.2]",796,0.172160438541,0.273869346734,0.633165829146,0.628622518708,random,2,2017
1,"(0.2, 0.3]",890,0.244149196244,0.247191011236,0.731460674157,0.987694475713,random,2,2017
1,"(0.3, 0.4]",460,0.344998621305,0.123913043478,0.695652173913,2.7841994,random,2,2017
1,"(0.4, 0.6]",439,0.486616375457,0.123006833713,0.699316628702,3.95601090418,random,2,2017
1,"(0.6, 0.8]",178,0.684310929047,0.224719101124,0.719101123596,3.04518363426,random,2,2017
1,"(0.8, 1.0]",78,0.894324082852,0.474358974359,0.628205128205,1.88533185034,random,2,2017
1,"(1.0, inf]",452,1.65956689877,0.617256637168,0.466814159292,2.68861734138,random,2,2017
1,"(-0.001, 0.05]",1102,0.0373696850244,0.205081669691,0.69056261343,0.182218552641,random,3,2017
1,"(0.05, 0.1]",2302,0.0720357993783,0.196785403997,0.726759339705,0.366062715604,random,3,2017
1,"(0.1, 0.15]",1241,0.123174888358,0.216760676873,0.68815471394,0.568252923616,random,3,2017
1,"(0.15, 0.2]",784,0.172337601698,0.283163265306,0.656887755102,0.608615674464,random,3,2017
1,"(0.2, 0.3]",892,0.244590962045,0.229820627803,0.67264573991,1.06426896656,random,3,2017
1,"(0.3, 0.4]",457,0.344749424751,0.210065645514,0.748358862144,1.64115090741,random,3,2017
1,"(0.4, 0.6]",441,0.485623388769,0.167800453515,0.734693877551,2.89405289793,random,3,2017
1,"(0.6, 0.8]",174,0.683208625028,0.224137931034,0.718390804598,3.04816155782,random,3,2017
1,"(0.8, 1.0]",79,0.892295766232,0.417721518987,0.493670886076,2.13610198583,random,3,2017
1,"(1.0, inf]",454,1.65620312193,0.570484581498,0.440528634361,2.90315141837,random,3,2017
1,"(-0.001, 0.05]",1109,0.0374774595443,0.187556357078,0.669972948602,0.199819724205,random,4,2017
1,"(0.05, 0.1]",2295,0.0720238175848,0.188671023965,0.716775599129,0.381742866876,random,4,2017
1,"(0.1, 0.15]",1235,0.123005274324,0.228340080972,0.704453441296,0.538693311313,random,4,2017
1,"(0.15, 0.2]",786,0.172259027428,0.300254452926,0.679389312977,0.57371015067,random,4,2017
1,"(0.2, 0.3]",894,0.244028358647,0.286353467562,0.702460850112,0.852192783713,random,4,2017
1,"(0.3, 0.4]",457,0.344825076637,0.144420131291,0.761487964989,2.38765242459,random,4,2017
1,"(0.4, 0.6]",441,0.48624783324,0.170068027211,0.689342403628,2.85913725945,random,4,2017
1,"(0.6, 0.8]",178,0.684511003559,0.207865168539,0.657303370787,3.29305293604,random,4,2017
1,"(0.8, 1.0]",80,0.893456212712,0.375,0.4875,2.38254990056,random,4,2017
1,"(1.0, inf]",451,1.65948087406,0.560975609756,0.454545454545,2.95820503636,random,4,2017
1,"(-0.001, 0.05]",1112,0.0374481411323,0.213129496403,0.70773381295,0.175706046157,random,5,2017
1,"(0.05, 0.1]",2285,0.0721352528887,0.180743982495,0.692341356674,0.399101822883,random,5,2017
1,"(0.1, 0.15]",1250,0.122913818427,0.2488,0.7176,0.494026601394,random,5,2017
1,"(0.15, 0.2]",781,0.172187892009,0.297055057618,0.660691421255,0.579649757151,random,5,2017
1,"(0.2, 0.3]",891,0.244271642159,0.230078563412,0.691358024691,1.06168796665,random,5,2017
1,"(0.3, 0.4]",456,0.344259834172,0.201754385965,0.719298245614,1.70633135198,random,5,2017
1,"(0.4, 0.6]",445,0.486601615439,0.152808988764,0.741573033708,3.18437821868,random,5,2017
1,"(0.6, 0.8]",173,0.683951030004,0.121387283237,0.670520231214,5.63445372337,random,5,2017
1,"(0.8, 1.0]",83,0.893543565185,0.325301204819,0.55421686747,2.74681910779,random,5,2017
1,"(1.0, inf]",450,1.66238668895,0.6,0.477777777778,2.77064448158,random,5,2017
1,"(-0.001, 0.05]",1112,0.0374653560336,0.212230215827,0.693345323741,0.176531677582,random,6,2017
1,"(0.05, 0.1]",2292,0.0721728350203,0.182809773124,0.708115183246,0.394797465075,random,6,2017
1,"(0.1, 0.15]",1233,0.122964339743,0.249797242498,0.70802919708,0.492256593842,random,6,2017
1,"(0.15, 0.2]",796,0.172344874315,0.290201005025,0.683417085427,0.593881038766,random,6,2017
1,"(0.2, 0.3]",896,0.244910176811,0.260044642857,0.707589285714,0.941800508253,random,6,2017
1,"(0.3, 0.4]",444,0.344175910975,0.121621621622,0.75,2.82989082357,random,6,2017
1,"(0.4, 0.6]",445,0.486037530087,0.159550561798,0.67191011236,3.04629156182,random,6,2017
1,"(0.6, 0.8]",176,0.682449768219,0.1875,0.653409090909,3.63973209717,random,6,2017
1,"(0.8, 1.0]",80,0.893718381822,0.3375,0.55,2.64805446466,random,6,2017
1,"(1.0, inf]",452,1.65934815893,0.58407079646,0.435840707965,2.84100518121,random,6,2017
1,"(-0.001, 0.05]",1104,0.0374610612484,0.227355072464,0.712862318841,0.164768970591,random,7,2017
1,"(0.05, 0.1]",2297,0.0720233257999,0.194601654332,0.709621245102,0.370106441526,random,7,2017
1,"(0.1, 0.15]",1242,0.122958580509,0.225442834138,0.694847020934,0.545409132117,random,7,2017
1,"(0.15, 0.2]",788,0.172609546589,0.276649746193,0.629441624365,0.623928085835,random,7,2017
1,"(0.2, 0.3]",890,0.244335885508,0.205617977528,0.707865168539,1.18830020821,random,7,2017
1,"(0.3, 0.4]",457,0.34402002904,0.177242888403,0.71772428884,1.94095250952,random,7,2017
1,"(0.4, 0.6]",439,0.485880501936,0.189066059226,0.710706150342,2.5698980765,random,7,2017
1,"(0.6, 0.8]",178,0.682705002083,0.247191011236,0.719101123596,2.76185205388,random,7,2017
1,"(0.8, 1.0]",79,0.890029866133,0.341772151899,0.594936708861,2.60416146017,random,7,2017
1,"(1.0, inf]",452,1.66052889088,0.579646017699,0.469026548673,2.86472923159,random,7,2017
1,"(-0.001, 0.05]",1111,0.0374315255524,0.212421242124,0.68496849685,0.176213664783,random,8,2017
1,"(0.05, 0.1]",2288,0.0720350228573,0.192307692308,0.733828671329,0.374582118858,random,8,2017
1,"(0.1, 0.15]",1239,0.122863792137,0.217917675545,0.673123486683,0.563808290584,random,8,2017
1,"(0.15, 0.2]",792,0.172577946414,0.239898989899,0.670454545455,0.719377545052,random,8,2017
1,"(0.2, 0.3]",890,0.244369271185,0.222471910112,0.678651685393,1.09842753209,random,8,2017
1,"(0.3, 0.4]",460,0.344809406366,0.176086956522,0.673913043478,1.95817687566,random,8,2017
1,"(0.4, 0.6]",440,0.487438315599,0.140909090909,0.681818181818,3.45923965909,random,8,2017
1,"(0.6, 0.8]",173,0.683644099548,0.242774566474,0.687861271676,2.81596260052,random,8,2017
1,"(0.8, 1.0]",80,0.891448959072,0.175,0.4875,5.09399405184,random,8,2017
1,"(1.0, inf]",453,1.65977928304,0.757174392936,0.565121412804,2.19207001521,random,8,2017
1,"(-0.001, 0.05]",1108,0.0374766088735,0.197653429603,0.702166064982,0.189607683251,random,9,2017
1,"(0.05, 0.1]",2288,0.0719961746187,0.204108391608,0.720716783217,0.352735005412,random,9,2017
1,"(0.1, 0.15]",1244,0.122799713823,0.222668810289,0.701768488746,0.551490411535,random,9,2017
1,"(0.15, 0.2]",787,0.172053550111,0.25667090216,0.625158831004,0.670327445236,random,9,2017
1,"(0.2, 0.3]",899,0.24493605306,0.213570634038,0.664071190211,1.14686204011,random,9,2017
1,"(0.3, 0.4]",451,0.345141778394,0.161862527716,0.70288248337,2.13231427474,random,9,2017
1,"(0.4, 0.6]",446,0.487173421373,0.199551569507,0.742152466368,2.44134096553,random,9,2017
1,"(0.6, 0.8]",171,0.683966453884,0.204678362573,0.672514619883,3.34166467469,random,9,2017
1,"(0.8, 1.0]",79,0.891222863122,0.278481012658,0.594936708861,3.20030028121,random,9,2017
1,"(1.0, inf]",453,1.65634971647,0.662251655629,0.516556291391,2.50108807187,random,9,2017
1,"(-0.001, 0.05]",1109,0.0374633625444,0.201082055906,0.694319206492,0.186308829873,random,10,2017
1,"(0.05, 0.1]",2298,0.0720981301828,0.192341166232,0.725413402959,0.374845029774,random,10,2017
1,"(0.1, 0.15]",1235,0.12313202578,0.235627530364,0.721457489879,0.522570624875,random,10,2017
1,"(0.15, 0.2]",788,0.1724113147,0.276649746193,0.663705583756,0.623211541209,random,10,2017
1,"(0.2, 0.3]",888,0.244869464141,0.252252252252,0.665540540541,0.970732518561,random,10,2017
1,"(0.3, 0.4]",460,0.344103882048,0.15652173913,0.671739130435,2.19844146864,random,10,2017
1,"(0.4, 0.6]",438,0.483677116612,0.171232876712,0.714611872146,2.82467436101,random,10,2017
1,"(0.6, 0.8]",177,0.681076549329,0.231638418079,0.689265536723,2.94025729832,random,10,2017
1,"(0.8, 1.0]",80,0.890669410241,0.4875,0.5875,1.82701417485,random,10,2017
1,"(1.0, inf]",453,1.65918223748,0.55408388521,0.441501103753,2.99446037281,random,10,2017
1,"(-0.001, 0.05]",1107,0.0374251167369,0.249322493225,0.723577235772,0.150107261695,random,11,2017
1,"(0.05, 0.1]",2287,0.0720571160348,0.184521206821,0.694359422825,0.390508588558,random,11,2017
1,"(0.1, 0.15]",1254,0.122867827521,0.240031897927,0.668261562998,0.511881248209,random,11,2017
1,"(0.15, 0.2]",778,0.172440316496,0.271208226221,0.695372750643,0.635822588787,random,11,2017
1,"(0.2, 0.3]",903,0.244458621862,0.238095238095,0.71096345515,1.02672621182,random,11,2017
1,"(0.3, 0.4]",448,0.344970698079,0.167410714286,0.743303571429,2.06062496986,random,11,2017
1,"(0.4, 0.6]",444,0.486691798631,0.141891891892,0.727477477477,3.43001839035,random,11,2017
1,"(0.6, 0.8]",172,0.684293050915,0.28488372093,0.686046511628,2.40200826036,random,11,2017
1,"(0.8, 1.0]",80,0.891205298101,0.4875,0.7,1.828113432,random,11,2017
1,"(1.0, inf]",453,1.65641863007,0.496688741722,0.426048565121,3.33492284188,random,11,2017
1,"(-0.001, 0.05]",1103,0.0374627112803,0.187669990934,0.68540344515,0.199620147547,random,12,2017
1,"(0.05, 0.1]",2293,0.0718793092962,0.188835586568,0.719581334496,0.380644933525,random,12,2017
1,"(0.1, 0.15]",1243,0.122782166646,0.226870474658,0.678197908286,0.541199408303,random,12,2017
1,"(0.15, 0.2]",794,0.172558080284,0.283375314861,0.653652392947,0.608938292202,random,12,2017
1,"(0.2, 0.3]",891,0.244448529425,0.189674523008,0.659932659933,1.28877893324,random,12,2017
1,"(0.3, 0.4]",454,0.344734237039,0.171806167401,0.70704845815,2.00653004635,random,12,2017
1,"(0.4, 0.6]",439,0.486871079177,0.154897494305,0.74715261959,3.14318240822,random,12,2017
1,"(0.6, 0.8]",177,0.684671544928,0.293785310734,0.762711864407,2.33051660485,random,12,2017
1,"(0.8, 1.0]",81,0.893035595086,0.481481481481,0.641975308642,1.85476623595,random,12,2017
1,"(1.0, inf]",451,1.66176704931,0.716186252772,0.534368070953,2.32030012149,random,12,2017
1,"(-0.001, 0.05]",1109,0.0374043756827,0.226330027051,0.711451758341,0.165264751522,random,13,2017
1,"(0.05, 0.1]",2293,0.072140880316,0.204099433057,0.707806367205,0.353459484113,random,13,2017
1,"(0.1, 0.15]",1239,0.122947964922,0.230024213075,0.675544794189,0.534500100136,random,13,2017
1,"(0.15, 0.2]",790,0.172730987978,0.260759493671,0.677215189873,0.662414953895,random,13,2017
1,"(0.2, 0.3]",898,0.244551669257,0.223830734967,0.709354120267,1.09257412434,random,13,2017
1,"(0.3, 0.4]",452,0.345541203257,0.157079646018,0.734513274336,2.19978343482,random,13,2017
1,"(0.4, 0.6]",435,0.486513596112,0.163218390805,0.705747126437,2.98075231421,random,13,2017
1,"(0.6, 0.8]",177,0.683257878961,0.197740112994,0.694915254237,3.45533270218,random,13,2017
1,"(0.8, 1.0]",79,0.892276501587,0.367088607595,0.569620253165,2.43068426294,random,13,2017
1,"(1.0, inf]",454,1.65395029294,0.570484581498,0.45154185022,2.89920244399,random,13,2017
1,"(-0.001, 0.05]",1103,0.0373919477358,0.22121486854,0.700815956482,0.169029993248,random,14,2017
1,"(0.05, 0.1]",2295,0.0719748082396,0.194335511983,0.715904139434,0.370363643296,random,14,2017
1,"(0.1, 0.15]",1243,0.12294869215,0.19066773934,0.648431214803,0.644832170222,random,14,2017
1,"(0.15, 0.2]",786,0.172532323886,0.296437659033,0.680661577608,0.582018912338,random,14,2017
1,"(0.2, 0.3]",904,0.244571382439,0.232300884956,0.704646017699,1.05282157012,random,14,2017
1,"(0.3, 0.4]",448,0.344587581763,0.149553571429,0.712053571429,2.3041080094,random,14,2017
1,"(0.4, 0.6]",439,0.487304644565,0.148063781321,0.699316628702,3.29118059945,random,14,2017
1,"(0.6, 0.8]",174,0.682762075864,0.16091954023,0.689655172414,4.2428786143,random,14,2017
1,"(0.8, 1.0]",80,0.89156412135,0.5125,0.625,1.73963730995,random,14,2017
1,"(1.0, inf]",454,1.6562487006,0.671806167401,0.535242290749,2.46536691827,random,14,2017
1,"(-0.001, 0.05]",1108,0.0374369415636,0.185920577617,0.701263537906,0.201359860449,random,15,2017
1,"(0.05, 0.1]",2291,0.0720563815532,0.20820602357,0.736359668267,0.34608211769,random,15,2017
1,"(0.1, 0.15]",1242,0.122948264221,0.213365539452,0.677133655395,0.576232996838,random,15,2017
1,"(0.15, 0.2]",784,0.172118905159,0.30612244898,0.665816326531,0.562255090187,random,15,2017
1,"(0.2, 0.3]",898,0.244304360321,0.230512249443,0.683741648107,1.05983244236,random,15,2017
1,"(0.3, 0.4]",456,0.344936672184,0.138157894737,0.666666666667,2.49668448438,random,15,2017
1,"(0.4, 0.6]",441,0.485655156226,0.142857142857,0.691609977324,3.39958609358,random,15,2017
1,"(0.6, 0.8]",173,0.682844190108,0.236994219653,0.664739884393,2.88126938753,random,15,2017
1,"(0.8, 1.0]",79,0.892319613619,0.46835443038,0.582278481013,1.90522295881,random,15,2017
1,"(1.0, inf]",454,1.65966163139,0.61013215859,0.488986784141,2.72016743917,random,15,2017
1,"(-0.001, 0.05]",1108,0.0374850355119,0.204873646209,0.710288808664,0.182966605054,random,16,2017
1,"(0.05, 0.1]",2294,0.0721028252598,0.187445510026,0.700087183958,0.384660188712,random,16,2017
1,"(0.1, 0.15]",1235,0.123049199112,0.221052631579,0.663967611336,0.556651138839,random,16,2017
1,"(0.15, 0.2]",797,0.172408651306,0.288582183187,0.68130489335,0.597433456916,random,16,2017
1,"(0.2, 0.3]",886,0.243697671011,0.205417607223,0.72460496614,1.18635239844,random,16,2017
1,"(0.3, 0.4]",462,0.34526551183,0.203463203463,0.748917748918,1.69694326027,random,16,2017
1,"(0.4, 0.6]",434,0.486052497027,0.168202764977,0.71198156682,2.88968196863,random,16,2017
1,"(0.6, 0.8]",180,0.684306981775,0.194444444444,0.694444444444,3.51929304913,random,16,2017
1,"(0.8, 1.0]",77,0.891304119039,0.467532467532,0.571428571429,1.90640047683,random,16,2017
1,"(1.0, inf]",453,1.65692610639,0.653421633554,0.465783664459,2.53576866958,random,16,2017
1,"(-0.001, 0.05]",1104,0.0374153212575,0.192028985507,0.702898550725,0.194842050322,random,17,2017
1,"(0.05, 0.1]",2309,0.072160847834,0.194023386748,0.714161974881,0.371918298323,random,17,2017
1,"(0.1, 0.15]",1224,0.12309072258,0.244281045752,0.700980392157,0.50388978073,random,17,2017
1,"(0.15, 0.2]",789,0.172171723928,0.285171102662,0.652724968314,0.603748845239,random,17,2017
1,"(0.2, 0.3]",897,0.244339623766,0.186176142698,0.659977703456,1.31241103304,random,17,2017
1,"(0.3, 0.4]",456,0.344711944092,0.146929824561,0.72149122807,2.34609920158,random,17,2017
1,"(0.4, 0.6]",438,0.485597851385,0.221461187215,0.748858447489,2.19269957636,random,17,2017
1,"(0.6, 0.8]",176,0.681783634332,0.215909090909,0.630681818182,3.15773472743,random,17,2017
1,"(0.8, 1.0]",81,0.890067133606,0.345679012346,0.654320987654,2.57483706507,random,17,2017
1,"(1.0, inf]",452,1.65946963073,0.652654867257,0.491150442478,2.54264499353,random,17,2017
1,"(-0.001, 0.05]",1107,0.0373919055852,0.187895212285,0.688346883469,0.199004035975,random,18,2017
1,"(0.05, 0.1]",2295,0.0720890092237,0.160784313725,0.687145969499,0.448358472001,random,18,2017
1,"(0.1, 0.15]",1244,0.122899663439,0.224276527331,0.693729903537,0.547982728738,random,18,2017
1,"(0.15, 0.2]",780,0.172467899624,0.258974358974,0.692307692308,0.665965156964,random,18,2017
1,"(0.2, 0.3]",893,0.244429802499,0.274356103024,0.698768197088,0.890921688292,random,18,2017
1,"(0.3, 0.4]",461,0.34486605802,0.138828633406,0.720173535792,2.48411332417,random,18,2017
1,"(0.4, 0.6]",443,0.487865879156,0.205417607223,0.744920993228,2.3749954337,random,18,2017
1,"(0.6, 0.8]",170,0.685576442456,0.282352941176,0.623529411765,2.4280832337,random,18,2017
1,"(0.8, 1.0]",81,0.890414553553,0.271604938272,0.518518518519,3.27834449263,random,18,2017
1,"(1.0, inf]",452,1.65955418777,0.769911504425,0.568584070796,2.15551291055,random,18,2017
1,"(-0.001, 0.05]",1116,0.0375756025215,0.251792114695,0.718637992832,0.149232642043,random,19,2017
1,"(0.05, 0.1]",2285,0.0720680632705,0.177680525164,0.698030634573,0.405604740328,random,19,2017
1,"(0.1, 0.15]",1237,0.123060550197,0.223120452708,0.696038803557,0.551543118093,random,19,2017
1,"(0.15, 0.2]",788,0.172491205461,0.257614213198,0.647208121827,0.669571772924,random,19,2017
1,"(0.2, 0.3]",897,0.244586158834,0.176142697882,0.686733556299,1.38856825616,random,19,2017
1,"(0.3, 0.4]",459,0.345140809325,0.193899782135,0.721132897603,1.77999585933,random,19,2017
1,"(0.4, 0.6]",444,0.486882958934,0.175675675676,0.698198198198,2.77148761239,random,19,2017
1,"(0.6, 0.8]",167,0.683560845956,0.263473053892,0.778443113772,2.59442411988,random,19,2017
1,"(0.8, 1.0]",79,0.890979975759,0.354430379747,0.607594936709,2.51383636018,random,19,2017
1,"(1.0, inf]",454,1.65496448765,0.689427312775,0.506607929515,2.40049162107,random,19,2017
1,"(0.05, 0.1]",127,0.0930862883352,0.0551181102362,0.834645669291,1.68885123122,regressed-rate,-1,2017
1,"(0.1, 0.15]",525,0.128436497966,0.0895238095238,0.678095238095,1.43466300919,regressed-rate,-1,2017
1,"(0.15, 0.2]",1959,0.181706970237,0.0893312914752,0.669729453803,2.03407974111,regressed-rate,-1,2017
1,"(0.2, 0.3]",2285,0.261212569237,0.174179431072,0.691466083151,1.49967517765,regressed-rate,-1,2017
1,"(0.3, 0.4]",775,0.345542696399,0.18064516129,0.856774193548,1.91282564078,regressed-rate,-1,2017
1,"(0.4, 0.6]",707,0.476238271492,0.250353606789,0.806223479491,1.90226247427,regressed-rate,-1,2017
1,"(0.6, 0.8]",242,0.672064022567,0.446280991736,0.892561983471,1.50592123575,regressed-rate,-1,2017
1,"(0.8, 1.0]",453,0.979323504827,0.205298013245,0.269315673289,4.77025320093,regressed-rate,-1,2017
1,"(1.0, inf]",853,1.47181047055,0.856975381008,0.594372801876,1.71744778575,regressed-rate,-1,2017
1,"(-0.001, 0.05]",1100,0.0374849096257,0.0772727272727,0.594545454545,0.48509883045,shipped,-1,2017
1,"(0.05, 0.1]",2300,0.072100584322,0.0726086956522,0.540869565217,0.993002059525,shipped,-1,2017
1,"(0.1, 0.15]",1236,0.122922671096,0.132686084142,0.653721682848,0.926417204116,shipped,-1,2017
1,"(0.15, 0.2]",805,0.172479330991,0.172670807453,0.665838509317,0.998891089552,shipped,-1,2017
1,"(0.2, 0.3]",890,0.244378758027,0.24606741573,0.813483146067,0.993137418467,shipped,-1,2017
1,"(0.3, 0.4]",449,0.344854598502,0.291759465479,0.902004454343,1.18198255517,shipped,-1,2017
1,"(0.4, 0.6]",438,0.48487009659,0.385844748858,0.945205479452,1.25664557578,shipped,-1,2017
1,"(0.6, 0.8]",177,0.68283291239,0.54802259887,0.954802259887,1.24599407725,shipped,-1,2017
1,"(0.8, 1.0]",79,0.894042792154,0.607594936709,0.822784810127,1.47144542875,shipped,-1,2017
1,"(1.0, inf]",452,1.65539572886,1.45353982301,0.91592920354,1.13887194741,shipped,-1,2017
1,"(0.05, 0.1]",966,0.0827077622841,0.0600414078675,0.364389233954,1.3775120408,vegas-environment,-1,2017
1,"(0.1, 0.15]",1191,0.129179995452,0.0705289672544,0.522250209908,1.83158779265,vegas-environment,-1,2017
1,"(0.15, 0.2]",1915,0.172439767768,0.100261096606,0.71592689295,1.71990705873,vegas-environment,-1,2017
1,"(0.2, 0.3]",1769,0.249516455329,0.196721311475,0.687959299039,1.26837531459,vegas-environment,-1,2017
1,"(0.3, 0.4]",1009,0.344511441855,0.290386521308,0.895936570862,1.18638923151,vegas-environment,-1,2017
1,"(0.4, 0.6]",570,0.465693488483,0.363157894737,0.905263157895,1.28234438858,vegas-environment,-1,2017
1,"(0.6, 0.8]",13,0.613934131856,0.692307692308,1,0.886793746015,vegas-environment,-1,2017
1,"(1.0, inf]",493,1.65480152067,1.38945233266,0.888438133874,1.19097394115,vegas-environment,-1,2017
1,"(-0.001, 0.05]",1134,0.0375579866928,0.0767195767196,0.582010582011,0.489548929996,within-player,0,2017
1,"(0.05, 0.1]",2267,0.0723136345355,0.0754300838112,0.547860608734,0.958684266035,within-player,0,2017
1,"(0.1, 0.15]",1237,0.122855717819,0.129345189976,0.65238480194,0.949828268388,within-player,0,2017
1,"(0.15, 0.2]",789,0.17336186474,0.176172370089,0.675538656527,0.984046843738,within-player,0,2017
1,"(0.2, 0.3]",899,0.243591663627,0.236929922136,0.79532814238,1.0281169277,within-player,0,2017
1,"(0.3, 0.4]",463,0.344488912013,0.304535637149,0.92656587473,1.13119408697,within-player,0,2017
1,"(0.4, 0.6]",426,0.487301672349,0.394366197183,0.934272300469,1.23565781203,within-player,0,2017
1,"(0.6, 0.8]",189,0.689963461496,0.502645502646,0.925925925926,1.37266414971,within-player,0,2017
1,"(0.8, 1.0]",72,0.887232107525,0.694444444444,0.819444444444,1.27761423484,within-player,0,2017
1,"(1.0, inf]",450,1.67816722272,1.44888888889,0.922222222222,1.15824424881,within-player,0,2017
1,"(-0.001, 0.05]",1133,0.0375779939583,0.0794351279788,0.592233009709,0.473065190609,within-player,1,2017
1,"(0.05, 0.1]",2275,0.0722308427711,0.0720879120879,0.544615384615,1.00198272747,within-player,1,2017
1,"(0.1, 0.15]",1234,0.123764647868,0.145867098865,0.649918962723,0.848475419273,within-player,1,2017
1,"(0.15, 0.2]",801,0.172915722957,0.161048689139,0.666666666667,1.07368600069,within-player,1,2017
1,"(0.2, 0.3]",884,0.245970317138,0.230769230769,0.803167420814,1.06587137426,within-player,1,2017
1,"(0.3, 0.4]",473,0.342412265517,0.289640591966,0.92177589852,1.1821970919,within-player,1,2017
1,"(0.4, 0.6]",405,0.481544136846,0.40987654321,0.938271604938,1.17485165917,within-player,1,2017
1,"(0.6, 0.8]",187,0.690135059845,0.550802139037,0.951871657754,1.25296365234,within-player,1,2017
1,"(0.8, 1.0]",84,0.895208312835,0.72619047619,0.785714285714,1.23274587341,within-player,1,2017
1,"(1.0, inf]",450,1.67234554091,1.42666666667,0.926666666667,1.1722048184,within-player,1,2017
1,"(-0.001, 0.05]",1136,0.0376640631706,0.0704225352113,0.585387323944,0.534829697022,within-player,2,2017
1,"(0.05, 0.1]",2270,0.0724453888005,0.0762114537445,0.54449339207,0.950584003336,within-player,2,2017
1,"(0.1, 0.15]",1248,0.123200655419,0.132211538462,0.650641025641,0.931844957347,within-player,2,2017
1,"(0.15, 0.2]",815,0.173508839068,0.18527607362,0.679754601227,0.936488104903,within-player,2,2017
1,"(0.2, 0.3]",857,0.245719853558,0.233372228705,0.809801633606,1.0529095725,within-player,2,2017
1,"(0.3, 0.4]",473,0.345151862163,0.289640591966,0.91754756871,1.19165569929,within-player,2,2017
1,"(0.4, 0.6]",417,0.485263186206,0.424460431655,0.925659472422,1.1432471675,within-player,2,2017
1,"(0.6, 0.8]",173,0.69137855876,0.526011560694,0.947976878613,1.3143790183,within-player,2,2017
1,"(0.8, 1.0]",83,0.894586503006,0.55421686747,0.843373493976,1.61414521195,within-player,2,2017
1,"(1.0, inf]",454,1.6716516067,1.4449339207,0.920704845815,1.15690522781,within-player,2,2017
1,"(-0.001, 0.05]",1109,0.0372777346618,0.0739404869252,0.578899909829,0.504158630974,within-player,3,2017
1,"(0.05, 0.1]",2288,0.0722492300905,0.0716783216783,0.549825174825,1.00796486858,within-player,3,2017
1,"(0.1, 0.15]",1255,0.122975642937,0.142629482072,0.654183266932,0.862203530086,within-player,3,2017
1,"(0.15, 0.2]",785,0.172848226239,0.183439490446,0.662420382166,0.942262899983,within-player,3,2017
1,"(0.2, 0.3]",890,0.243932445217,0.206741573034,0.803370786517,1.17989063176,within-player,3,2017
1,"(0.3, 0.4]",453,0.344830209617,0.328918322296,0.918322295806,1.0483764091,within-player,3,2017
1,"(0.4, 0.6]",439,0.481962159497,0.410022779043,0.938496583144,1.17545215566,within-player,3,2017
1,"(0.6, 0.8]",169,0.686180576791,0.538461538462,0.952662721893,1.2743353569,within-player,3,2017
1,"(0.8, 1.0]",83,0.898325512895,0.614457831325,0.831325301205,1.46198073667,within-player,3,2017
1,"(1.0, inf]",455,1.65110236173,1.43296703297,0.920879120879,1.15222634139,within-player,3,2017
1,"(-0.001, 0.05]",1135,0.0373960143282,0.073127753304,0.578854625551,0.511379232078,within-player,4,2017
1,"(0.05, 0.1]",2264,0.0721600687574,0.0764134275618,0.555212014134,0.944337547206,within-player,4,2017
1,"(0.1, 0.15]",1246,0.122861626622,0.135634028892,0.642054574639,0.905831874383,within-player,4,2017
1,"(0.15, 0.2]",805,0.172831594362,0.172670807453,0.674534161491,1.00093117598,within-player,4,2017
1,"(0.2, 0.3]",884,0.245192400019,0.251131221719,0.800904977376,0.976351718993,within-player,4,2017
1,"(0.3, 0.4]",445,0.343101399766,0.267415730337,0.921348314607,1.28302624282,within-player,4,2017
1,"(0.4, 0.6]",449,0.484103317739,0.400890868597,0.935412026726,1.20756883147,within-player,4,2017
1,"(0.6, 0.8]",164,0.690340535171,0.560975609756,0.939024390244,1.23060704096,within-player,4,2017
1,"(0.8, 1.0]",83,0.895163589528,0.542168674699,0.831325301205,1.65107950957,within-player,4,2017
1,"(1.0, inf]",451,1.67852928792,1.45011086475,0.920177383592,1.15751790345,within-player,4,2017
1,"(-0.001, 0.05]",1118,0.0373655130934,0.0688729874776,0.583184257603,0.542527839459,within-player,5,2017
1,"(0.05, 0.1]",2292,0.0722577109637,0.0776614310646,0.552792321117,0.930419514207,within-player,5,2017
1,"(0.1, 0.15]",1223,0.123341975111,0.139002452984,0.648405560098,0.88733667977,within-player,5,2017
1,"(0.15, 0.2]",819,0.172377904478,0.180708180708,0.681318681319,0.953902052483,within-player,5,2017
1,"(0.2, 0.3]",878,0.244514546674,0.216400911162,0.78701594533,1.12991458937,within-player,5,2017
1,"(0.3, 0.4]",471,0.345754928964,0.322717622081,0.925690021231,1.07138533909,within-player,5,2017
1,"(0.4, 0.6]",410,0.483027993883,0.407317073171,0.934146341463,1.18587711073,within-player,5,2017
1,"(0.6, 0.8]",185,0.690316263401,0.481081081081,0.913513513514,1.43492706437,within-player,5,2017
1,"(0.8, 1.0]",85,0.90360972628,0.682352941176,0.835294117647,1.32425563334,within-player,5,2017
1,"(1.0, inf]",445,1.68663748907,1.45393258427,0.92808988764,1.16005205971,within-player,5,2017
1,"(-0.001, 0.05]",1117,0.0374478996527,0.0734109221128,0.585496866607,0.510113462343,within-player,6,2017
1,"(0.05, 0.1]",2296,0.0725667971925,0.0757839721254,0.55574912892,0.957548082494,within-player,6,2017
1,"(0.1, 0.15]",1231,0.124011591153,0.130787977254,0.635255889521,0.948188004407,within-player,6,2017
1,"(0.15, 0.2]",813,0.17376254612,0.174661746617,0.670356703567,0.994851760531,within-player,6,2017
1,"(0.2, 0.3]",874,0.246043843464,0.242562929062,0.802059496568,1.0143505622,within-player,6,2017
1,"(0.3, 0.4]",472,0.34506885702,0.298728813559,0.932203389831,1.15512411712,within-player,6,2017
1,"(0.4, 0.6]",413,0.487557876755,0.401937046005,0.937046004843,1.2130205006,within-player,6,2017
1,"(0.6, 0.8]",178,0.68681917927,0.561797752809,0.955056179775,1.2225381391,within-player,6,2017
1,"(0.8, 1.0]",82,0.899613985008,0.719512195122,0.80487804878,1.25031096221,within-player,6,2017
1,"(1.0, inf]",450,1.68617646405,1.42,0.915555555556,1.18744821412,within-player,6,2017
1,"(-0.001, 0.05]",1122,0.0375652318685,0.0775401069519,0.581996434938,0.484461955822,within-player,7,2017
1,"(0.05, 0.1]",2259,0.0720167805503,0.0739265161576,0.543160690571,0.97416710936,within-player,7,2017
1,"(0.1, 0.15]",1294,0.123151295593,0.135239567233,0.659969088099,0.910615865699,within-player,7,2017
1,"(0.15, 0.2]",743,0.172917295103,0.169582772544,0.670255720054,1.01966309731,within-player,7,2017
1,"(0.2, 0.3]",917,0.244261403282,0.239912758997,0.80479825518,1.01812594004,within-player,7,2017
1,"(0.3, 0.4]",453,0.347392645656,0.271523178808,0.913907284768,1.27942169498,within-player,7,2017
1,"(0.4, 0.6]",423,0.485357269356,0.408983451537,0.931442080378,1.18674060658,within-player,7,2017
1,"(0.6, 0.8]",185,0.691829692514,0.567567567568,0.940540540541,1.21893802967,within-player,7,2017
1,"(0.8, 1.0]",73,0.899915179473,0.753424657534,0.876712328767,1.19443287457,within-player,7,2017
1,"(1.0, inf]",457,1.65554667464,1.4113785558,0.912472647702,1.17299973692,within-player,7,2017
1,"(-0.001, 0.05]",1103,0.0374820645725,0.0752493200363,0.589301903898,0.498105026788,within-player,8,2017
1,"(0.05, 0.1]",2288,0.0722317439665,0.076048951049,0.543269230769,0.949805920663,within-player,8,2017
1,"(0.1, 0.15]",1242,0.123209163928,0.126409017713,0.657809983897,0.974686506997,within-player,8,2017
1,"(0.15, 0.2]",834,0.173084066529,0.170263788969,0.671462829736,1.01656416539,within-player,8,2017
1,"(0.2, 0.3]",848,0.245482916532,0.260613207547,0.793632075472,0.94194349873,within-player,8,2017
1,"(0.3, 0.4]",463,0.345188188738,0.285097192225,0.92656587473,1.21077372262,within-player,8,2017
1,"(0.4, 0.6]",454,0.484242952815,0.400881057269,0.940528634361,1.20794670647,within-player,8,2017
1,"(0.6, 0.8]",166,0.695113118353,0.506024096386,0.951807228916,1.37367592436,within-player,8,2017
1,"(0.8, 1.0]",77,0.889695753058,0.675324675325,0.779220779221,1.31743409587,within-player,8,2017
1,"(1.0, inf]",451,1.66765135882,1.43902439024,0.922394678492,1.158876368,within-player,8,2017
1,"(-0.001, 0.05]",1114,0.0373947369201,0.0718132854578,0.584380610413,0.520721711613,within-player,9,2017
1,"(0.05, 0.1]",2286,0.0725737107287,0.0748031496063,0.55293088364,0.970195922373,within-player,9,2017
1,"(0.1, 0.15]",1237,0.122957711397,0.132578819725,0.638641875505,0.92743103048,within-player,9,2017
1,"(0.15, 0.2]",791,0.173583116162,0.182048040455,0.667509481669,0.953501700586,within-player,9,2017
1,"(0.2, 0.3]",913,0.244944437947,0.230010952903,0.797371303395,1.06492510403,within-player,9,2017
1,"(0.3, 0.4]",441,0.343473797262,0.299319727891,0.936507936508,1.14751473176,within-player,9,2017
1,"(0.4, 0.6]",436,0.485415388931,0.392201834862,0.947247706422,1.23766730745,within-player,9,2017
1,"(0.6, 0.8]",194,0.687509547517,0.561855670103,0.922680412371,1.22364084604,within-player,9,2017
1,"(0.8, 1.0]",70,0.891991867378,0.742857142857,0.842857142857,1.20075828301,within-player,9,2017
1,"(1.0, inf]",444,1.67897194724,1.4481981982,0.918918918919,1.15935232438,within-player,9,2017
1,"(-0.001, 0.05]",1108,0.0371962011961,0.072202166065,0.592057761733,0.515167386565,within-player,10,2017
1,"(0.05, 0.1]",2312,0.0723482055935,0.0778546712803,0.54714532872,0.929272507401,within-player,10,2017
1,"(0.1, 0.15]",1216,0.123584487984,0.126644736842,0.638157894737,0.975835957066,within-player,10,2017
1,"(0.15, 0.2]",818,0.172972320976,0.18826405868,0.689486552567,0.918775055573,within-player,10,2017
1,"(0.2, 0.3]",850,0.243923190223,0.231764705882,0.804705882353,1.05246046543,within-player,10,2017
1,"(0.3, 0.4]",489,0.344866372962,0.312883435583,0.905930470348,1.10221997633,within-player,10,2017
1,"(0.4, 0.6]",415,0.482521896489,0.387951807229,0.932530120482,1.24376762138,within-player,10,2017
1,"(0.6, 0.8]",184,0.680420021502,0.532608695652,0.961956521739,1.27752330568,within-player,10,2017
1,"(0.8, 1.0]",87,0.897993956862,0.586206896552,0.793103448276,1.53187204406,within-player,10,2017
1,"(1.0, inf]",447,1.67489739991,1.44966442953,0.921700223714,1.15536903975,within-player,10,2017
1,"(-0.001, 0.05]",1113,0.037335985661,0.0754716981132,0.584007187781,0.494701810008,within-player,11,2017
1,"(0.05, 0.1]",2304,0.072356449472,0.0750868055556,0.55078125,0.963637338633,within-player,11,2017
1,"(0.1, 0.15]",1245,0.123424029209,0.134939759036,0.655421686747,0.914660216463,within-player,11,2017
1,"(0.15, 0.2]",789,0.173306181614,0.190114068441,0.664131812421,0.911590515289,within-player,11,2017
1,"(0.2, 0.3]",866,0.245204534339,0.228637413395,0.79792147806,1.07246023605,within-player,11,2017
1,"(0.3, 0.4]",481,0.346905986242,0.307692307692,0.925155925156,1.12744445529,within-player,11,2017
1,"(0.4, 0.6]",411,0.481410703194,0.379562043796,0.929440389294,1.26833204495,within-player,11,2017
1,"(0.6, 0.8]",183,0.682862603615,0.535519125683,0.956284153005,1.27514139246,within-player,11,2017
1,"(0.8, 1.0]",94,0.906354049614,0.648936170213,0.797872340426,1.39667673219,within-player,11,2017
1,"(1.0, inf]",440,1.67871950728,1.45454545455,0.922727272727,1.15411966126,within-player,11,2017
1,"(-0.001, 0.05]",1118,0.0374785242373,0.0742397137746,0.58228980322,0.504831205992,within-player,12,2017
1,"(0.05, 0.1]",2264,0.071819466354,0.0733215547703,0.549028268551,0.979513685696,within-player,12,2017
1,"(0.1, 0.15]",1261,0.122484802535,0.131641554322,0.632038065028,0.930441783111,within-player,12,2017
1,"(0.15, 0.2]",798,0.173561782253,0.184210526316,0.69298245614,0.942192532229,within-player,12,2017
1,"(0.2, 0.3]",880,0.243842683228,0.239772727273,0.805681818182,1.01697422389,within-player,12,2017
1,"(0.3, 0.4]",478,0.343573442053,0.317991631799,0.914225941423,1.08044806119,within-player,12,2017
1,"(0.4, 0.6]",415,0.486895166022,0.371084337349,0.951807228916,1.31208762272,within-player,12,2017
1,"(0.6, 0.8]",179,0.686500160713,0.536312849162,0.921787709497,1.280036758,within-player,12,2017
1,"(0.8, 1.0]",91,0.8927336721,0.637362637363,0.824175824176,1.40066834761,within-player,12,2017
1,"(1.0, inf]",442,1.67715228101,1.45475113122,0.923076923077,1.15287917295,within-player,12,2017
1,"(-0.001, 0.05]",1135,0.0374018633899,0.0775330396476,0.585022026432,0.482399033495,within-player,13,2017
1,"(0.05, 0.1]",2284,0.0723226783712,0.0753064798599,0.550788091068,0.960377891859,within-player,13,2017
1,"(0.1, 0.15]",1195,0.122626253074,0.129707112971,0.64769874477,0.945408854342,within-player,13,2017
1,"(0.15, 0.2]",797,0.172528459283,0.178168130489,0.671267252196,0.968346352453,within-player,13,2017
1,"(0.2, 0.3]",928,0.242473554705,0.23599137931,0.79525862069,1.02746784825,within-player,13,2017
1,"(0.3, 0.4]",465,0.345930052325,0.29247311828,0.920430107527,1.18277554655,within-player,13,2017
1,"(0.4, 0.6]",407,0.484120156898,0.400491400491,0.938574938575,1.20881536109,within-player,13,2017
1,"(0.6, 0.8]",181,0.686230153205,0.502762430939,0.950276243094,1.36491931572,within-player,13,2017
1,"(0.8, 1.0]",92,0.892659019614,0.728260869565,0.804347826087,1.22574074335,within-player,13,2017
1,"(1.0, inf]",442,1.68909272119,1.45475113122,0.923076923077,1.16108706496,within-player,13,2017
1,"(-0.001, 0.05]",1095,0.0374367796769,0.0739726027397,0.579908675799,0.506089799336,within-player,14,2017
1,"(0.05, 0.1]",2312,0.0719936871698,0.0756920415225,0.551903114187,0.951139455638,within-player,14,2017
1,"(0.1, 0.15]",1224,0.122765594474,0.127450980392,0.643790849673,0.96323774126,within-player,14,2017
1,"(0.15, 0.2]",816,0.17382609041,0.185049019608,0.683823529412,0.939351587909,within-player,14,2017
1,"(0.2, 0.3]",883,0.244948153267,0.237825594564,0.79275198188,1.0299486635,within-player,14,2017
1,"(0.3, 0.4]",460,0.34459823884,0.280434782609,0.928260869565,1.22879992144,within-player,14,2017
1,"(0.4, 0.6]",423,0.48468408865,0.425531914894,0.943262411348,1.13900760833,within-player,14,2017
1,"(0.6, 0.8]",183,0.689766205631,0.530054644809,0.928961748634,1.30131150134,within-player,14,2017
1,"(0.8, 1.0]",78,0.897302523963,0.628205128205,0.794871794872,1.42835911978,within-player,14,2017
1,"(1.0, inf]",452,1.66376842486,1.43362831858,0.924778761062,1.16052982721,within-player,14,2017
1,"(-0.001, 0.05]",1108,0.0374092881392,0.072202166065,0.589350180505,0.518118640728,within-player,15,2017
1,"(0.05, 0.1]",2287,0.0719789746144,0.0760822037604,0.547004809794,0.946068476684,within-player,15,2017
1,"(0.1, 0.15]",1251,0.122857451555,0.130295763389,0.646682653877,0.942912097514,within-player,15,2017
1,"(0.15, 0.2]",795,0.172641408627,0.186163522013,0.677987421384,0.927364323366,within-player,15,2017
1,"(0.2, 0.3]",900,0.245750288172,0.234444444444,0.797777777778,1.04822397799,within-player,15,2017
1,"(0.3, 0.4]",449,0.346352309511,0.314031180401,0.926503340757,1.10292331185,within-player,15,2017
1,"(0.4, 0.6]",419,0.4802296182,0.384248210024,0.937947494033,1.24979012438,within-player,15,2017
1,"(0.6, 0.8]",187,0.696622281046,0.529411764706,0.941176470588,1.31584208642,within-player,15,2017
1,"(0.8, 1.0]",76,0.89136548319,0.644736842105,0.842105263158,1.38252605556,within-player,15,2017
1,"(1.0, inf]",454,1.65958512294,1.43171806167,0.911894273128,1.15915637817,within-player,15,2017
1,"(-0.001, 0.05]",1125,0.0374424642937,0.0728888888889,0.575111111111,0.513692345493,within-player,16,2017
1,"(0.05, 0.1]",2284,0.0721852740038,0.0739929947461,0.552101576182,0.975569028549,within-player,16,2017
1,"(0.1, 0.15]",1230,0.123028744543,0.136585365854,0.647967479675,0.900746165405,within-player,16,2017
1,"(0.15, 0.2]",801,0.172874384602,0.176029962547,0.676654182272,0.982073631675,within-player,16,2017
1,"(0.2, 0.3]",898,0.243697970355,0.244988864143,0.805122494432,0.994730806266,within-player,16,2017
1,"(0.3, 0.4]",450,0.345540559393,0.277777777778,0.913333333333,1.24394601381,within-player,16,2017
1,"(0.4, 0.6]",432,0.488015439335,0.398148148148,0.939814814815,1.22571319647,within-player,16,2017
1,"(0.6, 0.8]",172,0.683059627874,0.563953488372,0.947674418605,1.2111985154,within-player,16,2017
1,"(0.8, 1.0]",86,0.90385682781,0.732558139535,0.779069767442,1.23383630463,within-player,16,2017
1,"(1.0, inf]",448,1.66104625007,1.42633928571,0.928571428571,1.16455198753,within-player,16,2017
1,"(-0.001, 0.05]",1104,0.0373269655569,0.0724637681159,0.586050724638,0.515112124685,within-player,17,2017
1,"(0.05, 0.1]",2301,0.0719706370092,0.0777922642329,0.54976097349,0.925164445577,within-player,17,2017
1,"(0.1, 0.15]",1224,0.12304986217,0.132352941176,0.648692810458,0.929710069731,within-player,17,2017
1,"(0.15, 0.2]",807,0.172022707441,0.158612143742,0.671623296159,1.08454941332,within-player,17,2017
1,"(0.2, 0.3]",910,0.24455582218,0.250549450549,0.801098901099,0.976078062211,within-player,17,2017
1,"(0.3, 0.4]",443,0.345964114762,0.291196388262,0.920993227991,1.18807831658,within-player,17,2017
1,"(0.4, 0.6]",427,0.485837249099,0.416861826698,0.939110070258,1.16546351329,within-player,17,2017
1,"(0.6, 0.8]",184,0.686682826578,0.505434782609,0.945652173913,1.35859828054,within-player,17,2017
1,"(0.8, 1.0]",70,0.900318622826,0.6,0.757142857143,1.50053103804,within-player,17,2017
1,"(1.0, inf]",456,1.66721590622,1.44078947368,0.921052631579,1.15715441893,within-player,17,2017
1,"(-0.001, 0.05]",1121,0.0375026015723,0.0749330954505,0.576271186441,0.500481147173,within-player,18,2017
1,"(0.05, 0.1]",2281,0.0723209359344,0.0758439281017,0.55808855765,0.953549450095,within-player,18,2017
1,"(0.1, 0.15]",1237,0.123364597559,0.128536782538,0.626515763945,0.959761051449,within-player,18,2017
1,"(0.15, 0.2]",813,0.173014212764,0.178351783518,0.686346863469,0.970072792948,within-player,18,2017
1,"(0.2, 0.3]",888,0.244472970294,0.240990990991,0.818693693694,1.01444858702,within-player,18,2017
1,"(0.3, 0.4]",439,0.346412322462,0.312072892938,0.908883826879,1.11003656614,within-player,18,2017
1,"(0.4, 0.6]",438,0.481828313724,0.372146118721,0.926940639269,1.29472884301,within-player,18,2017
1,"(0.6, 0.8]",182,0.694178365487,0.549450549451,0.945054945055,1.26340462519,within-player,18,2017
1,"(0.8, 1.0]",74,0.890275181679,0.756756756757,0.824324324324,1.1764350615,within-player,18,2017
1,"(1.0, inf]",453,1.67495880494,1.4238410596,0.918322295806,1.17636641649,within-player,18,2017
1,"(-0.001, 0.05]",1112,0.0373603473134,0.0737410071942,0.592625899281,0.50664275869,within-player,19,2017
1,"(0.05, 0.1]",2276,0.0725018051138,0.073374340949,0.547451669596,0.988108433766,within-player,19,2017
1,"(0.1, 0.15]",1246,0.122716105986,0.138041733547,0.642857142857,0.888978302667,within-player,19,2017
1,"(0.15, 0.2]",787,0.173358877122,0.165184243964,0.655654383736,1.0494879715,within-player,19,2017
1,"(0.2, 0.3]",915,0.245684857085,0.24262295082,0.80218579235,1.01262001907,within-player,19,2017
1,"(0.3, 0.4]",450,0.345642547874,0.273333333333,0.931111111111,1.26454590685,within-player,19,2017
1,"(0.4, 0.6]",416,0.483034428218,0.413461538462,0.949519230769,1.16826931476,within-player,19,2017
1,"(0.6, 0.8]",196,0.686992529955,0.561224489796,0.94387755102,1.22409578065,within-player,19,2017
1,"(0.8, 1.0]",75,0.901042162568,0.72,0.813333333333,1.25144744801,within-player,19,2017
1,"(1.0, inf]",453,1.67017793929,1.42163355408,0.920529801325,1.17483013431,within-player,19,2017
1,"(-0.001, 0.05]",20,0.0390964540449,0,0.8,,base-rate-only,-1,2018
1,"(0.05, 0.1]",514,0.0816736782231,0.103112840467,0.717898832685,0.792080577484,base-rate-only,-1,2018
1,"(0.1, 0.15]",1323,0.126137851583,0.0967498110355,0.683295540438,1.30375295035,base-rate-only,-1,2018
1,"(0.15, 0.2]",1405,0.172516453633,0.088256227758,0.646975088968,1.9547227206,base-rate-only,-1,2018
1,"(0.2, 0.3]",1524,0.241058975404,0.166010498688,0.699475065617,1.45207066607,base-rate-only,-1,2018
1,"(0.3, 0.4]",722,0.348334569988,0.34487534626,0.940443213296,1.01003035956,base-rate-only,-1,2018
1,"(0.4, 0.6]",752,0.485177704238,0.365691489362,0.807180851064,1.32674048577,base-rate-only,-1,2018
1,"(0.6, 0.8]",261,0.697847358539,0.44061302682,0.693486590038,1.58381009199,base-rate-only,-1,2018
1,"(0.8, 1.0]",372,0.900750798241,0.266129032258,0.295698924731,3.38463936309,base-rate-only,-1,2018
1,"(1.0, inf]",806,1.49382353956,1.04218362283,0.633995037221,1.43335925344,base-rate-only,-1,2018
1,"(0.05, 0.1]",30,0.0920699280531,0.133333333333,0.666666666667,0.690524460398,current-season-rate,-1,2018
1,"(0.1, 0.15]",399,0.130541369471,0.110275689223,0.756892230576,1.18377287316,current-season-rate,-1,2018
1,"(0.15, 0.2]",837,0.174649523031,0.123058542413,0.765830346476,1.41923932794,current-season-rate,-1,2018
1,"(0.2, 0.3]",2519,0.245205105102,0.130210400953,0.710202461294,1.88314530412,current-season-rate,-1,2018
1,"(0.3, 0.4]",1751,0.345711051561,0.182752712736,0.652198743575,1.89168766026,current-season-rate,-1,2018
1,"(0.4, 0.6]",717,0.472314675933,0.415620641562,0.916317991632,1.13640812968,current-season-rate,-1,2018
1,"(0.6, 0.8]",169,0.67884274698,0.615384615385,0.934911242604,1.10311946384,current-season-rate,-1,2018
1,"(0.8, 1.0]",92,0.915361218093,0.336956521739,0.554347826087,2.71655587305,current-season-rate,-1,2018
1,"(1.0, inf]",1185,1.50759555736,0.762869198312,0.499578059072,1.97621762774,current-season-rate,-1,2018
1,"(-0.001, 0.05]",3529,0,0.15896854633,0.565599319921,0,historical-rate,-1,2018
1,"(0.05, 0.1]",582,0.0787143595713,0.125429553265,0.823024054983,0.627558318774,historical-rate,-1,2018
1,"(0.1, 0.15]",494,0.130705773927,0.184210526316,0.823886639676,0.709545629889,historical-rate,-1,2018
1,"(0.15, 0.2]",497,0.183273778954,0.189134808853,0.830985915493,0.969011363194,historical-rate,-1,2018
1,"(0.2, 0.3]",543,0.25251160199,0.28729281768,0.8802946593,0.87893461462,historical-rate,-1,2018
1,"(0.3, 0.4]",511,0.352248750923,0.281800391389,0.892367906067,1.2499938314,historical-rate,-1,2018
1,"(0.4, 0.6]",579,0.503287104255,0.336787564767,0.868739205527,1.49437555571,historical-rate,-1,2018
1,"(0.6, 0.8]",200,0.68760728022,0.63,0.875,1.09144012733,historical-rate,-1,2018
1,"(0.8, 1.0]",235,0.976631205674,0.204255319149,0.242553191489,4.78142361111,historical-rate,-1,2018
1,"(1.0, inf]",529,1.5873015292,1.22495274102,0.733459357278,1.29580634097,historical-rate,-1,2018
1,"(-0.001, 0.05]",1191,0.0387128764471,0.0772460117548,0.521410579345,0.501163433136,no-vegas,-1,2018
1,"(0.05, 0.1]",2305,0.072618200945,0.106290672451,0.616919739696,0.683203890523,no-vegas,-1,2018
1,"(0.1, 0.15]",1142,0.123079957617,0.141856392294,0.631348511384,0.867637725918,no-vegas,-1,2018
1,"(0.15, 0.2]",686,0.173434901671,0.221574344023,0.672011661808,0.782739095699,no-vegas,-1,2018
1,"(0.2, 0.3]",791,0.24644024156,0.327433628319,0.867256637168,0.752641818818,no-vegas,-1,2018
1,"(0.3, 0.4]",474,0.346847027856,0.388185654008,0.943037974684,0.893508104368,no-vegas,-1,2018
1,"(0.4, 0.6]",409,0.477075364536,0.422982885086,0.968215158924,1.12788337627,no-vegas,-1,2018
1,"(0.6, 0.8]",147,0.689551838322,0.646258503401,0.945578231293,1.0669907393,no-vegas,-1,2018
1,"(0.8, 1.0]",62,0.89415081576,0.693548387097,0.741935483871,1.2892407111,no-vegas,-1,2018
1,"(1.0, inf]",492,1.66548593625,1.48577235772,0.839430894309,1.12095633466,no-vegas,-1,2018
1,"(-0.001, 0.05]",28,0.0410603249349,0.0714285714286,0.75,0.574844549088,player-vegas,-1,2018
1,"(0.05, 0.1]",638,0.0806139664149,0.0956112852665,0.721003134796,0.843142796274,player-vegas,-1,2018
1,"(0.1, 0.15]",1330,0.126244154951,0.0947368421053,0.689473684211,1.33257719115,player-vegas,-1,2018
1,"(0.15, 0.2]",1330,0.174150261103,0.0984962406015,0.638345864662,1.76809043716,player-vegas,-1,2018
1,"(0.2, 0.3]",1431,0.242803070092,0.172606568833,0.703004891684,1.40668499312,player-vegas,-1,2018
1,"(0.3, 0.4]",687,0.347990906651,0.321688500728,0.91557496361,1.08176358764,player-vegas,-1,2018
1,"(0.4, 0.6]",740,0.480983366501,0.374324324324,0.854054054054,1.2849375134,player-vegas,-1,2018
1,"(0.6, 0.8]",351,0.693908583206,0.376068376068,0.569800569801,1.84516600534,player-vegas,-1,2018
1,"(0.8, 1.0]",376,0.904982232638,0.321808510638,0.382978723404,2.81217619398,player-vegas,-1,2018
1,"(1.0, inf]",788,1.54291254342,1.03807106599,0.626903553299,1.48632650882,player-vegas,-1,2018
1,"(-0.001, 0.05]",1283,0.037970872393,0.230709275136,0.697583787997,0.164583207028,random,0,2018
1,"(0.05, 0.1]",2237,0.0725214790322,0.203397407242,0.709432275369,0.356550656253,random,0,2018
1,"(0.1, 0.15]",1116,0.123277074155,0.304659498208,0.675627240143,0.404638866933,random,0,2018
1,"(0.15, 0.2]",710,0.173858434942,0.3,0.684507042254,0.579528116472,random,0,2018
1,"(0.2, 0.3]",732,0.245208749,0.228142076503,0.728142076503,1.07480721119,random,0,2018
1,"(0.3, 0.4]",465,0.348154365839,0.187096774194,0.69247311828,1.8608250588,random,0,2018
1,"(0.4, 0.6]",441,0.478330557297,0.222222222222,0.780045351474,2.15248750784,random,0,2018
1,"(0.6, 0.8]",149,0.691482158051,0.221476510067,0.657718120805,3.12214671363,random,0,2018
1,"(0.8, 1.0]",87,0.895595025965,0.540229885057,0.689655172414,1.6578035587,random,0,2018
1,"(1.0, inf]",479,1.74981775807,0.835073068894,0.56993736952,2.09540676529,random,0,2018
1,"(-0.001, 0.05]",1282,0.0379335065039,0.219188767551,0.68096723869,0.173063186256,random,1,2018
1,"(0.05, 0.1]",2234,0.0725210220895,0.213518352731,0.730080572963,0.339647721904,random,1,2018
1,"(0.1, 0.15]",1121,0.123291833892,0.318465655665,0.683318465656,0.387143265527,random,1,2018
1,"(0.15, 0.2]",706,0.173615290061,0.371104815864,0.669971671388,0.467833567875,random,1,2018
1,"(0.2, 0.3]",734,0.245309982935,0.235694822888,0.707084468665,1.0407949565,random,1,2018
1,"(0.3, 0.4]",471,0.348096113448,0.197452229299,0.734607218684,1.76293838101,random,1,2018
1,"(0.4, 0.6]",434,0.47770945651,0.251152073733,0.758064516129,1.90207251491,random,1,2018
1,"(0.6, 0.8]",150,0.688662369141,0.3,0.726666666667,2.29554123047,random,1,2018
1,"(0.8, 1.0]",86,0.897034902563,0.418604651163,0.697674418605,2.14291671168,random,1,2018
1,"(1.0, inf]",481,1.74691130446,0.629937629938,0.511434511435,2.77314962854,random,1,2018
1,"(-0.001, 0.05]",1285,0.0380207176091,0.27626459144,0.718287937743,0.137624287684,random,2,2018
1,"(0.05, 0.1]",2232,0.0725754957959,0.204749103943,0.724462365591,0.35446062717,random,2,2018
1,"(0.1, 0.15]",1128,0.12334303433,0.373226950355,0.707446808511,0.330477298632,random,2,2018
1,"(0.15, 0.2]",706,0.174005339974,0.297450424929,0.668555240793,0.584989381056,random,2,2018
1,"(0.2, 0.3]",725,0.245207413132,0.205517241379,0.708965517241,1.19312331893,random,2,2018
1,"(0.3, 0.4]",472,0.348400275275,0.152542372881,0.684322033898,2.28395736014,random,2,2018
1,"(0.4, 0.6]",435,0.479351781191,0.2,0.726436781609,2.39675890595,random,2,2018
1,"(0.6, 0.8]",148,0.686397312688,0.324324324324,0.682432432432,2.11639171412,random,2,2018
1,"(0.8, 1.0]",90,0.892619994544,0.477777777778,0.633333333333,1.86827440718,random,2,2018
1,"(1.0, inf]",478,1.75249002135,0.615062761506,0.483263598326,2.8492864973,random,2,2018
1,"(-0.001, 0.05]",1287,0.038024432266,0.275058275058,0.703962703963,0.138241368154,random,3,2018
1,"(0.05, 0.1]",2242,0.0726114883785,0.226583407672,0.722123104371,0.32046251367,random,3,2018
1,"(0.1, 0.15]",1108,0.123511165951,0.306859205776,0.705776173285,0.402501093745,random,3,2018
1,"(0.15, 0.2]",705,0.173983866053,0.347517730496,0.673758865248,0.500647451295,random,3,2018
1,"(0.2, 0.3]",737,0.245641216163,0.218453188602,0.685210312076,1.12445699573,random,3,2018
1,"(0.3, 0.4]",469,0.34819074573,0.189765458422,0.727078891258,1.83484786233,random,3,2018
1,"(0.4, 0.6]",435,0.479385398282,0.144827586207,0.740229885057,3.31004203575,random,3,2018
1,"(0.6, 0.8]",151,0.69003964462,0.311258278146,0.754966887417,2.21693587952,random,3,2018
1,"(0.8, 1.0]",85,0.897024797596,0.305882352941,0.694117647059,2.93258106907,random,3,2018
1,"(1.0, inf]",480,1.74711583617,0.63125,0.477083333333,2.76770825532,random,3,2018
1,"(-0.001, 0.05]",1284,0.037963186429,0.22507788162,0.668224299065,0.16866689057,random,4,2018
1,"(0.05, 0.1]",2229,0.0725126328042,0.21668909825,0.733064154329,0.334639044556,random,4,2018
1,"(0.1, 0.15]",1127,0.123246530941,0.302573203194,0.687666370896,0.407327977627,random,4,2018
1,"(0.15, 0.2]",713,0.173883205591,0.333800841515,0.68443197756,0.520919015067,random,4,2018
1,"(0.2, 0.3]",726,0.246070851726,0.274104683196,0.724517906336,0.89772582087,random,4,2018
1,"(0.3, 0.4]",466,0.348252578013,0.212446351931,0.727467811159,1.63924950862,random,4,2018
1,"(0.4, 0.6]",437,0.478470074517,0.219679633867,0.775743707094,2.17803565171,random,4,2018
1,"(0.6, 0.8]",147,0.688677231563,0.210884353741,0.659863945578,3.26566300128,random,4,2018
1,"(0.8, 1.0]",94,0.894917359071,0.351063829787,0.63829787234,2.54915853796,random,4,2018
1,"(1.0, inf]",476,1.75314804593,0.686974789916,0.495798319328,2.55198308827,random,4,2018
1,"(-0.001, 0.05]",1279,0.0379341646611,0.254104769351,0.70680218921,0.149285528005,random,5,2018
1,"(0.05, 0.1]",2241,0.0724949749758,0.207050423918,0.722891566265,0.350131980433,random,5,2018
1,"(0.1, 0.15]",1119,0.123348516378,0.276139410188,0.681858802502,0.446689287466,random,5,2018
1,"(0.15, 0.2]",708,0.173622511948,0.358757062147,0.693502824859,0.483955663225,random,5,2018
1,"(0.2, 0.3]",732,0.245578480581,0.25,0.709016393443,0.982313922322,random,5,2018
1,"(0.3, 0.4]",463,0.348729173673,0.246220302376,0.738660907127,1.41632988957,random,5,2018
1,"(0.4, 0.6]",444,0.47815917497,0.182432432432,0.713963963964,2.6210206628,random,5,2018
1,"(0.6, 0.8]",142,0.689126060685,0.281690140845,0.676056338028,2.44639751543,random,5,2018
1,"(0.8, 1.0]",91,0.896701519056,0.340659340659,0.659340659341,2.63225284626,random,5,2018
1,"(1.0, inf]",480,1.74579839015,0.697916666667,0.5,2.50144246947,random,5,2018
1,"(-0.001, 0.05]",1297,0.0380623844727,0.252120277564,0.687740940632,0.150969151869,random,6,2018
1,"(0.05, 0.1]",2232,0.0727597716648,0.191756272401,0.719982078853,0.379438809243,random,6,2018
1,"(0.1, 0.15]",1105,0.123363909962,0.361990950226,0.733936651584,0.34079280127,random,6,2018
1,"(0.15, 0.2]",709,0.173684384486,0.380818053597,0.682651622003,0.456082328151,random,6,2018
1,"(0.2, 0.3]",732,0.245459945884,0.193989071038,0.698087431694,1.26532873512,random,6,2018
1,"(0.3, 0.4]",466,0.348167862295,0.240343347639,0.744635193133,1.44862699848,random,6,2018
1,"(0.4, 0.6]",449,0.47964176356,0.204899777283,0.714922048998,2.34086034607,random,6,2018
1,"(0.6, 0.8]",140,0.68888257077,0.307142857143,0.707142857143,2.24287348623,random,6,2018
1,"(0.8, 1.0]",92,0.894471441471,0.304347826087,0.510869565217,2.93897759341,random,6,2018
1,"(1.0, inf]",477,1.75330938594,0.616352201258,0.488469601677,2.84465502413,random,6,2018
1,"(-0.001, 0.05]",1287,0.0380213169799,0.26418026418,0.708624708625,0.143921867509,random,7,2018
1,"(0.05, 0.1]",2240,0.0726603869732,0.220535714286,0.738392857143,0.32947220004,random,7,2018
1,"(0.1, 0.15]",1117,0.123520857809,0.288272157565,0.666965085049,0.428486950848,random,7,2018
1,"(0.15, 0.2]",696,0.173884601292,0.340517241379,0.67816091954,0.510648449363,random,7,2018
1,"(0.2, 0.3]",739,0.244953425729,0.21650879567,0.695534506089,1.13137863509,random,7,2018
1,"(0.3, 0.4]",465,0.348379581818,0.172043010753,0.698924731183,2.02495631932,random,7,2018
1,"(0.4, 0.6]",439,0.478016596566,0.220956719818,0.740318906606,2.16339469992,random,7,2018
1,"(0.6, 0.8]",148,0.688057011538,0.351351351351,0.736486486486,1.95831610976,random,7,2018
1,"(0.8, 1.0]",87,0.897116810425,0.35632183908,0.666666666667,2.51771491958,random,7,2018
1,"(1.0, inf]",481,1.74923310017,0.671517671518,0.494802494802,2.60489511202,random,7,2018
1,"(-0.001, 0.05]",1283,0.0380121903605,0.218238503507,0.683554169914,0.174177286545,random,8,2018
1,"(0.05, 0.1]",2240,0.0725589177356,0.216071428571,0.733035714286,0.335809867206,random,8,2018
1,"(0.1, 0.15]",1115,0.123470610547,0.310313901345,0.72466367713,0.39788939526,random,8,2018
1,"(0.15, 0.2]",710,0.173749905103,0.350704225352,0.661971830986,0.495431456317,random,8,2018
1,"(0.2, 0.3]",732,0.245331626374,0.204918032787,0.654371584699,1.19721833671,random,8,2018
1,"(0.3, 0.4]",464,0.348097039572,0.213362068966,0.760775862069,1.63148511476,random,8,2018
1,"(0.4, 0.6]",443,0.480002987283,0.158013544018,0.683972911964,3.03773319095,random,8,2018
1,"(0.6, 0.8]",144,0.688135822586,0.305555555556,0.743055555556,2.25208087392,random,8,2018
1,"(0.8, 1.0]",90,0.899310208504,0.4,0.633333333333,2.24827552126,random,8,2018
1,"(1.0, inf]",478,1.75091331748,0.790794979079,0.535564853556,2.21411789882,random,8,2018
1,"(-0.001, 0.05]",1280,0.0379240549945,0.23515625,0.67890625,0.16127172888,random,9,2018
1,"(0.05, 0.1]",2246,0.0725754578912,0.205699020481,0.706589492431,0.352823546371,random,9,2018
1,"(0.1, 0.15]",1115,0.123594945613,0.305829596413,0.69865470852,0.404130100757,random,9,2018
1,"(0.15, 0.2]",710,0.173814533768,0.352112676056,0.712676056338,0.4936332759,random,9,2018
1,"(0.2, 0.3]",721,0.2453434982,0.23439667129,0.701803051318,1.04670214321,random,9,2018
1,"(0.3, 0.4]",476,0.348907072423,0.210084033613,0.747899159664,1.66079766474,random,9,2018
1,"(0.4, 0.6]",434,0.478777139943,0.207373271889,0.748847926267,2.30876976372,random,9,2018
1,"(0.6, 0.8]",149,0.686981047445,0.194630872483,0.697986577181,3.52966124377,random,9,2018
1,"(0.8, 1.0]",89,0.896684278277,0.460674157303,0.640449438202,1.94646099431,random,9,2018
1,"(1.0, inf]",479,1.74912725699,0.736951983299,0.549060542797,2.37346163201,random,9,2018
1,"(-0.001, 0.05]",1282,0.0379779058235,0.250390015601,0.681747269891,0.151675000828,random,10,2018
1,"(0.05, 0.1]",2243,0.0725125078087,0.220686580473,0.73651359786,0.328576878818,random,10,2018
1,"(0.1, 0.15]",1108,0.123485676675,0.307761732852,0.673285198556,0.401237917171,random,10,2018
1,"(0.15, 0.2]",722,0.173921212125,0.353185595568,0.685595567867,0.492435745702,random,10,2018
1,"(0.2, 0.3]",718,0.245893477768,0.236768802228,0.720055710306,1.03853833551,random,10,2018
1,"(0.3, 0.4]",467,0.347804311696,0.169164882227,0.723768736617,2.05600776661,random,10,2018
1,"(0.4, 0.6]",446,0.477792618302,0.195067264574,0.733183856502,2.44937365244,random,10,2018
1,"(0.6, 0.8]",145,0.687190831265,0.28275862069,0.744827586207,2.4303090374,random,10,2018
1,"(0.8, 1.0]",87,0.89676898796,0.632183908046,0.712643678161,1.41852549005,random,10,2018
1,"(1.0, inf]",481,1.74532757418,0.607068607069,0.484407484407,2.87500877802,random,10,2018
1,"(-0.001, 0.05]",1285,0.0380651644826,0.272373540856,0.694163424125,0.139753532457,random,11,2018
1,"(0.05, 0.1]",2236,0.072597496082,0.184257602862,0.720930232558,0.394000003008,random,11,2018
1,"(0.1, 0.15]",1116,0.123260662643,0.308243727599,0.674731182796,0.399880521831,random,11,2018
1,"(0.15, 0.2]",702,0.173599469822,0.331908831909,0.675213675214,0.523033595772,random,11,2018
1,"(0.2, 0.3]",743,0.244480453025,0.250336473755,0.697173620458,0.976607401063,random,11,2018
1,"(0.3, 0.4]",463,0.347812556567,0.274298056156,0.781857451404,1.26800955662,random,11,2018
1,"(0.4, 0.6]",439,0.479218867287,0.20728929385,0.788154897494,2.31183607406,random,11,2018
1,"(0.6, 0.8]",146,0.688430636174,0.191780821918,0.671232876712,3.58967403148,random,11,2018
1,"(0.8, 1.0]",88,0.896827897483,0.772727272727,0.738636363636,1.16060080851,random,11,2018
1,"(1.0, inf]",481,1.74705519051,0.617463617464,0.482328482328,2.82940588093,random,11,2018
1,"(-0.001, 0.05]",1286,0.038048520001,0.240279937792,0.696734059098,0.158350798451,random,12,2018
1,"(0.05, 0.1]",2235,0.0725405774312,0.229530201342,0.718568232662,0.316039357814,random,12,2018
1,"(0.1, 0.15]",1124,0.123624622957,0.301601423488,0.679715302491,0.409894030098,random,12,2018
1,"(0.15, 0.2]",700,0.173766878729,0.318571428571,0.66,0.545456570002,random,12,2018
1,"(0.2, 0.3]",734,0.24517252224,0.243869209809,0.727520435967,1.00534430907,random,12,2018
1,"(0.3, 0.4]",465,0.34844686888,0.154838709677,0.739784946237,2.25038602818,random,12,2018
1,"(0.4, 0.6]",442,0.479055366706,0.192307692308,0.742081447964,2.49108790687,random,12,2018
1,"(0.6, 0.8]",146,0.690416283497,0.280821917808,0.72602739726,2.45855554611,random,12,2018
1,"(0.8, 1.0]",88,0.898106872375,0.397727272727,0.727272727273,2.25809727911,random,12,2018
1,"(1.0, inf]",479,1.75117813264,0.709812108559,0.517745302714,2.46710095745,random,12,2018
1,"(-0.001, 0.05]",1281,0.0379735478368,0.257611241218,0.675253708041,0.147406408421,random,13,2018
1,"(0.05, 0.1]",2241,0.0725544608768,0.200803212851,0.723784024989,0.361321215166,random,13,2018
1,"(0.1, 0.15]",1121,0.123525033556,0.313113291704,0.71454058876,0.394505876401,random,13,2018
1,"(0.15, 0.2]",706,0.174023305768,0.362606232295,0.691218130312,0.479923647939,random,13,2018
1,"(0.2, 0.3]",733,0.245239304504,0.222373806276,0.718963165075,1.10282460246,random,13,2018
1,"(0.3, 0.4]",463,0.349232078133,0.237580993521,0.747300215983,1.46994956523,random,13,2018
1,"(0.4, 0.6]",437,0.478682624601,0.192219679634,0.70938215103,2.49028936846,random,13,2018
1,"(0.6, 0.8]",149,0.687831304182,0.322147651007,0.684563758389,2.13514300673,random,13,2018
1,"(0.8, 1.0]",90,0.894679001919,0.455555555556,0.644444444444,1.96392951641,random,13,2018
1,"(1.0, inf]",478,1.75051953664,0.633891213389,0.487447698745,2.76154567167,random,13,2018
1,"(-0.001, 0.05]",1278,0.037989184286,0.235524256651,0.684663536776,0.161296270822,random,14,2018
1,"(0.05, 0.1]",2243,0.0724816225767,0.230049041462,0.728488631297,0.315070308991,random,14,2018
1,"(0.1, 0.15]",1121,0.123468503756,0.280107047279,0.685994647636,0.440790422645,random,14,2018
1,"(0.15, 0.2]",707,0.17368904014,0.291371994342,0.676096181047,0.596107530967,random,14,2018
1,"(0.2, 0.3]",728,0.245187954225,0.277472527473,0.739010989011,0.883647676613,random,14,2018
1,"(0.3, 0.4]",468,0.348514374532,0.173076923077,0.711538461538,2.0136386084,random,14,2018
1,"(0.4, 0.6]",442,0.480171304079,0.158371040724,0.658371040724,3.03193880576,random,14,2018
1,"(0.6, 0.8]",144,0.685828043742,0.208333333333,0.715277777778,3.29197460996,random,14,2018
1,"(0.8, 1.0]",87,0.897020217537,0.310344827586,0.632183908046,2.89039847873,random,14,2018
1,"(1.0, inf]",481,1.74770030946,0.808731808732,0.573804573805,2.16103817185,random,14,2018
1,"(-0.001, 0.05]",1283,0.0379704073611,0.269680436477,0.702260327358,0.140797782209,random,15,2018
1,"(0.05, 0.1]",2242,0.0725596131918,0.21721677074,0.730597680642,0.334042408164,random,15,2018
1,"(0.1, 0.15]",1112,0.123630124113,0.278776978417,0.689748201439,0.443473219398,random,15,2018
1,"(0.15, 0.2]",717,0.173947367268,0.299860529986,0.659693165969,0.580094243402,random,15,2018
1,"(0.2, 0.3]",718,0.245351486505,0.231197771588,0.724233983287,1.06121908018,random,15,2018
1,"(0.3, 0.4]",471,0.347651069496,0.222929936306,0.723991507431,1.55946336888,random,15,2018
1,"(0.4, 0.6]",441,0.479008754295,0.138321995465,0.675736961451,3.46299771548,random,15,2018
1,"(0.6, 0.8]",148,0.685363637165,0.22972972973,0.722972972973,2.98334759707,random,15,2018
1,"(0.8, 1.0]",88,0.896223647853,0.386363636364,0.568181818182,2.3196376768,random,15,2018
1,"(1.0, inf]",479,1.75003271172,0.789144050104,0.536534446764,2.21763404475,random,15,2018
1,"(-0.001, 0.05]",1281,0.0379468897854,0.254488680718,0.694769711163,0.149110324586,random,16,2018
1,"(0.05, 0.1]",2242,0.0725468500054,0.210080285459,0.71587867975,0.345329167117,random,16,2018
1,"(0.1, 0.15]",1121,0.123639580937,0.250669045495,0.656556645852,0.493238328222,random,16,2018
1,"(0.15, 0.2]",701,0.173718871794,0.34664764622,0.684736091298,0.501139626039,random,16,2018
1,"(0.2, 0.3]",728,0.245119915684,0.284340659341,0.760989010989,0.862064244531,random,16,2018
1,"(0.3, 0.4]",469,0.34715352262,0.211087420043,0.7078891258,1.6445959809,random,16,2018
1,"(0.4, 0.6]",441,0.478198559368,0.204081632653,0.761904761905,2.3431729409,random,16,2018
1,"(0.6, 0.8]",147,0.686377982954,0.210884353741,0.721088435374,3.25476011272,random,16,2018
1,"(0.8, 1.0]",91,0.893665124777,0.384615384615,0.648351648352,2.32352932442,random,16,2018
1,"(1.0, inf]",478,1.75361523674,0.738493723849,0.531380753138,2.37458380499,random,16,2018
1,"(-0.001, 0.05]",1276,0.0379281136423,0.258620689655,0.713166144201,0.14665537275,random,17,2018
1,"(0.05, 0.1]",2240,0.0724507773657,0.207589285714,0.722321428571,0.349010196342,random,17,2018
1,"(0.1, 0.15]",1120,0.123216292401,0.324107142857,0.704464285714,0.380171480685,random,17,2018
1,"(0.15, 0.2]",709,0.173772503653,0.291960507757,0.637517630465,0.595191812029,random,17,2018
1,"(0.2, 0.3]",731,0.245109216878,0.232558139535,0.682626538988,1.05396963257,random,17,2018
1,"(0.3, 0.4]",475,0.348410720165,0.208421052632,0.738947368421,1.67166759675,random,17,2018
1,"(0.4, 0.6]",432,0.478388798945,0.208333333333,0.733796296296,2.29626623494,random,17,2018
1,"(0.6, 0.8]",149,0.687858553512,0.308724832215,0.711409395973,2.22806357551,random,17,2018
1,"(0.8, 1.0]",87,0.897919612608,0.35632183908,0.620689655172,2.51996794506,random,17,2018
1,"(1.0, inf]",480,1.74819175772,0.697916666667,0.533333333333,2.50487177226,random,17,2018
1,"(-0.001, 0.05]",1283,0.0379350819713,0.238503507405,0.681995323461,0.159054608396,random,18,2018
1,"(0.05, 0.1]",2236,0.0725371439139,0.210196779964,0.728980322004,0.345091603811,random,18,2018
1,"(0.1, 0.15]",1128,0.123591102522,0.266843971631,0.675531914894,0.463158683206,random,18,2018
1,"(0.15, 0.2]",695,0.173417757352,0.325179856115,0.682014388489,0.533297970618,random,18,2018
1,"(0.2, 0.3]",730,0.245234300502,0.195890410959,0.712328767123,1.25189538019,random,18,2018
1,"(0.3, 0.4]",471,0.347835647931,0.220806794055,0.713375796178,1.5752941363,random,18,2018
1,"(0.4, 0.6]",443,0.47986492504,0.216704288939,0.735891647856,2.21437668534,random,18,2018
1,"(0.6, 0.8]",145,0.688115341307,0.248275862069,0.68275862069,2.77157568026,random,18,2018
1,"(0.8, 1.0]",91,0.896059610967,0.43956043956,0.582417582418,2.03853561495,random,18,2018
1,"(1.0, inf]",477,1.75244725289,0.867924528302,0.58071278826,2.01912400877,random,18,2018
1,"(-0.001, 0.05]",1287,0.0379871131441,0.268065268065,0.686091686092,0.141708448164,random,19,2018
1,"(0.05, 0.1]",2233,0.0725575315283,0.214061800269,0.731751007613,0.338955999796,random,19,2018
1,"(0.1, 0.15]",1114,0.123357016051,0.264811490126,0.687612208259,0.46582954536,random,19,2018
1,"(0.15, 0.2]",711,0.173643639648,0.274261603376,0.661040787623,0.633131424564,random,19,2018
1,"(0.2, 0.3]",737,0.245336838832,0.192672998643,0.687924016282,1.27333274802,random,19,2018
1,"(0.3, 0.4]",461,0.348127156659,0.245119305857,0.726681127983,1.42023556832,random,19,2018
1,"(0.4, 0.6]",445,0.481200607013,0.184269662921,0.741573033708,2.61139353806,random,19,2018
1,"(0.6, 0.8]",144,0.68667990589,0.284722222222,0.715277777778,2.41175381581,random,19,2018
1,"(0.8, 1.0]",87,0.897261345562,0.471264367816,0.632183908046,1.90394480644,random,19,2018
1,"(1.0, inf]",480,1.74950616612,0.841666666667,0.560416666667,2.07862118747,random,19,2018
1,"(0.05, 0.1]",81,0.0853130049792,0.0617283950617,0.740740740741,1.38207068066,regressed-rate,-1,2018
1,"(0.1, 0.15]",743,0.128981021575,0.148048452221,0.742934051144,0.871208173003,regressed-rate,-1,2018
1,"(0.15, 0.2]",2217,0.174381260622,0.103743797925,0.663960306721,1.68088371652,regressed-rate,-1,2018
1,"(0.2, 0.3]",1902,0.239871572699,0.182439537329,0.717665615142,1.31480037831,regressed-rate,-1,2018
1,"(0.3, 0.4]",703,0.343325463819,0.290184921764,0.900426742532,1.18312647581,regressed-rate,-1,2018
1,"(0.4, 0.6]",696,0.478154441253,0.337643678161,0.790229885057,1.41615102601,regressed-rate,-1,2018
1,"(0.6, 0.8]",114,0.676814584687,0.675438596491,0.815789473684,1.00203717733,regressed-rate,-1,2018
1,"(0.8, 1.0]",454,0.900516026241,0.453744493392,0.398678414097,1.98463240735,regressed-rate,-1,2018
1,"(1.0, inf]",789,1.43205815503,0.915082382763,0.565272496831,1.56494997828,regressed-rate,-1,2018
1,"(-0.001, 0.05]",1279,0.0381391469846,0.0820953870211,0.535574667709,0.464571133269,shipped,-1,2018
1,"(0.05, 0.1]",2235,0.0725234905937,0.105592841163,0.619686800895,0.686822040156,shipped,-1,2018
1,"(0.1, 0.15]",1128,0.123357185092,0.153368794326,0.635638297872,0.804317368695,shipped,-1,2018
1,"(0.15, 0.2]",713,0.173887272319,0.211781206171,0.664796633941,0.821070365321,shipped,-1,2018
1,"(0.2, 0.3]",732,0.245143038783,0.314207650273,0.857923497268,0.780194366909,shipped,-1,2018
1,"(0.3, 0.4]",468,0.348583450973,0.391025641026,0.933760683761,0.891459317242,shipped,-1,2018
1,"(0.4, 0.6]",434,0.481030914941,0.423963133641,0.963133640553,1.13460552763,shipped,-1,2018
1,"(0.6, 0.8]",144,0.690753329916,0.576388888889,0.895833333333,1.19841541576,shipped,-1,2018
1,"(0.8, 1.0]",90,0.89840283444,0.822222222222,0.8,1.09265209594,shipped,-1,2018
1,"(1.0, inf]",476,1.75157033752,1.50630252101,0.855042016807,1.16282772756,shipped,-1,2018
1,"(-0.001, 0.05]",5,0.0476680803344,0.4,0.4,0.119170200836,vegas-environment,-1,2018
1,"(0.05, 0.1]",1248,0.0814270325763,0.10016025641,0.425480769231,0.812967493242,vegas-environment,-1,2018
1,"(0.1, 0.15]",1219,0.130799032637,0.102543068089,0.643970467596,1.27555216627,vegas-environment,-1,2018
1,"(0.15, 0.2]",1860,0.168508408372,0.134408602151,0.687096774194,1.25370255829,vegas-environment,-1,2018
1,"(0.2, 0.3]",1725,0.251308860013,0.242898550725,0.744927536232,1.03462478168,vegas-environment,-1,2018
1,"(0.3, 0.4]",1001,0.339497695369,0.396603396603,0.933066933067,0.856013080767,vegas-environment,-1,2018
1,"(0.4, 0.6]",144,0.440321977099,0.743055555556,0.944444444444,0.592582847685,vegas-environment,-1,2018
1,"(0.8, 1.0]",4,0.993728670294,1,0.5,0.993728670294,vegas-environment,-1,2018
1,"(1.0, inf]",493,1.48215891126,1.43407707911,0.809330628803,1.03352806683,vegas-environment,-1,2018
1,"(-0.001, 0.05]",1273,0.0380080325375,0.0926944226237,0.542026708562,0.410035808646,within-player,0,2018
1,"(0.05, 0.1]",2194,0.0719210991437,0.0975387420237,0.61804922516,0.737359306175,within-player,0,2018
1,"(0.1, 0.15]",1160,0.122263284776,0.154310344828,0.634482758621,0.79232072816,within-player,0,2018
1,"(0.15, 0.2]",719,0.173072853346,0.215577190542,0.662030598053,0.802834719716,within-player,0,2018
1,"(0.2, 0.3]",733,0.24502928014,0.31241473397,0.848567530696,0.784307695819,within-player,0,2018
1,"(0.3, 0.4]",479,0.346758420837,0.379958246347,0.941544885177,0.912622437258,within-player,0,2018
1,"(0.4, 0.6]",413,0.473494974323,0.443099273608,0.961259079903,1.06859794752,within-player,0,2018
1,"(0.6, 0.8]",159,0.68812580751,0.622641509434,0.905660377358,1.10517175146,within-player,0,2018
1,"(0.8, 1.0]",100,0.903833078369,0.6,0.77,1.50638846395,within-player,0,2018
1,"(1.0, inf]",469,1.76361554244,1.52878464819,0.859275053305,1.15360626137,within-player,0,2018
1,"(-0.001, 0.05]",1261,0.0377551059341,0.0896114195083,0.547184773989,0.421320252946,within-player,1,2018
1,"(0.05, 0.1]",2236,0.0722907007076,0.101520572451,0.61404293381,0.712079325032,within-player,1,2018
1,"(0.1, 0.15]",1155,0.123406175642,0.153246753247,0.628571428571,0.805277586815,within-player,1,2018
1,"(0.15, 0.2]",708,0.1741562159,0.207627118644,0.665254237288,0.83879320311,within-player,1,2018
1,"(0.2, 0.3]",720,0.244333244738,0.318055555556,0.8625,0.768209328435,within-player,1,2018
1,"(0.3, 0.4]",476,0.346095431548,0.376050420168,0.936974789916,0.920343158754,within-player,1,2018
1,"(0.4, 0.6]",426,0.477775668871,0.443661971831,0.962441314554,1.07689119015,within-player,1,2018
1,"(0.6, 0.8]",146,0.692779351357,0.650684931507,0.897260273973,1.06469247682,within-player,1,2018
1,"(0.8, 1.0]",90,0.89690354622,0.622222222222,0.777777777778,1.44145212785,within-player,1,2018
1,"(1.0, inf]",481,1.75334565743,1.5051975052,0.860706860707,1.16486085804,within-player,1,2018
1,"(-0.001, 0.05]",1269,0.0379093200637,0.0898345153664,0.542947202522,0.42199058913,within-player,2,2018
1,"(0.05, 0.1]",2197,0.0718068629946,0.0974055530269,0.613563950842,0.737194757005,within-player,2,2018
1,"(0.1, 0.15]",1159,0.122824365552,0.16393442623,0.635030198447,0.749228629868,within-player,2,2018
1,"(0.15, 0.2]",751,0.17351464064,0.198402130493,0.661784287617,0.874560369938,within-player,2,2018
1,"(0.2, 0.3]",703,0.245829756326,0.334281650071,0.863442389758,0.735397100839,within-player,2,2018
1,"(0.3, 0.4]",480,0.348014354362,0.370833333333,0.947916666667,0.938465674685,within-player,2,2018
1,"(0.4, 0.6]",413,0.480048501858,0.430992736077,0.961259079903,1.11382040038,within-player,2,2018
1,"(0.6, 0.8]",161,0.687714102136,0.652173913043,0.894409937888,1.05449495661,within-player,2,2018
1,"(0.8, 1.0]",84,0.898176502257,0.666666666667,0.809523809524,1.34726475339,within-player,2,2018
1,"(1.0, inf]",482,1.73957600855,1.48755186722,0.852697095436,1.16942208664,within-player,2,2018
1,"(-0.001, 0.05]",1269,0.038120526361,0.0882584712372,0.54609929078,0.431919178143,within-player,3,2018
1,"(0.05, 0.1]",2212,0.0720086839721,0.0999095840868,0.609403254973,0.720738502019,within-player,3,2018
1,"(0.1, 0.15]",1136,0.122275772652,0.154929577465,0.645246478873,0.78923453257,within-player,3,2018
1,"(0.15, 0.2]",747,0.173619365672,0.208835341365,0.659973226238,0.831369654851,within-player,3,2018
1,"(0.2, 0.3]",697,0.243716011362,0.345767575323,0.853658536585,0.704855020411,within-player,3,2018
1,"(0.3, 0.4]",493,0.346439804316,0.365111561866,0.939148073022,0.948860130711,within-player,3,2018
1,"(0.4, 0.6]",424,0.477934732952,0.417452830189,0.955188679245,1.1448832021,within-player,3,2018
1,"(0.6, 0.8]",145,0.694976196663,0.593103448276,0.931034482759,1.17176219205,within-player,3,2018
1,"(0.8, 1.0]",91,0.90262838406,0.659340659341,0.747252747253,1.36898638249,within-player,3,2018
1,"(1.0, inf]",485,1.73488339125,1.49896907216,0.863917525773,1.15738438068,within-player,3,2018
1,"(-0.001, 0.05]",1260,0.0380050271927,0.0984126984127,0.553968253968,0.386180115023,within-player,4,2018
1,"(0.05, 0.1]",2220,0.0721018141968,0.0954954954955,0.606306306306,0.755028431684,within-player,4,2018
1,"(0.1, 0.15]",1135,0.12236702449,0.154185022026,0.645814977974,0.793637558834,within-player,4,2018
1,"(0.15, 0.2]",742,0.173352690406,0.21832884097,0.656334231806,0.793998125194,within-player,4,2018
1,"(0.2, 0.3]",714,0.244568076605,0.302521008403,0.841736694678,0.808433364333,within-player,4,2018
1,"(0.3, 0.4]",460,0.345259435389,0.402173913043,0.954347826087,0.858482920427,within-player,4,2018
1,"(0.4, 0.6]",447,0.474909393326,0.427293064877,0.96644295302,1.11143716658,within-player,4,2018
1,"(0.6, 0.8]",148,0.696626802908,0.567567567568,0.871621621622,1.22739008131,within-player,4,2018
1,"(0.8, 1.0]",102,0.905706060178,0.696078431373,0.823529411765,1.30115518505,within-player,4,2018
1,"(1.0, inf]",471,1.74943194523,1.52016985138,0.855626326964,1.15081347235,within-player,4,2018
1,"(-0.001, 0.05]",1253,0.0380901299186,0.098164405427,0.55786113328,0.388023843805,within-player,5,2018
1,"(0.05, 0.1]",2240,0.0720381616852,0.0928571428571,0.605357142857,0.775795587379,within-player,5,2018
1,"(0.1, 0.15]",1147,0.12299004444,0.164777680907,0.646033129904,0.746399899325,within-player,5,2018
1,"(0.15, 0.2]",739,0.173170284216,0.211096075778,0.656292286874,0.820338718176,within-player,5,2018
1,"(0.2, 0.3]",698,0.247692073119,0.349570200573,0.859598853868,0.708561750153,within-player,5,2018
1,"(0.3, 0.4]",464,0.346633297108,0.334051724138,0.931034482759,1.03766354747,within-player,5,2018
1,"(0.4, 0.6]",437,0.479448078119,0.423340961098,0.965675057208,1.13253410885,within-player,5,2018
1,"(0.6, 0.8]",145,0.689897800734,0.572413793103,0.88275862069,1.20524314586,within-player,5,2018
1,"(0.8, 1.0]",100,0.903171823201,0.75,0.79,1.2042290976,within-player,5,2018
1,"(1.0, inf]",476,1.74730845763,1.50840336134,0.861344537815,1.15838276579,within-player,5,2018
1,"(-0.001, 0.05]",1277,0.038023977194,0.0884886452623,0.545027407987,0.429704591829,within-player,6,2018
1,"(0.05, 0.1]",2209,0.0723343136515,0.0964237211408,0.618832050702,0.750171356132,within-player,6,2018
1,"(0.1, 0.15]",1160,0.123538451418,0.162068965517,0.618965517241,0.762258530028,within-player,6,2018
1,"(0.15, 0.2]",696,0.172784688839,0.225574712644,0.67816091954,0.765975435872,within-player,6,2018
1,"(0.2, 0.3]",727,0.244388642707,0.303988995873,0.850068775791,0.80393910972,within-player,6,2018
1,"(0.3, 0.4]",475,0.346454478267,0.397894736842,0.943157894737,0.870718926863,within-player,6,2018
1,"(0.4, 0.6]",432,0.473671852647,0.430555555556,0.960648148148,1.10014107712,within-player,6,2018
1,"(0.6, 0.8]",151,0.689720173486,0.562913907285,0.894039735099,1.22526760231,within-player,6,2018
1,"(0.8, 1.0]",96,0.900575313043,0.6875,0.739583333333,1.30992772806,within-player,6,2018
1,"(1.0, inf]",476,1.74821449506,1.50840336134,0.865546218487,1.15898342569,within-player,6,2018
1,"(-0.001, 0.05]",1272,0.0377852287586,0.0896226415094,0.538522012579,0.421603605096,within-player,7,2018
1,"(0.05, 0.1]",2212,0.0719384319837,0.0990054249548,0.617992766727,0.726611011635,within-player,7,2018
1,"(0.1, 0.15]",1155,0.123166788812,0.157575757576,0.640692640693,0.78163539054,within-player,7,2018
1,"(0.15, 0.2]",709,0.173205404934,0.197461212976,0.655853314528,0.877161657846,within-player,7,2018
1,"(0.2, 0.3]",713,0.243793565249,0.354838709677,0.848527349229,0.687054592975,within-player,7,2018
1,"(0.3, 0.4]",495,0.345960827505,0.337373737374,0.937373737374,1.02545275218,within-player,7,2018
1,"(0.4, 0.6]",420,0.478014395376,0.452380952381,0.971428571429,1.05666340031,within-player,7,2018
1,"(0.6, 0.8]",145,0.686323810621,0.572413793103,0.889655172414,1.19899942819,within-player,7,2018
1,"(0.8, 1.0]",109,0.894133719393,0.752293577982,0.761467889908,1.18854360261,within-player,7,2018
1,"(1.0, inf]",469,1.78078267137,1.50533049041,0.865671641791,1.18298452248,within-player,7,2018
1,"(-0.001, 0.05]",1232,0.0377096877857,0.0917207792208,0.547077922078,0.41113571108,within-player,8,2018
1,"(0.05, 0.1]",2259,0.0720382059932,0.0947321823816,0.612660469234,0.760440688499,within-player,8,2018
1,"(0.1, 0.15]",1143,0.122591012409,0.16447944007,0.641294838145,0.745327272255,within-player,8,2018
1,"(0.15, 0.2]",742,0.17284012811,0.214285714286,0.653638814016,0.806587264515,within-player,8,2018
1,"(0.2, 0.3]",694,0.245626138316,0.338616714697,0.865994236311,0.72538102124,within-player,8,2018
1,"(0.3, 0.4]",483,0.345287705877,0.364389233954,0.929606625259,0.947579329197,within-player,8,2018
1,"(0.4, 0.6]",420,0.478136046009,0.416666666667,0.964285714286,1.14752651042,within-player,8,2018
1,"(0.6, 0.8]",149,0.682718514052,0.604026845638,0.892617449664,1.13027842882,within-player,8,2018
1,"(0.8, 1.0]",102,0.911525123465,0.627450980392,0.794117647059,1.45274316552,within-player,8,2018
1,"(1.0, inf]",475,1.78333136548,1.52,0.856842105263,1.1732443194,within-player,8,2018
1,"(-0.001, 0.05]",1264,0.0378599202147,0.0933544303797,0.54667721519,0.405550331791,within-player,9,2018
1,"(0.05, 0.1]",2216,0.0720637661282,0.0983754512635,0.606498194946,0.732538099725,within-player,9,2018
1,"(0.1, 0.15]",1138,0.122870968423,0.150263620387,0.653778558875,0.817702702136,within-player,9,2018
1,"(0.15, 0.2]",727,0.172283205502,0.221458046768,0.642365887208,0.777949629815,within-player,9,2018
1,"(0.2, 0.3]",729,0.244643059602,0.329218106996,0.861454046639,0.743103293541,within-player,9,2018
1,"(0.3, 0.4]",489,0.345851915305,0.349693251534,0.942740286299,0.989015126224,within-player,9,2018
1,"(0.4, 0.6]",413,0.48010693841,0.44794188862,0.961259079903,1.07180630034,within-player,9,2018
1,"(0.6, 0.8]",145,0.688506913367,0.593103448276,0.889655172414,1.16085467951,within-player,9,2018
1,"(0.8, 1.0]",100,0.88890942052,0.52,0.74,1.70944119331,within-player,9,2018
1,"(1.0, inf]",478,1.75717310821,1.53556485356,0.872384937238,1.14431709227,within-player,9,2018
1,"(-0.001, 0.05]",1254,0.037882293905,0.0948963317384,0.547049441786,0.399196609722,within-player,10,2018
1,"(0.05, 0.1]",2212,0.0718358585168,0.0935804701627,0.608499095841,0.767637290044,within-player,10,2018
1,"(0.1, 0.15]",1190,0.122878770036,0.161344537815,0.638655462185,0.761592376787,within-player,10,2018
1,"(0.15, 0.2]",695,0.173156785196,0.230215827338,0.669064748201,0.752149785694,within-player,10,2018
1,"(0.2, 0.3]",719,0.24312077777,0.297635605007,0.848400556328,0.816840370172,within-player,10,2018
1,"(0.3, 0.4]",476,0.345493446997,0.390756302521,0.949579831933,0.884166025647,within-player,10,2018
1,"(0.4, 0.6]",427,0.475937961474,0.426229508197,0.957845433255,1.11662367884,within-player,10,2018
1,"(0.6, 0.8]",146,0.681902790808,0.623287671233,0.917808219178,1.0940418402,within-player,10,2018
1,"(0.8, 1.0]",107,0.902597086643,0.663551401869,0.757009345794,1.36025194748,within-player,10,2018
1,"(1.0, inf]",473,1.76705313661,1.50951374207,0.864693446089,1.1706108314,within-player,10,2018
1,"(-0.001, 0.05]",1270,0.0379453760194,0.0913385826772,0.546456692913,0.41543644435,within-player,11,2018
1,"(0.05, 0.1]",2194,0.0717159090435,0.100273473108,0.618505013674,0.715203202006,within-player,11,2018
1,"(0.1, 0.15]",1171,0.122940410377,0.157130657558,0.632792485056,0.782408807342,within-player,11,2018
1,"(0.15, 0.2]",732,0.173410865374,0.217213114754,0.653005464481,0.798344361344,within-player,11,2018
1,"(0.2, 0.3]",695,0.243886611082,0.307913669065,0.856115107914,0.792061657487,within-player,11,2018
1,"(0.3, 0.4]",493,0.34698461081,0.393509127789,0.93509127789,0.881770170769,within-player,11,2018
1,"(0.4, 0.6]",421,0.475303304215,0.418052256532,0.964370546318,1.13694710838,within-player,11,2018
1,"(0.6, 0.8]",149,0.681922665225,0.570469798658,0.885906040268,1.19537031904,within-player,11,2018
1,"(0.8, 1.0]",105,0.903199667288,0.771428571429,0.809523809524,1.17081438352,within-player,11,2018
1,"(1.0, inf]",469,1.75972680906,1.50746268657,0.859275053305,1.1673435268,within-player,11,2018
1,"(-0.001, 0.05]",1260,0.0381037616712,0.0888888888889,0.547619047619,0.428667318801,within-player,12,2018
1,"(0.05, 0.1]",2235,0.0720073569613,0.0984340044743,0.60581655481,0.731529285493,within-player,12,2018
1,"(0.1, 0.15]",1160,0.123017930216,0.158620689655,0.646551724138,0.775547820925,within-player,12,2018
1,"(0.15, 0.2]",717,0.174181296811,0.220362622036,0.672245467225,0.790430315275,within-player,12,2018
1,"(0.2, 0.3]",687,0.244935063977,0.339155749636,0.854439592431,0.722190510523,within-player,12,2018
1,"(0.3, 0.4]",490,0.346521972346,0.332653061224,0.930612244898,1.04169181871,within-player,12,2018
1,"(0.4, 0.6]",438,0.481206093201,0.452054794521,0.96803652968,1.06448620617,within-player,12,2018
1,"(0.6, 0.8]",142,0.691815261773,0.619718309859,0.894366197183,1.11633826331,within-player,12,2018
1,"(0.8, 1.0]",91,0.904119529571,0.681318681319,0.769230769231,1.32701414824,within-player,12,2018
1,"(1.0, inf]",479,1.76036251116,1.49895615866,0.86012526096,1.17439226023,within-player,12,2018
1,"(-0.001, 0.05]",1289,0.0382108442547,0.0954228083786,0.546935608999,0.400437221498,within-player,13,2018
1,"(0.05, 0.1]",2206,0.072419325541,0.0988213961922,0.613327289211,0.732830422676,within-player,13,2018
1,"(0.1, 0.15]",1134,0.123120848567,0.16049382716,0.630511463845,0.767137594919,within-player,13,2018
1,"(0.15, 0.2]",710,0.173027594157,0.178873239437,0.670422535211,0.96731962088,within-player,13,2018
1,"(0.2, 0.3]",739,0.24475866604,0.336941813261,0.848443843031,0.726412265877,within-player,13,2018
1,"(0.3, 0.4]",488,0.347502085251,0.368852459016,0.944672131148,0.942116764458,within-player,13,2018
1,"(0.4, 0.6]",413,0.477772894263,0.457627118644,0.970944309927,1.04402225043,within-player,13,2018
1,"(0.6, 0.8]",149,0.692894502326,0.590604026846,0.865771812081,1.17319637326,within-player,13,2018
1,"(0.8, 1.0]",95,0.899141864451,0.578947368421,0.789473684211,1.55306322042,within-player,13,2018
1,"(1.0, inf]",476,1.75275131046,1.5231092437,0.861344537815,1.15077189486,within-player,13,2018
1,"(-0.001, 0.05]",1270,0.0380081096756,0.0866141732283,0.549606299213,0.438820902619,within-player,14,2018
1,"(0.05, 0.1]",2208,0.0723763657984,0.102807971014,0.610960144928,0.703995663802,within-player,14,2018
1,"(0.1, 0.15]",1185,0.123243704928,0.150210970464,0.630379746835,0.820470732247,within-player,14,2018
1,"(0.15, 0.2]",690,0.173094519727,0.242028985507,0.676811594203,0.715180949772,within-player,14,2018
1,"(0.2, 0.3]",711,0.244245914978,0.309423347398,0.841068917018,0.789358388861,within-player,14,2018
1,"(0.3, 0.4]",488,0.346745332086,0.362704918033,0.944672131148,0.955998429706,within-player,14,2018
1,"(0.4, 0.6]",415,0.478826855801,0.431325301205,0.971084337349,1.11012930256,within-player,14,2018
1,"(0.6, 0.8]",157,0.688343573499,0.585987261146,0.898089171975,1.17467327217,within-player,14,2018
1,"(0.8, 1.0]",96,0.899076579546,0.59375,0.770833333333,1.51423423924,within-player,14,2018
1,"(1.0, inf]",479,1.75372319812,1.52192066806,0.864300626305,1.15230920699,within-player,14,2018
1,"(-0.001, 0.05]",1270,0.0379973735305,0.092125984252,0.553543307087,0.412450122938,within-player,15,2018
1,"(0.05, 0.1]",2191,0.0719921492292,0.0985851209493,0.606572341397,0.730253698895,within-player,15,2018
1,"(0.1, 0.15]",1180,0.122353791911,0.157627118644,0.639830508475,0.776222980943,within-player,15,2018
1,"(0.15, 0.2]",716,0.173540613997,0.209497206704,0.659217877095,0.82836719748,within-player,15,2018
1,"(0.2, 0.3]",714,0.244427921644,0.313725490196,0.857142857143,0.77911400024,within-player,15,2018
1,"(0.3, 0.4]",481,0.347245552999,0.390852390852,0.93762993763,0.88843144145,within-player,15,2018
1,"(0.4, 0.6]",434,0.479989136612,0.423963133641,0.967741935484,1.13214828962,within-player,15,2018
1,"(0.6, 0.8]",144,0.691204787155,0.645833333333,0.895833333333,1.07025257366,within-player,15,2018
1,"(0.8, 1.0]",93,0.90191068793,0.612903225806,0.784946236559,1.47153849083,within-player,15,2018
1,"(1.0, inf]",476,1.74747097981,1.51470588235,0.857142857143,1.15367016143,within-player,15,2018
1,"(-0.001, 0.05]",1286,0.0382024616147,0.0894245723173,0.536547433904,0.427203179447,within-player,16,2018
1,"(0.05, 0.1]",2199,0.0722171549648,0.0968622100955,0.615279672578,0.745565839285,within-player,16,2018
1,"(0.1, 0.15]",1153,0.122473862503,0.161318300087,0.64960971379,0.759206255193,within-player,16,2018
1,"(0.15, 0.2]",694,0.173471295106,0.204610951009,0.64553314121,0.847810414108,within-player,16,2018
1,"(0.2, 0.3]",739,0.242744357906,0.313937753721,0.851150202977,0.773224484881,within-player,16,2018
1,"(0.3, 0.4]",481,0.345768202692,0.388773388773,0.93762993763,0.889382382326,within-player,16,2018
1,"(0.4, 0.6]",410,0.476878750561,0.458536585366,0.978048780488,1.04000153048,within-player,16,2018
1,"(0.6, 0.8]",163,0.69146931396,0.533742331288,0.877300613497,1.29551147328,within-player,16,2018
1,"(0.8, 1.0]",96,0.898639806374,0.635416666667,0.760416666667,1.41425281003,within-player,16,2018
1,"(1.0, inf]",478,1.76282627623,1.51673640167,0.86820083682,1.16224960006,within-player,16,2018
1,"(-0.001, 0.05]",1268,0.0380111562133,0.0930599369085,0.544952681388,0.408458865072,within-player,17,2018
1,"(0.05, 0.1]",2203,0.0721681602677,0.101225601453,0.616432137994,0.712943753676,within-player,17,2018
1,"(0.1, 0.15]",1177,0.122784790461,0.148683092608,0.638062871708,0.825815419274,within-player,17,2018
1,"(0.15, 0.2]",716,0.173181011751,0.216480446927,0.650837988827,0.799984544606,within-player,17,2018
1,"(0.2, 0.3]",698,0.244848769955,0.316618911175,0.852435530086,0.773323264383,within-player,17,2018
1,"(0.3, 0.4]",490,0.345845201495,0.383673469388,0.944897959184,0.901405046451,within-player,17,2018
1,"(0.4, 0.6]",427,0.477190609254,0.433255269321,0.967213114754,1.10140751433,within-player,17,2018
1,"(0.6, 0.8]",151,0.683691154249,0.549668874172,0.880794701987,1.24382366616,within-player,17,2018
1,"(0.8, 1.0]",86,0.89494625978,0.662790697674,0.813953488372,1.35026979546,within-player,17,2018
1,"(1.0, inf]",483,1.75380115832,1.51345755694,0.853002070393,1.15880432212,within-player,17,2018
1,"(-0.001, 0.05]",1279,0.0380258884552,0.0836591086787,0.544175136826,0.454533750787,within-player,18,2018
1,"(0.05, 0.1]",2187,0.0719085794964,0.100594421582,0.613625971651,0.714836651631,within-player,18,2018
1,"(0.1, 0.15]",1162,0.122316554498,0.160068846816,0.641996557659,0.764149657672,within-player,18,2018
1,"(0.15, 0.2]",729,0.173373741656,0.223593964335,0.662551440329,0.775395445811,within-player,18,2018
1,"(0.2, 0.3]",719,0.2451031505,0.30876216968,0.844228094576,0.793825068511,within-player,18,2018
1,"(0.3, 0.4]",478,0.345421759889,0.376569037657,0.949790794979,0.917286673483,within-player,18,2018
1,"(0.4, 0.6]",419,0.477812109046,0.441527446301,0.959427207637,1.08217985778,within-player,18,2018
1,"(0.6, 0.8]",155,0.688723625781,0.561290322581,0.909677419355,1.22703634478,within-player,18,2018
1,"(0.8, 1.0]",94,0.89730458614,0.734042553191,0.776595744681,1.22241494344,within-player,18,2018
1,"(1.0, inf]",477,1.77052282452,1.50314465409,0.85534591195,1.17787920125,within-player,18,2018
1,"(-0.001, 0.05]",1285,0.0379700111722,0.0887159533074,0.547081712062,0.427995301371,within-player,19,2018
1,"(0.05, 0.1]",2204,0.0720478288686,0.0961887477314,0.609800362976,0.749025541634,within-player,19,2018
1,"(0.1, 0.15]",1148,0.122831062191,0.163763066202,0.644599303136,0.750053507419,within-player,19,2018
1,"(0.15, 0.2]",716,0.172932980076,0.210893854749,0.656424581006,0.820000090958,within-player,19,2018
1,"(0.2, 0.3]",740,0.244765599516,0.336486486486,0.85,0.72741583792,within-player,19,2018
1,"(0.3, 0.4]",454,0.34459459154,0.359030837004,0.953744493392,0.959791070915,within-player,19,2018
1,"(0.4, 0.6]",428,0.477726846713,0.434579439252,0.967289719626,1.09928543222,within-player,19,2018
1,"(0.6, 0.8]",153,0.690268837185,0.555555555556,0.875816993464,1.24248390693,within-player,19,2018
1,"(0.8, 1.0]",97,0.902451543942,0.649484536082,0.79381443299,1.38948888512,within-player,19,2018
1,"(1.0, inf]",474,1.76811810462,1.52953586498,0.860759493671,1.15598342288,within-player,19,2018
1,"(-0.001, 0.05]",44,0.0424939858165,0.0909090909091,0.977272727273,0.467433843981,base-rate-only,-1,2019
1,"(0.05, 0.1]",415,0.0814149980427,0.0867469879518,0.802409638554,0.938534005214,base-rate-only,-1,2019
1,"(0.1, 0.15]",981,0.126740705836,0.0937818552497,0.74006116208,1.3514416568,base-rate-only,-1,2019
1,"(0.15, 0.2]",1059,0.173370369858,0.0963172804533,0.741265344665,1.7999923694,base-rate-only,-1,2019
1,"(0.2, 0.3]",1747,0.248357632984,0.165426445335,0.736119061248,1.50131759454,base-rate-only,-1,2019
1,"(0.3, 0.4]",804,0.344944866381,0.257462686567,0.891791044776,1.33978585783,base-rate-only,-1,2019
1,"(0.4, 0.6]",694,0.486457899061,0.389048991354,0.914985590778,1.25037697018,base-rate-only,-1,2019
1,"(0.6, 0.8]",265,0.683975791129,0.437735849057,0.807547169811,1.56253090215,base-rate-only,-1,2019
1,"(0.8, 1.0]",172,0.904917404889,0.366279069767,0.505813953488,2.47056815303,base-rate-only,-1,2019
1,"(1.0, inf]",937,1.46174414229,0.923159018143,0.615795090715,1.58341533101,base-rate-only,-1,2019
1,"(0.05, 0.1]",16,0.0907747671221,0.125,0.875,0.726198136977,current-season-rate,-1,2019
1,"(0.1, 0.15]",316,0.130480366779,0.113924050633,0.848101265823,1.14532766395,current-season-rate,-1,2019
1,"(0.15, 0.2]",696,0.176700434889,0.120689655172,0.78591954023,1.46408931765,current-season-rate,-1,2019
1,"(0.2, 0.3]",1957,0.247269313353,0.148696985181,0.788451711804,1.66290737537,current-season-rate,-1,2019
1,"(0.3, 0.4]",1522,0.343464080604,0.196452036794,0.825886990802,1.74833555411,current-season-rate,-1,2019
1,"(0.4, 0.6]",1337,0.474717344705,0.245325355273,0.726252804787,1.93505210326,current-season-rate,-1,2019
1,"(0.6, 0.8]",156,0.672151097082,0.564102564103,0.980769230769,1.19154058119,current-season-rate,-1,2019
1,"(0.8, 1.0]",51,0.890490516493,0.78431372549,0.921568627451,1.13537540853,current-season-rate,-1,2019
1,"(1.0, inf]",1067,1.65500364648,0.82099343955,0.565135895033,2.01585489817,current-season-rate,-1,2019
1,"(-0.001, 0.05]",3096,0,0.136950904393,0.631136950904,0,historical-rate,-1,2019
1,"(0.05, 0.1]",458,0.0779020318595,0.106986899563,0.796943231441,0.728145522278,historical-rate,-1,2019
1,"(0.1, 0.15]",459,0.13006252976,0.17211328976,0.838779956427,0.755679761518,historical-rate,-1,2019
1,"(0.15, 0.2]",377,0.183469810288,0.15649867374,0.862068965517,1.17234099117,historical-rate,-1,2019
1,"(0.2, 0.3]",549,0.253824131369,0.220400728597,0.865209471767,1.15164833158,historical-rate,-1,2019
1,"(0.3, 0.4]",579,0.351207328341,0.267702936097,0.927461139896,1.31192931038,historical-rate,-1,2019
1,"(0.4, 0.6]",590,0.494621766416,0.394915254237,0.927118644068,1.25247571753,historical-rate,-1,2019
1,"(0.6, 0.8]",325,0.694512087912,0.52,0.870769230769,1.33560016906,historical-rate,-1,2019
1,"(0.8, 1.0]",163,0.935601080923,0.423312883436,0.59509202454,2.21018806073,historical-rate,-1,2019
1,"(1.0, inf]",522,1.75619191353,1.31417624521,0.833333333333,1.33634428406,historical-rate,-1,2019
1,"(-0.001, 0.05]",780,0.0375768683986,0.0576923076923,0.653846153846,0.651332385575,no-vegas,-1,2019
1,"(0.05, 0.1]",1758,0.0743966067095,0.0807736063709,0.672923777019,0.921050947854,no-vegas,-1,2019
1,"(0.1, 0.15]",1254,0.123871431571,0.131578947368,0.657894736842,0.941422879939,no-vegas,-1,2019
1,"(0.15, 0.2]",779,0.172214144051,0.196405648267,0.708600770218,0.876828877229,no-vegas,-1,2019
1,"(0.2, 0.3]",831,0.243609905128,0.300842358604,0.858002406739,0.809759324646,no-vegas,-1,2019
1,"(0.3, 0.4]",464,0.345919390232,0.344827586207,0.941810344828,1.00316623167,no-vegas,-1,2019
1,"(0.4, 0.6]",462,0.482679544185,0.45670995671,0.97619047619,1.0568623195,no-vegas,-1,2019
1,"(0.6, 0.8]",193,0.678315775384,0.512953367876,0.989637305699,1.32237317827,no-vegas,-1,2019
1,"(0.8, 1.0]",73,0.888998458804,0.835616438356,0.945205479452,1.06388340152,no-vegas,-1,2019
1,"(1.0, inf]",524,1.64743082879,1.4465648855,0.900763358779,1.13885719563,no-vegas,-1,2019
1,"(-0.001, 0.05]",49,0.0386722625813,0.0816326530612,0.938775510204,0.47373521662,player-vegas,-1,2019
1,"(0.05, 0.1]",501,0.081257409739,0.0938123752495,0.816367265469,0.866169410197,player-vegas,-1,2019
1,"(0.1, 0.15]",1015,0.126669154939,0.0857142857143,0.733004926108,1.47780680762,player-vegas,-1,2019
1,"(0.15, 0.2]",1014,0.174203788285,0.102564102564,0.732741617357,1.69848693578,player-vegas,-1,2019
1,"(0.2, 0.3]",1620,0.246888220213,0.175925925926,0.757407407407,1.40336462016,player-vegas,-1,2019
1,"(0.3, 0.4]",793,0.343000617323,0.235813366961,0.844892812106,1.4545427248,player-vegas,-1,2019
1,"(0.4, 0.6]",682,0.487245720215,0.390029325513,0.922287390029,1.24925406461,player-vegas,-1,2019
1,"(0.6, 0.8]",321,0.682939864939,0.358255451713,0.769470404984,1.90629301431,player-vegas,-1,2019
1,"(0.8, 1.0]",217,0.900944605791,0.410138248848,0.511520737327,2.19668516243,player-vegas,-1,2019
1,"(1.0, inf]",906,1.50717618868,0.949227373068,0.636865342163,1.58779258947,player-vegas,-1,2019
1,"(-0.001, 0.05]",828,0.0367415703418,0.177536231884,0.795893719807,0.20695251866,random,0,2019
1,"(0.05, 0.1]",1739,0.0734217913069,0.207015526164,0.769982748706,0.354668041896,random,0,2019
1,"(0.1, 0.15]",1221,0.123429161227,0.248976248976,0.756756756757,0.495746729796,random,0,2019
1,"(0.15, 0.2]",789,0.173413596822,0.381495564005,0.747782002535,0.454562551138,random,0,2019
1,"(0.2, 0.3]",833,0.243231785169,0.288115246098,0.775510204082,0.844216987689,random,0,2019
1,"(0.3, 0.4]",420,0.345870991933,0.180952380952,0.778571428571,1.91139232384,random,0,2019
1,"(0.4, 0.6]",456,0.485583656035,0.203947368421,0.798245614035,2.38092631346,random,0,2019
1,"(0.6, 0.8]",218,0.684367948389,0.266055045872,0.752293577982,2.57227953015,random,0,2019
1,"(0.8, 1.0]",104,0.898237626986,0.346153846154,0.711538461538,2.59490870018,random,0,2019
1,"(1.0, inf]",510,1.70006005594,0.841176470588,0.619607843137,2.02105041616,random,0,2019
1,"(-0.001, 0.05]",835,0.0368448918888,0.159281437126,0.779640718563,0.231319434039,random,1,2019
1,"(0.05, 0.1]",1726,0.0733893949247,0.216685979143,0.775202780997,0.338690095294,random,1,2019
1,"(0.1, 0.15]",1225,0.123290212185,0.303673469388,0.770612244898,0.405995994427,random,1,2019
1,"(0.15, 0.2]",795,0.173441635837,0.378616352201,0.763522012579,0.458093357112,random,1,2019
1,"(0.2, 0.3]",825,0.243840975271,0.26303030303,0.756363636364,0.92704518248,random,1,2019
1,"(0.3, 0.4]",427,0.345943467553,0.217798594848,0.819672131148,1.58836409296,random,1,2019
1,"(0.4, 0.6]",460,0.487680408597,0.210869565217,0.791304347826,2.31271121603,random,1,2019
1,"(0.6, 0.8]",209,0.683279659444,0.291866028708,0.799043062201,2.34107293154,random,1,2019
1,"(0.8, 1.0]",107,0.896252893562,0.233644859813,0.616822429907,3.83596238445,random,1,2019
1,"(1.0, inf]",509,1.70135872251,0.728880157171,0.573673870334,2.33420913681,random,1,2019
1,"(-0.001, 0.05]",829,0.0367852488248,0.205066344994,0.810615199035,0.179382183975,random,2,2019
1,"(0.05, 0.1]",1741,0.0735000851887,0.225732337737,0.766800689259,0.325607247617,random,2,2019
1,"(0.1, 0.15]",1218,0.123433203495,0.278325123153,0.767651888342,0.443485669196,random,2,2019
1,"(0.15, 0.2]",792,0.173567864487,0.39898989899,0.761363636364,0.435018192005,random,2,2019
1,"(0.2, 0.3]",831,0.243352184956,0.287605294826,0.768953068592,0.846132492464,random,2,2019
1,"(0.3, 0.4]",422,0.34619548807,0.163507109005,0.796208530806,2.11731153573,random,2,2019
1,"(0.4, 0.6]",458,0.486499565872,0.165938864629,0.777292576419,2.93180001539,random,2,2019
1,"(0.6, 0.8]",212,0.685890332495,0.245283018868,0.816037735849,2.79632212479,random,2,2019
1,"(0.8, 1.0]",104,0.897100484277,0.528846153846,0.692307692308,1.69633546118,random,2,2019
1,"(1.0, inf]",511,1.70100943791,0.655577299413,0.551859099804,2.59467409783,random,2,2019
1,"(-0.001, 0.05]",828,0.0367740678248,0.164251207729,0.780193236715,0.223889177639,random,3,2019
1,"(0.05, 0.1]",1741,0.0734401894918,0.215393452039,0.809879379667,0.340958319747,random,3,2019
1,"(0.1, 0.15]",1220,0.123476213807,0.3,0.774590163934,0.411587379358,random,3,2019
1,"(0.15, 0.2]",790,0.173253808953,0.398734177215,0.706329113924,0.434509552612,random,3,2019
1,"(0.2, 0.3]",831,0.243664299689,0.262334536703,0.764139590854,0.928830426796,random,3,2019
1,"(0.3, 0.4]",420,0.345936063662,0.219047619048,0.771428571429,1.57927333411,random,3,2019
1,"(0.4, 0.6]",459,0.485649057471,0.152505446623,0.753812636166,3.18447024827,random,3,2019
1,"(0.6, 0.8]",214,0.685196398665,0.144859813084,0.742990654206,4.73006546175,random,3,2019
1,"(0.8, 1.0]",107,0.899628969196,0.448598130841,0.710280373832,2.0054229105,random,3,2019
1,"(1.0, inf]",508,1.70269662197,0.773622047244,0.59842519685,2.20094118056,random,3,2019
1,"(-0.001, 0.05]",832,0.036768363312,0.215144230769,0.805288461538,0.170900995953,random,4,2019
1,"(0.05, 0.1]",1737,0.0734862528632,0.227403569372,0.788140472078,0.323153471452,random,4,2019
1,"(0.1, 0.15]",1220,0.123441769012,0.281967213115,0.75737704918,0.437787669172,random,4,2019
1,"(0.15, 0.2]",789,0.173616825701,0.357414448669,0.722433460076,0.485757714463,random,4,2019
1,"(0.2, 0.3]",830,0.243463878601,0.280722891566,0.771084337349,0.867274760682,random,4,2019
1,"(0.3, 0.4]",419,0.345586064944,0.188544152745,0.754176610979,1.83291849635,random,4,2019
1,"(0.4, 0.6]",460,0.484891336258,0.165217391304,0.813043478261,2.93486861419,random,4,2019
1,"(0.6, 0.8]",215,0.683593395292,0.158139534884,0.832558139535,4.32272294081,random,4,2019
1,"(0.8, 1.0]",106,0.899377593074,0.518867924528,0.764150943396,1.73334590665,random,4,2019
1,"(1.0, inf]",510,1.70132751885,0.719607843137,0.549019607843,2.36424260113,random,4,2019
1,"(-0.001, 0.05]",833,0.0368656486938,0.229291716687,0.791116446579,0.160780551633,random,5,2019
1,"(0.05, 0.1]",1736,0.0733769275212,0.203917050691,0.793778801843,0.359837136093,random,5,2019
1,"(0.1, 0.15]",1209,0.123296223074,0.293631100083,0.755996691481,0.419901785061,random,5,2019
1,"(0.15, 0.2]",795,0.17306190622,0.362264150943,0.748427672956,0.477722970294,random,5,2019
1,"(0.2, 0.3]",837,0.243552940023,0.249701314217,0.772998805257,0.975377085165,random,5,2019
1,"(0.3, 0.4]",420,0.345295327975,0.204761904762,0.780952380952,1.68632602034,random,5,2019
1,"(0.4, 0.6]",457,0.486210528516,0.203501094092,0.778993435449,2.38922808098,random,5,2019
1,"(0.6, 0.8]",216,0.683608748625,0.240740740741,0.736111111111,2.83960557121,random,5,2019
1,"(0.8, 1.0]",106,0.897063521205,0.537735849057,0.707547169811,1.66822339031,random,5,2019
1,"(1.0, inf]",509,1.70358271733,0.705304518664,0.573673870334,2.41538608112,random,5,2019
1,"(-0.001, 0.05]",833,0.0368382378474,0.200480192077,0.817527010804,0.183750012736,random,6,2019
1,"(0.05, 0.1]",1738,0.0734895774531,0.2249712313,0.794016110472,0.326662111544,random,6,2019
1,"(0.1, 0.15]",1206,0.123487555568,0.262023217247,0.764510779436,0.471284784857,random,6,2019
1,"(0.15, 0.2]",802,0.173169038175,0.369077306733,0.746882793017,0.469194488569,random,6,2019
1,"(0.2, 0.3]",837,0.243849228222,0.293906810036,0.762246117085,0.829682130169,random,6,2019
1,"(0.3, 0.4]",414,0.346227412164,0.144927536232,0.780193236715,2.38896914393,random,6,2019
1,"(0.4, 0.6]",460,0.48539799051,0.15652173913,0.713043478261,3.10115382826,random,6,2019
1,"(0.6, 0.8]",212,0.684366526028,0.188679245283,0.797169811321,3.62714258795,random,6,2019
1,"(0.8, 1.0]",107,0.896284007144,0.579439252336,0.728971962617,1.54681272201,random,6,2019
1,"(1.0, inf]",509,1.7027119282,0.774066797642,0.559921414538,2.19969637425,random,6,2019
1,"(-0.001, 0.05]",829,0.0367774724483,0.230398069964,0.837153196622,0.159625783558,random,7,2019
1,"(0.05, 0.1]",1736,0.0734079335108,0.215437788018,0.789746543779,0.340738429344,random,7,2019
1,"(0.1, 0.15]",1213,0.123334205931,0.286067600989,0.745259686727,0.431136575775,random,7,2019
1,"(0.15, 0.2]",798,0.173121248627,0.368421052632,0.713032581454,0.469900531988,random,7,2019
1,"(0.2, 0.3]",832,0.24308792998,0.264423076923,0.772836538462,0.919314353378,random,7,2019
1,"(0.3, 0.4]",428,0.346306828311,0.133177570093,0.759345794393,2.60033899153,random,7,2019
1,"(0.4, 0.6]",452,0.485421742654,0.219026548673,0.769911504425,2.21626896646,random,7,2019
1,"(0.6, 0.8]",215,0.683651391966,0.33023255814,0.795348837209,2.07021196159,random,7,2019
1,"(0.8, 1.0]",106,0.898586793199,0.443396226415,0.77358490566,2.02660000168,random,7,2019
1,"(1.0, inf]",509,1.70310728723,0.67583497053,0.581532416503,2.52000467791,random,7,2019
1,"(-0.001, 0.05]",832,0.0368681019785,0.186298076923,0.789663461538,0.197898457072,random,8,2019
1,"(0.05, 0.1]",1733,0.0733623080605,0.222158107328,0.794575879977,0.330225661997,random,8,2019
1,"(0.1, 0.15]",1221,0.123394902158,0.295659295659,0.771498771499,0.417355056882,random,8,2019
1,"(0.15, 0.2]",789,0.173426434294,0.28897338403,0.702154626109,0.600146739728,random,8,2019
1,"(0.2, 0.3]",841,0.244162790764,0.228299643282,0.740784780024,1.06948389079,random,8,2019
1,"(0.3, 0.4]",415,0.346136162348,0.228915662651,0.773493975904,1.51206849868,random,8,2019
1,"(0.4, 0.6]",460,0.48565763753,0.184782608696,0.79347826087,2.62826486193,random,8,2019
1,"(0.6, 0.8]",213,0.682058308612,0.262910798122,0.774647887324,2.59425749526,random,8,2019
1,"(0.8, 1.0]",104,0.898347673029,0.307692307692,0.682692307692,2.91962993734,random,8,2019
1,"(1.0, inf]",510,1.7008763065,0.892156862745,0.643137254902,1.90647673915,random,8,2019
1,"(-0.001, 0.05]",838,0.0369471637009,0.221957040573,0.800715990453,0.166460877319,random,9,2019
1,"(0.05, 0.1]",1728,0.0735267266813,0.208912037037,0.791087962963,0.351950647383,random,9,2019
1,"(0.1, 0.15]",1216,0.12313649101,0.264802631579,0.751644736842,0.465012338721,random,9,2019
1,"(0.15, 0.2]",795,0.173191230212,0.328301886792,0.732075471698,0.527536505819,random,9,2019
1,"(0.2, 0.3]",830,0.243407410747,0.227710843373,0.760240963855,1.06893201545,random,9,2019
1,"(0.3, 0.4]",425,0.345563332934,0.270588235294,0.811764705882,1.27708188258,random,9,2019
1,"(0.4, 0.6]",459,0.486501435113,0.222222222222,0.758169934641,2.18925645801,random,9,2019
1,"(0.6, 0.8]",212,0.684631985622,0.22641509434,0.768867924528,3.02379126983,random,9,2019
1,"(0.8, 1.0]",106,0.898857866913,0.311320754717,0.698113207547,2.88724042099,random,9,2019
1,"(1.0, inf]",509,1.70360123888,0.838899803536,0.60510805501,2.03075651192,random,9,2019
1,"(-0.001, 0.05]",836,0.0367775533263,0.242822966507,0.805023923445,0.151458298428,random,10,2019
1,"(0.05, 0.1]",1736,0.0734958177062,0.214861751152,0.797811059908,0.342060963909,random,10,2019
1,"(0.1, 0.15]",1209,0.123457675289,0.274607113317,0.744416873449,0.449579305494,random,10,2019
1,"(0.15, 0.2]",795,0.173444437477,0.316981132075,0.730817610063,0.547175903946,random,10,2019
1,"(0.2, 0.3]",830,0.243296674852,0.250602409639,0.772289156627,0.970847308303,random,10,2019
1,"(0.3, 0.4]",422,0.345176530551,0.199052132701,0.781990521327,1.73410114158,random,10,2019
1,"(0.4, 0.6]",456,0.485204150536,0.230263157895,0.782894736842,2.1071723109,random,10,2019
1,"(0.6, 0.8]",218,0.682742323668,0.197247706422,0.766055045872,3.46134480371,random,10,2019
1,"(0.8, 1.0]",108,0.896907458514,0.462962962963,0.703703703704,1.93732011039,random,10,2019
1,"(1.0, inf]",508,1.70581632983,0.775590551181,0.576771653543,2.19937739989,random,10,2019
1,"(-0.001, 0.05]",831,0.0368226439947,0.200962695548,0.797833935018,0.183231240477,random,11,2019
1,"(0.05, 0.1]",1736,0.0734202190057,0.203341013825,0.787442396313,0.361069405649,random,11,2019
1,"(0.1, 0.15]",1216,0.123464031773,0.25,0.745065789474,0.493856127092,random,11,2019
1,"(0.15, 0.2]",795,0.173500284223,0.34465408805,0.716981132075,0.503404109334,random,11,2019
1,"(0.2, 0.3]",832,0.24373622946,0.296875,0.764423076923,0.821006246603,random,11,2019
1,"(0.3, 0.4]",425,0.344907028995,0.258823529412,0.802352941176,1.3325953393,random,11,2019
1,"(0.4, 0.6]",453,0.485744150468,0.19646799117,0.82119205298,2.47238314789,random,11,2019
1,"(0.6, 0.8]",215,0.684005021905,0.186046511628,0.786046511628,3.67652699274,random,11,2019
1,"(0.8, 1.0]",107,0.898786991012,0.551401869159,0.719626168224,1.63000352607,random,11,2019
1,"(1.0, inf]",508,1.7037599015,0.78937007874,0.594488188976,2.15837912709,random,11,2019
1,"(-0.001, 0.05]",841,0.0369076426292,0.230677764566,0.804994054697,0.159996533253,random,12,2019
1,"(0.05, 0.1]",1731,0.0736691993264,0.206816868862,0.786250722126,0.356204983335,random,12,2019
1,"(0.1, 0.15]",1209,0.123426959925,0.27047146402,0.754342431762,0.456340044494,random,12,2019
1,"(0.15, 0.2]",799,0.173148884711,0.289111389237,0.694618272841,0.59890025491,random,12,2019
1,"(0.2, 0.3]",823,0.243657318871,0.303766707169,0.776427703524,0.802119893723,random,12,2019
1,"(0.3, 0.4]",429,0.344068380589,0.165501165501,0.787878787879,2.07894838412,random,12,2019
1,"(0.4, 0.6]",459,0.486732140101,0.185185185185,0.790849673203,2.62835355655,random,12,2019
1,"(0.6, 0.8]",210,0.68410098937,0.247619047619,0.828571428571,2.76271553399,random,12,2019
1,"(0.8, 1.0]",108,0.899683028497,0.388888888889,0.666666666667,2.31347064471,random,12,2019
1,"(1.0, inf]",509,1.70255761734,0.852652259332,0.612966601179,1.99677840375,random,12,2019
1,"(-0.001, 0.05]",825,0.0367024546855,0.185454545455,0.778181818182,0.197905392912,random,13,2019
1,"(0.05, 0.1]",1747,0.0734236437421,0.200915855753,0.764167143675,0.365444745349,random,13,2019
1,"(0.1, 0.15]",1212,0.123317764609,0.248349834983,0.762376237624,0.496548606998,random,13,2019
1,"(0.15, 0.2]",794,0.173595778644,0.346347607053,0.741813602015,0.501218357248,random,13,2019
1,"(0.2, 0.3]",835,0.243745041806,0.307784431138,0.815568862275,0.791934279797,random,13,2019
1,"(0.3, 0.4]",417,0.345261182601,0.227817745803,0.808153477218,1.51551487521,random,13,2019
1,"(0.4, 0.6]",457,0.485441527563,0.18818380744,0.763676148796,2.57961369879,random,13,2019
1,"(0.6, 0.8]",218,0.685441376081,0.288990825688,0.779816513761,2.37184476168,random,13,2019
1,"(0.8, 1.0]",103,0.899150908336,0.427184466019,0.650485436893,2.10483053542,random,13,2019
1,"(1.0, inf]",510,1.7034935738,0.821568627451,0.605882352941,2.07346473183,random,13,2019
1,"(-0.001, 0.05]",827,0.0367442034531,0.207980652963,0.798065296252,0.1766712573,random,14,2019
1,"(0.05, 0.1]",1742,0.0734208002273,0.217566016073,0.804247990815,0.337464469646,random,14,2019
1,"(0.1, 0.15]",1214,0.123337058881,0.257001647446,0.736408566722,0.479907658596,random,14,2019
1,"(0.15, 0.2]",800,0.173576946992,0.315,0.7275,0.551037926958,random,14,2019
1,"(0.2, 0.3]",822,0.243627126586,0.277372262774,0.788321167883,0.878339903744,random,14,2019
1,"(0.3, 0.4]",425,0.344669435795,0.216470588235,0.783529411765,1.5922229371,random,14,2019
1,"(0.4, 0.6]",460,0.486230342877,0.191304347826,0.723913043478,2.54165861049,random,14,2019
1,"(0.6, 0.8]",212,0.683212184989,0.240566037736,0.768867924528,2.84001927878,random,14,2019
1,"(0.8, 1.0]",105,0.899087226573,0.285714285714,0.647619047619,3.146805293,random,14,2019
1,"(1.0, inf]",511,1.69925191681,0.861056751468,0.628180039139,1.9734493852,random,14,2019
1,"(-0.001, 0.05]",826,0.0367218154683,0.21186440678,0.800242130751,0.17332696901,random,15,2019
1,"(0.05, 0.1]",1738,0.0732791757241,0.220368239356,0.795742232451,0.332530567646,random,15,2019
1,"(0.1, 0.15]",1217,0.123249676073,0.264585045193,0.74527526705,0.465822533482,random,15,2019
1,"(0.15, 0.2]",805,0.173410801081,0.321739130435,0.72298136646,0.538979516873,random,15,2019
1,"(0.2, 0.3]",824,0.244244577035,0.300970873786,0.787621359223,0.811522304342,random,15,2019
1,"(0.3, 0.4]",421,0.345951160236,0.197149643705,0.795724465558,1.75476431879,random,15,2019
1,"(0.4, 0.6]",459,0.48661807586,0.202614379085,0.751633986928,2.40169566473,random,15,2019
1,"(0.6, 0.8]",214,0.685015686066,0.130841121495,0.742990654206,5.23547702922,random,15,2019
1,"(0.8, 1.0]",105,0.898906584564,0.409523809524,0.761904761905,2.19500445068,random,15,2019
1,"(1.0, inf]",509,1.70394500208,0.805500982318,0.593320235756,2.11538538063,random,15,2019
1,"(-0.001, 0.05]",837,0.0368327976275,0.248506571087,0.813620071685,0.148216594299,random,16,2019
1,"(0.05, 0.1]",1733,0.0735134535792,0.207732256203,0.789959607617,0.353885597369,random,16,2019
1,"(0.1, 0.15]",1210,0.123476908342,0.25867768595,0.747933884298,0.477338846946,random,16,2019
1,"(0.15, 0.2]",795,0.17312017959,0.347169811321,0.733333333333,0.498661386863,random,16,2019
1,"(0.2, 0.3]",837,0.243661316125,0.270011947431,0.778972520908,0.902409387597,random,16,2019
1,"(0.3, 0.4]",419,0.346358888984,0.212410501193,0.775656324582,1.63061094926,random,16,2019
1,"(0.4, 0.6]",454,0.485191084321,0.222466960352,0.810572687225,2.18095794338,random,16,2019
1,"(0.6, 0.8]",218,0.683512253234,0.215596330275,0.756880733945,3.17033342989,random,16,2019
1,"(0.8, 1.0]",105,0.89870854176,0.380952380952,0.6,2.35910992212,random,16,2019
1,"(1.0, inf]",510,1.69957319389,0.752941176471,0.572549019608,2.25724564814,random,16,2019
1,"(-0.001, 0.05]",840,0.03694470214,0.220238095238,0.782142857143,0.167748917825,random,17,2019
1,"(0.05, 0.1]",1722,0.0735056576836,0.207317073171,0.779907084785,0.354556701768,random,17,2019
1,"(0.1, 0.15]",1217,0.123159115884,0.285127362366,0.773212818406,0.431944219108,random,17,2019
1,"(0.15, 0.2]",800,0.172995789322,0.3025,0.72625,0.57188690685,random,17,2019
1,"(0.2, 0.3]",835,0.243786142989,0.225149700599,0.754491017964,1.08277356062,random,17,2019
1,"(0.3, 0.4]",415,0.345699559658,0.231325301205,0.826506024096,1.4944303881,random,17,2019
1,"(0.4, 0.6]",454,0.485414678212,0.213656387665,0.803964757709,2.27194086503,random,17,2019
1,"(0.6, 0.8]",224,0.685541317783,0.227678571429,0.709821428571,3.01100500359,random,17,2019
1,"(0.8, 1.0]",101,0.897997395706,0.485148514851,0.742574257426,1.8509742238,random,17,2019
1,"(1.0, inf]",510,1.70174329211,0.847058823529,0.605882352941,2.00900249762,random,17,2019
1,"(-0.001, 0.05]",829,0.0368388890314,0.196622436671,0.794933655006,0.187358521516,random,18,2019
1,"(0.05, 0.1]",1738,0.0734416841686,0.192750287687,0.769850402762,0.381019842045,random,18,2019
1,"(0.1, 0.15]",1226,0.1235449781,0.252039151713,0.774061990212,0.490181693043,random,18,2019
1,"(0.15, 0.2]",789,0.173418691102,0.337135614702,0.724968314322,0.514388523606,random,18,2019
1,"(0.2, 0.3]",827,0.243465233351,0.286577992745,0.770253929867,0.849560118065,random,18,2019
1,"(0.3, 0.4]",418,0.345062880089,0.196172248804,0.736842105263,1.75897907168,random,18,2019
1,"(0.4, 0.6]",459,0.484435471995,0.222222222222,0.797385620915,2.17995962398,random,18,2019
1,"(0.6, 0.8]",217,0.6839199448,0.202764976959,0.783410138249,3.37296881867,random,18,2019
1,"(0.8, 1.0]",104,0.899105707664,0.288461538462,0.653846153846,3.11689978657,random,18,2019
1,"(1.0, inf]",511,1.69967830609,0.931506849315,0.657534246575,1.82465465213,random,18,2019
1,"(-0.001, 0.05]",831,0.0367734973082,0.235860409146,0.795427196149,0.155912123792,random,19,2019
1,"(0.05, 0.1]",1740,0.073416004857,0.209195402299,0.78908045977,0.350944638602,random,19,2019
1,"(0.1, 0.15]",1207,0.123411197683,0.280861640431,0.758077879039,0.439402110924,random,19,2019
1,"(0.15, 0.2]",801,0.173369744727,0.372034956305,0.742821473159,0.466003911163,random,19,2019
1,"(0.2, 0.3]",828,0.243772969089,0.236714975845,0.747584541063,1.02981642044,random,19,2019
1,"(0.3, 0.4]",424,0.345165915356,0.228773584906,0.799528301887,1.50876647537,random,19,2019
1,"(0.4, 0.6]",453,0.48473444486,0.19646799117,0.788079470199,2.46724385979,random,19,2019
1,"(0.6, 0.8]",218,0.683589396668,0.220183486239,0.784403669725,3.10463517653,random,19,2019
1,"(0.8, 1.0]",106,0.896441971883,0.405660377358,0.688679245283,2.20983369813,random,19,2019
1,"(1.0, inf]",510,1.70035389457,0.733333333333,0.588235294118,2.31866440169,random,19,2019
1,"(0.05, 0.1]",106,0.0875970393415,0.160377358491,0.924528301887,0.546193304129,regressed-rate,-1,2019
1,"(0.1, 0.15]",392,0.129962464646,0.0867346938776,0.755102040816,1.49839076885,regressed-rate,-1,2019
1,"(0.15, 0.2]",1118,0.173607323492,0.102862254025,0.741502683363,1.68776511012,regressed-rate,-1,2019
1,"(0.2, 0.3]",2469,0.246433525372,0.141757796679,0.729040097205,1.73841249756,regressed-rate,-1,2019
1,"(0.3, 0.4]",932,0.345524210708,0.198497854077,0.885193133047,1.7406949426,regressed-rate,-1,2019
1,"(0.4, 0.6]",810,0.492593848892,0.406172839506,0.92962962963,1.21276905046,regressed-rate,-1,2019
1,"(0.6, 0.8]",161,0.679241645472,0.590062111801,0.875776397516,1.15113584127,regressed-rate,-1,2019
1,"(0.8, 1.0]",103,0.928931035945,0.834951456311,0.766990291262,1.1125569384,regressed-rate,-1,2019
1,"(1.0, inf]",1027,1.44302819694,0.811100292113,0.566699123661,1.77909958975,regressed-rate,-1,2019
1,"(-0.001, 0.05]",825,0.0368531189008,0.0618181818182,0.647272727273,0.596153393984,shipped,-1,2019
1,"(0.05, 0.1]",1743,0.0733820849239,0.0808950086059,0.680436029834,0.907127475335,shipped,-1,2019
1,"(0.1, 0.15]",1214,0.123525071143,0.135914332784,0.671334431631,0.908845068892,shipped,-1,2019
1,"(0.15, 0.2]",798,0.173578526697,0.210526315789,0.691729323308,0.824498001811,shipped,-1,2019
1,"(0.2, 0.3]",833,0.243792652214,0.276110444178,0.845138055222,0.882953388235,shipped,-1,2019
1,"(0.3, 0.4]",424,0.344806147403,0.334905660377,0.948113207547,1.0295620176,shipped,-1,2019
1,"(0.4, 0.6]",456,0.48501459957,0.453947368421,0.978070175439,1.06843795847,shipped,-1,2019
1,"(0.6, 0.8]",212,0.685671452333,0.509433962264,0.966981132075,1.34594766569,shipped,-1,2019
1,"(0.8, 1.0]",104,0.899610882409,0.951923076923,0.913461538462,0.94504577546,shipped,-1,2019
1,"(1.0, inf]",509,1.69971087478,1.44007858546,0.911591355599,1.18029036188,shipped,-1,2019
1,"(0.05, 0.1]",562,0.0803826685397,0.05871886121,0.459074733096,1.36894120361,vegas-environment,-1,2019
1,"(0.1, 0.15]",699,0.129533876416,0.0772532188841,0.618025751073,1.67674406694,vegas-environment,-1,2019
1,"(0.15, 0.2]",1716,0.175681970483,0.105477855478,0.755244755245,1.66558155441,vegas-environment,-1,2019
1,"(0.2, 0.3]",1777,0.248132508918,0.201463140124,0.701181767023,1.23165214622,vegas-environment,-1,2019
1,"(0.3, 0.4]",1138,0.345346049084,0.296133567663,0.902460456942,1.16618339424,vegas-environment,-1,2019
1,"(0.4, 0.6]",705,0.468117688994,0.466666666667,0.960283687943,1.00310933356,vegas-environment,-1,2019
1,"(0.6, 0.8]",13,0.618307011012,0.461538461538,1,1.33966519053,vegas-environment,-1,2019
1,"(1.0, inf]",508,1.75070048209,1.46850393701,0.893700787402,1.19216601193,vegas-environment,-1,2019
1,"(-0.001, 0.05]",820,0.0364572037755,0.0621951219512,0.667073170732,0.586174648939,within-player,0,2019
1,"(0.05, 0.1]",1764,0.0735671375596,0.0827664399093,0.680839002268,0.888852264761,within-player,0,2019
1,"(0.1, 0.15]",1188,0.123225915011,0.141414141414,0.654882154882,0.871383256147,within-player,0,2019
1,"(0.15, 0.2]",780,0.173171626557,0.205128205128,0.69358974359,0.844211679466,within-player,0,2019
1,"(0.2, 0.3]",862,0.2433628146,0.273781902552,0.841067285383,0.88889299231,within-player,0,2019
1,"(0.3, 0.4]",426,0.344527081688,0.338028169014,0.955399061033,1.01922594999,within-player,0,2019
1,"(0.4, 0.6]",456,0.487997520256,0.43201754386,0.97149122807,1.12957801643,within-player,0,2019
1,"(0.6, 0.8]",207,0.691074749797,0.550724637681,0.961352657005,1.25484625621,within-player,0,2019
1,"(0.8, 1.0]",106,0.893591481768,0.839622641509,0.924528301887,1.06427749514,within-player,0,2019
1,"(1.0, inf]",509,1.70254726518,1.45186640472,0.911591355599,1.17266110687,within-player,0,2019
1,"(-0.001, 0.05]",857,0.0370931012405,0.0595099183197,0.660443407235,0.623309563983,within-player,1,2019
1,"(0.05, 0.1]",1729,0.07370972814,0.0861769809138,0.675534991324,0.855329664122,within-player,1,2019
1,"(0.1, 0.15]",1150,0.122735550012,0.14347826087,0.661739130435,0.855429590994,within-player,1,2019
1,"(0.15, 0.2]",836,0.173355795735,0.192583732057,0.692583732057,0.900158044935,within-player,1,2019
1,"(0.2, 0.3]",831,0.242211507296,0.283995186522,0.848375451264,0.852871875268,within-player,1,2019
1,"(0.3, 0.4]",433,0.344774454246,0.31870669746,0.953810623557,1.08179230934,within-player,1,2019
1,"(0.4, 0.6]",458,0.489599337772,0.449781659389,0.978165938865,1.08852668301,within-player,1,2019
1,"(0.6, 0.8]",202,0.685255874883,0.514851485149,0.965346534653,1.33097775698,within-player,1,2019
1,"(0.8, 1.0]",113,0.889825716523,0.902654867257,0.920353982301,0.985787313403,within-player,1,2019
1,"(1.0, inf]",509,1.70460518074,1.43811394892,0.911591355599,1.18530606147,within-player,1,2019
1,"(-0.001, 0.05]",801,0.036702796573,0.0624219725343,0.664169787765,0.587978801099,within-player,2,2019
1,"(0.05, 0.1]",1782,0.0727415743749,0.0824915824916,0.677890011223,0.881806024054,within-player,2,2019
1,"(0.1, 0.15]",1180,0.123008158109,0.130508474576,0.657627118644,0.942530042654,within-player,2,2019
1,"(0.15, 0.2]",788,0.174311795557,0.201776649746,0.687817258883,0.86388487358,within-player,2,2019
1,"(0.2, 0.3]",867,0.241241519953,0.299884659746,0.850057670127,0.804447683845,within-player,2,2019
1,"(0.3, 0.4]",432,0.344789570721,0.335648148148,0.951388888889,1.02723513484,within-player,2,2019
1,"(0.4, 0.6]",437,0.486371362343,0.41647597254,0.977116704805,1.16782574365,within-player,2,2019
1,"(0.6, 0.8]",221,0.686766406024,0.565610859729,0.968325791855,1.21420300585,within-player,2,2019
1,"(0.8, 1.0]",109,0.882726273162,0.954128440367,0.94495412844,0.925165036295,within-player,2,2019
1,"(1.0, inf]",501,1.70897148176,1.43313373253,0.904191616766,1.19247174424,within-player,2,2019
1,"(-0.001, 0.05]",830,0.0370642820073,0.0590361445783,0.657831325301,0.627823552369,within-player,3,2019
1,"(0.05, 0.1]",1737,0.0730104501245,0.090961427749,0.679907887162,0.802652859913,within-player,3,2019
1,"(0.1, 0.15]",1204,0.12317698737,0.12292358804,0.656976744186,1.0020614378,within-player,3,2019
1,"(0.15, 0.2]",794,0.173084602363,0.215365239295,0.697732997481,0.803679381733,within-player,3,2019
1,"(0.2, 0.3]",859,0.243820498084,0.300349243306,0.849825378347,0.811789952922,within-player,3,2019
1,"(0.3, 0.4]",419,0.345775499195,0.310262529833,0.954653937947,1.11446103202,within-player,3,2019
1,"(0.4, 0.6]",452,0.490056885091,0.422566371681,0.969026548673,1.15971576995,within-player,3,2019
1,"(0.6, 0.8]",204,0.684792993848,0.539215686275,0.975490196078,1.26997973404,within-player,3,2019
1,"(0.8, 1.0]",110,0.899587217411,0.890909090909,0.927272727273,1.00974075424,within-player,3,2019
1,"(1.0, inf]",509,1.68540708192,1.43614931238,0.907662082515,1.17355978755,within-player,3,2019
1,"(-0.001, 0.05]",830,0.0367515622399,0.0578313253012,0.65421686747,0.635495763732,within-player,4,2019
1,"(0.05, 0.1]",1758,0.0735326482216,0.0881683731513,0.6803185438,0.834002552087,within-player,4,2019
1,"(0.1, 0.15]",1147,0.123085298057,0.133391455972,0.661726242371,0.922737495891,within-player,4,2019
1,"(0.15, 0.2]",840,0.172830763369,0.209523809524,0.692857142857,0.824874097897,within-player,4,2019
1,"(0.2, 0.3]",831,0.243168714407,0.285198555957,0.850782190132,0.852629542922,within-player,4,2019
1,"(0.3, 0.4]",433,0.345978521224,0.300230946882,0.94688221709,1.152374613,within-player,4,2019
1,"(0.4, 0.6]",441,0.486409234933,0.46485260771,0.97052154195,1.0463730371,within-player,4,2019
1,"(0.6, 0.8]",212,0.683500775577,0.561320754717,0.97641509434,1.21766524725,within-player,4,2019
1,"(0.8, 1.0]",113,0.890366953915,0.787610619469,0.902654867257,1.13046590778,within-player,4,2019
1,"(1.0, inf]",513,1.69222475923,1.4269005848,0.914230019493,1.18594440094,within-player,4,2019
1,"(-0.001, 0.05]",815,0.0366511229112,0.0638036809816,0.649079754601,0.574435868705,within-player,5,2019
1,"(0.05, 0.1]",1762,0.0733105727295,0.0851305334847,0.682746878547,0.861154860996,within-player,5,2019
1,"(0.1, 0.15]",1189,0.12342411235,0.126156433978,0.658536585366,0.978341797228,within-player,5,2019
1,"(0.15, 0.2]",810,0.173248177962,0.211111111111,0.7,0.820649264032,within-player,5,2019
1,"(0.2, 0.3]",853,0.243531268772,0.274325908558,0.846424384525,0.887744325908,within-player,5,2019
1,"(0.3, 0.4]",408,0.344616035396,0.355392156863,0.955882352941,0.969678223736,within-player,5,2019
1,"(0.4, 0.6]",446,0.488151238428,0.432735426009,0.97533632287,1.12805933854,within-player,5,2019
1,"(0.6, 0.8]",212,0.687195993511,0.537735849057,0.97641509434,1.27794342653,within-player,5,2019
1,"(0.8, 1.0]",119,0.894163371086,0.957983193277,0.915966386555,0.9333810628,within-player,5,2019
1,"(1.0, inf]",504,1.71204820419,1.43055555556,0.90873015873,1.19677156021,within-player,5,2019
1,"(-0.001, 0.05]",834,0.0371103571172,0.0647482014388,0.658273381295,0.57314884881,within-player,6,2019
1,"(0.05, 0.1]",1747,0.0732467209147,0.0835718374356,0.679450486548,0.876452201629,within-player,6,2019
1,"(0.1, 0.15]",1165,0.122923296503,0.129613733906,0.668669527897,0.948381724676,within-player,6,2019
1,"(0.15, 0.2]",815,0.173972689205,0.211042944785,0.684662576687,0.824347335476,within-player,6,2019
1,"(0.2, 0.3]",853,0.243525656552,0.280187573271,0.840562719812,0.869152238658,within-player,6,2019
1,"(0.3, 0.4]",434,0.345693352302,0.364055299539,0.951612903226,0.949562752524,within-player,6,2019
1,"(0.4, 0.6]",452,0.488645069518,0.420353982301,0.980088495575,1.16246090222,within-player,6,2019
1,"(0.6, 0.8]",205,0.690246525025,0.536585365854,0.965853658537,1.28636852391,within-player,6,2019
1,"(0.8, 1.0]",108,0.902863824003,0.953703703704,0.925925925926,0.946692164974,within-player,6,2019
1,"(1.0, inf]",505,1.69982147679,1.42772277228,0.908910891089,1.19058231037,within-player,6,2019
1,"(-0.001, 0.05]",839,0.0369362899715,0.061978545888,0.65315852205,0.595952832425,within-player,7,2019
1,"(0.05, 0.1]",1738,0.0733062293786,0.0880322209436,0.68584579977,0.832720435687,within-player,7,2019
1,"(0.1, 0.15]",1189,0.123747469271,0.128679562658,0.656854499579,0.961671509564,within-player,7,2019
1,"(0.15, 0.2]",802,0.173338354,0.199501246883,0.678304239401,0.868858499427,within-player,7,2019
1,"(0.2, 0.3]",844,0.24313142652,0.280805687204,0.857819905213,0.865835122289,within-player,7,2019
1,"(0.3, 0.4]",427,0.345475792469,0.367681498829,0.957845433255,0.939606136204,within-player,7,2019
1,"(0.4, 0.6]",461,0.489314828209,0.43600867679,0.971800433839,1.12225938211,within-player,7,2019
1,"(0.6, 0.8]",200,0.685114971196,0.5,0.97,1.37022994239,within-player,7,2019
1,"(0.8, 1.0]",110,0.898872786446,0.954545454545,0.909090909091,0.941676252467,within-player,7,2019
1,"(1.0, inf]",508,1.68938990134,1.42913385827,0.911417322835,1.18210753427,within-player,7,2019
1,"(-0.001, 0.05]",823,0.0368195807464,0.0607533414338,0.648845686513,0.606050299086,within-player,8,2019
1,"(0.05, 0.1]",1742,0.0729134368517,0.0872560275545,0.685993111366,0.835626361813,within-player,8,2019
1,"(0.1, 0.15]",1192,0.123541899619,0.121644295302,0.663590604027,1.01559961618,within-player,8,2019
1,"(0.15, 0.2]",810,0.172692804247,0.218518518519,0.677777777778,0.79028910418,within-player,8,2019
1,"(0.2, 0.3]",853,0.243622899052,0.275498241501,0.852286049238,0.884299288899,within-player,8,2019
1,"(0.3, 0.4]",420,0.343901675097,0.35,0.957142857143,0.982576214563,within-player,8,2019
1,"(0.4, 0.6]",451,0.487605825154,0.450110864745,0.971175166297,1.08330161155,within-player,8,2019
1,"(0.6, 0.8]",218,0.689695164027,0.52752293578,0.967889908257,1.30742213702,within-player,8,2019
1,"(0.8, 1.0]",100,0.896758999258,0.9,0.89,0.996398888065,within-player,8,2019
1,"(1.0, inf]",509,1.71322371441,1.43418467583,0.917485265226,1.19456283648,within-player,8,2019
1,"(-0.001, 0.05]",815,0.0366721624173,0.0662576687117,0.655214723926,0.553478006854,within-player,9,2019
1,"(0.05, 0.1]",1791,0.0733300983062,0.0859854829704,0.685650474595,0.852819519911,within-player,9,2019
1,"(0.1, 0.15]",1145,0.123643211214,0.131877729258,0.654148471616,0.937559449275,within-player,9,2019
1,"(0.15, 0.2]",815,0.172832636687,0.21226993865,0.680981595092,0.814211554337,within-player,9,2019
1,"(0.2, 0.3]",853,0.242381083859,0.267291910903,0.851113716295,0.906802914612,within-player,9,2019
1,"(0.3, 0.4]",419,0.347166638821,0.355608591885,0.964200477327,0.976260548095,within-player,9,2019
1,"(0.4, 0.6]",450,0.487967662096,0.433333333333,0.971111111111,1.12607922022,within-player,9,2019
1,"(0.6, 0.8]",219,0.681692710254,0.543378995434,0.972602739726,1.25454372727,within-player,9,2019
1,"(0.8, 1.0]",101,0.896371242478,0.90099009901,0.930693069307,0.994873576816,within-player,9,2019
1,"(1.0, inf]",510,1.70711323581,1.43137254902,0.907843137255,1.19264075379,within-player,9,2019
1,"(-0.001, 0.05]",843,0.0370832538548,0.0604982206406,0.660735468565,0.612964372541,within-player,10,2019
1,"(0.05, 0.1]",1745,0.0733021974766,0.0865329512894,0.673925501433,0.84710155362,within-player,10,2019
1,"(0.1, 0.15]",1165,0.123216347342,0.119313304721,0.668669527897,1.03271255146,within-player,10,2019
1,"(0.15, 0.2]",808,0.172182463662,0.212871287129,0.681930693069,0.808857154876,within-player,10,2019
1,"(0.2, 0.3]",852,0.243445651355,0.289906103286,0.846244131455,0.839739655687,within-player,10,2019
1,"(0.3, 0.4]",420,0.345435670591,0.364285714286,0.966666666667,0.948254782014,within-player,10,2019
1,"(0.4, 0.6]",474,0.489271328385,0.426160337553,0.972573839662,1.148092127,within-player,10,2019
1,"(0.6, 0.8]",193,0.689975709861,0.544041450777,0.979274611399,1.2682410667,within-player,10,2019
1,"(0.8, 1.0]",107,0.891126090406,0.841121495327,0.915887850467,1.05944990748,within-player,10,2019
1,"(1.0, inf]",511,1.71063947147,1.43639921722,0.909980430528,1.19092202986,within-player,10,2019
1,"(-0.001, 0.05]",837,0.0367691893423,0.0561529271207,0.658303464755,0.654804499564,within-player,11,2019
1,"(0.05, 0.1]",1730,0.0729793974366,0.0872832369942,0.668786127168,0.83612157328,within-player,11,2019
1,"(0.1, 0.15]",1199,0.122978972143,0.132610508757,0.678899082569,0.927369733329,within-player,11,2019
1,"(0.15, 0.2]",783,0.173753617472,0.212005108557,0.683269476373,0.819572786026,within-player,11,2019
1,"(0.2, 0.3]",878,0.242646577366,0.28701594533,0.853075170843,0.845411487808,within-player,11,2019
1,"(0.3, 0.4]",422,0.344698035057,0.300947867299,0.950236966825,1.14537457318,within-player,11,2019
1,"(0.4, 0.6]",438,0.485753635433,0.433789954338,0.977168949772,1.11978995958,within-player,11,2019
1,"(0.6, 0.8]",212,0.683651711941,0.622641509434,0.962264150943,1.09798608281,within-player,11,2019
1,"(0.8, 1.0]",108,0.891748488265,0.787037037037,0.898148148148,1.13304513803,within-player,11,2019
1,"(1.0, inf]",511,1.70550246373,1.43835616438,0.913894324853,1.18573028431,within-player,11,2019
1,"(-0.001, 0.05]",836,0.036859420914,0.0633971291866,0.656698564593,0.58140520536,within-player,12,2019
1,"(0.05, 0.1]",1745,0.073195220308,0.0905444126074,0.685386819484,0.808390249604,within-player,12,2019
1,"(0.1, 0.15]",1166,0.122904138655,0.126929674099,0.66295025729,0.968285308594,within-player,12,2019
1,"(0.15, 0.2]",809,0.173498253411,0.197775030902,0.671199011125,0.877250543809,within-player,12,2019
1,"(0.2, 0.3]",849,0.242843870581,0.282685512367,0.851590106007,0.859060192179,within-player,12,2019
1,"(0.3, 0.4]",439,0.344940357164,0.314350797267,0.952164009112,1.09731026663,within-player,12,2019
1,"(0.4, 0.6]",451,0.488053299786,0.467849223947,0.973392461197,1.04318501518,within-player,12,2019
1,"(0.6, 0.8]",200,0.689607241446,0.535,0.965,1.28898549803,within-player,12,2019
1,"(0.8, 1.0]",108,0.899475755923,0.981481481481,0.944444444444,0.916446996601,within-player,12,2019
1,"(1.0, inf]",515,1.68103184385,1.40388349515,0.906796116505,1.19741549043,within-player,12,2019
1,"(-0.001, 0.05]",805,0.0365416041765,0.0583850931677,0.660869565217,0.62587215664,within-player,13,2019
1,"(0.05, 0.1]",1765,0.0729594667795,0.0872521246459,0.677053824363,0.836191291336,within-player,13,2019
1,"(0.1, 0.15]",1173,0.122959167281,0.131287297528,0.666666666667,0.936565605325,within-player,13,2019
1,"(0.15, 0.2]",815,0.173234724799,0.225766871166,0.700613496933,0.767316851692,within-player,13,2019
1,"(0.2, 0.3]",859,0.242931422072,0.25378346915,0.833527357392,0.957238952109,within-player,13,2019
1,"(0.3, 0.4]",423,0.345037775539,0.354609929078,0.943262411348,0.973006527019,within-player,13,2019
1,"(0.4, 0.6]",442,0.484928405406,0.441176470588,0.97963800905,1.09917105225,within-player,13,2019
1,"(0.6, 0.8]",218,0.691738762973,0.55504587156,0.967889908257,1.24627314321,within-player,13,2019
1,"(0.8, 1.0]",102,0.893788313035,0.754901960784,0.93137254902,1.18397932376,within-player,13,2019
1,"(1.0, inf]",516,1.69699111617,1.44186046512,0.908914728682,1.17694545154,within-player,13,2019
1,"(-0.001, 0.05]",830,0.036642178977,0.0602409638554,0.660240963855,0.608260171019,within-player,14,2019
1,"(0.05, 0.1]",1733,0.0731024542845,0.0848240046163,0.682631275245,0.861813287585,within-player,14,2019
1,"(0.1, 0.15]",1198,0.123741295222,0.126878130217,0.655258764608,0.975276787341,within-player,14,2019
1,"(0.15, 0.2]",808,0.172770008703,0.220297029703,0.685643564356,0.784259365347,within-player,14,2019
1,"(0.2, 0.3]",839,0.244497906649,0.287246722288,0.854588796186,0.85117735966,within-player,14,2019
1,"(0.3, 0.4]",437,0.346012914387,0.340961098398,0.947368421053,1.01481639991,within-player,14,2019
1,"(0.4, 0.6]",459,0.490715679931,0.429193899782,0.978213507625,1.14334262481,within-player,14,2019
1,"(0.6, 0.8]",202,0.689711153606,0.519801980198,0.970297029703,1.32687288598,within-player,14,2019
1,"(0.8, 1.0]",104,0.886584878001,0.923076923077,0.903846153846,0.960466951168,within-player,14,2019
1,"(1.0, inf]",508,1.69065681689,1.43503937008,0.911417322835,1.17812573797,within-player,14,2019
1,"(-0.001, 0.05]",826,0.0368921339608,0.0593220338983,0.662227602906,0.621895972483,within-player,15,2019
1,"(0.05, 0.1]",1759,0.0732228760262,0.0892552586697,0.677089255259,0.820376044141,within-player,15,2019
1,"(0.1, 0.15]",1213,0.123685613176,0.115416323166,0.652102225886,1.07164749131,within-player,15,2019
1,"(0.15, 0.2]",786,0.17434667722,0.215012722646,0.687022900763,0.810866794645,within-player,15,2019
1,"(0.2, 0.3]",834,0.244805050557,0.304556354916,0.870503597122,0.803808709308,within-player,15,2019
1,"(0.3, 0.4]",405,0.345064821176,0.353086419753,0.948148148148,0.977281486548,within-player,15,2019
1,"(0.4, 0.6]",455,0.483327080672,0.421978021978,0.978021978022,1.14538448805,within-player,15,2019
1,"(0.6, 0.8]",216,0.681495787938,0.462962962963,0.967592592593,1.47203090195,within-player,15,2019
1,"(0.8, 1.0]",107,0.890011755025,0.915887850467,0.934579439252,0.971747528445,within-player,15,2019
1,"(1.0, inf]",517,1.67469630872,1.43520309478,0.909090909091,1.16687060863,within-player,15,2019
1,"(-0.001, 0.05]",839,0.0371213768191,0.0595947556615,0.654350417163,0.622896703024,within-player,16,2019
1,"(0.05, 0.1]",1741,0.0733860162381,0.0809879379667,0.680643308443,0.90613513667,within-player,16,2019
1,"(0.1, 0.15]",1180,0.123348483792,0.129661016949,0.665254237288,0.951315103759,within-player,16,2019
1,"(0.15, 0.2]",809,0.172372758038,0.220024721879,0.679851668727,0.783424501419,within-player,16,2019
1,"(0.2, 0.3]",846,0.243048946784,0.27304964539,0.858156028369,0.890127311599,within-player,16,2019
1,"(0.3, 0.4]",430,0.345660673688,0.360465116279,0.953488372093,0.958929610875,within-player,16,2019
1,"(0.4, 0.6]",463,0.490601561708,0.423326133909,0.965442764579,1.15892103608,within-player,16,2019
1,"(0.6, 0.8]",196,0.689170458532,0.566326530612,0.979591836735,1.21691360245,within-player,16,2019
1,"(0.8, 1.0]",103,0.892818310041,0.902912621359,0.902912621359,0.988820278863,within-player,16,2019
1,"(1.0, inf]",511,1.68668645681,1.44031311155,0.911937377691,1.17105540683,within-player,16,2019
1,"(-0.001, 0.05]",849,0.0370114695736,0.0636042402827,0.641931684335,0.581902549407,within-player,17,2019
1,"(0.05, 0.1]",1731,0.073698204078,0.0814558058925,0.688041594454,0.904763058574,within-player,17,2019
1,"(0.1, 0.15]",1178,0.123062158092,0.130730050934,0.6519524618,0.94134559891,within-player,17,2019
1,"(0.15, 0.2]",830,0.173494617088,0.204819277108,0.707228915663,0.847061954019,within-player,17,2019
1,"(0.2, 0.3]",809,0.243556636842,0.296662546354,0.841779975278,0.820988830022,within-player,17,2019
1,"(0.3, 0.4]",454,0.344829981845,0.321585903084,0.962555066079,1.07227953259,within-player,17,2019
1,"(0.4, 0.6]",451,0.489068253407,0.450110864745,0.973392461197,1.08655065166,within-player,17,2019
1,"(0.6, 0.8]",187,0.684386001983,0.529411764706,0.967914438503,1.29272911486,within-player,17,2019
1,"(0.8, 1.0]",118,0.89571956714,0.822033898305,0.915254237288,1.08963823631,within-player,17,2019
1,"(1.0, inf]",511,1.70844856617,1.4481409002,0.911937377691,1.17975299637,within-player,17,2019
1,"(-0.001, 0.05]",821,0.0368173820044,0.0621193666261,0.666260657734,0.592687659326,within-player,18,2019
1,"(0.05, 0.1]",1750,0.0730466961354,0.0817142857143,0.676,0.893928099559,within-player,18,2019
1,"(0.1, 0.15]",1192,0.123312432107,0.133389261745,0.654362416107,0.924455465857,within-player,18,2019
1,"(0.15, 0.2]",796,0.172844114474,0.218592964824,0.690954773869,0.790712155869,within-player,18,2019
1,"(0.2, 0.3]",874,0.244417497222,0.278032036613,0.855835240275,0.879098323343,within-player,18,2019
1,"(0.3, 0.4]",401,0.343354604133,0.331670822943,0.960099750623,1.03522703953,within-player,18,2019
1,"(0.4, 0.6]",462,0.487836088875,0.458874458874,0.969696969697,1.06311449557,within-player,18,2019
1,"(0.6, 0.8]",205,0.683546993208,0.49756097561,0.980487804878,1.37379542753,within-player,18,2019
1,"(0.8, 1.0]",97,0.898665723348,0.927835051546,0.938144329897,0.968561946275,within-player,18,2019
1,"(1.0, inf]",520,1.68173247998,1.41730769231,0.903846153846,1.18656837122,within-player,18,2019
1,"(-0.001, 0.05]",817,0.0367087137484,0.0575275397797,0.669522643819,0.638106790053,within-player,19,2019
1,"(0.05, 0.1]",1769,0.0732457995796,0.0842283776145,0.665347654042,0.869609526553,within-player,19,2019
1,"(0.1, 0.15]",1172,0.123265590067,0.127986348123,0.671501706485,0.96311514372,within-player,19,2019
1,"(0.15, 0.2]",824,0.173680442041,0.207524271845,0.697815533981,0.836916282116,within-player,19,2019
1,"(0.2, 0.3]",827,0.244097039768,0.292623941959,0.845223700121,0.834166330117,within-player,19,2019
1,"(0.3, 0.4]",433,0.344851713197,0.337182448037,0.958429561201,1.02274514941,within-player,19,2019
1,"(0.4, 0.6]",451,0.4866345125,0.456762749446,0.971175166297,1.06539885989,within-player,19,2019
1,"(0.6, 0.8]",207,0.687013331208,0.48309178744,0.975845410628,1.4221175956,within-player,19,2019
1,"(0.8, 1.0]",96,0.887708760424,0.979166666667,0.916666666667,0.906596180858,within-player,19,2019
1,"(1.0, inf]",522,1.68999479758,1.41570881226,0.909961685824,1.19374463374,within-player,19,2019
1,"(-0.001, 0.05]",47,0.0407863232127,0.0425531914894,0.808510638298,0.958478595499,base-rate-only,-1,2020
1,"(0.05, 0.1]",389,0.0816557071821,0.0899742930591,0.766066838046,0.907544859824,base-rate-only,-1,2020
1,"(0.1, 0.15]",990,0.127458255002,0.0858585858586,0.728282828283,1.48451379355,base-rate-only,-1,2020
1,"(0.15, 0.2]",1116,0.172797631007,0.126344086022,0.71146953405,1.36767486669,base-rate-only,-1,2020
1,"(0.2, 0.3]",1725,0.245605249566,0.181449275362,0.779130434783,1.35357525719,base-rate-only,-1,2020
1,"(0.3, 0.4]",880,0.346273860831,0.271590909091,0.922727272727,1.27498325327,base-rate-only,-1,2020
1,"(0.4, 0.6]",731,0.484493431617,0.376196990424,0.857729138167,1.28787163095,base-rate-only,-1,2020
1,"(0.6, 0.8]",256,0.681584111303,0.53515625,0.859375,1.2736170255,base-rate-only,-1,2020
1,"(0.8, 1.0]",197,0.886195571852,0.53807106599,0.624365482234,1.64698610995,base-rate-only,-1,2020
1,"(1.0, inf]",898,1.50336355427,1.06236080178,0.641425389755,1.41511579846,base-rate-only,-1,2020
1,"(0.05, 0.1]",27,0.0931974748444,0.037037037037,0.740740740741,2.5163318208,current-season-rate,-1,2020
1,"(0.1, 0.15]",253,0.129803623247,0.0869565217391,0.794466403162,1.49274166734,current-season-rate,-1,2020
1,"(0.15, 0.2]",610,0.174818757559,0.111475409836,0.775409836066,1.56822708987,current-season-rate,-1,2020
1,"(0.2, 0.3]",2315,0.253971330157,0.156803455724,0.77494600432,1.6196794196,current-season-rate,-1,2020
1,"(0.3, 0.4]",1412,0.34435080375,0.220254957507,0.845609065156,1.56341908326,current-season-rate,-1,2020
1,"(0.4, 0.6]",1275,0.470087057711,0.270588235294,0.756078431373,1.73727825676,current-season-rate,-1,2020
1,"(0.6, 0.8]",235,0.673923347321,0.582978723404,0.91914893617,1.15599990234,current-season-rate,-1,2020
1,"(0.8, 1.0]",75,0.873339285856,0.826666666667,0.933333333333,1.05645881354,current-season-rate,-1,2020
1,"(1.0, inf]",1027,1.6411514935,0.952288218111,0.604673807205,1.72337687507,current-season-rate,-1,2020
1,"(-0.001, 0.05]",3135,0,0.158851674641,0.660925039872,0,historical-rate,-1,2020
1,"(0.05, 0.1]",468,0.0812200520574,0.128205128205,0.773504273504,0.633516406048,historical-rate,-1,2020
1,"(0.1, 0.15]",505,0.129830495412,0.190099009901,0.849504950495,0.682962501908,historical-rate,-1,2020
1,"(0.15, 0.2]",326,0.17856610478,0.236196319018,0.886503067485,0.756007144911,historical-rate,-1,2020
1,"(0.2, 0.3]",504,0.250335238367,0.224206349206,0.871031746032,1.11653947024,historical-rate,-1,2020
1,"(0.3, 0.4]",624,0.357453885493,0.275641025641,0.951923076923,1.29680944504,historical-rate,-1,2020
1,"(0.4, 0.6]",701,0.487274766167,0.420827389444,0.90727532097,1.15789698672,historical-rate,-1,2020
1,"(0.6, 0.8]",246,0.685620086215,0.491869918699,0.857723577236,1.39390529925,historical-rate,-1,2020
1,"(0.8, 1.0]",226,0.98313316477,0.323008849558,0.424778761062,3.04367253751,historical-rate,-1,2020
1,"(1.0, inf]",494,1.7191354382,1.58299595142,0.86032388664,1.08600115917,historical-rate,-1,2020
1,"(-0.001, 0.05]",794,0.0379224355523,0.0654911838791,0.630982367758,0.579046419779,no-vegas,-1,2020
1,"(0.05, 0.1]",1754,0.0736565068801,0.0912200684151,0.676738882554,0.807459456673,no-vegas,-1,2020
1,"(0.1, 0.15]",1266,0.123348270786,0.138230647709,0.657187993681,0.892336633226,no-vegas,-1,2020
1,"(0.15, 0.2]",780,0.171998560435,0.234615384615,0.733333333333,0.733108618249,no-vegas,-1,2020
1,"(0.2, 0.3]",901,0.246041464214,0.285238623751,0.892341842397,0.862581164425,no-vegas,-1,2020
1,"(0.3, 0.4]",489,0.344485147774,0.425357873211,0.98773006135,0.809871332989,no-vegas,-1,2020
1,"(0.4, 0.6]",479,0.479816620854,0.453027139875,0.985386221294,1.05913438428,no-vegas,-1,2020
1,"(0.6, 0.8]",162,0.687013466548,0.611111111111,0.993827160494,1.12420385435,no-vegas,-1,2020
1,"(0.8, 1.0]",73,0.893914601917,0.876712328767,0.958904109589,1.01962134281,no-vegas,-1,2020
1,"(1.0, inf]",531,1.72151196576,1.64218455744,0.887005649718,1.04830602502,no-vegas,-1,2020
1,"(-0.001, 0.05]",57,0.0391942186794,0.0526315789474,0.842105263158,0.744690154909,player-vegas,-1,2020
1,"(0.05, 0.1]",463,0.0813997336056,0.0928725701944,0.745140388769,0.876466899055,player-vegas,-1,2020
1,"(0.1, 0.15]",986,0.126187642552,0.0872210953347,0.750507099391,1.44675599484,player-vegas,-1,2020
1,"(0.15, 0.2]",1131,0.17458136182,0.129089301503,0.710875331565,1.35240767273,player-vegas,-1,2020
1,"(0.2, 0.3]",1564,0.245591353583,0.188618925831,0.797953964194,1.30205043052,player-vegas,-1,2020
1,"(0.3, 0.4]",874,0.342510930995,0.267734553776,0.87643020595,1.27929296449,player-vegas,-1,2020
1,"(0.4, 0.6]",748,0.480932179788,0.350267379679,0.863636363636,1.3730430171,player-vegas,-1,2020
1,"(0.6, 0.8]",306,0.692474832803,0.470588235294,0.735294117647,1.47150901971,player-vegas,-1,2020
1,"(0.8, 1.0]",268,0.901161727789,0.488805970149,0.630597014925,1.84359803853,player-vegas,-1,2020
1,"(1.0, inf]",832,1.57743738686,1.13341346154,0.675480769231,1.39175811863,player-vegas,-1,2020
1,"(-0.001, 0.05]",851,0.0375886165263,0.190364277321,0.787309048179,0.197456251012,random,0,2020
1,"(0.05, 0.1]",1724,0.0738294455123,0.199535962877,0.771461716937,0.370005709486,random,0,2020
1,"(0.1, 0.15]",1285,0.123477839921,0.308949416342,0.758754863813,0.399670086394,random,0,2020
1,"(0.15, 0.2]",752,0.172383141106,0.434840425532,0.773936170213,0.396428507988,random,0,2020
1,"(0.2, 0.3]",881,0.246387081982,0.269012485812,0.772985244041,0.91589459589,random,0,2020
1,"(0.3, 0.4]",482,0.346502397939,0.244813278008,0.811203319502,1.41537420175,random,0,2020
1,"(0.4, 0.6]",440,0.478699508323,0.234090909091,0.829545454545,2.04492993847,random,0,2020
1,"(0.6, 0.8]",183,0.682673115324,0.327868852459,0.814207650273,2.08215300174,random,0,2020
1,"(0.8, 1.0]",103,0.894170170173,0.349514563107,0.73786407767,2.55832020911,random,0,2020
1,"(1.0, inf]",528,1.77020450121,0.952651515152,0.632575757576,1.85818683228,random,0,2020
1,"(-0.001, 0.05]",852,0.0376153842362,0.228873239437,0.764084507042,0.164350294201,random,1,2020
1,"(0.05, 0.1]",1730,0.0739003854577,0.212716763006,0.790173410405,0.347412138157,random,1,2020
1,"(0.1, 0.15]",1271,0.12342983156,0.331235247836,0.792289535799,0.372634954663,random,1,2020
1,"(0.15, 0.2]",753,0.172446441451,0.393094289509,0.758300132802,0.438689764909,random,1,2020
1,"(0.2, 0.3]",888,0.246339361187,0.275900900901,0.760135135135,0.892854500957,random,1,2020
1,"(0.3, 0.4]",487,0.346588894137,0.227926078029,0.804928131417,1.52061974274,random,1,2020
1,"(0.4, 0.6]",440,0.480045798833,0.231818181818,0.809090909091,2.07078579889,random,1,2020
1,"(0.6, 0.8]",173,0.682345093199,0.404624277457,0.867052023121,1.68636715891,random,1,2020
1,"(0.8, 1.0]",108,0.891537100772,0.222222222222,0.611111111111,4.01191695347,random,1,2020
1,"(1.0, inf]",527,1.77347869143,0.863377609108,0.603415559772,2.05411707777,random,1,2020
1,"(-0.001, 0.05]",850,0.037602004087,0.244705882353,0.815294117647,0.153662035932,random,2,2020
1,"(0.05, 0.1]",1722,0.0737321308422,0.232868757259,0.785714285714,0.316625260125,random,2,2020
1,"(0.1, 0.15]",1279,0.123396567853,0.40109460516,0.788897576231,0.307649532717,random,2,2020
1,"(0.15, 0.2]",758,0.172168109087,0.416886543536,0.766490765172,0.412985527493,random,2,2020
1,"(0.2, 0.3]",889,0.246760680972,0.238470191226,0.773903262092,1.03476530842,random,2,2020
1,"(0.3, 0.4]",475,0.345654576585,0.172631578947,0.772631578947,2.00226736437,random,2,2020
1,"(0.4, 0.6]",445,0.478867865587,0.179775280899,0.74606741573,2.66370250233,random,2,2020
1,"(0.6, 0.8]",177,0.681888277092,0.248587570621,0.813559322034,2.74305056921,random,2,2020
1,"(0.8, 1.0]",109,0.89573930565,0.532110091743,0.761467889908,1.68337214338,random,2,2020
1,"(1.0, inf]",525,1.77425973599,0.710476190476,0.577142857143,2.49728247023,random,2,2020
1,"(-0.001, 0.05]",857,0.0376800536618,0.200700116686,0.796966161027,0.187743058071,random,3,2020
1,"(0.05, 0.1]",1722,0.0738799523517,0.209639953542,0.799070847851,0.352413512326,random,3,2020
1,"(0.1, 0.15]",1267,0.123519100921,0.33228097869,0.767955801105,0.37173088092,random,3,2020
1,"(0.15, 0.2]",756,0.172191630179,0.342592592593,0.736772486772,0.50261340701,random,3,2020
1,"(0.2, 0.3]",900,0.246416108883,0.295555555556,0.775555555556,0.833738714265,random,3,2020
1,"(0.3, 0.4]",469,0.34567806814,0.255863539446,0.808102345416,1.35102511631,random,3,2020
1,"(0.4, 0.6]",447,0.477912730218,0.203579418345,0.769574944072,2.34754934514,random,3,2020
1,"(0.6, 0.8]",178,0.682128081297,0.247191011236,0.730337078652,2.75951814706,random,3,2020
1,"(0.8, 1.0]",108,0.895883813326,0.425925925926,0.675925925926,2.10337938781,random,3,2020
1,"(1.0, inf]",525,1.77380037068,0.965714285714,0.647619047619,1.83677553177,random,3,2020
1,"(-0.001, 0.05]",853,0.0376002124356,0.212192262603,0.78898007034,0.177198791202,random,4,2020
1,"(0.05, 0.1]",1719,0.0737477983041,0.236765561373,0.812100058173,0.311480258685,random,4,2020
1,"(0.1, 0.15]",1278,0.123472650886,0.321596244131,0.757433489828,0.383936856041,random,4,2020
1,"(0.15, 0.2]",762,0.172591422395,0.335958005249,0.700787401575,0.513729155723,random,4,2020
1,"(0.2, 0.3]",885,0.246752699091,0.268926553672,0.78418079096,0.917546801241,random,4,2020
1,"(0.3, 0.4]",479,0.346024465672,0.254697286013,0.812108559499,1.35857146768,random,4,2020
1,"(0.4, 0.6]",446,0.480047150203,0.262331838565,0.784753363229,1.8299233247,random,4,2020
1,"(0.6, 0.8]",174,0.682011802442,0.270114942529,0.781609195402,2.52489475798,random,4,2020
1,"(0.8, 1.0]",108,0.894814296977,0.314814814815,0.731481481481,2.84235129628,random,4,2020
1,"(1.0, inf]",525,1.77264357585,0.902857142857,0.63619047619,1.9633710492,random,4,2020
1,"(-0.001, 0.05]",849,0.0376069246634,0.240282685512,0.797408716137,0.156511171761,random,5,2020
1,"(0.05, 0.1]",1723,0.0736597285725,0.200812536274,0.780034822983,0.36680841714,random,5,2020
1,"(0.1, 0.15]",1278,0.123434855649,0.330985915493,0.786384976526,0.372930840473,random,5,2020
1,"(0.15, 0.2]",754,0.172415814286,0.354111405836,0.720159151194,0.486897093527,random,5,2020
1,"(0.2, 0.3]",891,0.245939121388,0.249158249158,0.778900112233,0.987079987194,random,5,2020
1,"(0.3, 0.4]",486,0.345765809992,0.230452674897,0.820987654321,1.50037663979,random,5,2020
1,"(0.4, 0.6]",437,0.480344371973,0.247139588101,0.759725400458,1.94361565326,random,5,2020
1,"(0.6, 0.8]",178,0.680229801674,0.398876404494,0.752808988764,1.7053648549,random,5,2020
1,"(0.8, 1.0]",106,0.896412037596,0.481132075472,0.77358490566,1.86313090167,random,5,2020
1,"(1.0, inf]",527,1.77270873715,0.916508538899,0.650853889943,1.93419773184,random,5,2020
1,"(-0.001, 0.05]",853,0.0376666216082,0.20164126612,0.800703399766,0.186800164138,random,6,2020
1,"(0.05, 0.1]",1723,0.0738177244333,0.218804410911,0.784097504353,0.337368538988,random,6,2020
1,"(0.1, 0.15]",1271,0.123411903495,0.3564122738,0.767112509835,0.346261654178,random,6,2020
1,"(0.15, 0.2]",754,0.171929869386,0.371352785146,0.790450928382,0.462982576846,random,6,2020
1,"(0.2, 0.3]",899,0.245911399679,0.301446051168,0.78531701891,0.815772502995,random,6,2020
1,"(0.3, 0.4]",472,0.346198459576,0.271186440678,0.76906779661,1.27660681969,random,6,2020
1,"(0.4, 0.6]",447,0.479095204382,0.196868008949,0.765100671141,2.43358586771,random,6,2020
1,"(0.6, 0.8]",176,0.682310678823,0.255681818182,0.784090909091,2.66859287717,random,6,2020
1,"(0.8, 1.0]",106,0.891767886249,0.443396226415,0.72641509434,2.01122119026,random,6,2020
1,"(1.0, inf]",528,1.76852317618,0.806818181818,0.609848484848,2.19197238738,random,6,2020
1,"(-0.001, 0.05]",848,0.0375919297887,0.189858490566,0.801886792453,0.19799972957,random,7,2020
1,"(0.05, 0.1]",1725,0.0737043148601,0.238260869565,0.802898550725,0.309342927333,random,7,2020
1,"(0.1, 0.15]",1279,0.123339142655,0.347146207975,0.759968725567,0.355294512287,random,7,2020
1,"(0.15, 0.2]",744,0.171954426402,0.40188172043,0.745967741935,0.427873221548,random,7,2020
1,"(0.2, 0.3]",900,0.245809536316,0.295555555556,0.771111111111,0.831686401069,random,7,2020
1,"(0.3, 0.4]",483,0.346805825198,0.207039337474,0.790890269151,1.67507213571,random,7,2020
1,"(0.4, 0.6]",440,0.47906092931,0.213636363636,0.777272727273,2.2424128606,random,7,2020
1,"(0.6, 0.8]",178,0.681359102069,0.342696629213,0.814606741573,1.98822819948,random,7,2020
1,"(0.8, 1.0]",105,0.893155856778,0.590476190476,0.780952380952,1.51260266067,random,7,2020
1,"(1.0, inf]",527,1.77417397414,0.738140417457,0.599620493359,2.4035724534,random,7,2020
1,"(-0.001, 0.05]",850,0.0375968270074,0.215294117647,0.798823529412,0.174630070799,random,8,2020
1,"(0.05, 0.1]",1730,0.073813896806,0.22774566474,0.796531791908,0.32410670425,random,8,2020
1,"(0.1, 0.15]",1271,0.123396526746,0.31628638867,0.762391817467,0.390141754962,random,8,2020
1,"(0.15, 0.2]",754,0.172362348744,0.389920424403,0.775862068966,0.442044935214,random,8,2020
1,"(0.2, 0.3]",893,0.246631514702,0.246360582307,0.760358342665,1.00109973922,random,8,2020
1,"(0.3, 0.4]",478,0.346252785608,0.292887029289,0.761506276151,1.18220593943,random,8,2020
1,"(0.4, 0.6]",441,0.478294861308,0.15873015873,0.786848072562,3.01325762624,random,8,2020
1,"(0.6, 0.8]",176,0.680701588319,0.267045454545,0.823863636364,2.54901020307,random,8,2020
1,"(0.8, 1.0]",110,0.894255838292,0.445454545455,0.727272727273,2.00751310637,random,8,2020
1,"(1.0, inf]",526,1.77392235835,0.927756653992,0.621673003802,1.91205565675,random,8,2020
1,"(-0.001, 0.05]",855,0.0376281171222,0.233918128655,0.787134502924,0.160860200697,random,9,2020
1,"(0.05, 0.1]",1718,0.0738007196301,0.221769499418,0.802677532014,0.332781197702,random,9,2020
1,"(0.1, 0.15]",1273,0.123131280452,0.324430479183,0.765121759623,0.379530556939,random,9,2020
1,"(0.15, 0.2]",755,0.172381537865,0.356291390728,0.729801324503,0.483821788433,random,9,2020
1,"(0.2, 0.3]",904,0.246714146911,0.261061946903,0.800884955752,0.945040630539,random,9,2020
1,"(0.3, 0.4]",471,0.346920351531,0.261146496815,0.791932059448,1.32845110221,random,9,2020
1,"(0.4, 0.6]",444,0.479493525143,0.231981981982,0.79954954955,2.06694296275,random,9,2020
1,"(0.6, 0.8]",173,0.679962709149,0.21387283237,0.71676300578,3.17928509953,random,9,2020
1,"(0.8, 1.0]",109,0.892413543242,0.422018348624,0.651376146789,2.1146320916,random,9,2020
1,"(1.0, inf]",527,1.77225038782,0.908918406072,0.624288425047,1.94984541625,random,9,2020
1,"(-0.001, 0.05]",848,0.0375483979294,0.241745283019,0.792452830189,0.155322153386,random,10,2020
1,"(0.05, 0.1]",1724,0.0736796268969,0.233178654292,0.814385150812,0.315979295448,random,10,2020
1,"(0.1, 0.15]",1285,0.123450131662,0.318287937743,0.767315175097,0.387856770625,random,10,2020
1,"(0.15, 0.2]",750,0.172356343367,0.456,0.734666666667,0.377974437208,random,10,2020
1,"(0.2, 0.3]",885,0.24612893676,0.231638418079,0.783050847458,1.06255662943,random,10,2020
1,"(0.3, 0.4]",482,0.345761363591,0.215767634855,0.742738589212,1.6024709351,random,10,2020
1,"(0.4, 0.6]",441,0.478539086751,0.229024943311,0.777777777778,2.08946274512,random,10,2020
1,"(0.6, 0.8]",182,0.681354126684,0.269230769231,0.835164835165,2.53074389911,random,10,2020
1,"(0.8, 1.0]",106,0.891481591179,0.283018867925,0.688679245283,3.14990162216,random,10,2020
1,"(1.0, inf]",526,1.77522207684,0.836501901141,0.610266159696,2.12219730095,random,10,2020
1,"(-0.001, 0.05]",855,0.0375874393209,0.20701754386,0.785964912281,0.181566444177,random,11,2020
1,"(0.05, 0.1]",1718,0.0738985493829,0.209545983702,0.791618160652,0.352660299555,random,11,2020
1,"(0.1, 0.15]",1280,0.123413933636,0.30234375,0.73984375,0.408190788252,random,11,2020
1,"(0.15, 0.2]",757,0.172521082801,0.38177014531,0.756935270806,0.451897784362,random,11,2020
1,"(0.2, 0.3]",891,0.246672980013,0.298540965208,0.789001122334,0.826261748842,random,11,2020
1,"(0.3, 0.4]",477,0.346394754359,0.253668763103,0.842767295597,1.36553965148,random,11,2020
1,"(0.4, 0.6]",438,0.47923411873,0.196347031963,0.7899543379,2.44075051167,random,11,2020
1,"(0.6, 0.8]",181,0.682496790186,0.243093922652,0.767955801105,2.80754361418,random,11,2020
1,"(0.8, 1.0]",106,0.893072565655,0.632075471698,0.679245283019,1.41292077551,random,11,2020
1,"(1.0, inf]",526,1.77447090024,0.931558935361,0.644486692015,1.90484019087,random,11,2020
1,"(-0.001, 0.05]",847,0.0375828857645,0.195985832349,0.779220779221,0.191763278569,random,12,2020
1,"(0.05, 0.1]",1727,0.0736902003014,0.248986682108,0.807180081065,0.295960409117,random,12,2020
1,"(0.1, 0.15]",1281,0.123528684956,0.304449648712,0.742388758782,0.405744219049,random,12,2020
1,"(0.15, 0.2]",751,0.172438790491,0.387483355526,0.743009320905,0.445022445563,random,12,2020
1,"(0.2, 0.3]",887,0.24615168653,0.273957158963,0.781285231116,0.898504304331,random,12,2020
1,"(0.3, 0.4]",481,0.345494393585,0.193347193347,0.773388773389,1.7869118636,random,12,2020
1,"(0.4, 0.6]",445,0.478524297575,0.202247191011,0.826966292135,2.36603680468,random,12,2020
1,"(0.6, 0.8]",174,0.679497314017,0.195402298851,0.683908045977,3.47742743056,random,12,2020
1,"(0.8, 1.0]",110,0.894923573432,0.327272727273,0.654545454545,2.7344886966,random,12,2020
1,"(1.0, inf]",526,1.77028710204,0.977186311787,0.695817490494,1.81161676201,random,12,2020
1,"(-0.001, 0.05]",858,0.0377458328764,0.244755244755,0.810023310023,0.154218688609,random,13,2020
1,"(0.05, 0.1]",1720,0.0738622796236,0.204651162791,0.776162790698,0.360917957252,random,13,2020
1,"(0.1, 0.15]",1272,0.123512988629,0.319182389937,0.754716981132,0.386966801814,random,13,2020
1,"(0.15, 0.2]",753,0.172381130842,0.424966799469,0.755644090305,0.405634348512,random,13,2020
1,"(0.2, 0.3]",893,0.245774796231,0.278835386338,0.79843225084,0.881433305358,random,13,2020
1,"(0.3, 0.4]",477,0.34585823505,0.20964360587,0.809224318658,1.64974378119,random,13,2020
1,"(0.4, 0.6]",445,0.478768358081,0.23595505618,0.784269662921,2.02906589853,random,13,2020
1,"(0.6, 0.8]",178,0.680305216703,0.174157303371,0.76404494382,3.90626866365,random,13,2020
1,"(0.8, 1.0]",107,0.89428437137,0.570093457944,0.766355140187,1.56866274978,random,13,2020
1,"(1.0, inf]",526,1.77460632648,0.861216730038,0.623574144487,2.06058041442,random,13,2020
1,"(-0.001, 0.05]",852,0.0376622318324,0.201877934272,0.782863849765,0.186559427449,random,14,2020
1,"(0.05, 0.1]",1722,0.0737238292031,0.204413472706,0.791521486643,0.360660323545,random,14,2020
1,"(0.1, 0.15]",1280,0.123499692205,0.3109375,0.76484375,0.397184939754,random,14,2020
1,"(0.15, 0.2]",751,0.172359925776,0.355525965379,0.747003994674,0.484802637668,random,14,2020
1,"(0.2, 0.3]",891,0.246105044248,0.31874298541,0.802469135802,0.772111247975,random,14,2020
1,"(0.3, 0.4]",484,0.346513171637,0.206611570248,0.780991735537,1.67712375072,random,14,2020
1,"(0.4, 0.6]",435,0.479037376583,0.144827586207,0.72183908046,3.30763902879,random,14,2020
1,"(0.6, 0.8]",182,0.681110957735,0.285714285714,0.769230769231,2.38388835207,random,14,2020
1,"(0.8, 1.0]",105,0.894919310907,0.466666666667,0.695238095238,1.91768423766,random,14,2020
1,"(1.0, inf]",527,1.7717991435,1.04364326376,0.68880455408,1.69770572477,random,14,2020
1,"(-0.001, 0.05]",853,0.0376048244142,0.207502930832,0.783118405627,0.181225509747,random,15,2020
1,"(0.05, 0.1]",1724,0.0737920621301,0.225638051044,0.796983758701,0.327037313913,random,15,2020
1,"(0.1, 0.15]",1277,0.12350922483,0.355520751762,0.789350039154,0.347403700679,random,15,2020
1,"(0.15, 0.2]",751,0.172576851295,0.366178428762,0.753661784288,0.471291692082,random,15,2020
1,"(0.2, 0.3]",899,0.246922134613,0.298109010011,0.774193548387,0.82829477245,random,15,2020
1,"(0.3, 0.4]",468,0.34618261993,0.202991452991,0.754273504274,1.7054049066,random,15,2020
1,"(0.4, 0.6]",447,0.478989841066,0.194630872483,0.76062639821,2.46101676962,random,15,2020
1,"(0.6, 0.8]",175,0.680057206345,0.24,0.794285714286,2.8335716931,random,15,2020
1,"(0.8, 1.0]",108,0.893666646483,0.481481481481,0.703703703704,1.85607688116,random,15,2020
1,"(1.0, inf]",527,1.77100657277,0.85009487666,0.631878557875,2.08330460681,random,15,2020
1,"(-0.001, 0.05]",848,0.0375546739457,0.245283018868,0.817216981132,0.153107516856,random,16,2020
1,"(0.05, 0.1]",1726,0.0736428592445,0.216685979143,0.802433371958,0.339859826353,random,16,2020
1,"(0.1, 0.15]",1288,0.123607273989,0.343944099379,0.75698757764,0.3593818711,random,16,2020
1,"(0.15, 0.2]",741,0.172504148891,0.36032388664,0.734143049933,0.478747469394,random,16,2020
1,"(0.2, 0.3]",899,0.246482336377,0.318131256952,0.79977753059,0.774781889521,random,16,2020
1,"(0.3, 0.4]",474,0.347284311303,0.221518987342,0.784810126582,1.56774060531,random,16,2020
1,"(0.4, 0.6]",439,0.478225243136,0.271070615034,0.760820045558,1.76420909023,random,16,2020
1,"(0.6, 0.8]",179,0.679115852583,0.206703910615,0.798882681564,3.2854523679,random,16,2020
1,"(0.8, 1.0]",107,0.893355440219,0.429906542056,0.710280373832,2.07802243703,random,16,2020
1,"(1.0, inf]",528,1.77279064699,0.761363636364,0.590909090909,2.3284414468,random,16,2020
1,"(-0.001, 0.05]",856,0.0377829977638,0.220794392523,0.799065420561,0.171122995163,random,17,2020
1,"(0.05, 0.1]",1725,0.0739529584257,0.20347826087,0.779710144928,0.363444026451,random,17,2020
1,"(0.1, 0.15]",1270,0.123275906856,0.32125984252,0.781102362205,0.383726474774,random,17,2020
1,"(0.15, 0.2]",756,0.172416723759,0.363756613757,0.752645502646,0.47398924786,random,17,2020
1,"(0.2, 0.3]",892,0.246680547709,0.272421524664,0.758968609865,0.905510487887,random,17,2020
1,"(0.3, 0.4]",476,0.346012892019,0.205882352941,0.802521008403,1.68063404695,random,17,2020
1,"(0.4, 0.6]",446,0.479031088563,0.331838565022,0.813901345291,1.44356665878,random,17,2020
1,"(0.6, 0.8]",173,0.682104850924,0.254335260116,0.734104046243,2.68191225477,random,17,2020
1,"(0.8, 1.0]",109,0.89202854685,0.45871559633,0.752293577982,1.94462223213,random,17,2020
1,"(1.0, inf]",526,1.77176914394,0.914448669202,0.631178707224,1.93752717196,random,17,2020
1,"(-0.001, 0.05]",844,0.0375419989971,0.187203791469,0.774881516588,0.200540804769,random,18,2020
1,"(0.05, 0.1]",1728,0.0736293612019,0.21412037037,0.787615740741,0.34386901664,random,18,2020
1,"(0.1, 0.15]",1283,0.123374134794,0.335151987529,0.77007014809,0.368113988235,random,18,2020
1,"(0.15, 0.2]",751,0.172440432432,0.368841544607,0.762982689747,0.46751900634,random,18,2020
1,"(0.2, 0.3]",897,0.246546397135,0.263099219621,0.775919732441,0.937085246738,random,18,2020
1,"(0.3, 0.4]",470,0.346265675189,0.231914893617,0.763829787234,1.49307217742,random,18,2020
1,"(0.4, 0.6]",445,0.478737628761,0.220224719101,0.784269662921,2.1738596408,random,18,2020
1,"(0.6, 0.8]",179,0.682820485374,0.234636871508,0.832402234637,2.91011587814,random,18,2020
1,"(0.8, 1.0]",107,0.892995268722,0.345794392523,0.794392523364,2.58244577711,random,18,2020
1,"(1.0, inf]",525,1.77650974059,1.00952380952,0.645714285714,1.75975021474,random,18,2020
1,"(-0.001, 0.05]",851,0.0375845576481,0.212690951821,0.808460634548,0.176709715793,random,19,2020
1,"(0.05, 0.1]",1723,0.0737552536956,0.217063261753,0.780034822983,0.339786904058,random,19,2020
1,"(0.1, 0.15]",1277,0.123406942072,0.346123727486,0.796397807361,0.356539966123,random,19,2020
1,"(0.15, 0.2]",752,0.172146430978,0.36170212766,0.719414893617,0.475934250352,random,19,2020
1,"(0.2, 0.3]",900,0.24646192083,0.227777777778,0.742222222222,1.08202794511,random,19,2020
1,"(0.3, 0.4]",468,0.346236029667,0.235042735043,0.82264957265,1.47307692622,random,19,2020
1,"(0.4, 0.6]",443,0.478481733983,0.223476297968,0.744920993228,2.14108493085,random,19,2020
1,"(0.6, 0.8]",180,0.679636183589,0.333333333333,0.861111111111,2.03890855077,random,19,2020
1,"(0.8, 1.0]",113,0.895146043359,0.442477876106,0.725663716814,2.02303005799,random,19,2020
1,"(1.0, inf]",522,1.77758421349,0.946360153257,0.657088122605,1.87833797458,random,19,2020
1,"(0.05, 0.1]",140,0.089780314871,0.0642857142857,0.857142857143,1.39658267577,regressed-rate,-1,2020
1,"(0.1, 0.15]",486,0.129207399111,0.119341563786,0.763374485597,1.082668896,regressed-rate,-1,2020
1,"(0.15, 0.2]",1167,0.173183404898,0.119965724079,0.677806341045,1.44360738226,regressed-rate,-1,2020
1,"(0.2, 0.3]",2538,0.243368906707,0.171000788022,0.781717888101,1.42320342217,regressed-rate,-1,2020
1,"(0.3, 0.4]",745,0.348876310538,0.257718120805,0.923489932886,1.35371276745,regressed-rate,-1,2020
1,"(0.4, 0.6]",969,0.476521131399,0.381836945304,0.856553147575,1.24797020629,regressed-rate,-1,2020
1,"(0.6, 0.8]",91,0.70476164811,0.648351648352,1,1.08700525386,regressed-rate,-1,2020
1,"(0.8, 1.0]",81,0.915290822789,0.604938271605,0.765432098765,1.51303176828,regressed-rate,-1,2020
1,"(1.0, inf]",1012,1.40922848245,0.96442687747,0.608695652174,1.46120822155,regressed-rate,-1,2020
1,"(-0.001, 0.05]",851,0.0377546411422,0.0634547591069,0.62749706228,0.594985178,shipped,-1,2020
1,"(0.05, 0.1]",1721,0.0737487644959,0.0970366066241,0.686809994189,0.760009722739,shipped,-1,2020
1,"(0.1, 0.15]",1275,0.123263161865,0.142745098039,0.665882352941,0.863519403173,shipped,-1,2020
1,"(0.15, 0.2]",756,0.172379248908,0.219576719577,0.71164021164,0.785052482977,shipped,-1,2020
1,"(0.2, 0.3]",895,0.245988310834,0.286033519553,0.890502793296,0.85999819608,shipped,-1,2020
1,"(0.3, 0.4]",484,0.346296753114,0.429752066116,0.98347107438,0.805805906286,shipped,-1,2020
1,"(0.4, 0.6]",444,0.480928303128,0.468468468468,0.986486486486,1.02659695475,shipped,-1,2020
1,"(0.6, 0.8]",172,0.684297002603,0.53488372093,1,1.27933787443,shipped,-1,2020
1,"(0.8, 1.0]",106,0.895131956996,0.792452830189,0.915094339623,1.12957127907,shipped,-1,2020
1,"(1.0, inf]",525,1.77259824976,1.65714285714,0.895238095238,1.06967135762,shipped,-1,2020
1,"(0.05, 0.1]",601,0.0830004608162,0.0582362728785,0.440931780366,1.4252364843,vegas-environment,-1,2020
1,"(0.1, 0.15]",834,0.131167652875,0.0803357314149,0.595923261391,1.63274361937,vegas-environment,-1,2020
1,"(0.15, 0.2]",1775,0.175674184644,0.120563380282,0.772957746479,1.45711064366,vegas-environment,-1,2020
1,"(0.2, 0.3]",1766,0.250908694295,0.223103057758,0.733295583239,1.12463135565,vegas-environment,-1,2020
1,"(0.3, 0.4]",1091,0.345523754579,0.366636113657,0.95142071494,0.942416040614,vegas-environment,-1,2020
1,"(0.4, 0.6]",648,0.467191915436,0.50462962963,0.979938271605,0.925811502148,vegas-environment,-1,2020
1,"(0.6, 0.8]",2,0.638431059144,0,1,,vegas-environment,-1,2020
1,"(1.0, inf]",512,1.65928680026,1.66015625,0.876953125,0.999476284391,vegas-environment,-1,2020
1,"(-0.001, 0.05]",856,0.0375865698647,0.0607476635514,0.642523364486,0.618732765465,within-player,0,2020
1,"(0.05, 0.1]",1709,0.0738060273049,0.0983031012288,0.681100058514,0.750800599191,within-player,0,2020
1,"(0.1, 0.15]",1280,0.122976641009,0.14921875,0.665625,0.824136651789,within-player,0,2020
1,"(0.15, 0.2]",766,0.173213309177,0.21409921671,0.704960835509,0.8090328953,within-player,0,2020
1,"(0.2, 0.3]",838,0.247040748561,0.305489260143,0.889021479714,0.808672450368,within-player,0,2020
1,"(0.3, 0.4]",551,0.344054979309,0.372050816697,0.985480943739,0.924752651704,within-player,0,2020
1,"(0.4, 0.6]",434,0.485094849884,0.465437788018,0.986175115207,1.04223348936,within-player,0,2020
1,"(0.6, 0.8]",171,0.68722975544,0.543859649123,0.994152046784,1.26361600194,within-player,0,2020
1,"(0.8, 1.0]",106,0.898637312906,0.830188679245,0.905660377358,1.08244949055,within-player,0,2020
1,"(1.0, inf]",518,1.78865328685,1.67567567568,0.897683397683,1.0674221228,within-player,0,2020
1,"(-0.001, 0.05]",861,0.0377818535945,0.0627177700348,0.642276422764,0.602410665646,within-player,1,2020
1,"(0.05, 0.1]",1699,0.0738434560675,0.0959387875221,0.685108887581,0.769693446986,within-player,1,2020
1,"(0.1, 0.15]",1280,0.122924856064,0.153125,0.66328125,0.802774570216,within-player,1,2020
1,"(0.15, 0.2]",771,0.172963725506,0.204928664073,0.704280155642,0.844019192186,within-player,1,2020
1,"(0.2, 0.3]",854,0.244788469949,0.292740046838,0.889929742389,0.836197413345,within-player,1,2020
1,"(0.3, 0.4]",503,0.343504604897,0.371769383698,0.978131212724,0.923972279482,within-player,1,2020
1,"(0.4, 0.6]",469,0.48246574264,0.479744136461,0.993603411514,1.00567303688,within-player,1,2020
1,"(0.6, 0.8]",161,0.68349130413,0.664596273292,0.975155279503,1.02843084079,within-player,1,2020
1,"(0.8, 1.0]",103,0.898197835916,0.757281553398,0.932038834951,1.18608175768,within-player,1,2020
1,"(1.0, inf]",528,1.77826022907,1.64583333333,0.895833333333,1.08046191133,within-player,1,2020
1,"(-0.001, 0.05]",853,0.0376975770835,0.0586166471278,0.634232121923,0.643120665045,within-player,2,2020
1,"(0.05, 0.1]",1751,0.0739075592544,0.101085094232,0.681896059395,0.731142012737,within-player,2,2020
1,"(0.1, 0.15]",1234,0.123739696901,0.139384116694,0.662884927066,0.887760383577,within-player,2,2020
1,"(0.15, 0.2]",765,0.172962713695,0.230065359477,0.724183006536,0.751798158957,within-player,2,2020
1,"(0.2, 0.3]",872,0.246166376257,0.29128440367,0.881880733945,0.845106614552,within-player,2,2020
1,"(0.3, 0.4]",521,0.345247546558,0.397312859885,0.982725527831,0.868956385297,within-player,2,2020
1,"(0.4, 0.6]",431,0.483823374977,0.443155452436,0.993039443155,1.09176897704,within-player,2,2020
1,"(0.6, 0.8]",172,0.687980993575,0.645348837209,0.994186046512,1.06606063869,within-player,2,2020
1,"(0.8, 1.0]",100,0.893691238881,0.77,0.9,1.16063797257,within-player,2,2020
1,"(1.0, inf]",530,1.79130379458,1.64528301887,0.898113207547,1.08875115955,within-player,2,2020
1,"(-0.001, 0.05]",858,0.0376954313367,0.0687645687646,0.644522144522,0.548181018422,within-player,3,2020
1,"(0.05, 0.1]",1694,0.0735129649589,0.0932703659976,0.682998819362,0.788170649623,within-player,3,2020
1,"(0.1, 0.15]",1276,0.123554668517,0.148119122257,0.651253918495,0.834157444589,within-player,3,2020
1,"(0.15, 0.2]",761,0.173251832042,0.22864651774,0.722733245729,0.757727840138,within-player,3,2020
1,"(0.2, 0.3]",873,0.24508390277,0.284077892325,0.886597938144,0.862734867412,within-player,3,2020
1,"(0.3, 0.4]",522,0.346624620907,0.379310344828,0.978927203065,0.913828546026,within-player,3,2020
1,"(0.4, 0.6]",449,0.482681928984,0.483296213808,0.991091314031,0.998728968267,within-player,3,2020
1,"(0.6, 0.8]",174,0.682946306611,0.591954022989,0.994252873563,1.15371511991,within-player,3,2020
1,"(0.8, 1.0]",91,0.891824891927,0.703296703297,0.934065934066,1.26806351821,within-player,3,2020
1,"(1.0, inf]",531,1.78503896683,1.6516007533,0.892655367232,1.0807932627,within-player,3,2020
1,"(-0.001, 0.05]",822,0.0372571397868,0.0632603406326,0.647201946472,0.588949402015,within-player,4,2020
1,"(0.05, 0.1]",1750,0.0731667103889,0.105142857143,0.682857142857,0.695879039025,within-player,4,2020
1,"(0.1, 0.15]",1256,0.123733410553,0.144904458599,0.660828025478,0.853896503595,within-player,4,2020
1,"(0.15, 0.2]",789,0.172540200723,0.198986058302,0.713561470215,0.867096932295,within-player,4,2020
1,"(0.2, 0.3]",856,0.245785467696,0.309579439252,0.883177570093,0.793933435274,within-player,4,2020
1,"(0.3, 0.4]",527,0.346319977433,0.379506641366,0.981024667932,0.912553140535,within-player,4,2020
1,"(0.4, 0.6]",432,0.487664838376,0.449074074074,0.990740740741,1.08593407308,within-player,4,2020
1,"(0.6, 0.8]",169,0.693902041932,0.562130177515,0.988165680473,1.23441521144,within-player,4,2020
1,"(0.8, 1.0]",102,0.887132149615,0.754901960784,0.911764705882,1.17516206832,within-player,4,2020
1,"(1.0, inf]",526,1.78465458961,1.67490494297,0.897338403042,1.06552589573,within-player,4,2020
1,"(-0.001, 0.05]",817,0.0374688922231,0.0685434516524,0.641370869033,0.54664437404,within-player,5,2020
1,"(0.05, 0.1]",1757,0.0731559688111,0.0984632896983,0.685828116107,0.742977093648,within-player,5,2020
1,"(0.1, 0.15]",1255,0.122687607458,0.147410358566,0.662948207171,0.832286201945,within-player,5,2020
1,"(0.15, 0.2]",761,0.172623272128,0.206307490145,0.704336399474,0.836728089742,within-player,5,2020
1,"(0.2, 0.3]",899,0.244776688962,0.310344827586,0.882091212458,0.788724886654,within-player,5,2020
1,"(0.3, 0.4]",495,0.344358927493,0.369696969697,0.983838383838,0.931462672727,within-player,5,2020
1,"(0.4, 0.6]",429,0.481022506336,0.456876456876,0.988344988345,1.05285028172,within-player,5,2020
1,"(0.6, 0.8]",187,0.683667290904,0.588235294118,1,1.16223439454,within-player,5,2020
1,"(0.8, 1.0]",115,0.891324155969,0.75652173913,0.895652173913,1.17818710272,within-player,5,2020
1,"(1.0, inf]",514,1.79286253676,1.67509727626,0.898832684825,1.0703035353,within-player,5,2020
1,"(-0.001, 0.05]",857,0.0375494377109,0.0641773628938,0.640606767795,0.58508851124,within-player,6,2020
1,"(0.05, 0.1]",1687,0.0733878081052,0.0972139893302,0.676941315945,0.754909952887,within-player,6,2020
1,"(0.1, 0.15]",1304,0.122786920223,0.146472392638,0.664877300613,0.838293947494,within-player,6,2020
1,"(0.15, 0.2]",758,0.173328262757,0.225593667546,0.722955145119,0.768320603333,within-player,6,2020
1,"(0.2, 0.3]",859,0.244859311248,0.275902211874,0.884749708964,0.887485858066,within-player,6,2020
1,"(0.3, 0.4]",531,0.346421393806,0.403013182674,0.983050847458,0.859578318275,within-player,6,2020
1,"(0.4, 0.6]",439,0.483543341046,0.478359908884,0.990888382688,1.01083584152,within-player,6,2020
1,"(0.6, 0.8]",168,0.686102704861,0.565476190476,0.988095238095,1.21331846754,within-player,6,2020
1,"(0.8, 1.0]",100,0.891732660879,0.75,0.9,1.18897688117,within-player,6,2020
1,"(1.0, inf]",526,1.78444580035,1.66349809886,0.901140684411,1.07270684684,within-player,6,2020
1,"(-0.001, 0.05]",857,0.037753327088,0.0641773628938,0.635939323221,0.588265478444,within-player,7,2020
1,"(0.05, 0.1]",1704,0.0736396766659,0.0968309859155,0.683685446009,0.760497024477,within-player,7,2020
1,"(0.1, 0.15]",1262,0.123331177309,0.144215530903,0.664025356577,0.855186515186,within-player,7,2020
1,"(0.15, 0.2]",795,0.173402137523,0.218867924528,0.711949685535,0.79226838696,within-player,7,2020
1,"(0.2, 0.3]",832,0.245807180126,0.304086538462,0.891826923077,0.808346141757,within-player,7,2020
1,"(0.3, 0.4]",525,0.344609993943,0.35619047619,0.977142857143,0.96748795091,within-player,7,2020
1,"(0.4, 0.6]",458,0.4835418228,0.497816593886,0.991266375546,0.971325240536,within-player,7,2020
1,"(0.6, 0.8]",167,0.679974177365,0.592814371257,0.988023952096,1.14702714768,within-player,7,2020
1,"(0.8, 1.0]",104,0.893532815879,0.701923076923,0.913461538462,1.27297825824,within-player,7,2020
1,"(1.0, inf]",525,1.77869203818,1.65904761905,0.895238095238,1.07211632612,within-player,7,2020
1,"(-0.001, 0.05]",827,0.0372492459267,0.0677146311971,0.646916565901,0.550091542525,within-player,8,2020
1,"(0.05, 0.1]",1754,0.0737390424852,0.0986316989738,0.679589509692,0.747620118607,within-player,8,2020
1,"(0.1, 0.15]",1244,0.123082601833,0.145498392283,0.659967845659,0.845937882208,within-player,8,2020
1,"(0.15, 0.2]",792,0.172432759436,0.214646464646,0.710858585859,0.803333796903,within-player,8,2020
1,"(0.2, 0.3]",852,0.24584561925,0.284037558685,0.892018779343,0.865539122318,within-player,8,2020
1,"(0.3, 0.4]",511,0.345827281074,0.40313111546,0.978473581213,0.857853109849,within-player,8,2020
1,"(0.4, 0.6]",441,0.478211309814,0.458049886621,0.993197278912,1.04401578034,within-player,8,2020
1,"(0.6, 0.8]",177,0.688448569098,0.587570621469,0.994350282486,1.17168650702,within-player,8,2020
1,"(0.8, 1.0]",107,0.896780841685,0.757009345794,0.878504672897,1.1846364205,within-player,8,2020
1,"(1.0, inf]",524,1.76969053564,1.6641221374,0.904580152672,1.06343789068,within-player,8,2020
1,"(-0.001, 0.05]",844,0.0374927446155,0.0627962085308,0.645734597156,0.597054272745,within-player,9,2020
1,"(0.05, 0.1]",1729,0.0736874738176,0.0948525159051,0.679005205321,0.776863672138,within-player,9,2020
1,"(0.1, 0.15]",1271,0.123698068935,0.139260424862,0.660110149489,0.888249975232,within-player,9,2020
1,"(0.15, 0.2]",757,0.173096462361,0.228533685601,0.721268163804,0.757422092529,within-player,9,2020
1,"(0.2, 0.3]",860,0.245145200224,0.289534883721,0.877906976744,0.846686233705,within-player,9,2020
1,"(0.3, 0.4]",531,0.346044958523,0.414312617702,0.988700564972,0.835226695344,within-player,9,2020
1,"(0.4, 0.6]",429,0.480788121634,0.449883449883,0.990675990676,1.06869484032,within-player,9,2020
1,"(0.6, 0.8]",171,0.681805601656,0.631578947368,0.994152046784,1.07952553596,within-player,9,2020
1,"(0.8, 1.0]",116,0.880371198229,0.76724137931,0.905172413793,1.14745010106,within-player,9,2020
1,"(1.0, inf]",521,1.78363062404,1.65259117083,0.90019193858,1.07929332767,within-player,9,2020
1,"(-0.001, 0.05]",851,0.0377568586202,0.0622796709753,0.635722679201,0.6062469186,within-player,10,2020
1,"(0.05, 0.1]",1715,0.0735567145498,0.108454810496,0.686880466472,0.678224545446,within-player,10,2020
1,"(0.1, 0.15]",1266,0.12273746,0.139020537125,0.668246445498,0.88287286568,within-player,10,2020
1,"(0.15, 0.2]",780,0.172151304331,0.201282051282,0.710256410256,0.855273996037,within-player,10,2020
1,"(0.2, 0.3]",878,0.24470678835,0.302961275626,0.874715261959,0.807716391621,within-player,10,2020
1,"(0.3, 0.4]",498,0.346596661038,0.381526104418,0.987951807229,0.908448090511,within-player,10,2020
1,"(0.4, 0.6]",451,0.486091002136,0.470066518847,0.9955654102,1.03408982058,within-player,10,2020
1,"(0.6, 0.8]",157,0.685456606976,0.617834394904,0.993630573248,1.10945038449,within-player,10,2020
1,"(0.8, 1.0]",110,0.886060437785,0.754545454545,0.918181818182,1.17429696574,within-player,10,2020
1,"(1.0, inf]",523,1.78637886413,1.65774378585,0.894837476099,1.07759647744,within-player,10,2020
1,"(-0.001, 0.05]",845,0.037582623029,0.0615384615385,0.634319526627,0.610717624221,within-player,11,2020
1,"(0.05, 0.1]",1732,0.073955786021,0.0975750577367,0.682448036952,0.757937404665,within-player,11,2020
1,"(0.1, 0.15]",1241,0.122715362578,0.149879129734,0.665592264303,0.8187621772,within-player,11,2020
1,"(0.15, 0.2]",789,0.173429114411,0.20278833967,0.716096324461,0.855222320439,within-player,11,2020
1,"(0.2, 0.3]",847,0.245811529355,0.302243211334,0.880755608028,0.813290489703,within-player,11,2020
1,"(0.3, 0.4]",545,0.346704736575,0.398165137615,0.983486238532,0.870756135637,within-player,11,2020
1,"(0.4, 0.6]",436,0.483608682931,0.449541284404,0.993119266055,1.0757825804,within-player,11,2020
1,"(0.6, 0.8]",164,0.682996679875,0.65243902439,0.993902439024,1.04683603271,within-player,11,2020
1,"(0.8, 1.0]",106,0.894151819677,0.783018867925,0.905660377358,1.14192882995,within-player,11,2020
1,"(1.0, inf]",524,1.78894842364,1.64312977099,0.896946564885,1.08874445295,within-player,11,2020
1,"(-0.001, 0.05]",839,0.0374912104257,0.0643623361144,0.644815256257,0.582502324948,within-player,12,2020
1,"(0.05, 0.1]",1749,0.0735863693549,0.0943396226415,0.682104059463,0.780015515162,within-player,12,2020
1,"(0.1, 0.15]",1219,0.12297676772,0.147662018048,0.659557013946,0.832825999171,within-player,12,2020
1,"(0.15, 0.2]",809,0.172410734796,0.206427688504,0.721878862794,0.835211284132,within-player,12,2020
1,"(0.2, 0.3]",876,0.245897880258,0.307077625571,0.882420091324,0.800767818238,within-player,12,2020
1,"(0.3, 0.4]",518,0.346071387647,0.401544401544,0.978764478764,0.861850859621,within-player,12,2020
1,"(0.4, 0.6]",424,0.484751609634,0.452830188679,0.992924528302,1.07049313794,within-player,12,2020
1,"(0.6, 0.8]",167,0.679491452347,0.616766467066,0.994011976048,1.10169973342,within-player,12,2020
1,"(0.8, 1.0]",106,0.895498780428,0.77358490566,0.896226415094,1.15759598446,within-player,12,2020
1,"(1.0, inf]",522,1.77284457791,1.66091954023,0.89846743295,1.06738739293,within-player,12,2020
1,"(-0.001, 0.05]",843,0.0372851121586,0.0581257413998,0.631079478055,0.641456113259,within-player,13,2020
1,"(0.05, 0.1]",1740,0.0736747742392,0.102298850575,0.678735632184,0.720191613349,within-player,13,2020
1,"(0.1, 0.15]",1243,0.123485284954,0.138374899437,0.668543845535,0.892396565102,within-player,13,2020
1,"(0.15, 0.2]",785,0.172640289156,0.222929936306,0.732484076433,0.774415011356,within-player,13,2020
1,"(0.2, 0.3]",852,0.244806538764,0.294600938967,0.87441314554,0.830976777,within-player,13,2020
1,"(0.3, 0.4]",524,0.344419474701,0.416030534351,0.982824427481,0.82787066396,within-player,13,2020
1,"(0.4, 0.6]",449,0.48548713679,0.440979955457,0.995545657016,1.1009279011,within-player,13,2020
1,"(0.6, 0.8]",165,0.684121012651,0.575757575758,0.981818181818,1.18821017987,within-player,13,2020
1,"(0.8, 1.0]",113,0.891616497882,0.743362831858,0.902654867257,1.19943647929,within-player,13,2020
1,"(1.0, inf]",515,1.79587997202,1.68349514563,0.899029126214,1.06675684612,within-player,13,2020
1,"(-0.001, 0.05]",885,0.0377567614543,0.0655367231638,0.640677966102,0.5761161015,within-player,14,2020
1,"(0.05, 0.1]",1668,0.0735574314944,0.099520383693,0.687050359712,0.739119251402,within-player,14,2020
1,"(0.1, 0.15]",1311,0.123277063467,0.142639206712,0.674294431732,0.864257915539,within-player,14,2020
1,"(0.15, 0.2]",752,0.172591273974,0.220744680851,0.702127659574,0.781859265234,within-player,14,2020
1,"(0.2, 0.3]",847,0.246131807494,0.278630460449,0.873671782763,0.883362885369,within-player,14,2020
1,"(0.3, 0.4]",535,0.343845830528,0.401869158879,0.985046728972,0.855616368988,within-player,14,2020
1,"(0.4, 0.6]",428,0.481460997099,0.481308411215,0.988317757009,1.0003170231,within-player,14,2020
1,"(0.6, 0.8]",173,0.686964061602,0.589595375723,0.988439306358,1.16514492801,within-player,14,2020
1,"(0.8, 1.0]",109,0.891169231429,0.761467889908,0.908256880734,1.17033067742,within-player,14,2020
1,"(1.0, inf]",521,1.79066941148,1.6660268714,0.898272552783,1.07481424352,within-player,14,2020
1,"(-0.001, 0.05]",876,0.0379604041525,0.0627853881279,0.632420091324,0.604605709775,within-player,15,2020
1,"(0.05, 0.1]",1718,0.0739373888713,0.100116414435,0.69091967404,0.738514151633,within-player,15,2020
1,"(0.1, 0.15]",1245,0.123064926518,0.15421686747,0.666666666667,0.797999132893,within-player,15,2020
1,"(0.15, 0.2]",762,0.172370893273,0.196850393701,0.696850393701,0.875644137828,within-player,15,2020
1,"(0.2, 0.3]",862,0.245001863563,0.299303944316,0.885150812065,0.818572117795,within-player,15,2020
1,"(0.3, 0.4]",509,0.345018384888,0.404715127701,0.98231827112,0.852496883048,within-player,15,2020
1,"(0.4, 0.6]",459,0.483815296434,0.437908496732,0.989106753813,1.10483194559,within-player,15,2020
1,"(0.6, 0.8]",176,0.674943942075,0.619318181818,0.994318181818,1.08981774133,within-player,15,2020
1,"(0.8, 1.0]",102,0.892554963207,0.774509803922,0.872549019608,1.15241273731,within-player,15,2020
1,"(1.0, inf]",520,1.7899018027,1.66346153846,0.903846153846,1.07601033226,within-player,15,2020
1,"(-0.001, 0.05]",838,0.0375227093019,0.0620525059666,0.63723150358,0.604692892212,within-player,16,2020
1,"(0.05, 0.1]",1760,0.0740522219486,0.0960227272727,0.685227272727,0.771194737453,within-player,16,2020
1,"(0.1, 0.15]",1225,0.123688562963,0.143673469388,0.659591836735,0.860900509262,within-player,16,2020
1,"(0.15, 0.2]",764,0.172539023827,0.219895287958,0.71335078534,0.784641751211,within-player,16,2020
1,"(0.2, 0.3]",885,0.244965028086,0.305084745763,0.881355932203,0.802940925391,within-player,16,2020
1,"(0.3, 0.4]",533,0.346848556419,0.388367729831,0.986866791745,0.893093142856,within-player,16,2020
1,"(0.4, 0.6]",438,0.48532164752,0.461187214612,0.990867579909,1.0523310971,within-player,16,2020
1,"(0.6, 0.8]",152,0.691936263666,0.611842105263,0.980263157895,1.13090658148,within-player,16,2020
1,"(0.8, 1.0]",108,0.88266199921,0.703703703704,0.898148148148,1.25430915677,within-player,16,2020
1,"(1.0, inf]",526,1.79188253018,1.66159695817,0.901140684411,1.07840985226,within-player,16,2020
1,"(-0.001, 0.05]",835,0.0374163073048,0.0682634730539,0.655089820359,0.548116080693,within-player,17,2020
1,"(0.05, 0.1]",1743,0.07370050158,0.0975329890993,0.675272518646,0.755646907376,within-player,17,2020
1,"(0.1, 0.15]",1257,0.123152956204,0.140811455847,0.672235481305,0.874594722872,within-player,17,2020
1,"(0.15, 0.2]",796,0.172886238641,0.21608040201,0.701005025126,0.800101429992,within-player,17,2020
1,"(0.2, 0.3]",852,0.244787515159,0.321596244131,0.884976525822,0.761164098232,within-player,17,2020
1,"(0.3, 0.4]",534,0.347219588837,0.361423220974,0.99063670412,0.96070083129,within-player,17,2020
1,"(0.4, 0.6]",402,0.482494785273,0.457711442786,0.990049751244,1.05414621565,within-player,17,2020
1,"(0.6, 0.8]",180,0.684334474442,0.672222222222,0.994444444444,1.01801822644,within-player,17,2020
1,"(0.8, 1.0]",100,0.887276340724,0.66,0.93,1.34435809201,within-player,17,2020
1,"(1.0, inf]",530,1.7849423603,1.64716981132,0.892452830189,1.08364198277,within-player,17,2020
1,"(-0.001, 0.05]",856,0.0375814170929,0.0619158878505,0.628504672897,0.606975340217,within-player,18,2020
1,"(0.05, 0.1]",1701,0.0733250810233,0.101116990006,0.689006466784,0.725150946632,within-player,18,2020
1,"(0.1, 0.15]",1284,0.123424306545,0.140965732087,0.66277258567,0.875562484,within-player,18,2020
1,"(0.15, 0.2]",794,0.172696549028,0.211586901763,0.710327455919,0.816196785286,within-player,18,2020
1,"(0.2, 0.3]",846,0.248205579187,0.307328605201,0.898345153664,0.807622769201,within-player,18,2020
1,"(0.3, 0.4]",525,0.346125557522,0.394285714286,0.982857142857,0.877854674874,within-player,18,2020
1,"(0.4, 0.6]",421,0.486661139077,0.444180522565,0.985748218527,1.09563817942,within-player,18,2020
1,"(0.6, 0.8]",172,0.683682430047,0.651162790698,0.988372093023,1.04994087472,within-player,18,2020
1,"(0.8, 1.0]",111,0.894428746628,0.711711711712,0.900900900901,1.25672899843,within-player,18,2020
1,"(1.0, inf]",519,1.77616231444,1.67244701349,0.899807321773,1.06201410276,within-player,18,2020
1,"(-0.001, 0.05]",849,0.0378098705569,0.0541813898704,0.634864546525,0.697838697887,within-player,19,2020
1,"(0.05, 0.1]",1721,0.0739608379938,0.105752469494,0.688553166764,0.699376935095,within-player,19,2020
1,"(0.1, 0.15]",1260,0.123579495995,0.133333333333,0.659523809524,0.926846219962,within-player,19,2020
1,"(0.15, 0.2]",764,0.172509485721,0.232984293194,0.717277486911,0.740433972419,within-player,19,2020
1,"(0.2, 0.3]",873,0.245267120569,0.292096219931,0.879725085911,0.839679201006,within-player,19,2020
1,"(0.3, 0.4]",531,0.347039438954,0.389830508475,0.979284369115,0.890231604274,within-player,19,2020
1,"(0.4, 0.6]",433,0.4856050847,0.459584295612,0.988452655889,1.05661809887,within-player,19,2020
1,"(0.6, 0.8]",167,0.68443395547,0.59880239521,1,1.14300470564,within-player,19,2020
1,"(0.8, 1.0]",107,0.890861681738,0.710280373832,0.897196261682,1.25423947297,within-player,19,2020
1,"(1.0, inf]",524,1.78251201397,1.67175572519,0.898854961832,1.06625147868,within-player,19,2020
1,"(-0.001, 0.05]",36,0.0419221471359,0.0277777777778,0.833333333333,1.50919729689,base-rate-only,-1,2021
1,"(0.05, 0.1]",441,0.080173499043,0.0589569160998,0.775510204082,1.35986588761,base-rate-only,-1,2021
1,"(0.1, 0.15]",909,0.126497042986,0.0924092409241,0.787678767877,1.36887871517,base-rate-only,-1,2021
1,"(0.15, 0.2]",1150,0.176181330206,0.105217391304,0.68347826087,1.67445065899,base-rate-only,-1,2021
1,"(0.2, 0.3]",1972,0.247084408743,0.152636916836,0.762170385396,1.61877227256,base-rate-only,-1,2021
1,"(0.3, 0.4]",941,0.343456707709,0.233793836344,0.887353878852,1.46905800888,base-rate-only,-1,2021
1,"(0.4, 0.6]",685,0.484133188768,0.413138686131,0.929927007299,1.17184181734,base-rate-only,-1,2021
1,"(0.6, 0.8]",316,0.691739134544,0.537974683544,0.838607594937,1.28582097951,base-rate-only,-1,2021
1,"(0.8, 1.0]",203,0.894391566979,0.522167487685,0.709359605911,1.71284422733,base-rate-only,-1,2021
1,"(1.0, inf]",958,1.56570421162,0.917536534447,0.62630480167,1.70642165498,base-rate-only,-1,2021
1,"(0.05, 0.1]",11,0.0931789468739,0.0909090909091,0.818181818182,1.02496841561,current-season-rate,-1,2021
1,"(0.1, 0.15]",298,0.131262211091,0.0771812080537,0.818791946309,1.70070169153,current-season-rate,-1,2021
1,"(0.15, 0.2]",575,0.174942712499,0.106086956522,0.838260869565,1.6490501588,current-season-rate,-1,2021
1,"(0.2, 0.3]",2026,0.248730255542,0.145607107601,0.799605133268,1.70822880585,current-season-rate,-1,2021
1,"(0.3, 0.4]",1930,0.339855740571,0.173056994819,0.774093264249,1.96383706378,current-season-rate,-1,2021
1,"(0.4, 0.6]",1415,0.467115395736,0.272084805654,0.775265017668,1.71680074017,current-season-rate,-1,2021
1,"(0.6, 0.8]",212,0.667752697989,0.575471698113,0.966981132075,1.16035714732,current-season-rate,-1,2021
1,"(0.8, 1.0]",30,0.893426539345,1.03333333333,0.966666666667,0.864606328398,current-season-rate,-1,2021
1,"(1.0, inf]",1114,1.69688997936,0.842908438061,0.608617594255,2.01313678062,current-season-rate,-1,2021
1,"(-0.001, 0.05]",3160,0,0.130063291139,0.639240506329,0,historical-rate,-1,2021
1,"(0.05, 0.1]",410,0.0816355297819,0.139024390244,0.829268292683,0.587202933519,historical-rate,-1,2021
1,"(0.1, 0.15]",429,0.12761197492,0.226107226107,0.892773892774,0.564386981861,historical-rate,-1,2021
1,"(0.15, 0.2]",565,0.181435316159,0.192920353982,0.884955752212,0.940467464493,historical-rate,-1,2021
1,"(0.2, 0.3]",698,0.25713985851,0.227793696275,0.830945558739,1.12882780654,historical-rate,-1,2021
1,"(0.3, 0.4]",585,0.351599855984,0.251282051282,0.933333333333,1.39922391667,historical-rate,-1,2021
1,"(0.4, 0.6]",693,0.503365328455,0.294372294372,0.888888888889,1.70996163049,historical-rate,-1,2021
1,"(0.6, 0.8]",274,0.697796344471,0.616788321168,0.996350364964,1.13133845198,historical-rate,-1,2021
1,"(0.8, 1.0]",235,0.950910656719,0.425531914894,0.574468085106,2.23464004329,historical-rate,-1,2021
1,"(1.0, inf]",562,1.83275476019,1.31316725979,0.827402135231,1.39567503418,historical-rate,-1,2021
1,"(-0.001, 0.05]",700,0.0374992328349,0.0428571428571,0.655714285714,0.874982099482,no-vegas,-1,2021
1,"(0.05, 0.1]",1843,0.073524324043,0.0792186652198,0.663591969615,0.928118693228,no-vegas,-1,2021
1,"(0.1, 0.15]",1327,0.123265226725,0.143933685004,0.718161266014,0.856402910286,no-vegas,-1,2021
1,"(0.15, 0.2]",905,0.172771897492,0.218784530387,0.721546961326,0.789689733484,no-vegas,-1,2021
1,"(0.2, 0.3]",989,0.244608606238,0.270980788675,0.859453993933,0.902678774511,no-vegas,-1,2021
1,"(0.3, 0.4]",490,0.345333750697,0.330612244898,0.961224489796,1.04452801137,no-vegas,-1,2021
1,"(0.4, 0.6]",509,0.485447031797,0.457760314342,0.98231827112,1.06048300079,no-vegas,-1,2021
1,"(0.6, 0.8]",213,0.687109344828,0.643192488263,0.990610328638,1.06827949232,no-vegas,-1,2021
1,"(0.8, 1.0]",87,0.883437474371,0.758620689655,0.988505747126,1.16453121622,no-vegas,-1,2021
1,"(1.0, inf]",548,1.78307371562,1.38686131387,0.824817518248,1.28568999494,no-vegas,-1,2021
1,"(-0.001, 0.05]",61,0.043027792002,0.0327868852459,0.786885245902,1.31234765606,player-vegas,-1,2021
1,"(0.05, 0.1]",490,0.0795719727591,0.065306122449,0.781632653061,1.21844583287,player-vegas,-1,2021
1,"(0.1, 0.15]",925,0.125575343033,0.0908108108108,0.789189189189,1.38282371793,player-vegas,-1,2021
1,"(0.15, 0.2]",1087,0.175733312533,0.11223551058,0.704691812328,1.56575500593,player-vegas,-1,2021
1,"(0.2, 0.3]",1928,0.245232670152,0.146265560166,0.761410788382,1.67662619877,player-vegas,-1,2021
1,"(0.3, 0.4]",899,0.343639584275,0.241379310345,0.857619577308,1.42364970628,player-vegas,-1,2021
1,"(0.4, 0.6]",693,0.483507345155,0.383838383838,0.901875901876,1.2596638729,player-vegas,-1,2021
1,"(0.6, 0.8]",332,0.694528047593,0.590361445783,0.85843373494,1.17644546837,player-vegas,-1,2021
1,"(0.8, 1.0]",259,0.901678220837,0.482625482625,0.72972972973,1.86827727357,player-vegas,-1,2021
1,"(1.0, inf]",937,1.6149410949,0.923159018143,0.632870864461,1.74936393748,player-vegas,-1,2021
1,"(-0.001, 0.05]",763,0.0370929791659,0.182175622543,0.790301441678,0.203611101465,random,0,2021
1,"(0.05, 0.1]",1841,0.0731676991763,0.180879956545,0.785985877241,0.404509712263,random,0,2021
1,"(0.1, 0.15]",1293,0.123685910918,0.260634184068,0.77184841454,0.474557515776,random,0,2021
1,"(0.15, 0.2]",877,0.173982487851,0.376282782212,0.753705815279,0.462371641955,random,0,2021
1,"(0.2, 0.3]",999,0.243686504914,0.257257257257,0.772772772773,0.94724832066,random,0,2021
1,"(0.3, 0.4]",461,0.344605301371,0.208242950108,0.817787418655,1.65482337429,random,0,2021
1,"(0.4, 0.6]",455,0.48151519846,0.230769230769,0.782417582418,2.08656585999,random,0,2021
1,"(0.6, 0.8]",253,0.694101299639,0.225296442688,0.794466403162,3.08083559314,random,0,2021
1,"(0.8, 1.0]",117,0.89509888754,0.316239316239,0.752136752137,2.83044783357,random,0,2021
1,"(1.0, inf]",552,1.82579821709,0.905797101449,0.643115942029,2.01568123166,random,0,2021
1,"(-0.001, 0.05]",760,0.0369937710718,0.165789473684,0.784210526316,0.223137031862,random,1,2021
1,"(0.05, 0.1]",1844,0.0731232615691,0.176789587852,0.781995661605,0.413617467281,random,1,2021
1,"(0.1, 0.15]",1292,0.123539969745,0.282507739938,0.791021671827,0.437297646331,random,1,2021
1,"(0.15, 0.2]",876,0.174031485601,0.374429223744,0.776255707763,0.464791406666,random,1,2021
1,"(0.2, 0.3]",998,0.243400647502,0.269539078156,0.760521042084,0.903025450582,random,1,2021
1,"(0.3, 0.4]",466,0.344958002562,0.223175965665,0.787553648069,1.54567720379,random,1,2021
1,"(0.4, 0.6]",452,0.482602247184,0.265486725664,0.814159292035,1.81780179773,random,1,2021
1,"(0.6, 0.8]",255,0.694860630621,0.329411764706,0.835294117647,2.10939834296,random,1,2021
1,"(0.8, 1.0]",116,0.894021342361,0.336206896552,0.76724137931,2.65914040292,random,1,2021
1,"(1.0, inf]",552,1.82496981583,0.778985507246,0.583333333333,2.34275194963,random,1,2021
1,"(-0.001, 0.05]",757,0.0370101711279,0.184940554822,0.800528401585,0.200119282456,random,2,2021
1,"(0.05, 0.1]",1848,0.0730934683677,0.178571428571,0.775432900433,0.409323422859,random,2,2021
1,"(0.1, 0.15]",1291,0.123447663445,0.302865995352,0.791634391944,0.407598295416,random,2,2021
1,"(0.15, 0.2]",877,0.174571166867,0.446978335234,0.769669327252,0.390558452404,random,2,2021
1,"(0.2, 0.3]",995,0.243230205089,0.281407035176,0.787939698492,0.86433590737,random,2,2021
1,"(0.3, 0.4]",465,0.343695161916,0.187096774194,0.763440860215,1.83699138265,random,2,2021
1,"(0.4, 0.6]",453,0.481009550116,0.183222958057,0.772626931567,2.62526899039,random,2,2021
1,"(0.6, 0.8]",252,0.692627282394,0.234126984127,0.797619047619,2.958340257,random,2,2021
1,"(0.8, 1.0]",122,0.89214889499,0.311475409836,0.754098360656,2.86426750497,random,2,2021
1,"(1.0, inf]",551,1.82632841465,0.709618874773,0.617059891107,2.57367508049,random,2,2021
1,"(-0.001, 0.05]",766,0.0371634160057,0.182767624021,0.788511749347,0.203336976146,random,3,2021
1,"(0.05, 0.1]",1838,0.0730985977629,0.201305767138,0.786724700762,0.363122223482,random,3,2021
1,"(0.1, 0.15]",1297,0.123629216585,0.29067077872,0.788743253662,0.425323856527,random,3,2021
1,"(0.15, 0.2]",866,0.174202847921,0.387990762125,0.773672055427,0.448987102082,random,3,2021
1,"(0.2, 0.3]",1004,0.243649765487,0.284860557769,0.78187250996,0.855329945975,random,3,2021
1,"(0.3, 0.4]",468,0.344639727958,0.179487179487,0.799145299145,1.9201356272,random,3,2021
1,"(0.4, 0.6]",444,0.481619393139,0.211711711712,0.792792792793,2.274883091,random,3,2021
1,"(0.6, 0.8]",254,0.693126891738,0.157480314961,0.732283464567,4.40135576254,random,3,2021
1,"(0.8, 1.0]",122,0.892118866807,0.22131147541,0.66393442623,4.03105562039,random,3,2021
1,"(1.0, inf]",552,1.82242324724,0.791666666667,0.610507246377,2.3020083123,random,3,2021
1,"(-0.001, 0.05]",768,0.0371953590513,0.190104166667,0.770833333333,0.195657779119,random,4,2021
1,"(0.05, 0.1]",1840,0.0732751478602,0.213586956522,0.811956521739,0.343069394562,random,4,2021
1,"(0.1, 0.15]",1291,0.123736926162,0.243996901627,0.783113865221,0.507124989447,random,4,2021
1,"(0.15, 0.2]",875,0.174112332997,0.301714285714,0.712,0.577076861259,random,4,2021
1,"(0.2, 0.3]",994,0.243548837314,0.298792756539,0.784708249497,0.815109576734,random,4,2021
1,"(0.3, 0.4]",464,0.343984150123,0.228448275862,0.773706896552,1.50574194016,random,4,2021
1,"(0.4, 0.6]",456,0.480359813464,0.214912280702,0.802631578947,2.23514362183,random,4,2021
1,"(0.6, 0.8]",252,0.69408295213,0.230158730159,0.797619047619,3.01567075753,random,4,2021
1,"(0.8, 1.0]",118,0.893252003443,0.254237288136,0.71186440678,3.51345788021,random,4,2021
1,"(1.0, inf]",553,1.82220082438,0.875226039783,0.629294755877,2.08197738819,random,4,2021
1,"(-0.001, 0.05]",765,0.0371269626461,0.203921568627,0.818300653595,0.182064912976,random,5,2021
1,"(0.05, 0.1]",1836,0.0731528652834,0.197712418301,0.789215686275,0.369996310359,random,5,2021
1,"(0.1, 0.15]",1296,0.123594104553,0.292438271605,0.788580246914,0.422633138524,random,5,2021
1,"(0.15, 0.2]",876,0.174011489805,0.382420091324,0.743150684932,0.455027059907,random,5,2021
1,"(0.2, 0.3]",991,0.24369333816,0.291624621594,0.766902119072,0.835640477912,random,5,2021
1,"(0.3, 0.4]",474,0.343924493143,0.170886075949,0.801687763713,2.0125951821,random,5,2021
1,"(0.4, 0.6]",454,0.483149491187,0.202643171806,0.801762114537,2.38423770651,random,5,2021
1,"(0.6, 0.8]",248,0.693991449802,0.258064516129,0.733870967742,2.68921686798,random,5,2021
1,"(0.8, 1.0]",120,0.890503206113,0.4,0.775,2.22625801528,random,5,2021
1,"(1.0, inf]",551,1.8240492379,0.696914700544,0.600725952813,2.61732065126,random,5,2021
1,"(-0.001, 0.05]",762,0.0370156587447,0.181102362205,0.796587926509,0.20439081133,random,6,2021
1,"(0.05, 0.1]",1852,0.0732355399235,0.186825053996,0.785637149028,0.39200063566,random,6,2021
1,"(0.1, 0.15]",1287,0.123793230844,0.255633255633,0.773892773893,0.484261058042,random,6,2021
1,"(0.15, 0.2]",875,0.174454096745,0.452571428571,0.797714285714,0.385473067303,random,6,2021
1,"(0.2, 0.3]",991,0.243635083587,0.327951564077,0.789101917255,0.742899593338,random,6,2021
1,"(0.3, 0.4]",465,0.343621259232,0.195698924731,0.797849462366,1.7558668741,random,6,2021
1,"(0.4, 0.6]",451,0.480817399429,0.170731707317,0.747228381375,2.81621619666,random,6,2021
1,"(0.6, 0.8]",254,0.692828493225,0.232283464567,0.779527559055,2.98268537761,random,6,2021
1,"(0.8, 1.0]",122,0.890596281443,0.352459016393,0.762295081967,2.52680805433,random,6,2021
1,"(1.0, inf]",552,1.82592912739,0.701086956522,0.58152173913,2.60442604217,random,6,2021
1,"(-0.001, 0.05]",768,0.037158766779,0.177083333333,0.8125,0.209837741811,random,7,2021
1,"(0.05, 0.1]",1832,0.0730885702599,0.205240174672,0.796943231441,0.356112395521,random,7,2021
1,"(0.1, 0.15]",1303,0.123739511595,0.265541059094,0.768227168074,0.465990126035,random,7,2021
1,"(0.15, 0.2]",870,0.174044610839,0.395402298851,0.759770114943,0.440170963458,random,7,2021
1,"(0.2, 0.3]",998,0.243862539715,0.250501002004,0.759519038076,0.973499258543,random,7,2021
1,"(0.3, 0.4]",461,0.344344712296,0.186550976139,0.776572668113,1.84584781824,random,7,2021
1,"(0.4, 0.6]",453,0.48157029094,0.227373068433,0.763796909492,2.11797419219,random,7,2021
1,"(0.6, 0.8]",254,0.693833664513,0.311023622047,0.830708661417,2.23080697198,random,7,2021
1,"(0.8, 1.0]",119,0.89417972473,0.394957983193,0.831932773109,2.26398696261,random,7,2021
1,"(1.0, inf]",553,1.81939699812,0.766726943942,0.614828209765,2.37293995273,random,7,2021
1,"(-0.001, 0.05]",763,0.0370620961693,0.195281782438,0.774574049803,0.189787781055,random,8,2021
1,"(0.05, 0.1]",1844,0.0731399377382,0.19305856833,0.818329718004,0.378848441543,random,8,2021
1,"(0.1, 0.15]",1299,0.123707116154,0.273287143957,0.778290993072,0.452663503899,random,8,2021
1,"(0.15, 0.2]",866,0.174558681114,0.372979214781,0.749422632794,0.468011819953,random,8,2021
1,"(0.2, 0.3]",997,0.243852338195,0.289869608826,0.759277833501,0.841248377785,random,8,2021
1,"(0.3, 0.4]",464,0.343655541307,0.206896551724,0.752155172414,1.66100178298,random,8,2021
1,"(0.4, 0.6]",454,0.482511471667,0.176211453744,0.784140969163,2.73825260171,random,8,2021
1,"(0.6, 0.8]",255,0.694137202839,0.192156862745,0.8,3.61234666783,random,8,2021
1,"(0.8, 1.0]",117,0.894391122658,0.350427350427,0.74358974359,2.55228686222,random,8,2021
1,"(1.0, inf]",552,1.824075344,0.820652173913,0.625,2.22271432646,random,8,2021
1,"(-0.001, 0.05]",759,0.0370252269813,0.204216073781,0.783926218709,0.181304175992,random,9,2021
1,"(0.05, 0.1]",1853,0.0732229254959,0.182946573125,0.797625472207,0.400242126678,random,9,2021
1,"(0.1, 0.15]",1283,0.123737131413,0.240062353858,0.780202650039,0.515437466242,random,9,2021
1,"(0.15, 0.2]",877,0.174105227194,0.33409350057,0.732041049031,0.521127249996,random,9,2021
1,"(0.2, 0.3]",998,0.243518783833,0.285571142285,0.785571142285,0.852742969352,random,9,2021
1,"(0.3, 0.4]",475,0.344541446552,0.237894736842,0.774736842105,1.44829369126,random,9,2021
1,"(0.4, 0.6]",443,0.484059993951,0.250564334086,0.814898419865,1.93187907496,random,9,2021
1,"(0.6, 0.8]",251,0.696175668814,0.215139442231,0.741035856574,3.23592764578,random,9,2021
1,"(0.8, 1.0]",119,0.890073070447,0.319327731092,0.764705882353,2.78733408903,random,9,2021
1,"(1.0, inf]",553,1.82300088367,0.895117540687,0.636528028933,2.03660502762,random,9,2021
1,"(-0.001, 0.05]",769,0.0371883530782,0.182054616385,0.81144343303,0.204270310837,random,10,2021
1,"(0.05, 0.1]",1841,0.0733325912397,0.208582292232,0.799022270505,0.351576303313,random,10,2021
1,"(0.1, 0.15]",1290,0.123576891825,0.258139534884,0.77984496124,0.478721292654,random,10,2021
1,"(0.15, 0.2]",878,0.174454784585,0.381548974943,0.765375854214,0.457227763778,random,10,2021
1,"(0.2, 0.3]",991,0.243897563606,0.280524722503,0.754793138244,0.869433401198,random,10,2021
1,"(0.3, 0.4]",466,0.344088776081,0.221030042918,0.798283261803,1.55675116169,random,10,2021
1,"(0.4, 0.6]",451,0.481241663325,0.19733924612,0.791574279379,2.43865157483,random,10,2021
1,"(0.6, 0.8]",258,0.695798428699,0.259689922481,0.782945736434,2.67934320305,random,10,2021
1,"(0.8, 1.0]",115,0.894223252689,0.217391304348,0.721739130435,4.11342696237,random,10,2021
1,"(1.0, inf]",552,1.82565455909,0.791666666667,0.585144927536,2.30608996938,random,10,2021
1,"(-0.001, 0.05]",759,0.0369211293558,0.202898550725,0.777338603426,0.181968423254,random,11,2021
1,"(0.05, 0.1]",1846,0.0731521861862,0.204225352113,0.79360780065,0.358193463394,random,11,2021
1,"(0.1, 0.15]",1298,0.123717253197,0.265793528505,0.775808936826,0.465463752606,random,11,2021
1,"(0.15, 0.2]",869,0.174523755012,0.354430379747,0.721518987342,0.492406308783,random,11,2021
1,"(0.2, 0.3]",998,0.243131190692,0.291583166333,0.796593186373,0.833831368765,random,11,2021
1,"(0.3, 0.4]",463,0.343828060085,0.241900647948,0.822894168467,1.42136064125,random,11,2021
1,"(0.4, 0.6]",451,0.481188400193,0.206208425721,0.791574279379,2.3335050375,random,11,2021
1,"(0.6, 0.8]",256,0.695587837299,0.19140625,0.78515625,3.63409155813,random,11,2021
1,"(0.8, 1.0]",120,0.89312435253,0.241666666667,0.783333333333,3.69568697599,random,11,2021
1,"(1.0, inf]",551,1.82654247406,0.785843920145,0.61887477314,2.32430693581,random,11,2021
1,"(-0.001, 0.05]",760,0.0370256251329,0.188157894737,0.815789473684,0.196779546161,random,12,2021
1,"(0.05, 0.1]",1842,0.0731105983993,0.203040173724,0.803474484256,0.360079471261,random,12,2021
1,"(0.1, 0.15]",1294,0.123542983173,0.210200927357,0.758114374034,0.587737574359,random,12,2021
1,"(0.15, 0.2]",877,0.174469038778,0.405929304447,0.735461801596,0.429801536539,random,12,2021
1,"(0.2, 0.3]",1007,0.243807310507,0.293942403178,0.766633565045,0.829439059732,random,12,2021
1,"(0.3, 0.4]",454,0.34425068253,0.20704845815,0.79295154185,1.6626575518,random,12,2021
1,"(0.4, 0.6]",454,0.48173890661,0.237885462555,0.79295154185,2.02508762593,random,12,2021
1,"(0.6, 0.8]",248,0.692908464443,0.201612903226,0.741935483871,3.43682598364,random,12,2021
1,"(0.8, 1.0]",124,0.894061399317,0.266129032258,0.774193548387,3.35950343986,random,12,2021
1,"(1.0, inf]",551,1.82367916183,0.843920145191,0.65335753176,2.1609617595,random,12,2021
1,"(-0.001, 0.05]",756,0.0369499689739,0.194444444444,0.791005291005,0.190028411866,random,13,2021
1,"(0.05, 0.1]",1854,0.073103136355,0.19309600863,0.781553398058,0.378584398889,random,13,2021
1,"(0.1, 0.15]",1288,0.123576588549,0.263198757764,0.771739130435,0.469518129943,random,13,2021
1,"(0.15, 0.2]",874,0.174280452292,0.323798627002,0.756292906178,0.538237156547,random,13,2021
1,"(0.2, 0.3]",993,0.243390672051,0.31419939577,0.793554884189,0.774637619699,random,13,2021
1,"(0.3, 0.4]",466,0.343725002973,0.201716738197,0.793991416309,1.70399841899,random,13,2021
1,"(0.4, 0.6]",459,0.481964633801,0.209150326797,0.786492374728,2.30439340536,random,13,2021
1,"(0.6, 0.8]",254,0.697695882638,0.232283464567,0.795275590551,3.00363990153,random,13,2021
1,"(0.8, 1.0]",113,0.893857753076,0.380530973451,0.796460176991,2.34897502552,random,13,2021
1,"(1.0, inf]",554,1.82183799416,0.830324909747,0.62274368231,2.19412662775,random,13,2021
1,"(-0.001, 0.05]",764,0.0370301024134,0.183246073298,0.795811518325,0.202078558885,random,14,2021
1,"(0.05, 0.1]",1843,0.0732371186102,0.19587628866,0.800325556158,0.373894763431,random,14,2021
1,"(0.1, 0.15]",1290,0.123505630313,0.250387596899,0.770542635659,0.493257780509,random,14,2021
1,"(0.15, 0.2]",876,0.174423474116,0.333333333333,0.743150684932,0.523270422348,random,14,2021
1,"(0.2, 0.3]",994,0.243112980085,0.304828973843,0.792756539235,0.797538951168,random,14,2021
1,"(0.3, 0.4]",466,0.343849630393,0.231759656652,0.802575107296,1.48364747929,random,14,2021
1,"(0.4, 0.6]",455,0.483101830689,0.140659340659,0.70989010989,3.43455207755,random,14,2021
1,"(0.6, 0.8]",250,0.695472927727,0.168,0.728,4.1397198079,random,14,2021
1,"(0.8, 1.0]",124,0.892052111556,0.298387096774,0.790322580645,2.98958004954,random,14,2021
1,"(1.0, inf]",549,1.82942825524,0.948998178506,0.664845173042,1.92774685629,random,14,2021
1,"(-0.001, 0.05]",766,0.0370244340355,0.17362924282,0.806788511749,0.213238469708,random,15,2021
1,"(0.05, 0.1]",1838,0.0732041787203,0.193144722524,0.806855277476,0.379012057712,random,15,2021
1,"(0.1, 0.15]",1298,0.123580291216,0.264252696456,0.783513097072,0.467659527691,random,15,2021
1,"(0.15, 0.2]",870,0.174479794601,0.375862068966,0.744827586207,0.464212297561,random,15,2021
1,"(0.2, 0.3]",994,0.243473018406,0.319919517103,0.761569416499,0.761044592125,random,15,2021
1,"(0.3, 0.4]",468,0.343567484772,0.202991452991,0.771367521368,1.69252192498,random,15,2021
1,"(0.4, 0.6]",450,0.481165885641,0.211111111111,0.78,2.27920682672,random,15,2021
1,"(0.6, 0.8]",254,0.694036854966,0.220472440945,0.767716535433,3.14795287788,random,15,2021
1,"(0.8, 1.0]",119,0.890340582416,0.420168067227,0.714285714286,2.11901058615,random,15,2021
1,"(1.0, inf]",554,1.82133136697,0.756317689531,0.619133574007,2.40815650907,random,15,2021
1,"(-0.001, 0.05]",760,0.0369746148345,0.209210526316,0.817105263158,0.176734008014,random,16,2021
1,"(0.05, 0.1]",1857,0.0732832955477,0.212170166936,0.790522347873,0.345398679777,random,16,2021
1,"(0.1, 0.15]",1285,0.123776616075,0.249805447471,0.769649805447,0.495492061234,random,16,2021
1,"(0.15, 0.2]",871,0.174169206793,0.402985074627,0.765786452354,0.432197661302,random,16,2021
1,"(0.2, 0.3]",999,0.24390615866,0.275275275275,0.764764764765,0.886044554552,random,16,2021
1,"(0.3, 0.4]",457,0.343932810618,0.269146608315,0.816192560175,1.27786418254,random,16,2021
1,"(0.4, 0.6]",456,0.480885872188,0.212719298246,0.796052631579,2.26065935791,random,16,2021
1,"(0.6, 0.8]",251,0.693470026737,0.223107569721,0.768924302789,3.10823172698,random,16,2021
1,"(0.8, 1.0]",122,0.893089239677,0.311475409836,0.72131147541,2.86728650633,random,16,2021
1,"(1.0, inf]",553,1.82411557642,0.681735985533,0.600361663653,2.67569207894,random,16,2021
1,"(-0.001, 0.05]",758,0.0370119177647,0.244063324538,0.81926121372,0.151648830625,random,17,2021
1,"(0.05, 0.1]",1850,0.0731817702649,0.192432432432,0.796216216216,0.380298525253,random,17,2021
1,"(0.1, 0.15]",1290,0.123626356899,0.275968992248,0.768217054264,0.447971911237,random,17,2021
1,"(0.15, 0.2]",871,0.174417122886,0.361653272101,0.745120551091,0.482277187408,random,17,2021
1,"(0.2, 0.3]",1003,0.243215804883,0.285144566301,0.764705882353,0.852956126913,random,17,2021
1,"(0.3, 0.4]",468,0.344237796448,0.205128205128,0.82905982906,1.67815925768,random,17,2021
1,"(0.4, 0.6]",448,0.482952830715,0.214285714286,0.790178571429,2.25377987667,random,17,2021
1,"(0.6, 0.8]",250,0.691993730545,0.228,0.78,3.03506022169,random,17,2021
1,"(0.8, 1.0]",120,0.892033770424,0.291666666667,0.708333333333,3.0584014986,random,17,2021
1,"(1.0, inf]",553,1.82305657574,0.739602169982,0.605786618445,2.46491512563,random,17,2021
1,"(-0.001, 0.05]",763,0.0370044071722,0.193971166448,0.800786369594,0.190772720759,random,18,2021
1,"(0.05, 0.1]",1842,0.0730751757662,0.196525515744,0.794245385451,0.371835562877,random,18,2021
1,"(0.1, 0.15]",1283,0.123785487618,0.245518316446,0.786438035853,0.504180255917,random,18,2021
1,"(0.15, 0.2]",883,0.173842496149,0.366930917327,0.759909399773,0.473774457099,random,18,2021
1,"(0.2, 0.3]",997,0.24385456837,0.288866599799,0.762286860582,0.84417709953,random,18,2021
1,"(0.3, 0.4]",465,0.343329674963,0.167741935484,0.763440860215,2.04677306228,random,18,2021
1,"(0.4, 0.6]",455,0.482099995906,0.189010989011,0.771428571429,2.55064532718,random,18,2021
1,"(0.6, 0.8]",255,0.694895038664,0.235294117647,0.788235294118,2.95330391432,random,18,2021
1,"(0.8, 1.0]",116,0.89173801543,0.310344827586,0.75,2.87337804972,random,18,2021
1,"(1.0, inf]",552,1.82230758558,0.894927536232,0.634057971014,2.03626272721,random,18,2021
1,"(-0.001, 0.05]",764,0.037039312565,0.185863874346,0.802356020942,0.199281935209,random,19,2021
1,"(0.05, 0.1]",1844,0.0732797740725,0.183297180043,0.795010845987,0.399786696419,random,19,2021
1,"(0.1, 0.15]",1295,0.12375040162,0.288803088803,0.772972972973,0.428494037695,random,19,2021
1,"(0.15, 0.2]",869,0.174184395804,0.372842347526,0.744533947066,0.467179752942,random,19,2021
1,"(0.2, 0.3]",997,0.24324099142,0.266800401204,0.765295887663,0.911696497915,random,19,2021
1,"(0.3, 0.4]",462,0.344003288296,0.227272727273,0.792207792208,1.5136144685,random,19,2021
1,"(0.4, 0.6]",459,0.482496975735,0.17211328976,0.777777777778,2.80336850459,random,19,2021
1,"(0.6, 0.8]",255,0.696829804276,0.309803921569,0.843137254902,2.24926076064,random,19,2021
1,"(0.8, 1.0]",112,0.89593343526,0.258928571429,0.732142857143,3.46015671549,random,19,2021
1,"(1.0, inf]",554,1.8208543122,0.821299638989,0.628158844765,2.21704019551,random,19,2021
1,"(0.05, 0.1]",38,0.0919608094426,0,0.657894736842,,regressed-rate,-1,2021
1,"(0.1, 0.15]",472,0.128811801684,0.0826271186441,0.792372881356,1.55895308705,regressed-rate,-1,2021
1,"(0.15, 0.2]",1088,0.178488793168,0.105698529412,0.692095588235,1.68865919102,regressed-rate,-1,2021
1,"(0.2, 0.3]",2736,0.251340091401,0.153143274854,0.762061403509,1.64120880686,regressed-rate,-1,2021
1,"(0.3, 0.4]",1037,0.343718573677,0.226615236258,0.883317261331,1.51674962086,regressed-rate,-1,2021
1,"(0.4, 0.6]",793,0.473991284874,0.332912988651,0.910466582598,1.42376927616,regressed-rate,-1,2021
1,"(0.6, 0.8]",245,0.665591117413,0.526530612245,0.934693877551,1.26410716098,regressed-rate,-1,2021
1,"(0.8, 1.0]",91,0.878533063688,0.483516483516,0.747252747253,1.81696610899,regressed-rate,-1,2021
1,"(1.0, inf]",1111,1.5444428935,0.851485148515,0.617461746175,1.81382246794,regressed-rate,-1,2021
1,"(-0.001, 0.05]",762,0.0371252428524,0.0551181102362,0.664041994751,0.673557977464,shipped,-1,2021
1,"(0.05, 0.1]",1836,0.0732590867141,0.0811546840959,0.668845315904,0.902709283269,shipped,-1,2021
1,"(0.1, 0.15]",1296,0.123657217987,0.15200617284,0.719907407407,0.813501291938,shipped,-1,2021
1,"(0.15, 0.2]",881,0.174059713917,0.206583427923,0.718501702611,0.842563780005,shipped,-1,2021
1,"(0.2, 0.3]",992,0.243462370667,0.237903225806,0.851814516129,1.02336725297,shipped,-1,2021
1,"(0.3, 0.4]",477,0.344514811932,0.360587002096,0.945492662474,0.955427705184,shipped,-1,2021
1,"(0.4, 0.6]",456,0.482080111663,0.451754385965,0.989035087719,1.06712879087,shipped,-1,2021
1,"(0.6, 0.8]",240,0.691332623771,0.6625,0.991666666667,1.04352094154,shipped,-1,2021
1,"(0.8, 1.0]",120,0.892765500256,0.7,0.933333333333,1.27537928608,shipped,-1,2021
1,"(1.0, inf]",551,1.8236584158,1.38656987296,0.83666061706,1.31523008783,shipped,-1,2021
1,"(0.05, 0.1]",490,0.0878318052965,0.0510204081633,0.438775510204,1.72150338381,vegas-environment,-1,2021
1,"(0.1, 0.15]",653,0.125063002297,0.0566615620214,0.502297090352,2.20719298649,vegas-environment,-1,2021
1,"(0.15, 0.2]",1716,0.178685538937,0.0961538461538,0.788461538462,1.85832960494,vegas-environment,-1,2021
1,"(0.2, 0.3]",1860,0.243543310435,0.190860215054,0.718817204301,1.27602973918,vegas-environment,-1,2021
1,"(0.3, 0.4]",1579,0.345400563873,0.288157061431,0.907536415453,1.19865382496,vegas-environment,-1,2021
1,"(0.4, 0.6]",760,0.465508635485,0.515789473684,0.968421052632,0.902516742268,vegas-environment,-1,2021
1,"(0.6, 0.8]",9,0.610435201665,0.333333333333,1,1.83130560499,vegas-environment,-1,2021
1,"(1.0, inf]",544,1.83987640348,1.39522058824,0.821691176471,1.31869929314,vegas-environment,-1,2021
1,"(-0.001, 0.05]",753,0.0367568903238,0.0451527224436,0.653386454183,0.814057012171,within-player,0,2021
1,"(0.05, 0.1]",1851,0.0728638829659,0.0902215018909,0.670448406267,0.807611062095,within-player,0,2021
1,"(0.1, 0.15]",1264,0.123547620577,0.151107594937,0.723892405063,0.817613572823,within-player,0,2021
1,"(0.15, 0.2]",900,0.173355973793,0.198888888889,0.727777777778,0.871622214604,within-player,0,2021
1,"(0.2, 0.3]",987,0.244302771278,0.245187436677,0.84295845998,0.996391881205,within-player,0,2021
1,"(0.3, 0.4]",498,0.34341705845,0.321285140562,0.941767068273,1.06888559443,within-player,0,2021
1,"(0.4, 0.6]",462,0.485916312091,0.493506493506,0.987012987013,0.984619895552,within-player,0,2021
1,"(0.6, 0.8]",218,0.694825217536,0.692660550459,1,1.00312514849,within-player,0,2021
1,"(0.8, 1.0]",130,0.880871741353,0.669230769231,0.930769230769,1.31624513076,within-player,0,2021
1,"(1.0, inf]",548,1.84224716426,1.37226277372,0.837591240876,1.34248862502,within-player,0,2021
1,"(-0.001, 0.05]",751,0.0368556858887,0.0466045272969,0.672436750999,0.790817717211,within-player,1,2021
1,"(0.05, 0.1]",1828,0.0732206504426,0.0831509846827,0.668490153173,0.880574664533,within-player,1,2021
1,"(0.1, 0.15]",1285,0.122763109877,0.149416342412,0.715175097276,0.821617688498,within-player,1,2021
1,"(0.15, 0.2]",880,0.173532851902,0.219318181818,0.728409090909,0.791237873956,within-player,1,2021
1,"(0.2, 0.3]",1019,0.242479988239,0.238469087341,0.834151128557,1.01681937455,within-player,1,2021
1,"(0.3, 0.4]",480,0.343825265915,0.339583333333,0.954166666667,1.01249158061,within-player,1,2021
1,"(0.4, 0.6]",459,0.478525628836,0.503267973856,0.989106753813,0.950836639115,within-player,1,2021
1,"(0.6, 0.8]",237,0.695513949066,0.582278481013,0.991561181435,1.19446960818,within-player,1,2021
1,"(0.8, 1.0]",127,0.888417709245,0.779527559055,0.937007874016,1.13968736439,within-player,1,2021
1,"(1.0, inf]",545,1.83388032172,1.36697247706,0.834862385321,1.34156345683,within-player,1,2021
1,"(-0.001, 0.05]",748,0.0369970414977,0.0427807486631,0.657754010695,0.864805845008,within-player,2,2021
1,"(0.05, 0.1]",1849,0.0731075924762,0.0903190914008,0.674959437534,0.809436757417,within-player,2,2021
1,"(0.1, 0.15]",1263,0.123135807739,0.152019002375,0.719714964371,0.810002735285,within-player,2,2021
1,"(0.15, 0.2]",899,0.173267828694,0.20022246941,0.729699666296,0.86537654442,within-player,2,2021
1,"(0.2, 0.3]",1003,0.243853342732,0.245264207378,0.831505483549,0.994247572195,within-player,2,2021
1,"(0.3, 0.4]",487,0.343364504915,0.326488706366,0.94250513347,1.05168876663,within-player,2,2021
1,"(0.4, 0.6]",470,0.484059869712,0.485106382979,0.995744680851,0.997842713881,within-player,2,2021
1,"(0.6, 0.8]",215,0.696689099796,0.674418604651,0.986046511628,1.03302176866,within-player,2,2021
1,"(0.8, 1.0]",122,0.884059560973,0.598360655738,0.950819672131,1.47746940327,within-player,2,2021
1,"(1.0, inf]",555,1.82665024746,1.38558558559,0.836036036036,1.31832365064,within-player,2,2021
1,"(-0.001, 0.05]",760,0.0370853061065,0.0447368421053,0.668421052632,0.82896566591,within-player,3,2021
1,"(0.05, 0.1]",1844,0.0732622837955,0.0911062906725,0.672451193059,0.804140781661,within-player,3,2021
1,"(0.1, 0.15]",1271,0.123200912991,0.138473642801,0.714398111723,0.889706593244,within-player,3,2021
1,"(0.15, 0.2]",885,0.173486947847,0.228248587571,0.726553672316,0.760078954677,within-player,3,2021
1,"(0.2, 0.3]",1010,0.244063921632,0.239603960396,0.833663366337,1.0186138878,within-player,3,2021
1,"(0.3, 0.4]",486,0.344745333159,0.327160493827,0.954732510288,1.05374988626,within-player,3,2021
1,"(0.4, 0.6]",454,0.485697430236,0.502202643172,0.995594713656,0.967134356698,within-player,3,2021
1,"(0.6, 0.8]",216,0.691829037867,0.564814814815,0.986111111111,1.22487764081,within-player,3,2021
1,"(0.8, 1.0]",127,0.878621385639,0.740157480315,0.944881889764,1.18707357421,within-player,3,2021
1,"(1.0, inf]",558,1.81986866407,1.37275985663,0.838709677419,1.32570067173,within-player,3,2021
1,"(-0.001, 0.05]",751,0.0371057711568,0.0452729693742,0.664447403462,0.81960100408,within-player,4,2021
1,"(0.05, 0.1]",1845,0.0729863038314,0.0926829268293,0.671544715447,0.787483804497,within-player,4,2021
1,"(0.1, 0.15]",1272,0.123154760384,0.147798742138,0.724056603774,0.83325986813,within-player,4,2021
1,"(0.15, 0.2]",911,0.17378205465,0.196487376509,0.72338090011,0.884443864727,within-player,4,2021
1,"(0.2, 0.3]",988,0.242559518478,0.256072874494,0.834008097166,0.947228475321,within-player,4,2021
1,"(0.3, 0.4]",482,0.342311880274,0.319502074689,0.94398340249,1.07139172917,within-player,4,2021
1,"(0.4, 0.6]",466,0.485295964936,0.469957081545,0.99356223176,1.03263890256,within-player,4,2021
1,"(0.6, 0.8]",226,0.696175889498,0.712389380531,0.995575221239,0.977240689605,within-player,4,2021
1,"(0.8, 1.0]",123,0.885083789608,0.658536585366,0.926829268293,1.34401612496,within-player,4,2021
1,"(1.0, inf]",547,1.82254397543,1.37294332724,0.839122486289,1.32747210993,within-player,4,2021
1,"(-0.001, 0.05]",760,0.0370758005214,0.0421052631579,0.665789473684,0.880550262382,within-player,5,2021
1,"(0.05, 0.1]",1841,0.073236233113,0.0923411189571,0.675176534492,0.793105324477,within-player,5,2021
1,"(0.1, 0.15]",1287,0.122925300577,0.151515151515,0.710178710179,0.811306983807,within-player,5,2021
1,"(0.15, 0.2]",869,0.173386074069,0.197928653625,0.733026467204,0.876002897476,within-player,5,2021
1,"(0.2, 0.3]",1005,0.243381211734,0.241791044776,0.83184079602,1.00657661643,within-player,5,2021
1,"(0.3, 0.4]",491,0.342784319204,0.354378818737,0.951120162933,0.9672821881,within-player,5,2021
1,"(0.4, 0.6]",444,0.483520882847,0.45045045045,0.990990990991,1.07341635992,within-player,5,2021
1,"(0.6, 0.8]",227,0.698767183912,0.687224669604,0.991189427313,1.01679583813,within-player,5,2021
1,"(0.8, 1.0]",129,0.882678423053,0.627906976744,0.945736434109,1.4057471182,within-player,5,2021
1,"(1.0, inf]",558,1.80869617401,1.37634408602,0.838709677419,1.31413081393,within-player,5,2021
1,"(-0.001, 0.05]",752,0.0367733124891,0.0452127659574,0.663563829787,0.813339146819,within-player,6,2021
1,"(0.05, 0.1]",1828,0.0730289294338,0.0869803063457,0.666301969365,0.839603037767,within-player,6,2021
1,"(0.1, 0.15]",1287,0.123505804533,0.151515151515,0.719502719503,0.815138309921,within-player,6,2021
1,"(0.15, 0.2]",908,0.173061692042,0.20704845815,0.727973568282,0.835851150927,within-player,6,2021
1,"(0.2, 0.3]",989,0.242843024212,0.246713852376,0.847320525784,0.984310454695,within-player,6,2021
1,"(0.3, 0.4]",487,0.34380565282,0.303901437372,0.944558521561,1.13130643867,within-player,6,2021
1,"(0.4, 0.6]",458,0.483194108906,0.508733624454,0.991266375546,0.949797862141,within-player,6,2021
1,"(0.6, 0.8]",225,0.693198621294,0.657777777778,0.986666666667,1.05384925534,within-player,6,2021
1,"(0.8, 1.0]",128,0.886091431773,0.640625,0.9375,1.38316711301,within-player,6,2021
1,"(1.0, inf]",549,1.84055250479,1.38433515483,0.837887067395,1.32955700675,within-player,6,2021
1,"(-0.001, 0.05]",759,0.0370128841642,0.0408432147563,0.658761528327,0.906218680021,within-player,7,2021
1,"(0.05, 0.1]",1869,0.0736940001703,0.0893525949706,0.667736757624,0.824755007894,within-player,7,2021
1,"(0.1, 0.15]",1243,0.123585943877,0.164119066774,0.721641190668,0.753026118819,within-player,7,2021
1,"(0.15, 0.2]",882,0.173942915769,0.196145124717,0.743764172336,0.886807235309,within-player,7,2021
1,"(0.2, 0.3]",1004,0.242475241654,0.243027888446,0.830677290837,0.997725994347,within-player,7,2021
1,"(0.3, 0.4]",494,0.342794762377,0.301619433198,0.943319838057,1.13651417862,within-player,7,2021
1,"(0.4, 0.6]",461,0.487171589826,0.496746203905,0.991323210412,0.980725340218,within-player,7,2021
1,"(0.6, 0.8]",220,0.694525150638,0.668181818182,0.990909090909,1.03942539551,within-player,7,2021
1,"(0.8, 1.0]",126,0.877383315279,0.690476190476,0.944444444444,1.2706930773,within-player,7,2021
1,"(1.0, inf]",553,1.82328070831,1.37432188065,0.837251356239,1.32667662066,within-player,7,2021
1,"(-0.001, 0.05]",767,0.0371378469279,0.0521512385919,0.670143415906,0.712118214842,within-player,8,2021
1,"(0.05, 0.1]",1867,0.0730028862011,0.084092126406,0.668987680771,0.868129863296,within-player,8,2021
1,"(0.1, 0.15]",1222,0.123687503144,0.156301145663,0.72504091653,0.7913409887,within-player,8,2021
1,"(0.15, 0.2]",913,0.173429551749,0.202628696605,0.722891566265,0.855898274309,within-player,8,2021
1,"(0.2, 0.3]",1003,0.243367821773,0.248255234297,0.837487537388,0.980312952764,within-player,8,2021
1,"(0.3, 0.4]",482,0.344400010238,0.336099585062,0.952282157676,1.02469632676,within-player,8,2021
1,"(0.4, 0.6]",452,0.484376595105,0.491150442478,0.984513274336,0.986208202646,within-player,8,2021
1,"(0.6, 0.8]",234,0.689141925425,0.623931623932,0.995726495726,1.10451514075,within-player,8,2021
1,"(0.8, 1.0]",125,0.888413790833,0.672,0.904,1.3220443316,within-player,8,2021
1,"(1.0, inf]",546,1.8453583909,1.38278388278,0.840659340659,1.33452408136,within-player,8,2021
1,"(-0.001, 0.05]",762,0.037019999523,0.0485564304462,0.667979002625,0.762411882067,within-player,9,2021
1,"(0.05, 0.1]",1835,0.0731420320959,0.0888283378747,0.668119891008,0.823408766233,within-player,9,2021
1,"(0.1, 0.15]",1289,0.123152282571,0.149728471683,0.716834755625,0.822504104843,within-player,9,2021
1,"(0.15, 0.2]",891,0.173372460831,0.196408529742,0.726150392817,0.882713500572,within-player,9,2021
1,"(0.2, 0.3]",1004,0.244564593109,0.248007968127,0.850597609562,0.986115869402,within-player,9,2021
1,"(0.3, 0.4]",463,0.345123587756,0.336933045356,0.939524838013,1.02430910981,within-player,9,2021
1,"(0.4, 0.6]",470,0.48507142253,0.468085106383,0.987234042553,1.03628894813,within-player,9,2021
1,"(0.6, 0.8]",219,0.691135436351,0.680365296804,1,1.01582993665,within-player,9,2021
1,"(0.8, 1.0]",126,0.879354484555,0.698412698413,0.920634920635,1.25907573925,within-player,9,2021
1,"(1.0, inf]",552,1.82607601649,1.37862318841,0.840579710145,1.32456499488,within-player,9,2021
1,"(-0.001, 0.05]",763,0.0370176233484,0.0445609436435,0.664482306684,0.830719018083,within-player,10,2021
1,"(0.05, 0.1]",1834,0.073228241685,0.0872410032715,0.665757906216,0.839378720315,within-player,10,2021
1,"(0.1, 0.15]",1264,0.12315750098,0.160601265823,0.723101265823,0.766852616941,within-player,10,2021
1,"(0.15, 0.2]",906,0.173665159622,0.179911699779,0.727373068433,0.965279966977,within-player,10,2021
1,"(0.2, 0.3]",995,0.243476275756,0.256281407035,0.840201005025,0.95003487991,within-player,10,2021
1,"(0.3, 0.4]",484,0.344770403984,0.338842975207,0.952479338843,1.01749314347,within-player,10,2021
1,"(0.4, 0.6]",462,0.484412743746,0.47619047619,0.987012987013,1.01726676187,within-player,10,2021
1,"(0.6, 0.8]",223,0.687826224919,0.641255605381,0.991031390135,1.07262411298,within-player,10,2021
1,"(0.8, 1.0]",132,0.888650721777,0.69696969697,0.931818181818,1.27502060081,within-player,10,2021
1,"(1.0, inf]",548,1.84133347255,1.38138686131,0.839416058394,1.33296003033,within-player,10,2021
1,"(-0.001, 0.05]",762,0.0370991533614,0.0472440944882,0.669291338583,0.785265412816,within-player,11,2021
1,"(0.05, 0.1]",1844,0.0730961205435,0.090021691974,0.665943600868,0.811983411338,within-player,11,2021
1,"(0.1, 0.15]",1273,0.123352642533,0.149253731343,0.716417910448,0.826462704971,within-player,11,2021
1,"(0.15, 0.2]",891,0.173757873081,0.205387205387,0.734006734007,0.846001447623,within-player,11,2021
1,"(0.2, 0.3]",1007,0.243642690947,0.246276067527,0.844091360477,0.989307216871,within-player,11,2021
1,"(0.3, 0.4]",459,0.343351081169,0.309368191721,0.941176470588,1.1098461004,within-player,11,2021
1,"(0.4, 0.6]",475,0.481924306578,0.494736842105,0.991578947368,0.974102321808,within-player,11,2021
1,"(0.6, 0.8]",232,0.699812528694,0.646551724138,0.995689655172,1.08237671105,within-player,11,2021
1,"(0.8, 1.0]",118,0.887579641781,0.762711864407,0.923728813559,1.16371553033,within-player,11,2021
1,"(1.0, inf]",550,1.82705094806,1.36545454545,0.838181818182,1.33805329086,within-player,11,2021
1,"(-0.001, 0.05]",759,0.0369579492879,0.0513833992095,0.664031620553,0.719258551526,within-player,12,2021
1,"(0.05, 0.1]",1863,0.0733280305293,0.0885668276973,0.670960815888,0.827940126522,within-player,12,2021
1,"(0.1, 0.15]",1242,0.123738960035,0.145732689211,0.719001610306,0.849081703665,within-player,12,2021
1,"(0.15, 0.2]",893,0.173415987599,0.211646136618,0.720044792833,0.819367602784,within-player,12,2021
1,"(0.2, 0.3]",996,0.242830066563,0.246987951807,0.839357429719,0.983165635354,within-player,12,2021
1,"(0.3, 0.4]",499,0.345019803514,0.318637274549,0.957915831663,1.08279799971,within-player,12,2021
1,"(0.4, 0.6]",461,0.488122001302,0.481561822126,0.986984815618,1.01362271442,within-player,12,2021
1,"(0.6, 0.8]",213,0.693051911038,0.643192488263,0.995305164319,1.07751866461,within-player,12,2021
1,"(0.8, 1.0]",136,0.89112558127,0.639705882353,0.926470588235,1.39302389716,within-player,12,2021
1,"(1.0, inf]",549,1.83696355764,1.39526411658,0.83970856102,1.31657048713,within-player,12,2021
1,"(-0.001, 0.05]",754,0.0367562012503,0.053050397878,0.660477453581,0.692854393568,within-player,13,2021
1,"(0.05, 0.1]",1858,0.0734498836571,0.0931108719053,0.673842841765,0.788843259161,within-player,13,2021
1,"(0.1, 0.15]",1239,0.12324116531,0.137207425343,0.710250201776,0.898210610699,within-player,13,2021
1,"(0.15, 0.2]",914,0.174054394153,0.204595185996,0.72647702407,0.850725755378,within-player,13,2021
1,"(0.2, 0.3]",1004,0.24336272721,0.247011952191,0.848605577689,0.985226524675,within-player,13,2021
1,"(0.3, 0.4]",473,0.344756191316,0.344608879493,0.951374207188,1.00042747541,within-player,13,2021
1,"(0.4, 0.6]",473,0.482253333598,0.463002114165,0.980972515856,1.04157911777,within-player,13,2021
1,"(0.6, 0.8]",235,0.692662834434,0.714893617021,1,0.968903369596,within-player,13,2021
1,"(0.8, 1.0]",123,0.887813044855,0.650406504065,0.910569105691,1.36501255646,within-player,13,2021
1,"(1.0, inf]",538,1.84325700137,1.38104089219,0.838289962825,1.33468676546,within-player,13,2021
1,"(-0.001, 0.05]",741,0.0368371230511,0.0458839406208,0.663967611336,0.802832593554,within-player,14,2021
1,"(0.05, 0.1]",1851,0.07287173745,0.0896812533766,0.665045921124,0.812563771205,within-player,14,2021
1,"(0.1, 0.15]",1268,0.123004860422,0.138012618297,0.713722397476,0.891258074371,within-player,14,2021
1,"(0.15, 0.2]",911,0.173800387427,0.222832052689,0.7365532382,0.779961344563,within-player,14,2021
1,"(0.2, 0.3]",993,0.243736781503,0.236656596173,0.841893252769,1.02991754908,within-player,14,2021
1,"(0.3, 0.4]",479,0.344397657479,0.334029227557,0.958246346555,1.03104048708,within-player,14,2021
1,"(0.4, 0.6]",463,0.481382320608,0.501079913607,0.989200863931,0.960689717421,within-player,14,2021
1,"(0.6, 0.8]",237,0.692650507624,0.666666666667,1,1.03897576144,within-player,14,2021
1,"(0.8, 1.0]",124,0.881929505403,0.637096774194,0.911290322581,1.38429441354,within-player,14,2021
1,"(1.0, inf]",544,1.85490246071,1.37683823529,0.838235294118,1.34721887667,within-player,14,2021
1,"(-0.001, 0.05]",742,0.0366994216711,0.0566037735849,0.66307277628,0.648356449522,within-player,15,2021
1,"(0.05, 0.1]",1870,0.0731222663663,0.0844919786096,0.664705882353,0.865434418387,within-player,15,2021
1,"(0.1, 0.15]",1245,0.122830582159,0.143775100402,0.726907630522,0.854324440154,within-player,15,2021
1,"(0.15, 0.2]",898,0.173454211424,0.206013363029,0.719376391982,0.841956118158,within-player,15,2021
1,"(0.2, 0.3]",1022,0.243874494584,0.256360078278,0.844422700587,0.951296692614,within-player,15,2021
1,"(0.3, 0.4]",485,0.343821249151,0.315463917526,0.956701030928,1.08989088783,within-player,15,2021
1,"(0.4, 0.6]",457,0.482590223869,0.512035010941,0.989059080963,0.942494582514,within-player,15,2021
1,"(0.6, 0.8]",230,0.698559985435,0.64347826087,0.991304347826,1.08559997736,within-player,15,2021
1,"(0.8, 1.0]",124,0.898139944087,0.653225806452,0.903225806452,1.37493028478,within-player,15,2021
1,"(1.0, inf]",538,1.85604248983,1.39219330855,0.842007434944,1.33317871766,within-player,15,2021
1,"(-0.001, 0.05]",758,0.0368854452875,0.0435356200528,0.674142480211,0.847247500846,within-player,16,2021
1,"(0.05, 0.1]",1838,0.0730162511308,0.0903155603917,0.664853101197,0.808457045653,within-player,16,2021
1,"(0.1, 0.15]",1303,0.123737982173,0.153491941673,0.723714504988,0.806152953858,within-player,16,2021
1,"(0.15, 0.2]",857,0.173462425663,0.214702450408,0.725787631272,0.807920102138,within-player,16,2021
1,"(0.2, 0.3]",1011,0.243643851032,0.228486646884,0.835806132542,1.066337374,within-player,16,2021
1,"(0.3, 0.4]",493,0.343759811348,0.342799188641,0.951318458418,1.00280228991,within-player,16,2021
1,"(0.4, 0.6]",445,0.48239473726,0.476404494382,0.986516853933,1.01257385887,within-player,16,2021
1,"(0.6, 0.8]",231,0.695133169203,0.670995670996,0.991341991342,1.03597265862,within-player,16,2021
1,"(0.8, 1.0]",130,0.892692416107,0.646153846154,0.946153846154,1.38154778683,within-player,16,2021
1,"(1.0, inf]",545,1.84584690478,1.38899082569,0.834862385321,1.3289122366,within-player,16,2021
1,"(-0.001, 0.05]",768,0.0370780909927,0.0442708333333,0.665364583333,0.8375286436,within-player,17,2021
1,"(0.05, 0.1]",1807,0.0730530018388,0.0863309352518,0.666297731046,0.846197271299,within-player,17,2021
1,"(0.1, 0.15]",1299,0.122496477128,0.154734411085,0.721324095458,0.791656337258,within-player,17,2021
1,"(0.15, 0.2]",898,0.17366539437,0.207126948775,0.743875278396,0.838449054538,within-player,17,2021
1,"(0.2, 0.3]",982,0.242044195587,0.235234215886,0.825865580448,1.02894978384,within-player,17,2021
1,"(0.3, 0.4]",500,0.344972776828,0.33,0.956,1.04537205099,within-player,17,2021
1,"(0.4, 0.6]",454,0.48196134398,0.488986784141,0.977973568282,0.98563265841,within-player,17,2021
1,"(0.6, 0.8]",222,0.693584271104,0.689189189189,1,1.00637717768,within-player,17,2021
1,"(0.8, 1.0]",130,0.876227054614,0.615384615385,0.938461538462,1.42386896375,within-player,17,2021
1,"(1.0, inf]",551,1.8365435012,1.38475499093,0.83666061706,1.32625880624,within-player,17,2021
1,"(-0.001, 0.05]",766,0.0369477264463,0.0496083550914,0.654046997389,0.744788380471,within-player,18,2021
1,"(0.05, 0.1]",1849,0.0733072868002,0.0849107625744,0.674418604651,0.863345052825,within-player,18,2021
1,"(0.1, 0.15]",1263,0.123586390796,0.148060174188,0.718923198733,0.834703805215,within-player,18,2021
1,"(0.15, 0.2]",911,0.173479546326,0.21075740944,0.726673984632,0.823124305746,within-player,18,2021
1,"(0.2, 0.3]",979,0.242943546233,0.255362614913,0.842696629213,0.95136692705,within-player,18,2021
1,"(0.3, 0.4]",479,0.343375452393,0.31732776618,0.951983298539,1.08208448484,within-player,18,2021
1,"(0.4, 0.6]",466,0.48325788231,0.489270386266,0.987124463519,0.987711285775,within-player,18,2021
1,"(0.6, 0.8]",225,0.691757551063,0.666666666667,0.991111111111,1.03763632659,within-player,18,2021
1,"(0.8, 1.0]",126,0.87914042008,0.730158730159,0.952380952381,1.20404014054,within-player,18,2021
1,"(1.0, inf]",547,1.84338359001,1.36197440585,0.833638025594,1.35346419294,within-player,18,2021
1,"(-0.001, 0.05]",739,0.0366531967147,0.0487144790257,0.65899864682,0.752408677004,within-player,19,2021
1,"(0.05, 0.1]",1860,0.0729426360599,0.0887096774194,0.672580645161,0.822262442857,within-player,19,2021
1,"(0.1, 0.15]",1280,0.123395008706,0.14453125,0.715625,0.853760060236,within-player,19,2021
1,"(0.15, 0.2]",874,0.172923338752,0.216247139588,0.735697940503,0.79965607444,within-player,19,2021
1,"(0.2, 0.3]",1025,0.242154909162,0.239024390244,0.833170731707,1.01309706894,within-player,19,2021
1,"(0.3, 0.4]",487,0.345716108714,0.326488706366,0.963039014374,1.05889147763,within-player,19,2021
1,"(0.4, 0.6]",444,0.484711972037,0.506756756757,0.977477477477,0.956498291486,within-player,19,2021
1,"(0.6, 0.8]",223,0.694810598317,0.591928251121,0.995515695067,1.17380881382,within-player,19,2021
1,"(0.8, 1.0]",136,0.891002487416,0.75,0.948529411765,1.18800331655,within-player,19,2021
1,"(1.0, inf]",543,1.84284103382,1.38674033149,0.834254143646,1.32890130327,within-player,19,2021
1,"(-0.001, 0.05]",59,0.0417912536888,0.0508474576271,0.745762711864,0.82189465588,base-rate-only,-1,2022
1,"(0.05, 0.1]",541,0.0799455517793,0.0739371534196,0.743068391867,1.08126358782,base-rate-only,-1,2022
1,"(0.1, 0.15]",1005,0.125735396106,0.0945273631841,0.7592039801,1.33014813776,base-rate-only,-1,2022
1,"(0.15, 0.2]",1269,0.17321632963,0.121355397951,0.74231678487,1.4273475474,base-rate-only,-1,2022
1,"(0.2, 0.3]",1871,0.244843440396,0.138963121325,0.78834847675,1.76193106531,base-rate-only,-1,2022
1,"(0.3, 0.4]",697,0.345834473722,0.255380200861,0.916786226686,1.35419454036,base-rate-only,-1,2022
1,"(0.4, 0.6]",682,0.485442397684,0.363636363636,0.91642228739,1.33496659363,base-rate-only,-1,2022
1,"(0.6, 0.8]",300,0.690939486097,0.45,0.806666666667,1.53542108022,base-rate-only,-1,2022
1,"(0.8, 1.0]",337,0.914763830019,0.314540059347,0.459940652819,2.90825859166,base-rate-only,-1,2022
1,"(1.0, inf]",771,1.50306180969,1.00778210117,0.687418936446,1.49145515479,base-rate-only,-1,2022
1,"(0.05, 0.1]",26,0.0942809803679,0.0384615384615,0.846153846154,2.45130548957,current-season-rate,-1,2022
1,"(0.1, 0.15]",371,0.130682829507,0.102425876011,0.749326145553,1.2758770986,current-season-rate,-1,2022
1,"(0.15, 0.2]",814,0.176786847309,0.115479115479,0.796068796069,1.53089886925,current-season-rate,-1,2022
1,"(0.2, 0.3]",2405,0.25400419042,0.140124740125,0.789604989605,1.81270052807,current-season-rate,-1,2022
1,"(0.3, 0.4]",1428,0.343185739205,0.180672268908,0.841736694678,1.89949316118,current-season-rate,-1,2022
1,"(0.4, 0.6]",1169,0.472503946344,0.262617621899,0.795551753636,1.79920883803,current-season-rate,-1,2022
1,"(0.6, 0.8]",184,0.670165669267,0.5,0.907608695652,1.34033133853,current-season-rate,-1,2022
1,"(0.8, 1.0]",53,0.88517973388,0.415094339623,0.792452830189,2.1324784498,current-season-rate,-1,2022
1,"(1.0, inf]",1082,1.53207377317,0.78280961183,0.581330868762,1.95714737021,current-season-rate,-1,2022
1,"(-0.001, 0.05]",3165,1.57977883096e-05,0.107740916272,0.662875197472,0.000146627565982,historical-rate,-1,2022
1,"(0.05, 0.1]",383,0.0784966069145,0.109660574413,0.809399477807,0.715814296387,historical-rate,-1,2022
1,"(0.1, 0.15]",406,0.130241953545,0.197044334975,0.849753694581,0.660977914243,historical-rate,-1,2022
1,"(0.15, 0.2]",577,0.185784074792,0.13691507799,0.804159445407,1.35692925513,historical-rate,-1,2022
1,"(0.2, 0.3]",744,0.257494194188,0.229838709677,0.905913978495,1.12032561682,historical-rate,-1,2022
1,"(0.3, 0.4]",517,0.351596463856,0.224371373308,0.878143133462,1.56702906736,historical-rate,-1,2022
1,"(0.4, 0.6]",668,0.506351835582,0.345808383234,0.916167664671,1.46425552454,historical-rate,-1,2022
1,"(0.6, 0.8]",340,0.690945851582,0.494117647059,0.891176470588,1.39834279487,historical-rate,-1,2022
1,"(0.8, 1.0]",187,0.970762556359,0.433155080214,0.561497326203,2.24114318567,historical-rate,-1,2022
1,"(1.0, inf]",545,1.68033856475,1.26055045872,0.829357798165,1.33301967654,historical-rate,-1,2022
1,"(-0.001, 0.05]",921,0.0366660262605,0.0521172638436,0.674267100977,0.703529378874,no-vegas,-1,2022
1,"(0.05, 0.1]",1856,0.0736913763871,0.088900862069,0.685344827586,0.828916330755,no-vegas,-1,2022
1,"(0.1, 0.15]",1267,0.123704993151,0.133385951066,0.688239936859,0.927421457531,no-vegas,-1,2022
1,"(0.15, 0.2]",842,0.173018330895,0.179334916865,0.736342042755,0.964777712674,no-vegas,-1,2022
1,"(0.2, 0.3]",912,0.242163322861,0.253289473684,0.857456140351,0.95607337857,no-vegas,-1,2022
1,"(0.3, 0.4]",451,0.348114730018,0.319290465632,0.955654101996,1.09027599471,no-vegas,-1,2022
1,"(0.4, 0.6]",488,0.484902336438,0.405737704918,0.995901639344,1.1951128292,no-vegas,-1,2022
1,"(0.6, 0.8]",179,0.689506482693,0.659217877095,0.988826815642,1.04594627459,no-vegas,-1,2022
1,"(0.8, 1.0]",104,0.884474254212,0.711538461538,0.942307692308,1.24304489781,no-vegas,-1,2022
1,"(1.0, inf]",512,1.62198847308,1.36328125,0.89453125,1.18976804902,no-vegas,-1,2022
1,"(-0.001, 0.05]",78,0.0395407209397,0.025641025641,0.74358974359,1.54208811665,player-vegas,-1,2022
1,"(0.05, 0.1]",586,0.0801144676658,0.0887372013652,0.747440273038,0.902828424079,player-vegas,-1,2022
1,"(0.1, 0.15]",1058,0.126425071629,0.0916824196597,0.738185255198,1.37894562664,player-vegas,-1,2022
1,"(0.15, 0.2]",1245,0.17521356105,0.127710843373,0.764658634538,1.37195524219,player-vegas,-1,2022
1,"(0.2, 0.3]",1734,0.243345579508,0.129181084198,0.799307958478,1.8837555128,player-vegas,-1,2022
1,"(0.3, 0.4]",667,0.342590850728,0.24287856072,0.871064467766,1.41054381133,player-vegas,-1,2022
1,"(0.4, 0.6]",693,0.481360253303,0.359307359307,0.933621933622,1.33968937967,player-vegas,-1,2022
1,"(0.6, 0.8]",357,0.695883685007,0.487394957983,0.781512605042,1.42776135372,player-vegas,-1,2022
1,"(0.8, 1.0]",321,0.902278499999,0.386292834891,0.529595015576,2.33573708467,player-vegas,-1,2022
1,"(1.0, inf]",793,1.52319909576,0.949558638083,0.662042875158,1.60411272634,player-vegas,-1,2022
1,"(-0.001, 0.05]",976,0.0361510362895,0.168032786885,0.798155737705,0.215142752552,random,0,2022
1,"(0.05, 0.1]",1809,0.0734608369566,0.155887230514,0.791044776119,0.471243454094,random,0,2022
1,"(0.1, 0.15]",1278,0.124072289411,0.259780907668,0.755868544601,0.477603571888,random,0,2022
1,"(0.15, 0.2]",859,0.173257512144,0.315483119907,0.785797438882,0.549181560635,random,0,2022
1,"(0.2, 0.3]",857,0.240850412972,0.266044340723,0.763127187865,0.905301771568,random,0,2022
1,"(0.3, 0.4]",434,0.346523212809,0.198156682028,0.783410138249,1.74873342278,random,0,2022
1,"(0.4, 0.6]",475,0.481190371062,0.237894736842,0.842105263158,2.02270288721,random,0,2022
1,"(0.6, 0.8]",214,0.687030716034,0.242990654206,0.705607476636,2.82739563906,random,0,2022
1,"(0.8, 1.0]",119,0.884908805123,0.487394957983,0.806722689076,1.81558875534,random,0,2022
1,"(1.0, inf]",511,1.67078015807,0.802348336595,0.636007827789,2.08236258725,random,0,2022
1,"(-0.001, 0.05]",978,0.0361961023891,0.169734151329,0.78118609407,0.213251735762,random,1,2022
1,"(0.05, 0.1]",1806,0.0734474525153,0.173311184939,0.81007751938,0.42378945445,random,1,2022
1,"(0.1, 0.15]",1275,0.123777106331,0.307450980392,0.796078431373,0.402591353501,random,1,2022
1,"(0.15, 0.2]",864,0.172818560715,0.292824074074,0.752314814815,0.590178800229,random,1,2022
1,"(0.2, 0.3]",855,0.241077608962,0.254970760234,0.743859649123,0.945510805793,random,1,2022
1,"(0.3, 0.4]",427,0.346611515109,0.208430913349,0.833723653396,1.66295637024,random,1,2022
1,"(0.4, 0.6]",485,0.481288743904,0.226804123711,0.814432989691,2.1220458254,random,1,2022
1,"(0.6, 0.8]",213,0.688184156774,0.30985915493,0.826291079812,2.2209579605,random,1,2022
1,"(0.8, 1.0]",116,0.884666661826,0.353448275862,0.724137931034,2.5029593359,random,1,2022
1,"(1.0, inf]",513,1.66984718596,0.678362573099,0.541910331384,2.46158507585,random,1,2022
1,"(-0.001, 0.05]",974,0.0360897319941,0.202258726899,0.815195071869,0.17843349727,random,2,2022
1,"(0.05, 0.1]",1805,0.0733886284697,0.176731301939,0.802216066482,0.415255405605,random,2,2022
1,"(0.1, 0.15]",1284,0.123870888162,0.31230529595,0.772585669782,0.396633966086,random,2,2022
1,"(0.15, 0.2]",863,0.173111805511,0.320973348783,0.767091541136,0.539333892259,random,2,2022
1,"(0.2, 0.3]",851,0.240779491407,0.265569917744,0.78848413631,0.906651978704,random,2,2022
1,"(0.3, 0.4]",432,0.347128862752,0.159722222222,0.791666666667,2.17332853201,random,2,2022
1,"(0.4, 0.6]",479,0.481613911373,0.187891440501,0.787056367432,2.56325626164,random,2,2022
1,"(0.6, 0.8]",212,0.68653576329,0.287735849057,0.768867924528,2.38599314455,random,2,2022
1,"(0.8, 1.0]",118,0.882983315419,0.271186440678,0.669491525424,3.25600097561,random,2,2022
1,"(1.0, inf]",514,1.66548321811,0.630350194553,0.562256809339,2.64215547565,random,2,2022
1,"(-0.001, 0.05]",978,0.0361809085273,0.176891615542,0.795501022495,0.204537159189,random,3,2022
1,"(0.05, 0.1]",1815,0.0735455787366,0.181267217631,0.807162534435,0.40573016841,random,3,2022
1,"(0.1, 0.15]",1261,0.123948747593,0.28628072958,0.764472640761,0.432962245746,random,3,2022
1,"(0.15, 0.2]",858,0.172537723297,0.319347319347,0.754079254079,0.540282359813,random,3,2022
1,"(0.2, 0.3]",863,0.240578141409,0.286210892236,0.784472769409,0.840562494074,random,3,2022
1,"(0.3, 0.4]",439,0.346956216489,0.202733485194,0.842824601367,1.71139077571,random,3,2022
1,"(0.4, 0.6]",475,0.482425493313,0.149473684211,0.768421052632,3.22749449751,random,3,2022
1,"(0.6, 0.8]",214,0.687302315867,0.177570093458,0.724299065421,3.87059725251,random,3,2022
1,"(0.8, 1.0]",117,0.883043285192,0.25641025641,0.675213675214,3.44386881225,random,3,2022
1,"(1.0, inf]",512,1.6715594499,0.75,0.619140625,2.2287459332,random,3,2022
1,"(-0.001, 0.05]",969,0.03605400344,0.171310629515,0.794633642931,0.210459815261,random,4,2022
1,"(0.05, 0.1]",1813,0.0733488312663,0.204081632653,0.814671814672,0.359409273205,random,4,2022
1,"(0.1, 0.15]",1281,0.123900594984,0.245901639344,0.743950039032,0.503862419601,random,4,2022
1,"(0.15, 0.2]",858,0.172877453255,0.263403263403,0.7331002331,0.656322366781,random,4,2022
1,"(0.2, 0.3]",861,0.240859780361,0.25900116144,0.789779326365,0.929956371707,random,4,2022
1,"(0.3, 0.4]",425,0.347173069576,0.204705882353,0.807058823529,1.69596039735,random,4,2022
1,"(0.4, 0.6]",481,0.481165465591,0.195426195426,0.821205821206,2.46213392499,random,4,2022
1,"(0.6, 0.8]",211,0.685331191992,0.345971563981,0.85308056872,1.98088878781,random,4,2022
1,"(0.8, 1.0]",122,0.886056414758,0.377049180328,0.680327868852,2.34997570871,random,4,2022
1,"(1.0, inf]",511,1.67219945025,0.774951076321,0.600782778865,2.15781292696,random,4,2022
1,"(-0.001, 0.05]",973,0.0361026340569,0.201438848921,0.820143884892,0.179223790497,random,5,2022
1,"(0.05, 0.1]",1817,0.0734842105771,0.157952669235,0.78646119978,0.465229305291,random,5,2022
1,"(0.1, 0.15]",1269,0.123958214104,0.312844759653,0.781717888101,0.396229152891,random,5,2022
1,"(0.15, 0.2]",868,0.17309548671,0.321428571429,0.785714285714,0.538519291986,random,5,2022
1,"(0.2, 0.3]",852,0.241140589363,0.225352112676,0.766431924883,1.0700613653,random,5,2022
1,"(0.3, 0.4]",434,0.347442806787,0.218894009217,0.822580645161,1.58726503311,random,5,2022
1,"(0.4, 0.6]",474,0.482638623608,0.194092827004,0.763713080169,2.48663812598,random,5,2022
1,"(0.6, 0.8]",215,0.686410579184,0.251162790698,0.767441860465,2.73293100971,random,5,2022
1,"(0.8, 1.0]",117,0.88360909368,0.376068376068,0.717948717949,2.3495969082,random,5,2022
1,"(1.0, inf]",513,1.66912869032,0.701754385965,0.575048732943,2.37850838371,random,5,2022
1,"(-0.001, 0.05]",979,0.0361290844295,0.159346271706,0.79366700715,0.226733164465,random,6,2022
1,"(0.05, 0.1]",1814,0.0736874372028,0.1802646086,0.79217199559,0.408773734207,random,6,2022
1,"(0.1, 0.15]",1281,0.124076927757,0.279469164715,0.794691647151,0.443973587869,random,6,2022
1,"(0.15, 0.2]",843,0.173264295096,0.316725978648,0.779359430605,0.547047942943,random,6,2022
1,"(0.2, 0.3]",862,0.241132401182,0.296983758701,0.778422273782,0.811938007104,random,6,2022
1,"(0.3, 0.4]",426,0.347108417987,0.225352112676,0.786384976526,1.54029360482,random,6,2022
1,"(0.4, 0.6]",483,0.480875820315,0.186335403727,0.757763975155,2.58070023569,random,6,2022
1,"(0.6, 0.8]",211,0.683769071534,0.251184834123,0.838862559242,2.7221749829,random,6,2022
1,"(0.8, 1.0]",121,0.885293160417,0.396694214876,0.760330578512,2.23167650855,random,6,2022
1,"(1.0, inf]",512,1.66681472596,0.673828125,0.560546875,2.47364968026,random,6,2022
1,"(-0.001, 0.05]",976,0.0361499545655,0.184426229508,0.820696721311,0.196013086977,random,7,2022
1,"(0.05, 0.1]",1816,0.073548200198,0.189427312775,0.795704845815,0.388266080115,random,7,2022
1,"(0.1, 0.15]",1274,0.124120727007,0.278649921507,0.748037676609,0.445436073823,random,7,2022
1,"(0.15, 0.2]",850,0.172902300923,0.305882352941,0.756470588235,0.565257522249,random,7,2022
1,"(0.2, 0.3]",863,0.24080970657,0.260718424102,0.774044032445,0.923639007866,random,7,2022
1,"(0.3, 0.4]",431,0.347828533589,0.169373549884,0.772621809745,2.0536177805,random,7,2022
1,"(0.4, 0.6]",479,0.481081191912,0.187891440501,0.82254697286,2.56042101029,random,7,2022
1,"(0.6, 0.8]",212,0.685849478963,0.349056603774,0.86320754717,1.96486607487,random,7,2022
1,"(0.8, 1.0]",119,0.885446759412,0.478991596639,0.781512605042,1.84856428719,random,7,2022
1,"(1.0, inf]",512,1.67138314507,0.66015625,0.59375,2.53179932035,random,7,2022
1,"(-0.001, 0.05]",978,0.036140124746,0.175869120654,0.796523517382,0.205494430242,random,8,2022
1,"(0.05, 0.1]",1808,0.0735255985987,0.191371681416,0.8125,0.384203127937,random,8,2022
1,"(0.1, 0.15]",1269,0.123890493469,0.256107171001,0.770685579196,0.483744726808,random,8,2022
1,"(0.15, 0.2]",871,0.173030280223,0.282433983927,0.763490241102,0.612639732011,random,8,2022
1,"(0.2, 0.3]",858,0.241350436643,0.252913752914,0.757575757576,0.954279606634,random,8,2022
1,"(0.3, 0.4]",429,0.34788420069,0.198135198135,0.780885780886,1.75579202466,random,8,2022
1,"(0.4, 0.6]",478,0.483480168246,0.179916317992,0.81589958159,2.68725023746,random,8,2022
1,"(0.6, 0.8]",207,0.685978284048,0.314009661836,0.777777777778,2.18457699689,random,8,2022
1,"(0.8, 1.0]",123,0.884944950133,0.333333333333,0.634146341463,2.6548348504,random,8,2022
1,"(1.0, inf]",511,1.66824966621,0.808219178082,0.610567514677,2.0641055192,random,8,2022
1,"(-0.001, 0.05]",979,0.0362495278327,0.170582226762,0.790602655771,0.212504717055,random,9,2022
1,"(0.05, 0.1]",1804,0.0734636857738,0.188470066519,0.806541019956,0.389789673929,random,9,2022
1,"(0.1, 0.15]",1274,0.123648580365,0.291993720565,0.770800627943,0.423463148885,random,9,2022
1,"(0.15, 0.2]",867,0.173316115867,0.276816608997,0.742791234141,0.626104468571,random,9,2022
1,"(0.2, 0.3]",868,0.24166118636,0.222350230415,0.767281105991,1.08684927337,random,9,2022
1,"(0.3, 0.4]",416,0.347638350187,0.240384615385,0.819711538462,1.44617553678,random,9,2022
1,"(0.4, 0.6]",479,0.481108027439,0.235908141962,0.816283924843,2.03938712516,random,9,2022
1,"(0.6, 0.8]",214,0.686544088023,0.224299065421,0.808411214953,3.06084239243,random,9,2022
1,"(0.8, 1.0]",119,0.885904885841,0.336134453782,0.680672268908,2.63556703538,random,9,2022
1,"(1.0, inf]",512,1.67001732888,0.748046875,0.60546875,2.23250358326,random,9,2022
1,"(-0.001, 0.05]",976,0.0361722431266,0.1875,0.831967213115,0.192918630008,random,10,2022
1,"(0.05, 0.1]",1809,0.073473348357,0.192924267551,0.800995024876,0.380840364406,random,10,2022
1,"(0.1, 0.15]",1275,0.123853348191,0.259607843137,0.738823529412,0.477078607078,random,10,2022
1,"(0.15, 0.2]",858,0.173031410127,0.328671328671,0.750582750583,0.526457269111,random,10,2022
1,"(0.2, 0.3]",865,0.240782301717,0.253179190751,0.776878612717,0.951035118656,random,10,2022
1,"(0.3, 0.4]",426,0.347600143984,0.192488262911,0.807511737089,1.80582513826,random,10,2022
1,"(0.4, 0.6]",480,0.481044272154,0.210416666667,0.816666666667,2.28615099638,random,10,2022
1,"(0.6, 0.8]",212,0.686807736512,0.221698113208,0.792452830189,3.09794127959,random,10,2022
1,"(0.8, 1.0]",117,0.882037767648,0.452991452991,0.786324786325,1.94713997764,random,10,2022
1,"(1.0, inf]",514,1.66757378927,0.678988326848,0.587548638132,2.45596827417,random,10,2022
1,"(-0.001, 0.05]",978,0.0361822094941,0.166666666667,0.80981595092,0.217093256964,random,11,2022
1,"(0.05, 0.1]",1816,0.0736685291819,0.199889867841,0.804515418502,0.368545589516,random,11,2022
1,"(0.1, 0.15]",1271,0.124182232056,0.253343823761,0.738788355625,0.490172723426,random,11,2022
1,"(0.15, 0.2]",852,0.17294146388,0.279342723005,0.737089201878,0.619101374897,random,11,2022
1,"(0.2, 0.3]",865,0.240969456131,0.271676300578,0.803468208092,0.886972678949,random,11,2022
1,"(0.3, 0.4]",436,0.347378836134,0.201834862385,0.853211009174,1.72110423357,random,11,2022
1,"(0.4, 0.6]",466,0.481598741756,0.218884120172,0.800429184549,2.20024523195,random,11,2022
1,"(0.6, 0.8]",216,0.684679094296,0.194444444444,0.722222222222,3.52120677066,random,11,2022
1,"(0.8, 1.0]",122,0.886419501015,0.450819672131,0.811475409836,1.96623962043,random,11,2022
1,"(1.0, inf]",510,1.67227254549,0.760784313725,0.592156862745,2.19809020154,random,11,2022
1,"(-0.001, 0.05]",969,0.0360822075495,0.208462332301,0.833849329205,0.173087421364,random,12,2022
1,"(0.05, 0.1]",1825,0.0734777009726,0.197260273973,0.8,0.372491122986,random,12,2022
1,"(0.1, 0.15]",1265,0.124099953199,0.261660079051,0.750197628458,0.47427927733,random,12,2022
1,"(0.15, 0.2]",857,0.172880731033,0.280046674446,0.731621936989,0.617328277065,random,12,2022
1,"(0.2, 0.3]",864,0.240917369287,0.252314814815,0.783564814815,0.954828472769,random,12,2022
1,"(0.3, 0.4]",430,0.346552011528,0.202325581395,0.806976744186,1.71284327537,random,12,2022
1,"(0.4, 0.6]",479,0.481123054362,0.160751565762,0.770354906054,2.99296029921,random,12,2022
1,"(0.6, 0.8]",212,0.685926914653,0.183962264151,0.797169811321,3.72862835657,random,12,2022
1,"(0.8, 1.0]",121,0.884082563101,0.338842975207,0.719008264463,2.60912171062,random,12,2022
1,"(1.0, inf]",510,1.67172089509,0.786274509804,0.635294117647,2.12612881919,random,12,2022
1,"(-0.001, 0.05]",978,0.0361279063107,0.171779141104,0.823108384458,0.210316026023,random,13,2022
1,"(0.05, 0.1]",1809,0.0736040780237,0.170812603648,0.782752902156,0.430905427654,random,13,2022
1,"(0.1, 0.15]",1284,0.12395513908,0.30062305296,0.760903426791,0.412327457457,random,13,2022
1,"(0.15, 0.2]",849,0.172999314448,0.306242638398,0.760895170789,0.564909299871,random,13,2022
1,"(0.2, 0.3]",859,0.241308224924,0.264260768335,0.810244470314,0.913144340129,random,13,2022
1,"(0.3, 0.4]",428,0.345973731115,0.184579439252,0.799065420561,1.87438932806,random,13,2022
1,"(0.4, 0.6]",477,0.480584808437,0.1928721174,0.784067085954,2.49172775679,random,13,2022
1,"(0.6, 0.8]",217,0.686774546606,0.239631336406,0.755760368664,2.8659630118,random,13,2022
1,"(0.8, 1.0]",119,0.883229944514,0.504201680672,0.823529411765,1.75173938995,random,13,2022
1,"(1.0, inf]",512,1.67154269327,0.708984375,0.583984375,2.35765801365,random,13,2022
1,"(-0.001, 0.05]",975,0.0361024026784,0.165128205128,0.797948717949,0.218632562804,random,14,2022
1,"(0.05, 0.1]",1811,0.0735476298452,0.199337382662,0.791827719492,0.368960547506,random,14,2022
1,"(0.1, 0.15]",1278,0.124016971798,0.246478873239,0.759780907668,0.503154571295,random,14,2022
1,"(0.15, 0.2]",855,0.172887902608,0.259649122807,0.743859649123,0.66585205734,random,14,2022
1,"(0.2, 0.3]",862,0.241028914378,0.266821345708,0.791183294664,0.903334453018,random,14,2022
1,"(0.3, 0.4]",428,0.347321948043,0.226635514019,0.836448598131,1.53251333776,random,14,2022
1,"(0.4, 0.6]",483,0.48140900474,0.146997929607,0.75983436853,3.27493731393,random,14,2022
1,"(0.6, 0.8]",210,0.685853996221,0.352380952381,0.8,1.94634242171,random,14,2022
1,"(0.8, 1.0]",122,0.885604433829,0.368852459016,0.704918032787,2.4009720206,random,14,2022
1,"(1.0, inf]",508,1.67692396332,0.826771653543,0.663385826772,2.0282794604,random,14,2022
1,"(-0.001, 0.05]",978,0.0361613319087,0.151329243354,0.798568507157,0.238957990586,random,15,2022
1,"(0.05, 0.1]",1804,0.0734088784996,0.209534368071,0.806541019956,0.350342901622,random,15,2022
1,"(0.1, 0.15]",1278,0.123883870692,0.278560250391,0.779342723005,0.444729176249,random,15,2022
1,"(0.15, 0.2]",862,0.172906503952,0.286542923434,0.767981438515,0.603422698002,random,15,2022
1,"(0.2, 0.3]",857,0.241168784175,0.253208868145,0.757292882147,0.95244999096,random,15,2022
1,"(0.3, 0.4]",433,0.347129746192,0.187066974596,0.794457274827,1.85564419878,random,15,2022
1,"(0.4, 0.6]",472,0.48161359893,0.165254237288,0.745762711864,2.91437972686,random,15,2022
1,"(0.6, 0.8]",217,0.685199422992,0.248847926267,0.78801843318,2.75348657017,random,15,2022
1,"(0.8, 1.0]",120,0.883030874802,0.491666666667,0.791666666667,1.7959949996,random,15,2022
1,"(1.0, inf]",511,1.67231019018,0.739726027397,0.610567514677,2.26071562747,random,15,2022
1,"(-0.001, 0.05]",972,0.0361422699285,0.191358024691,0.814814814815,0.188872507368,random,16,2022
1,"(0.05, 0.1]",1827,0.0736208499955,0.182813355227,0.807334428024,0.40271045791,random,16,2022
1,"(0.1, 0.15]",1268,0.124247155058,0.281545741325,0.768927444795,0.441303620765,random,16,2022
1,"(0.15, 0.2]",865,0.173487146912,0.282080924855,0.756069364162,0.615026156061,random,16,2022
1,"(0.2, 0.3]",852,0.241731126882,0.289906103286,0.775821596244,0.833825587465,random,16,2022
1,"(0.3, 0.4]",426,0.346890857731,0.213615023474,0.821596244131,1.62390665267,random,16,2022
1,"(0.4, 0.6]",477,0.480674312224,0.203354297694,0.798742138365,2.36372831887,random,16,2022
1,"(0.6, 0.8]",218,0.687914079756,0.243119266055,0.752293577982,2.82953338465,random,16,2022
1,"(0.8, 1.0]",112,0.882848766253,0.321428571429,0.6875,2.74664060612,random,16,2022
1,"(1.0, inf]",515,1.66743539655,0.681553398058,0.559223300971,2.44652202059,random,16,2022
1,"(-0.001, 0.05]",974,0.0361094783354,0.175564681725,0.802874743326,0.205676209934,random,17,2022
1,"(0.05, 0.1]",1810,0.0734486274223,0.182320441989,0.799447513812,0.402854592832,random,17,2022
1,"(0.1, 0.15]",1276,0.123821897961,0.318965517241,0.760971786834,0.388198382797,random,17,2022
1,"(0.15, 0.2]",861,0.172962290445,0.308943089431,0.767711962834,0.559851624336,random,17,2022
1,"(0.2, 0.3]",856,0.240967144609,0.217289719626,0.776869158879,1.10896707411,random,17,2022
1,"(0.3, 0.4]",434,0.346393673949,0.184331797235,0.820276497696,1.87918568117,random,17,2022
1,"(0.4, 0.6]",477,0.480634731424,0.194968553459,0.8071278826,2.46519104182,random,17,2022
1,"(0.6, 0.8]",213,0.68687045414,0.244131455399,0.755868544601,2.81352705254,random,17,2022
1,"(0.8, 1.0]",118,0.882926618474,0.415254237288,0.686440677966,2.12623144857,random,17,2022
1,"(1.0, inf]",513,1.67236552325,0.705653021442,0.600389863548,2.36995445698,random,17,2022
1,"(-0.001, 0.05]",977,0.0361505774678,0.154554759468,0.795291709314,0.233901418451,random,18,2022
1,"(0.05, 0.1]",1811,0.0735741985729,0.16951960243,0.797901711761,0.434015874969,random,18,2022
1,"(0.1, 0.15]",1266,0.123891629087,0.304107424961,0.770142180095,0.407394292011,random,18,2022
1,"(0.15, 0.2]",865,0.1728524018,0.304046242775,0.756069364162,0.568506948884,random,18,2022
1,"(0.2, 0.3]",861,0.240241393744,0.241579558653,0.786295005807,0.994460769298,random,18,2022
1,"(0.3, 0.4]",433,0.347450133622,0.175519630485,0.771362586605,1.97955141919,random,18,2022
1,"(0.4, 0.6]",475,0.481474837819,0.216842105263,0.8,2.22039366955,random,18,2022
1,"(0.6, 0.8]",215,0.687207488064,0.26976744186,0.776744186047,2.54740706782,random,18,2022
1,"(0.8, 1.0]",117,0.886617269926,0.333333333333,0.735042735043,2.65985180978,random,18,2022
1,"(1.0, inf]",512,1.67065990054,0.79296875,0.62890625,2.10684204207,random,18,2022
1,"(-0.001, 0.05]",974,0.0360324381032,0.182751540041,0.810061601643,0.19716626243,random,19,2022
1,"(0.05, 0.1]",1811,0.0733920440049,0.172832689122,0.800662617338,0.424642145984,random,19,2022
1,"(0.1, 0.15]",1279,0.124150864296,0.279124315872,0.766223612197,0.444786990014,random,19,2022
1,"(0.15, 0.2]",852,0.173251255124,0.298122065728,0.753521126761,0.581142005375,random,19,2022
1,"(0.2, 0.3]",864,0.240436428908,0.239583333333,0.768518518519,1.00356074675,random,19,2022
1,"(0.3, 0.4]",429,0.347359702937,0.191142191142,0.797202797203,1.81728429951,random,19,2022
1,"(0.4, 0.6]",476,0.480585929142,0.15756302521,0.77731092437,3.05011869695,random,19,2022
1,"(0.6, 0.8]",221,0.687716408184,0.339366515837,0.796380090498,2.02647101611,random,19,2022
1,"(0.8, 1.0]",113,0.884831041444,0.451327433628,0.734513274336,1.96050799379,random,19,2022
1,"(1.0, inf]",513,1.66752904481,0.787524366472,0.625730994152,2.11743168314,random,19,2022
1,"(0.05, 0.1]",168,0.0882876527201,0.130952380952,0.821428571429,0.674196620772,regressed-rate,-1,2022
1,"(0.1, 0.15]",611,0.126338534419,0.0736497545008,0.736497545008,1.71539654511,regressed-rate,-1,2022
1,"(0.15, 0.2]",1133,0.174302597923,0.112974404237,0.713150926743,1.54285033942,regressed-rate,-1,2022
1,"(0.2, 0.3]",2572,0.246684241888,0.125583203733,0.781104199067,1.96430919547,regressed-rate,-1,2022
1,"(0.3, 0.4]",855,0.341836606199,0.256140350877,0.897076023392,1.33456757215,regressed-rate,-1,2022
1,"(0.4, 0.6]",827,0.483026984318,0.331318016929,0.916565900846,1.45789531398,regressed-rate,-1,2022
1,"(0.6, 0.8]",182,0.651730106854,0.43956043956,0.917582417582,1.48268599309,regressed-rate,-1,2022
1,"(0.8, 1.0]",406,0.952677547582,0.357142857143,0.5,2.66749713323,regressed-rate,-1,2022
1,"(1.0, inf]",778,1.53116532523,0.976863753213,0.664524421594,1.56742976715,regressed-rate,-1,2022
1,"(-0.001, 0.05]",974,0.0362525286958,0.0564681724846,0.675564681725,0.641999326358,shipped,-1,2022
1,"(0.05, 0.1]",1814,0.0735583473398,0.0926130099228,0.685777287762,0.794255012347,shipped,-1,2022
1,"(0.1, 0.15]",1263,0.123918899082,0.140934283452,0.703879651623,0.879267244607,shipped,-1,2022
1,"(0.15, 0.2]",875,0.172852618191,0.173714285714,0.738285714286,0.995039742876,shipped,-1,2022
1,"(0.2, 0.3]",865,0.241370345564,0.233526011561,0.836994219653,1.0335908362,shipped,-1,2022
1,"(0.3, 0.4]",430,0.34804996013,0.33023255814,0.955813953488,1.05395410462,shipped,-1,2022
1,"(0.4, 0.6]",472,0.480634720134,0.396186440678,0.989406779661,1.21315287649,shipped,-1,2022
1,"(0.6, 0.8]",206,0.687011494873,0.640776699029,0.985436893204,1.07215430261,shipped,-1,2022
1,"(0.8, 1.0]",121,0.882142791169,0.760330578512,0.95041322314,1.16020954056,shipped,-1,2022
1,"(1.0, inf]",512,1.66874451445,1.34375,0.8984375,1.24185638285,shipped,-1,2022
1,"(0.05, 0.1]",621,0.0853307300268,0.061191626409,0.495974235105,1.39448377228,vegas-environment,-1,2022
1,"(0.1, 0.15]",731,0.13182608022,0.0738714090287,0.655266757866,1.78453453039,vegas-environment,-1,2022
1,"(0.15, 0.2]",1853,0.173616433556,0.101996762008,0.752833243389,1.70217593322,vegas-environment,-1,2022
1,"(0.2, 0.3]",1899,0.24799391092,0.175882043181,0.721432332807,1.4100013079,vegas-environment,-1,2022
1,"(0.3, 0.4]",1165,0.34350732446,0.295278969957,0.933905579399,1.16333149127,vegas-environment,-1,2022
1,"(0.4, 0.6]",701,0.466128470553,0.429386590585,0.970042796006,1.08556829853,vegas-environment,-1,2022
1,"(0.6, 0.8]",20,0.607329697768,0.4,0.9,1.51832424442,vegas-environment,-1,2022
1,"(1.0, inf]",542,1.61117092329,1.34317343173,0.883763837638,1.19952560498,vegas-environment,-1,2022
1,"(-0.001, 0.05]",968,0.0361108117524,0.0619834710744,0.682851239669,0.582587762938,within-player,0,2022
1,"(0.05, 0.1]",1803,0.0732555313779,0.0843039378813,0.688297282307,0.868945546541,within-player,0,2022
1,"(0.1, 0.15]",1267,0.12322504639,0.147592738753,0.685872138911,0.834899111102,within-player,0,2022
1,"(0.15, 0.2]",893,0.173667502822,0.175811870101,0.733482642777,0.98780305745,within-player,0,2022
1,"(0.2, 0.3]",885,0.241217690618,0.23615819209,0.861016949153,1.02142419233,within-player,0,2022
1,"(0.3, 0.4]",401,0.347037409172,0.324189526185,0.955112219451,1.07047693137,within-player,0,2022
1,"(0.4, 0.6]",476,0.484327457759,0.405462184874,0.983193277311,1.19450709789,within-player,0,2022
1,"(0.6, 0.8]",215,0.695819156694,0.627906976744,0.995348837209,1.10815643473,within-player,0,2022
1,"(0.8, 1.0]",126,0.894244674987,0.793650793651,0.944444444444,1.12674829048,within-player,0,2022
1,"(1.0, inf]",498,1.68101926773,1.35140562249,0.893574297189,1.24390430213,within-player,0,2022
1,"(-0.001, 0.05]",972,0.0362556090235,0.0565843621399,0.67695473251,0.64073549038,within-player,1,2022
1,"(0.05, 0.1]",1820,0.0733547807791,0.0923076923077,0.692307692308,0.794676791774,within-player,1,2022
1,"(0.1, 0.15]",1252,0.123296473359,0.139776357827,0.694888178914,0.882098197976,within-player,1,2022
1,"(0.15, 0.2]",869,0.173405107164,0.186421173763,0.726121979287,0.930179247688,within-player,1,2022
1,"(0.2, 0.3]",893,0.241998992153,0.221724524076,0.847704367301,1.09143989895,within-player,1,2022
1,"(0.3, 0.4]",408,0.347922110286,0.362745098039,0.955882352941,0.959136628357,within-player,1,2022
1,"(0.4, 0.6]",485,0.481537535038,0.4,0.987628865979,1.2038438376,within-player,1,2022
1,"(0.6, 0.8]",210,0.689715921446,0.657142857143,0.985714285714,1.04956770655,within-player,1,2022
1,"(0.8, 1.0]",122,0.891341024851,0.622950819672,0.934426229508,1.43083690831,within-player,1,2022
1,"(1.0, inf]",501,1.68516817699,1.36127744511,0.900199600798,1.23793146139,within-player,1,2022
1,"(-0.001, 0.05]",953,0.0360367048451,0.0556138509969,0.688352570829,0.647980749385,within-player,2,2022
1,"(0.05, 0.1]",1813,0.0728159649026,0.0921125206839,0.678433535576,0.790511044122,within-player,2,2022
1,"(0.1, 0.15]",1274,0.123413194335,0.141287284144,0.707221350078,0.87349116435,within-player,2,2022
1,"(0.15, 0.2]",884,0.173354870759,0.184389140271,0.733031674208,0.940157703996,within-player,2,2022
1,"(0.2, 0.3]",867,0.241085184992,0.223760092272,0.844290657439,1.07742708963,within-player,2,2022
1,"(0.3, 0.4]",408,0.346221396626,0.316176470588,0.941176470588,1.09502581258,within-player,2,2022
1,"(0.4, 0.6]",502,0.483002137385,0.442231075697,0.990039840637,1.09219402238,within-player,2,2022
1,"(0.6, 0.8]",195,0.690027691695,0.558974358974,0.989743589744,1.23445320991,within-player,2,2022
1,"(0.8, 1.0]",127,0.886859717904,0.779527559055,0.96062992126,1.13768872903,within-player,2,2022
1,"(1.0, inf]",509,1.66465643665,1.33595284872,0.891944990177,1.24604430332,within-player,2,2022
1,"(-0.001, 0.05]",955,0.0359711741053,0.0565445026178,0.676439790576,0.636156875381,within-player,3,2022
1,"(0.05, 0.1]",1813,0.0733656627697,0.0882515168229,0.683397683398,0.831324666259,within-player,3,2022
1,"(0.1, 0.15]",1277,0.123826076518,0.142521534847,0.703993735317,0.868823624801,within-player,3,2022
1,"(0.15, 0.2]",882,0.173274674951,0.202947845805,0.731292517007,0.853789180487,within-player,3,2022
1,"(0.2, 0.3]",883,0.243267737969,0.20724801812,0.851642129105,1.173800069,within-player,3,2022
1,"(0.3, 0.4]",408,0.34695065225,0.355392156863,0.958333333333,0.976247352539,within-player,3,2022
1,"(0.4, 0.6]",498,0.484359787006,0.411646586345,0.9859437751,1.17663987283,within-player,3,2022
1,"(0.6, 0.8]",184,0.690864370794,0.619565217391,0.989130434783,1.11507933532,within-player,3,2022
1,"(0.8, 1.0]",133,0.899947901968,0.744360902256,0.924812030075,1.20902091881,within-player,3,2022
1,"(1.0, inf]",499,1.68909187213,1.35270541082,0.899799599198,1.24867680621,within-player,3,2022
1,"(-0.001, 0.05]",967,0.0360906331502,0.0537745604964,0.672182006205,0.671146966466,within-player,4,2022
1,"(0.05, 0.1]",1800,0.0734917261404,0.0866666666667,0.686666666667,0.847981455466,within-player,4,2022
1,"(0.1, 0.15]",1293,0.12366935035,0.14849187935,0.705336426914,0.83283578126,within-player,4,2022
1,"(0.15, 0.2]",845,0.172654746757,0.185798816568,0.740828402367,0.929256439551,within-player,4,2022
1,"(0.2, 0.3]",896,0.241175686112,0.219866071429,0.828125,1.09692088709,within-player,4,2022
1,"(0.3, 0.4]",407,0.350254220298,0.34398034398,0.972972972973,1.01823905472,within-player,4,2022
1,"(0.4, 0.6]",475,0.481659672782,0.393684210526,0.985263157895,1.22346708327,within-player,4,2022
1,"(0.6, 0.8]",219,0.69005368714,0.639269406393,0.981735159817,1.07944112488,within-player,4,2022
1,"(0.8, 1.0]",130,0.891613597867,0.730769230769,0.953846153846,1.22010281813,within-player,4,2022
1,"(1.0, inf]",500,1.68910226711,1.36,0.896,1.24198696111,within-player,4,2022
1,"(-0.001, 0.05]",947,0.0361828345216,0.0633579725449,0.683210137276,0.571085738199,within-player,5,2022
1,"(0.05, 0.1]",1816,0.0729912701416,0.0803964757709,0.683370044053,0.907891414912,within-player,5,2022
1,"(0.1, 0.15]",1310,0.123223762645,0.146564885496,0.692366412214,0.840745463881,within-player,5,2022
1,"(0.15, 0.2]",837,0.173252357967,0.203106332139,0.746714456392,0.853013080109,within-player,5,2022
1,"(0.2, 0.3]",879,0.24179227669,0.209328782708,0.841865756542,1.15508375658,within-player,5,2022
1,"(0.3, 0.4]",417,0.346159046636,0.36690647482,0.954436450839,0.94345308789,within-player,5,2022
1,"(0.4, 0.6]",476,0.480817151941,0.394957983193,0.989495798319,1.21738810811,within-player,5,2022
1,"(0.6, 0.8]",218,0.684875861641,0.577981651376,0.98623853211,1.18494395109,within-player,5,2022
1,"(0.8, 1.0]",128,0.896566929421,0.7421875,0.9140625,1.20800596806,within-player,5,2022
1,"(1.0, inf]",504,1.66816293235,1.35317460317,0.904761904762,1.23277729898,within-player,5,2022
1,"(-0.001, 0.05]",956,0.0359999471981,0.0575313807531,0.683054393305,0.625744536753,within-player,6,2022
1,"(0.05, 0.1]",1806,0.07307326742,0.0880398671096,0.683831672204,0.830002018619,within-player,6,2022
1,"(0.1, 0.15]",1285,0.123267256341,0.144747081712,0.694163424125,0.851604432251,within-player,6,2022
1,"(0.15, 0.2]",864,0.173365213771,0.188657407407,0.743055555556,0.918941992013,within-player,6,2022
1,"(0.2, 0.3]",891,0.242109926042,0.207631874299,0.846240179574,1.16605375191,within-player,6,2022
1,"(0.3, 0.4]",421,0.347599760714,0.387173396675,0.950118764846,0.897788339023,within-player,6,2022
1,"(0.4, 0.6]",480,0.484418005995,0.370833333333,0.9875,1.3062957465,within-player,6,2022
1,"(0.6, 0.8]",190,0.702571614375,0.689473684211,0.984210526316,1.01899699795,within-player,6,2022
1,"(0.8, 1.0]",136,0.887329741662,0.676470588235,0.919117647059,1.3117048355,within-player,6,2022
1,"(1.0, inf]",503,1.67649385931,1.35984095427,0.904572564612,1.23286025034,within-player,6,2022
1,"(-0.001, 0.05]",959,0.0361523440886,0.0583941605839,0.681960375391,0.619108892517,within-player,7,2022
1,"(0.05, 0.1]",1817,0.073181066046,0.0924600990644,0.681342872867,0.791488077414,within-player,7,2022
1,"(0.1, 0.15]",1295,0.124017130143,0.138223938224,0.702702702703,0.897218902432,within-player,7,2022
1,"(0.15, 0.2]",841,0.172827778543,0.171224732461,0.724137931034,1.00936223441,within-player,7,2022
1,"(0.2, 0.3]",900,0.24208657745,0.237777777778,0.855555555556,1.01812112012,within-player,7,2022
1,"(0.3, 0.4]",404,0.348165928825,0.321782178218,0.960396039604,1.08199257881,within-player,7,2022
1,"(0.4, 0.6]",481,0.480940137348,0.428274428274,0.987525987526,1.1229718741,within-player,7,2022
1,"(0.6, 0.8]",218,0.687027660033,0.623853211009,0.98623853211,1.10126492564,within-player,7,2022
1,"(0.8, 1.0]",100,0.890919638248,0.77,0.97,1.15703849123,within-player,7,2022
1,"(1.0, inf]",517,1.66952969444,1.32688588008,0.8916827853,1.25823156272,within-player,7,2022
1,"(-0.001, 0.05]",964,0.0362738789797,0.0580912863071,0.683609958506,0.624428916722,within-player,8,2022
1,"(0.05, 0.1]",1816,0.0733047132695,0.0897577092511,0.686123348018,0.816695455813,within-player,8,2022
1,"(0.1, 0.15]",1274,0.12344777546,0.131083202512,0.693092621664,0.94175129303,within-player,8,2022
1,"(0.15, 0.2]",862,0.17306663739,0.19373549884,0.741299303944,0.89331402054,within-player,8,2022
1,"(0.2, 0.3]",889,0.241440985751,0.232845894263,0.844769403825,1.036913219,within-player,8,2022
1,"(0.3, 0.4]",401,0.347217440041,0.341645885287,0.952618453865,1.01630798143,within-player,8,2022
1,"(0.4, 0.6]",487,0.484561100694,0.420944558522,0.983572895277,1.15112807823,within-player,8,2022
1,"(0.6, 0.8]",215,0.687986059688,0.572093023256,0.990697674419,1.2025772588,within-player,8,2022
1,"(0.8, 1.0]",122,0.892490743406,0.729508196721,0.94262295082,1.22341427748,within-player,8,2022
1,"(1.0, inf]",502,1.67275313335,1.35856573705,0.896414342629,1.23126403657,within-player,8,2022
1,"(-0.001, 0.05]",969,0.0361436749579,0.061919504644,0.68524251806,0.583720350571,within-player,9,2022
1,"(0.05, 0.1]",1805,0.0736589267805,0.0825484764543,0.683102493075,0.892311159993,within-player,9,2022
1,"(0.1, 0.15]",1288,0.123952177498,0.145962732919,0.690217391304,0.849204279879,within-player,9,2022
1,"(0.15, 0.2]",849,0.173451391248,0.197879858657,0.740871613663,0.876548995058,within-player,9,2022
1,"(0.2, 0.3]",873,0.241907234365,0.202749140893,0.854524627721,1.19313568136,within-player,9,2022
1,"(0.3, 0.4]",417,0.347368489756,0.350119904077,0.947242206235,0.992141508414,within-player,9,2022
1,"(0.4, 0.6]",494,0.479753164597,0.427125506073,0.981781376518,1.12321357019,within-player,9,2022
1,"(0.6, 0.8]",204,0.691133494911,0.607843137255,0.985294117647,1.13702607227,within-player,9,2022
1,"(0.8, 1.0]",125,0.887835886977,0.656,0.936,1.35340836429,within-player,9,2022
1,"(1.0, inf]",508,1.67348661793,1.36023622047,0.90157480315,1.23029117498,within-player,9,2022
1,"(-0.001, 0.05]",950,0.0360257778539,0.06,0.676842105263,0.600429630898,within-player,10,2022
1,"(0.05, 0.1]",1861,0.0735642112457,0.0918860827512,0.690488984417,0.800602322387,within-player,10,2022
1,"(0.1, 0.15]",1247,0.123770097762,0.137129109864,0.688853247795,0.902580771398,within-player,10,2022
1,"(0.15, 0.2]",850,0.173421334992,0.198823529412,0.74,0.872237483689,within-player,10,2022
1,"(0.2, 0.3]",904,0.241172446428,0.216814159292,0.849557522124,1.11234638556,within-player,10,2022
1,"(0.3, 0.4]",416,0.349004333478,0.326923076923,0.954326923077,1.06754266711,within-player,10,2022
1,"(0.4, 0.6]",463,0.483016058457,0.406047516199,0.987041036717,1.18955550567,within-player,10,2022
1,"(0.6, 0.8]",206,0.688813311126,0.655339805825,0.990291262136,1.05107808957,within-player,10,2022
1,"(0.8, 1.0]",141,0.891806624448,0.666666666667,0.929078014184,1.33770993667,within-player,10,2022
1,"(1.0, inf]",494,1.69242693057,1.37449392713,0.898785425101,1.23130913653,within-player,10,2022
1,"(-0.001, 0.05]",954,0.0359251750821,0.0545073375262,0.679245283019,0.659088789007,within-player,11,2022
1,"(0.05, 0.1]",1834,0.0733230702363,0.0888767720829,0.684296619411,0.824996998856,within-player,11,2022
1,"(0.1, 0.15]",1268,0.123698731109,0.148264984227,0.704258675079,0.834308463012,within-player,11,2022
1,"(0.15, 0.2]",880,0.173256849713,0.185227272727,0.738636363636,0.935374403356,within-player,11,2022
1,"(0.2, 0.3]",857,0.24199935316,0.213535589265,0.841306884481,1.13329751726,within-player,11,2022
1,"(0.3, 0.4]",416,0.346688709995,0.346153846154,0.949519230769,1.00154516221,within-player,11,2022
1,"(0.4, 0.6]",496,0.484861233187,0.421370967742,0.983870967742,1.15067546249,within-player,11,2022
1,"(0.6, 0.8]",196,0.68741593895,0.622448979592,1,1.10437314782,within-player,11,2022
1,"(0.8, 1.0]",119,0.891503631326,0.72268907563,0.949579831933,1.23359223404,within-player,11,2022
1,"(1.0, inf]",512,1.6624435292,1.33984375,0.89453125,1.24077417922,within-player,11,2022
1,"(-0.001, 0.05]",959,0.0362314420003,0.0615224191867,0.680917622523,0.588914455564,within-player,12,2022
1,"(0.05, 0.1]",1841,0.0734204952081,0.0847365562194,0.684953829441,0.866455972295,within-player,12,2022
1,"(0.1, 0.15]",1255,0.123723317145,0.14422310757,0.692430278884,0.857860569153,within-player,12,2022
1,"(0.15, 0.2]",877,0.173420554157,0.191562143672,0.738882554162,0.905296583307,within-player,12,2022
1,"(0.2, 0.3]",873,0.241822263729,0.224513172967,0.851088201604,1.07709610324,within-player,12,2022
1,"(0.3, 0.4]",407,0.346853809274,0.34398034398,0.958230958231,1.0083535741,within-player,12,2022
1,"(0.4, 0.6]",480,0.482921730688,0.410416666667,0.989583333333,1.17666208492,within-player,12,2022
1,"(0.6, 0.8]",215,0.689019069546,0.576744186047,0.986046511628,1.19467016091,within-player,12,2022
1,"(0.8, 1.0]",123,0.893798114858,0.764227642276,0.943089430894,1.16954434178,within-player,12,2022
1,"(1.0, inf]",502,1.66861631316,1.35657370518,0.896414342629,1.23002259795,within-player,12,2022
1,"(-0.001, 0.05]",966,0.0360840514273,0.0527950310559,0.674948240166,0.683474385858,within-player,13,2022
1,"(0.05, 0.1]",1811,0.073542618022,0.0894533406957,0.686913307565,0.822133834801,within-player,13,2022
1,"(0.1, 0.15]",1273,0.123848985066,0.142183817753,0.703849175177,0.871048386682,within-player,13,2022
1,"(0.15, 0.2]",871,0.172939957328,0.200918484501,0.740528128588,0.86074687333,within-player,13,2022
1,"(0.2, 0.3]",842,0.241751785593,0.219714964371,0.83135391924,1.10029731605,within-player,13,2022
1,"(0.3, 0.4]",454,0.347224002932,0.332599118943,0.953744493392,1.0439715055,within-player,13,2022
1,"(0.4, 0.6]",487,0.484603320888,0.390143737166,0.985626283368,1.24211482775,within-player,13,2022
1,"(0.6, 0.8]",208,0.684549845332,0.591346153846,0.985576923077,1.15761274658,within-player,13,2022
1,"(0.8, 1.0]",106,0.894424456275,0.745283018868,0.933962264151,1.20011382741,within-player,13,2022
1,"(1.0, inf]",514,1.67165199946,1.35992217899,0.900778210117,1.22922621992,within-player,13,2022
1,"(-0.001, 0.05]",953,0.0358173655498,0.0545645330535,0.675760755509,0.656422103249,within-player,14,2022
1,"(0.05, 0.1]",1833,0.0733075509117,0.0932896890344,0.681396617567,0.785805501878,within-player,14,2022
1,"(0.1, 0.15]",1276,0.12378616125,0.134796238245,0.711598746082,0.918320591599,within-player,14,2022
1,"(0.15, 0.2]",874,0.173150650293,0.195652173913,0.741418764302,0.884992212609,within-player,14,2022
1,"(0.2, 0.3]",867,0.242180118897,0.228373702422,0.83506343714,1.06045536911,within-player,14,2022
1,"(0.3, 0.4]",406,0.347625581396,0.344827586207,0.955665024631,1.00811418605,within-player,14,2022
1,"(0.4, 0.6]",489,0.485047661364,0.390593047035,0.989775051125,1.24182359375,within-player,14,2022
1,"(0.6, 0.8]",205,0.689452859656,0.653658536585,0.985365853659,1.05475997186,within-player,14,2022
1,"(0.8, 1.0]",131,0.901727680189,0.587786259542,0.923664122137,1.53410813123,within-player,14,2022
1,"(1.0, inf]",498,1.68713650774,1.38554216867,0.901606425703,1.21767243602,within-player,14,2022
1,"(-0.001, 0.05]",965,0.0360902667049,0.0580310880829,0.680829015544,0.621912631611,within-player,15,2022
1,"(0.05, 0.1]",1819,0.0738086965412,0.0934579439252,0.681143485432,0.78975305299,within-player,15,2022
1,"(0.1, 0.15]",1281,0.123485278378,0.129586260734,0.713505074161,0.952919527726,within-player,15,2022
1,"(0.15, 0.2]",855,0.173311284706,0.202339181287,0.73216374269,0.856538430193,within-player,15,2022
1,"(0.2, 0.3]",887,0.241687229226,0.216459977452,0.841037204059,1.11654464752,within-player,15,2022
1,"(0.3, 0.4]",415,0.347874214315,0.375903614458,0.946987951807,0.925434608595,within-player,15,2022
1,"(0.4, 0.6]",481,0.485384505597,0.401247401247,0.985446985447,1.20968884555,within-player,15,2022
1,"(0.6, 0.8]",211,0.694328582889,0.587677725118,0.985781990521,1.18147847572,within-player,15,2022
1,"(0.8, 1.0]",119,0.891875942873,0.764705882353,0.924369747899,1.16629930991,within-player,15,2022
1,"(1.0, inf]",499,1.67648760737,1.35270541082,0.901803607214,1.23935898678,within-player,15,2022
1,"(-0.001, 0.05]",938,0.0359098199451,0.0543710021322,0.674840085288,0.660459041344,within-player,16,2022
1,"(0.05, 0.1]",1859,0.0736053035834,0.0855298547606,0.68370091447,0.860580247557,within-player,16,2022
1,"(0.1, 0.15]",1262,0.123455611408,0.141838351823,0.702852614897,0.870396545232,within-player,16,2022
1,"(0.15, 0.2]",874,0.174174547859,0.217391304348,0.747139588101,0.801202920152,within-player,16,2022
1,"(0.2, 0.3]",850,0.243419014729,0.202352941176,0.841176470588,1.20294280535,within-player,16,2022
1,"(0.3, 0.4]",435,0.346025666316,0.335632183908,0.951724137931,1.03096688252,within-player,16,2022
1,"(0.4, 0.6]",476,0.479338957348,0.411764705882,0.983193277311,1.16410889642,within-player,16,2022
1,"(0.6, 0.8]",202,0.682901198082,0.554455445545,0.990099009901,1.2316610894,within-player,16,2022
1,"(0.8, 1.0]",129,0.893719605133,0.829457364341,0.937984496124,1.07747503796,within-player,16,2022
1,"(1.0, inf]",507,1.68010795645,1.34911242604,0.897435897436,1.24534317825,within-player,16,2022
1,"(-0.001, 0.05]",954,0.0360557496612,0.062893081761,0.681341719078,0.573286419612,within-player,17,2022
1,"(0.05, 0.1]",1815,0.0733701048324,0.0876033057851,0.688154269972,0.837526668369,within-player,17,2022
1,"(0.1, 0.15]",1262,0.12410162171,0.130744849445,0.687797147385,0.949189373319,within-player,17,2022
1,"(0.15, 0.2]",870,0.172402117564,0.197701149425,0.747126436782,0.872033966746,within-player,17,2022
1,"(0.2, 0.3]",891,0.241750280548,0.224466891134,0.83950617284,1.07699749984,within-player,17,2022
1,"(0.3, 0.4]",408,0.347716076953,0.34068627451,0.955882352941,1.02063424027,within-player,17,2022
1,"(0.4, 0.6]",500,0.483700363306,0.392,0.982,1.23392949823,within-player,17,2022
1,"(0.6, 0.8]",202,0.697777761449,0.628712871287,0.990099009901,1.10985124262,within-player,17,2022
1,"(0.8, 1.0]",129,0.899756409252,0.806201550388,0.93023255814,1.11604400763,within-player,17,2022
1,"(1.0, inf]",501,1.69086134481,1.34530938124,0.900199600798,1.256856875,within-player,17,2022
1,"(-0.001, 0.05]",961,0.0361740238032,0.05098855359,0.684703433923,0.709453813774,within-player,18,2022
1,"(0.05, 0.1]",1824,0.0733602019545,0.0948464912281,0.682565789474,0.773462476098,within-player,18,2022
1,"(0.1, 0.15]",1270,0.123428258959,0.149606299213,0.692125984252,0.825020467781,within-player,18,2022
1,"(0.15, 0.2]",890,0.173882549129,0.186516853933,0.74606741573,0.932261859787,within-player,18,2022
1,"(0.2, 0.3]",849,0.241728090194,0.207302709069,0.852767962309,1.16606334418,within-player,18,2022
1,"(0.3, 0.4]",420,0.347575356022,0.37619047619,0.945238095238,0.923934490691,within-player,18,2022
1,"(0.4, 0.6]",486,0.481272378677,0.384773662551,0.987654320988,1.25079345474,within-player,18,2022
1,"(0.6, 0.8]",208,0.694373279814,0.581730769231,0.980769230769,1.19363340662,within-player,18,2022
1,"(0.8, 1.0]",127,0.89353997009,0.787401574803,0.92125984252,1.13479576201,within-player,18,2022
1,"(1.0, inf]",497,1.68590923998,1.36016096579,0.903420523139,1.23949244419,within-player,18,2022
1,"(-0.001, 0.05]",966,0.0362307133889,0.0590062111801,0.682194616977,0.614015247958,within-player,19,2022
1,"(0.05, 0.1]",1840,0.0734457900264,0.0885869565217,0.685869565217,0.829081310728,within-player,19,2022
1,"(0.1, 0.15]",1240,0.123941647859,0.149193548387,0.701612903226,0.830744018085,within-player,19,2022
1,"(0.15, 0.2]",871,0.173260348893,0.177956371986,0.722158438576,0.973611379907,within-player,19,2022
1,"(0.2, 0.3]",877,0.241927758943,0.229190421893,0.852907639681,1.05557534623,within-player,19,2022
1,"(0.3, 0.4]",426,0.346726359938,0.335680751174,0.946009389671,1.03290510023,within-player,19,2022
1,"(0.4, 0.6]",470,0.484554619336,0.414893617021,0.991489361702,1.16790087737,within-player,19,2022
1,"(0.6, 0.8]",215,0.689352873705,0.581395348837,0.981395348837,1.18568694277,within-player,19,2022
1,"(0.8, 1.0]",121,0.892592076727,0.809917355372,0.925619834711,1.10207797228,within-player,19,2022
1,"(1.0, inf]",506,1.6818033368,1.33201581028,0.903162055336,1.26260013119,within-player,19,2022
1,"(-0.001, 0.05]",58,0.0412022605354,0.051724137931,0.793103448276,0.796577037018,base-rate-only,-1,2023
1,"(0.05, 0.1]",800,0.0791585016912,0.06875,0.75125,1.15139638824,base-rate-only,-1,2023
1,"(0.1, 0.15]",1211,0.125733022991,0.083402146986,0.759702725021,1.50755139447,base-rate-only,-1,2023
1,"(0.15, 0.2]",1263,0.175575919532,0.102137767221,0.740300870942,1.71901074705,base-rate-only,-1,2023
1,"(0.2, 0.3]",1469,0.244939014899,0.155888359428,0.791695030633,1.57124634448,base-rate-only,-1,2023
1,"(0.3, 0.4]",729,0.345857281189,0.281207133059,0.899862825789,1.22990223408,base-rate-only,-1,2023
1,"(0.4, 0.6]",671,0.48953609927,0.399403874814,0.906110283159,1.22566687541,base-rate-only,-1,2023
1,"(0.6, 0.8]",245,0.685281119136,0.510204081633,0.820408163265,1.34315099351,base-rate-only,-1,2023
1,"(0.8, 1.0]",287,0.896341367925,0.348432055749,0.473867595819,2.57249972594,base-rate-only,-1,2023
1,"(1.0, inf]",774,1.43640501026,1.00129198966,0.691214470284,1.43455158444,base-rate-only,-1,2023
1,"(0.05, 0.1]",103,0.0873337688646,0.0679611650485,0.834951456311,1.28505402758,current-season-rate,-1,2023
1,"(0.1, 0.15]",691,0.12903941109,0.105643994211,0.798842257598,1.22145524744,current-season-rate,-1,2023
1,"(0.15, 0.2]",969,0.176060571678,0.103199174407,0.842105263158,1.70602693956,current-season-rate,-1,2023
1,"(0.2, 0.3]",2140,0.246257616409,0.12523364486,0.765887850467,1.96638544446,current-season-rate,-1,2023
1,"(0.3, 0.4]",1418,0.343625344688,0.211565585331,0.816643159379,1.62420246256,current-season-rate,-1,2023
1,"(0.4, 0.6]",922,0.469087393551,0.283080260304,0.77874186551,1.65708266994,current-season-rate,-1,2023
1,"(0.6, 0.8]",125,0.684937556632,0.632,0.936,1.0837619567,current-season-rate,-1,2023
1,"(0.8, 1.0]",89,0.900065249894,0.595505617978,0.719101123596,1.51143032529,current-season-rate,-1,2023
1,"(1.0, inf]",1050,1.4610592835,0.808571428571,0.62,1.80696377818,current-season-rate,-1,2023
1,"(-0.001, 0.05]",2937,0,0.135852911134,0.67517875383,0,historical-rate,-1,2023
1,"(0.05, 0.1]",494,0.0757953747203,0.0971659919028,0.791497975709,0.780060731497,historical-rate,-1,2023
1,"(0.1, 0.15]",470,0.12719634223,0.121276595745,0.793617021277,1.04881194471,historical-rate,-1,2023
1,"(0.15, 0.2]",646,0.182005666585,0.142414860681,0.863777089783,1.27799631102,historical-rate,-1,2023
1,"(0.2, 0.3]",756,0.256735501477,0.263227513228,0.919312169312,0.975336879985,historical-rate,-1,2023
1,"(0.3, 0.4]",572,0.356262324141,0.307692307692,0.921328671329,1.15785255346,historical-rate,-1,2023
1,"(0.4, 0.6]",512,0.501211466828,0.3671875,0.8828125,1.36500144157,historical-rate,-1,2023
1,"(0.6, 0.8]",343,0.709348516487,0.390670553936,0.862973760933,1.81572045638,historical-rate,-1,2023
1,"(0.8, 1.0]",280,0.954506552621,0.432142857143,0.532142857143,2.20877549367,historical-rate,-1,2023
1,"(1.0, inf]",497,1.62432763039,1.15895372233,0.758551307847,1.40154658386,historical-rate,-1,2023
1,"(-0.001, 0.05]",1096,0.0361034765473,0.0547445255474,0.647810218978,0.659490171598,no-vegas,-1,2023
1,"(0.05, 0.1]",1925,0.0748700982596,0.0903896103896,0.721558441558,0.828304247987,no-vegas,-1,2023
1,"(0.1, 0.15]",1304,0.122877911905,0.122699386503,0.708588957055,1.00145498202,no-vegas,-1,2023
1,"(0.15, 0.2]",697,0.173511907228,0.230989956958,0.736011477762,0.751166455514,no-vegas,-1,2023
1,"(0.2, 0.3]",807,0.244523389151,0.272614622057,0.87980173482,0.896956250206,no-vegas,-1,2023
1,"(0.3, 0.4]",450,0.344921301876,0.417777777778,0.968888888889,0.825609499171,no-vegas,-1,2023
1,"(0.4, 0.6]",493,0.483934032384,0.448275862069,0.983772819473,1.07954514916,no-vegas,-1,2023
1,"(0.6, 0.8]",153,0.68340058193,0.59477124183,0.980392156863,1.14901416522,no-vegas,-1,2023
1,"(0.8, 1.0]",92,0.893267004955,0.869565217391,0.902173913043,1.0272570557,no-vegas,-1,2023
1,"(1.0, inf]",490,1.54773583815,1.29591836735,0.818367346939,1.19431584361,no-vegas,-1,2023
1,"(-0.001, 0.05]",77,0.0410775609889,0.0649350649351,0.792207792208,0.632594439229,player-vegas,-1,2023
1,"(0.05, 0.1]",877,0.0785064335069,0.0684150513113,0.759407069555,1.14750236976,player-vegas,-1,2023
1,"(0.1, 0.15]",1212,0.125245778775,0.0816831683168,0.765676567657,1.53331195833,player-vegas,-1,2023
1,"(0.15, 0.2]",1113,0.175066960837,0.101527403414,0.740341419587,1.72433210098,player-vegas,-1,2023
1,"(0.2, 0.3]",1511,0.244613638176,0.16412971542,0.785572468564,1.49036777131,player-vegas,-1,2023
1,"(0.3, 0.4]",700,0.343475818673,0.275714285714,0.888571428571,1.24576721798,player-vegas,-1,2023
1,"(0.4, 0.6]",647,0.487917347967,0.41885625966,0.938176197836,1.16488016286,player-vegas,-1,2023
1,"(0.6, 0.8]",325,0.691732764937,0.378461538462,0.683076923077,1.82774917565,player-vegas,-1,2023
1,"(0.8, 1.0]",292,0.898442923585,0.479452054795,0.626712328767,1.87389524062,player-vegas,-1,2023
1,"(1.0, inf]",753,1.49872396841,0.980079681275,0.665338645418,1.52918583768,player-vegas,-1,2023
1,"(-0.001, 0.05]",1177,0.0358287096099,0.168224299065,0.799490229397,0.212981773792,random,0,2023
1,"(0.05, 0.1]",1844,0.0744984551058,0.180585683297,0.794468546638,0.412537991637,random,0,2023
1,"(0.1, 0.15]",1301,0.123210838334,0.257494235204,0.7809377402,0.478499404994,random,0,2023
1,"(0.15, 0.2]",700,0.172416595582,0.332857142857,0.744285714286,0.517989772134,random,0,2023
1,"(0.2, 0.3]",797,0.243544404547,0.233375156838,0.739021329987,1.0435746797,random,0,2023
1,"(0.3, 0.4]",435,0.345606618651,0.222988505747,0.793103448276,1.54988535168,random,0,2023
1,"(0.4, 0.6]",471,0.481672135561,0.197452229299,0.796178343949,2.43943629945,random,0,2023
1,"(0.6, 0.8]",186,0.68549067807,0.338709677419,0.817204301075,2.02382962097,random,0,2023
1,"(0.8, 1.0]",128,0.893071292981,0.4921875,0.703125,1.81449405558,random,0,2023
1,"(1.0, inf]",468,1.63740145107,0.831196581197,0.655982905983,1.96993285115,random,0,2023
1,"(-0.001, 0.05]",1178,0.0357974898157,0.173174872666,0.768251273345,0.206712955896,random,1,2023
1,"(0.05, 0.1]",1837,0.0744851228089,0.1692977681,0.801306477953,0.439965178778,random,1,2023
1,"(0.1, 0.15]",1300,0.123181263632,0.303076923077,0.778461538462,0.406435641427,random,1,2023
1,"(0.15, 0.2]",713,0.172732441583,0.335203366059,0.775596072931,0.515306405224,random,1,2023
1,"(0.2, 0.3]",788,0.243426221308,0.220812182741,0.772842639594,1.10241300225,random,1,2023
1,"(0.3, 0.4]",444,0.345351571065,0.218468468468,0.804054054054,1.58078451085,random,1,2023
1,"(0.4, 0.6]",464,0.480752763841,0.243534482759,0.821120689655,1.97406444621,random,1,2023
1,"(0.6, 0.8]",190,0.685163349922,0.352631578947,0.773684210526,1.94300054455,random,1,2023
1,"(0.8, 1.0]",126,0.893745151553,0.563492063492,0.65873015873,1.58608294501,random,1,2023
1,"(1.0, inf]",467,1.63744460652,0.6852248394,0.603854389722,2.38964572264,random,1,2023
1,"(-0.001, 0.05]",1167,0.0357387408627,0.193658954584,0.814910025707,0.184544737109,random,2,2023
1,"(0.05, 0.1]",1851,0.0742701898986,0.190707725554,0.790923824959,0.389445103406,random,2,2023
1,"(0.1, 0.15]",1296,0.123161434826,0.276234567901,0.764660493827,0.445858155124,random,2,2023
1,"(0.15, 0.2]",718,0.172544080695,0.357938718663,0.760445682451,0.482049221551,random,2,2023
1,"(0.2, 0.3]",778,0.243203376095,0.29177377892,0.813624678663,0.833534037894,random,2,2023
1,"(0.3, 0.4]",451,0.345544827542,0.148558758315,0.740576496674,2.32598085405,random,2,2023
1,"(0.4, 0.6]",463,0.482112542289,0.207343412527,0.820734341253,2.32518861541,random,2,2023
1,"(0.6, 0.8]",188,0.685795657324,0.281914893617,0.781914893617,2.4326336524,random,2,2023
1,"(0.8, 1.0]",126,0.894277226478,0.34126984127,0.65873015873,2.62044024503,random,2,2023
1,"(1.0, inf]",469,1.63346853331,0.660980810235,0.579957356077,2.47127981329,random,2,2023
1,"(-0.001, 0.05]",1173,0.0358383119313,0.18925831202,0.800511508951,0.189361891421,random,3,2023
1,"(0.05, 0.1]",1851,0.0744154547097,0.191247974068,0.804970286332,0.389104538609,random,3,2023
1,"(0.1, 0.15]",1290,0.123286016202,0.282170542636,0.768992248062,0.436920222254,random,3,2023
1,"(0.15, 0.2]",714,0.172421418402,0.326330532213,0.74649859944,0.528364346519,random,3,2023
1,"(0.2, 0.3]",793,0.243498066253,0.253467843632,0.789407313997,0.960666500194,random,3,2023
1,"(0.3, 0.4]",433,0.345413441608,0.196304849885,0.831408775982,1.75957670843,random,3,2023
1,"(0.4, 0.6]",468,0.481098032187,0.143162393162,0.75,3.36050565766,random,3,2023
1,"(0.6, 0.8]",190,0.684155671611,0.194736842105,0.778947368421,3.51323182719,random,3,2023
1,"(0.8, 1.0]",126,0.894939554656,0.484126984127,0.603174603175,1.84856367027,random,3,2023
1,"(1.0, inf]",469,1.63470613896,0.780383795309,0.609808102345,2.09474639119,random,3,2023
1,"(-0.001, 0.05]",1168,0.0357870859798,0.166095890411,0.775684931507,0.215460393941,random,4,2023
1,"(0.05, 0.1]",1852,0.0743079056696,0.213822894168,0.791036717063,0.347520811364,random,4,2023
1,"(0.1, 0.15]",1295,0.12317822083,0.237065637066,0.752895752896,0.519595426626,random,4,2023
1,"(0.15, 0.2]",714,0.172445991851,0.260504201681,0.735294117647,0.661970097751,random,4,2023
1,"(0.2, 0.3]",786,0.243126914891,0.273536895674,0.807888040712,0.888826767928,random,4,2023
1,"(0.3, 0.4]",443,0.345763786213,0.185101580135,0.817155756208,1.86796777186,random,4,2023
1,"(0.4, 0.6]",469,0.482237055008,0.200426439232,0.820895522388,2.40605509361,random,4,2023
1,"(0.6, 0.8]",184,0.684394390189,0.336956521739,0.771739130435,2.03110593217,random,4,2023
1,"(0.8, 1.0]",126,0.894459291896,0.428571428571,0.690476190476,2.08707168109,random,4,2023
1,"(1.0, inf]",470,1.63309692315,0.851063829787,0.678723404255,1.9188888847,random,4,2023
1,"(-0.001, 0.05]",1173,0.0357737729123,0.178175618073,0.799658994032,0.20077816089,random,5,2023
1,"(0.05, 0.1]",1834,0.074269112767,0.198473282443,0.783533260632,0.374202068172,random,5,2023
1,"(0.1, 0.15]",1306,0.122983863245,0.291730474732,0.790964777948,0.421566733329,random,5,2023
1,"(0.15, 0.2]",715,0.172589966465,0.321678321678,0.758041958042,0.53652967836,random,5,2023
1,"(0.2, 0.3]",793,0.243166952964,0.225725094578,0.779319041614,1.07727035587,random,5,2023
1,"(0.3, 0.4]",436,0.345828084704,0.201834862385,0.80504587156,1.71342096512,random,5,2023
1,"(0.4, 0.6]",465,0.481516392031,0.187096774194,0.756989247312,2.57362209534,random,5,2023
1,"(0.6, 0.8]",190,0.683674129081,0.247368421053,0.805263157895,2.76378903246,random,5,2023
1,"(0.8, 1.0]",125,0.893998607058,0.472,0.688,1.89406484546,random,5,2023
1,"(1.0, inf]",470,1.63264033654,0.736170212766,0.61914893617,2.21774843403,random,5,2023
1,"(-0.001, 0.05]",1171,0.0357710370734,0.146883005978,0.793339026473,0.243534211703,random,6,2023
1,"(0.05, 0.1]",1850,0.0744024218348,0.196216216216,0.791891891892,0.379185896403,random,6,2023
1,"(0.1, 0.15]",1290,0.123078804185,0.32015503876,0.793798449612,0.384435005808,random,6,2023
1,"(0.15, 0.2]",718,0.172763941817,0.318941504178,0.75208913649,0.54167908395,random,6,2023
1,"(0.2, 0.3]",790,0.243342569211,0.250632911392,0.769620253165,0.970912271094,random,6,2023
1,"(0.3, 0.4]",440,0.34521566025,0.268181818182,0.815909090909,1.28724483483,random,6,2023
1,"(0.4, 0.6]",463,0.481977007704,0.144708423326,0.796976241901,3.33067693384,random,6,2023
1,"(0.6, 0.8]",191,0.685752895116,0.30890052356,0.769633507853,2.21997971131,random,6,2023
1,"(0.8, 1.0]",126,0.894792512385,0.579365079365,0.698412698413,1.54443639124,random,6,2023
1,"(1.0, inf]",468,1.63573528685,0.636752136752,0.581196581197,2.56887286659,random,6,2023
1,"(-0.001, 0.05]",1175,0.0358061493213,0.20085106383,0.819574468085,0.178272141748,random,7,2023
1,"(0.05, 0.1]",1843,0.0744040679913,0.182854042322,0.799240368964,0.406904146315,random,7,2023
1,"(0.1, 0.15]",1292,0.123150301837,0.282507739938,0.739164086687,0.435918328694,random,7,2023
1,"(0.15, 0.2]",717,0.172221264699,0.301255230126,0.757322175732,0.571678920322,random,7,2023
1,"(0.2, 0.3]",789,0.243783925162,0.262357414449,0.794676806084,0.929205395908,random,7,2023
1,"(0.3, 0.4]",444,0.345769940776,0.155405405405,0.754504504505,2.22495440152,random,7,2023
1,"(0.4, 0.6]",462,0.481034124012,0.264069264069,0.822510822511,1.821621027,random,7,2023
1,"(0.6, 0.8]",192,0.683790474427,0.385416666667,0.807291666667,1.77415906878,random,7,2023
1,"(0.8, 1.0]",123,0.893737705834,0.560975609756,0.691056910569,1.59318460605,random,7,2023
1,"(1.0, inf]",470,1.63286149988,0.627659574468,0.606382978723,2.60150815236,random,7,2023
1,"(-0.001, 0.05]",1176,0.0358249699565,0.188775510204,0.791666666667,0.189775516526,random,8,2023
1,"(0.05, 0.1]",1847,0.0745162931289,0.174336762317,0.803465078506,0.427427308724,random,8,2023
1,"(0.1, 0.15]",1293,0.123246640636,0.295436968291,0.783449342614,0.417167294089,random,8,2023
1,"(0.15, 0.2]",713,0.172476857063,0.284712482468,0.747545582048,0.605793098945,random,8,2023
1,"(0.2, 0.3]",788,0.243379549414,0.225888324873,0.728426395939,1.07743306145,random,8,2023
1,"(0.3, 0.4]",439,0.345500235396,0.19589977221,0.80410022779,1.76365817836,random,8,2023
1,"(0.4, 0.6]",472,0.482207541085,0.199152542373,0.800847457627,2.42129744034,random,8,2023
1,"(0.6, 0.8]",181,0.685880883967,0.265193370166,0.762430939227,2.58634249996,random,8,2023
1,"(0.8, 1.0]",131,0.891832304576,0.419847328244,0.702290076336,2.12418239817,random,8,2023
1,"(1.0, inf]",467,1.63821278635,0.856531049251,0.653104925054,1.91261342806,random,8,2023
1,"(-0.001, 0.05]",1178,0.0359129112889,0.169779286927,0.797962648557,0.211527047492,random,9,2023
1,"(0.05, 0.1]",1839,0.0744190279505,0.197389885808,0.805328983143,0.377015406063,random,9,2023
1,"(0.1, 0.15]",1301,0.123198549424,0.235972328978,0.757878554958,0.522088966778,random,9,2023
1,"(0.15, 0.2]",707,0.172377801887,0.326732673267,0.756718528996,0.527580545168,random,9,2023
1,"(0.2, 0.3]",791,0.243127195761,0.214917825537,0.761061946903,1.13125654027,random,9,2023
1,"(0.3, 0.4]",442,0.345230358881,0.264705882353,0.796380090498,1.30420357799,random,9,2023
1,"(0.4, 0.6]",469,0.481887819305,0.247334754797,0.808102345416,1.94832230391,random,9,2023
1,"(0.6, 0.8]",187,0.685951613948,0.294117647059,0.775401069519,2.33223548742,random,9,2023
1,"(0.8, 1.0]",123,0.896202318179,0.69918699187,0.682926829268,1.28177773414,random,9,2023
1,"(1.0, inf]",470,1.63188713079,0.734042553191,0.631914893617,2.22315058398,random,9,2023
1,"(-0.001, 0.05]",1178,0.0358321351962,0.204584040747,0.819185059423,0.175146287391,random,10,2023
1,"(0.05, 0.1]",1831,0.0742674977113,0.188967777171,0.801747678864,0.393016729218,random,10,2023
1,"(0.1, 0.15]",1309,0.123102532788,0.252864782277,0.751718869366,0.486831466523,random,10,2023
1,"(0.15, 0.2]",710,0.172569506719,0.318309859155,0.764788732394,0.542143140576,random,10,2023
1,"(0.2, 0.3]",784,0.243003336796,0.238520408163,0.792091836735,1.01879473823,random,10,2023
1,"(0.3, 0.4]",446,0.345702307907,0.183856502242,0.766816143498,1.88028328447,random,10,2023
1,"(0.4, 0.6]",467,0.482639694913,0.17130620985,0.785867237687,2.81740921906,random,10,2023
1,"(0.6, 0.8]",184,0.684642187508,0.288043478261,0.739130434783,2.37687099059,random,10,2023
1,"(0.8, 1.0]",129,0.893271645888,0.736434108527,0.666666666667,1.21296886652,random,10,2023
1,"(1.0, inf]",469,1.63530816238,0.744136460554,0.616204690832,2.19759177123,random,10,2023
1,"(-0.001, 0.05]",1174,0.0358107138238,0.18398637138,0.790459965928,0.194637861246,random,11,2023
1,"(0.05, 0.1]",1849,0.0744235164995,0.178474851271,0.793401838832,0.416997218205,random,11,2023
1,"(0.1, 0.15]",1285,0.12304353011,0.286381322957,0.758754863813,0.429649283129,random,11,2023
1,"(0.15, 0.2]",718,0.17237266273,0.318941504178,0.74930362117,0.540452278778,random,11,2023
1,"(0.2, 0.3]",786,0.243018873354,0.283715012723,0.797709923664,0.856559795768,random,11,2023
1,"(0.3, 0.4]",449,0.345817479659,0.260579064588,0.853006681514,1.3271115245,random,11,2023
1,"(0.4, 0.6]",463,0.482457934108,0.159827213823,0.799136069114,3.01862193908,random,11,2023
1,"(0.6, 0.8]",189,0.6848832141,0.195767195767,0.746031746032,3.49845749905,random,11,2023
1,"(0.8, 1.0]",125,0.892079395992,0.592,0.712,1.50689087161,random,11,2023
1,"(1.0, inf]",469,1.63518565026,0.686567164179,0.603411513859,2.38168344712,random,11,2023
1,"(-0.001, 0.05]",1178,0.0358034774185,0.158743633277,0.792869269949,0.225542761492,random,12,2023
1,"(0.05, 0.1]",1842,0.0744447941742,0.199782844734,0.809446254072,0.372628562144,random,12,2023
1,"(0.1, 0.15]",1293,0.123168752564,0.266047950503,0.756380510441,0.462956968214,random,12,2023
1,"(0.15, 0.2]",715,0.172597277668,0.33006993007,0.735664335664,0.522911243782,random,12,2023
1,"(0.2, 0.3]",785,0.243362396391,0.259872611465,0.779617834395,0.936468044934,random,12,2023
1,"(0.3, 0.4]",443,0.345933580167,0.196388261851,0.812641083521,1.76147788522,random,12,2023
1,"(0.4, 0.6]",470,0.482689486932,0.223404255319,0.802127659574,2.16061008436,random,12,2023
1,"(0.6, 0.8]",188,0.68379852502,0.255319148936,0.787234042553,2.67821088966,random,12,2023
1,"(0.8, 1.0]",124,0.893754052586,0.451612903226,0.629032258065,1.97902683073,random,12,2023
1,"(1.0, inf]",469,1.63581584273,0.756929637527,0.633262260128,2.16112008519,random,12,2023
1,"(-0.001, 0.05]",1183,0.0358557188991,0.158918005072,0.785291631445,0.225624018392,random,13,2023
1,"(0.05, 0.1]",1829,0.0744133870806,0.196828868234,0.791142700929,0.37806134714,random,13,2023
1,"(0.1, 0.15]",1298,0.123093205265,0.268875192604,0.75654853621,0.457807966859,random,13,2023
1,"(0.15, 0.2]",711,0.172425655974,0.292545710267,0.767932489451,0.589397314412,random,13,2023
1,"(0.2, 0.3]",795,0.242697806294,0.308176100629,0.803773584906,0.787529616341,random,13,2023
1,"(0.3, 0.4]",442,0.34511091615,0.212669683258,0.805429864253,1.62275558445,random,13,2023
1,"(0.4, 0.6]",466,0.482241521862,0.197424892704,0.815450643777,2.44265814334,random,13,2023
1,"(0.6, 0.8]",187,0.682729650332,0.299465240642,0.764705882353,2.27982936807,random,13,2023
1,"(0.8, 1.0]",127,0.89306771946,0.527559055118,0.755905511811,1.69282985629,random,13,2023
1,"(1.0, inf]",469,1.63540300469,0.705756929638,0.603411513859,2.31723265619,random,13,2023
1,"(-0.001, 0.05]",1175,0.0358178459795,0.169361702128,0.796595744681,0.211487281537,random,14,2023
1,"(0.05, 0.1]",1842,0.0743456542085,0.172638436482,0.78555917481,0.430643695132,random,14,2023
1,"(0.1, 0.15]",1298,0.123221836513,0.254237288136,0.765793528505,0.484672556951,random,14,2023
1,"(0.15, 0.2]",717,0.172479735546,0.31520223152,0.781032078103,0.547203408791,random,14,2023
1,"(0.2, 0.3]",779,0.243276912962,0.282413350449,0.781771501926,0.861421432714,random,14,2023
1,"(0.3, 0.4]",447,0.345533316854,0.232662192394,0.809843400447,1.48512877532,random,14,2023
1,"(0.4, 0.6]",461,0.48092250416,0.151843817787,0.73535791757,3.16721820597,random,14,2023
1,"(0.6, 0.8]",195,0.68485477459,0.297435897436,0.769230769231,2.30252898353,random,14,2023
1,"(0.8, 1.0]",127,0.894089925131,0.551181102362,0.692913385827,1.62213457845,random,14,2023
1,"(1.0, inf]",466,1.63826267256,0.847639484979,0.678111587983,1.93273520358,random,14,2023
1,"(-0.001, 0.05]",1168,0.0357576845715,0.162671232877,0.797089041096,0.219815660945,random,15,2023
1,"(0.05, 0.1]",1856,0.0743617180822,0.197737068966,0.799030172414,0.376063620601,random,15,2023
1,"(0.1, 0.15]",1296,0.123266233328,0.263117283951,0.753858024691,0.468483983557,random,15,2023
1,"(0.15, 0.2]",705,0.172643896102,0.320567375887,0.751773049645,0.538557286513,random,15,2023
1,"(0.2, 0.3]",792,0.243433352433,0.305555555556,0.792929292929,0.796690971599,random,15,2023
1,"(0.3, 0.4]",443,0.346233172401,0.230248306998,0.808126410835,1.50373818994,random,15,2023
1,"(0.4, 0.6]",464,0.481869981724,0.150862068966,0.771551724138,3.19410959314,random,15,2023
1,"(0.6, 0.8]",188,0.684615494589,0.297872340426,0.771276595745,2.29835201755,random,15,2023
1,"(0.8, 1.0]",127,0.895716690409,0.488188976378,0.716535433071,1.834774511,random,15,2023
1,"(1.0, inf]",468,1.63517289568,0.713675213675,0.641025641026,2.29120034484,random,15,2023
1,"(-0.001, 0.05]",1173,0.0357855717022,0.177323103154,0.821824381927,0.201809978878,random,16,2023
1,"(0.05, 0.1]",1844,0.0744065681043,0.196854663774,0.795010845987,0.377977166899,random,16,2023
1,"(0.1, 0.15]",1301,0.12327103662,0.28285933897,0.73712528824,0.435803311527,random,16,2023
1,"(0.15, 0.2]",707,0.172468051055,0.304101838755,0.766619519095,0.567139126027,random,16,2023
1,"(0.2, 0.3]",797,0.243478529735,0.262233375157,0.781681304893,0.928480326311,random,16,2023
1,"(0.3, 0.4]",440,0.346111819555,0.245454545455,0.797727272727,1.41008519078,random,16,2023
1,"(0.4, 0.6]",458,0.481789194976,0.181222707424,0.82096069869,2.65854760601,random,16,2023
1,"(0.6, 0.8]",193,0.684122484687,0.248704663212,0.772020725389,2.75074249051,random,16,2023
1,"(0.8, 1.0]",126,0.893113309474,0.34126984127,0.65873015873,2.61702969753,random,16,2023
1,"(1.0, inf]",468,1.63490386657,0.737179487179,0.615384615385,2.21778263639,random,16,2023
1,"(-0.001, 0.05]",1177,0.0358494837508,0.183517417162,0.813933729822,0.195346492476,random,17,2023
1,"(0.05, 0.1]",1840,0.0744098579786,0.183152173913,0.776086956522,0.406273408548,random,17,2023
1,"(0.1, 0.15]",1300,0.123347571216,0.276153846154,0.764615384615,0.446662514153,random,17,2023
1,"(0.15, 0.2]",712,0.172469115113,0.301966292135,0.745786516854,0.571153534698,random,17,2023
1,"(0.2, 0.3]",791,0.243340674418,0.269279393173,0.786346396966,0.90367358434,random,17,2023
1,"(0.3, 0.4]",443,0.346315866581,0.20993227991,0.808126410835,1.64965514941,random,17,2023
1,"(0.4, 0.6]",458,0.482055899023,0.176855895197,0.799126637555,2.72569878707,random,17,2023
1,"(0.6, 0.8]",191,0.685086642288,0.277486910995,0.79057591623,2.46889714485,random,17,2023
1,"(0.8, 1.0]",128,0.893349721727,0.5390625,0.7265625,1.65722846929,random,17,2023
1,"(1.0, inf]",467,1.63681899664,0.758029978587,0.642398286938,2.15930641647,random,17,2023
1,"(-0.001, 0.05]",1177,0.0357984134711,0.161427357689,0.785046728972,0.221761750818,random,18,2023
1,"(0.05, 0.1]",1839,0.0744433922909,0.196846112017,0.792278412181,0.378180658627,random,18,2023
1,"(0.1, 0.15]",1298,0.123186587354,0.275808936826,0.772727272727,0.446637403313,random,18,2023
1,"(0.15, 0.2]",720,0.172585963746,0.3,0.784722222222,0.575286545821,random,18,2023
1,"(0.2, 0.3]",778,0.243539923011,0.249357326478,0.772493573265,0.976670412901,random,18,2023
1,"(0.3, 0.4]",450,0.345915723285,0.164444444444,0.768888888889,2.10354156052,random,18,2023
1,"(0.4, 0.6]",462,0.481914172791,0.188311688312,0.781385281385,2.55913043482,random,18,2023
1,"(0.6, 0.8]",189,0.684524302341,0.269841269841,0.825396825397,2.53676653221,random,18,2023
1,"(0.8, 1.0]",126,0.895104793912,0.484126984127,0.698412698413,1.84890498415,random,18,2023
1,"(1.0, inf]",468,1.63510218242,0.848290598291,0.641025641026,1.92752599842,random,18,2023
1,"(-0.001, 0.05]",1177,0.0358210943181,0.18266779949,0.820730671198,0.196099665174,random,19,2023
1,"(0.05, 0.1]",1845,0.0744380439438,0.188075880759,0.8,0.395787294168,random,19,2023
1,"(0.1, 0.15]",1297,0.123344826394,0.296067848882,0.778720123362,0.416609999566,random,19,2023
1,"(0.15, 0.2]",708,0.172622054577,0.276836158192,0.741525423729,0.623553135922,random,19,2023
1,"(0.2, 0.3]",789,0.243124046872,0.210392902408,0.727503168568,1.15557152399,random,19,2023
1,"(0.3, 0.4]",440,0.344925393145,0.220454545455,0.822727272727,1.56461003076,random,19,2023
1,"(0.4, 0.6]",466,0.482051760895,0.148068669528,0.755364806867,3.25559595039,random,19,2023
1,"(0.6, 0.8]",190,0.685368327933,0.352631578947,0.747368421053,1.94358182548,random,19,2023
1,"(0.8, 1.0]",128,0.894801876832,0.6171875,0.7265625,1.44980557259,random,19,2023
1,"(1.0, inf]",467,1.63770640828,0.792291220557,0.644539614561,2.06705106127,random,19,2023
1,"(0.05, 0.1]",242,0.0864398438308,0.0867768595041,0.785123966942,0.996116295574,regressed-rate,-1,2023
1,"(0.1, 0.15]",1002,0.133189368094,0.0798403193613,0.659680638723,1.66819683538,regressed-rate,-1,2023
1,"(0.15, 0.2]",1543,0.183479264423,0.131561892417,0.801685029164,1.39462317736,regressed-rate,-1,2023
1,"(0.2, 0.3]",1947,0.248877191798,0.139188495121,0.78479712378,1.78805864366,regressed-rate,-1,2023
1,"(0.3, 0.4]",912,0.345792389704,0.300438596491,0.90350877193,1.15095861098,regressed-rate,-1,2023
1,"(0.4, 0.6]",599,0.512670296917,0.340567612688,0.888146911519,1.50534072477,regressed-rate,-1,2023
1,"(0.6, 0.8]",141,0.691760652394,0.510638297872,0.914893617021,1.35469794427,regressed-rate,-1,2023
1,"(0.8, 1.0]",279,0.921353562012,0.430107526882,0.5770609319,2.14214703168,regressed-rate,-1,2023
1,"(1.0, inf]",842,1.43940977633,0.884798099762,0.640142517815,1.6268228613,regressed-rate,-1,2023
1,"(-0.001, 0.05]",1169,0.0357852726965,0.0564585115483,0.656971770744,0.633833087609,shipped,-1,2023
1,"(0.05, 0.1]",1845,0.0743546263776,0.0894308943089,0.719241192412,0.831419913131,shipped,-1,2023
1,"(0.1, 0.15]",1295,0.123263872924,0.144401544402,0.72277992278,0.853618799128,shipped,-1,2023
1,"(0.15, 0.2]",722,0.172467617366,0.203601108033,0.731301939058,0.847085848558,shipped,-1,2023
1,"(0.2, 0.3]",793,0.243387288412,0.257250945776,0.861286254729,0.946108429955,shipped,-1,2023
1,"(0.3, 0.4]",445,0.34583775748,0.458426966292,0.970786516854,0.754400990581,shipped,-1,2023
1,"(0.4, 0.6]",457,0.482826856675,0.409190371991,0.978118161926,1.17995654278,shipped,-1,2023
1,"(0.6, 0.8]",185,0.684828922785,0.551351351351,0.962162162162,1.24209167368,shipped,-1,2023
1,"(0.8, 1.0]",128,0.892581800813,0.8359375,0.875,1.06776140658,shipped,-1,2023
1,"(1.0, inf]",468,1.6335774398,1.32692307692,0.833333333333,1.23110183869,shipped,-1,2023
1,"(0.05, 0.1]",643,0.0723642324865,0.0528771384137,0.524105754277,1.36853533791,vegas-environment,-1,2023
1,"(0.1, 0.15]",1252,0.133625452911,0.0726837060703,0.686900958466,1.8384512862,vegas-environment,-1,2023
1,"(0.15, 0.2]",1625,0.17401358715,0.108307692308,0.747076923077,1.60665954045,vegas-environment,-1,2023
1,"(0.2, 0.3]",1936,0.245168643729,0.230888429752,0.772210743802,1.06184898045,vegas-environment,-1,2023
1,"(0.3, 0.4]",967,0.344751500724,0.321613236815,0.959669079628,1.07194437685,vegas-environment,-1,2023
1,"(0.4, 0.6]",540,0.454236254695,0.477777777778,0.974074074074,0.95072704471,vegas-environment,-1,2023
1,"(1.0, inf]",544,1.53640582324,1.23713235294,0.810661764706,1.24190901611,vegas-environment,-1,2023
1,"(-0.001, 0.05]",1182,0.0357635867931,0.0473773265651,0.659052453469,0.754867135525,within-player,0,2023
1,"(0.05, 0.1]",1833,0.074193481129,0.100927441353,0.723404255319,0.735117031943,within-player,0,2023
1,"(0.1, 0.15]",1283,0.123540413574,0.137178487919,0.71395167576,0.900581537587,within-player,0,2023
1,"(0.15, 0.2]",747,0.17275556762,0.218206157965,0.741633199465,0.791708030751,within-player,0,2023
1,"(0.2, 0.3]",773,0.244496245508,0.278137128072,0.857697283312,0.879049291989,within-player,0,2023
1,"(0.3, 0.4]",444,0.346898188546,0.418918918919,0.970720720721,0.828079546852,within-player,0,2023
1,"(0.4, 0.6]",468,0.481555520089,0.410256410256,0.974358974359,1.17379158022,within-player,0,2023
1,"(0.6, 0.8]",185,0.683271782927,0.572972972973,0.951351351351,1.19250264001,within-player,0,2023
1,"(0.8, 1.0]",132,0.889387223416,0.681818181818,0.848484848485,1.30443459434,within-player,0,2023
1,"(1.0, inf]",460,1.64619020772,1.35,0.84347826087,1.21940015387,within-player,0,2023
1,"(-0.001, 0.05]",1168,0.0358361684292,0.0556506849315,0.658390410959,0.64394838039,within-player,1,2023
1,"(0.05, 0.1]",1830,0.0739701831066,0.0901639344262,0.722404371585,0.820396576273,within-player,1,2023
1,"(0.1, 0.15]",1297,0.122517757146,0.148804934464,0.720123361604,0.823344720304,within-player,1,2023
1,"(0.15, 0.2]",720,0.172292759099,0.204166666667,0.726388888889,0.84388290171,within-player,1,2023
1,"(0.2, 0.3]",808,0.242154905635,0.261138613861,0.865099009901,0.927304093618,within-player,1,2023
1,"(0.3, 0.4]",447,0.345575593035,0.384787472036,0.959731543624,0.898094709807,within-player,1,2023
1,"(0.4, 0.6]",471,0.4857350861,0.492569002123,0.980891719745,0.986125972211,within-player,1,2023
1,"(0.6, 0.8]",177,0.69324143984,0.519774011299,0.932203389831,1.33373624839,within-player,1,2023
1,"(0.8, 1.0]",128,0.897086296324,0.7578125,0.8671875,1.18378397865,within-player,1,2023
1,"(1.0, inf]",461,1.63920692196,1.33622559653,0.839479392625,1.22674414127,within-player,1,2023
1,"(-0.001, 0.05]",1168,0.0357083590226,0.0530821917808,0.661815068493,0.672699408683,within-player,2,2023
1,"(0.05, 0.1]",1838,0.0739824954355,0.0995647442873,0.72034820457,0.743059161806,within-player,2,2023
1,"(0.1, 0.15]",1304,0.123373223989,0.134969325153,0.708588957055,0.914083432286,within-player,2,2023
1,"(0.15, 0.2]",731,0.17244056917,0.209302325581,0.746922024624,0.823882719368,within-player,2,2023
1,"(0.2, 0.3]",801,0.244246156448,0.240948813983,0.863920099875,1.01368482547,within-player,2,2023
1,"(0.3, 0.4]",434,0.346353154555,0.472350230415,0.965437788018,0.733254971107,within-player,2,2023
1,"(0.4, 0.6]",440,0.486930856814,0.470454545455,0.984090909091,1.0350221111,within-player,2,2023
1,"(0.6, 0.8]",194,0.688091706552,0.432989690722,0.948453608247,1.58916417942,within-player,2,2023
1,"(0.8, 1.0]",133,0.901458204865,0.81954887218,0.84962406015,1.09994441511,within-player,2,2023
1,"(1.0, inf]",464,1.64182219461,1.33189655172,0.846982758621,1.23269498107,within-player,2,2023
1,"(-0.001, 0.05]",1144,0.035702960809,0.0541958041958,0.661713286713,0.658777212346,within-player,3,2023
1,"(0.05, 0.1]",1858,0.0738816370262,0.0920344456405,0.714208826695,0.802760711079,within-player,3,2023
1,"(0.1, 0.15]",1292,0.122982619377,0.147058823529,0.71439628483,0.836281811765,within-player,3,2023
1,"(0.15, 0.2]",732,0.172673754029,0.203551912568,0.748633879781,0.848303274825,within-player,3,2023
1,"(0.2, 0.3]",801,0.244829083855,0.267166042447,0.860174781523,0.916392972747,within-player,3,2023
1,"(0.3, 0.4]",447,0.346760289252,0.447427293065,0.973154362416,0.775009246477,within-player,3,2023
1,"(0.4, 0.6]",465,0.486903561362,0.389247311828,0.978494623656,1.25088483996,within-player,3,2023
1,"(0.6, 0.8]",175,0.6929989451,0.588571428571,0.942857142857,1.17742539216,within-player,3,2023
1,"(0.8, 1.0]",124,0.887723376892,0.709677419355,0.879032258065,1.25088294017,within-player,3,2023
1,"(1.0, inf]",469,1.63127371316,1.34754797441,0.837953091684,1.21054963841,within-player,3,2023
1,"(-0.001, 0.05]",1182,0.0360681225846,0.0532994923858,0.65820642978,0.676706680872,within-player,4,2023
1,"(0.05, 0.1]",1818,0.0741161435973,0.0902090209021,0.72497249725,0.821604567438,within-player,4,2023
1,"(0.1, 0.15]",1289,0.123081988421,0.156710628394,0.725368502715,0.78540932215,within-player,4,2023
1,"(0.15, 0.2]",749,0.171884833484,0.196261682243,0.71562082777,0.875794151562,within-player,4,2023
1,"(0.2, 0.3]",808,0.244467949994,0.25495049505,0.858910891089,0.958883998037,within-player,4,2023
1,"(0.3, 0.4]",437,0.345797851705,0.453089244851,0.972540045767,0.763200309065,within-player,4,2023
1,"(0.4, 0.6]",422,0.480325083425,0.445497630332,0.978672985782,1.07817651705,within-player,4,2023
1,"(0.6, 0.8]",210,0.679998856419,0.457142857143,0.966666666667,1.48749749842,within-player,4,2023
1,"(0.8, 1.0]",133,0.901797564095,0.834586466165,0.842105263158,1.08053221644,within-player,4,2023
1,"(1.0, inf]",459,1.64551312629,1.33986928105,0.843137254902,1.22811467475,within-player,4,2023
1,"(-0.001, 0.05]",1182,0.0359252801412,0.0575296108291,0.660744500846,0.624465898925,within-player,5,2023
1,"(0.05, 0.1]",1831,0.0742152247883,0.0895685417804,0.718186783179,0.82858583285,within-player,5,2023
1,"(0.1, 0.15]",1295,0.123047204559,0.158301158301,0.726640926641,0.777298194651,within-player,5,2023
1,"(0.15, 0.2]",736,0.172297316105,0.184782608696,0.717391304348,0.932432534217,within-player,5,2023
1,"(0.2, 0.3]",770,0.24391445433,0.254545454545,0.868831168831,0.958235356295,within-player,5,2023
1,"(0.3, 0.4]",440,0.346227478214,0.420454545455,0.965909090909,0.823459948185,within-player,5,2023
1,"(0.4, 0.6]",470,0.480520590727,0.446808510638,0.978723404255,1.07545084591,within-player,5,2023
1,"(0.6, 0.8]",194,0.68834729864,0.530927835052,0.958762886598,1.2964987955,within-player,5,2023
1,"(0.8, 1.0]",125,0.901088058294,0.832,0.864,1.0830385316,within-player,5,2023
1,"(1.0, inf]",464,1.63328584056,1.33405172414,0.836206896552,1.22430473347,within-player,5,2023
1,"(-0.001, 0.05]",1161,0.0357826347731,0.0508182601206,0.652885443583,0.704129474094,within-player,6,2023
1,"(0.05, 0.1]",1849,0.0741278382622,0.0941049215792,0.724716062737,0.78771478705,within-player,6,2023
1,"(0.1, 0.15]",1287,0.123406332407,0.157731157731,0.714840714841,0.782383989202,within-player,6,2023
1,"(0.15, 0.2]",744,0.173391792019,0.177419354839,0.751344086022,0.977299191379,within-player,6,2023
1,"(0.2, 0.3]",777,0.244277126377,0.267696267696,0.848133848134,0.91251599613,within-player,6,2023
1,"(0.3, 0.4]",464,0.346350641483,0.461206896552,0.967672413793,0.750965876861,within-player,6,2023
1,"(0.4, 0.6]",432,0.48252978446,0.400462962963,0.981481481481,1.2049298664,within-player,6,2023
1,"(0.6, 0.8]",193,0.676036389612,0.544041450777,0.948186528497,1.24261926852,within-player,6,2023
1,"(0.8, 1.0]",136,0.89856876933,0.794117647059,0.889705882353,1.13153104286,within-player,6,2023
1,"(1.0, inf]",464,1.62902906507,1.32327586207,0.836206896552,1.2310577951,within-player,6,2023
1,"(-0.001, 0.05]",1166,0.0358353864335,0.0497427101201,0.657804459691,0.720414837612,within-player,7,2023
1,"(0.05, 0.1]",1815,0.0735427503428,0.095867768595,0.723966942149,0.767126964783,within-player,7,2023
1,"(0.1, 0.15]",1323,0.123111793911,0.142857142857,0.71201814059,0.86178255738,within-player,7,2023
1,"(0.15, 0.2]",756,0.173441281521,0.212962962963,0.739417989418,0.814419930622,within-player,7,2023
1,"(0.2, 0.3]",759,0.245620569753,0.262187088274,0.860342555995,0.936814132878,within-player,7,2023
1,"(0.3, 0.4]",444,0.347653299626,0.416666666667,0.972972972973,0.834367919103,within-player,7,2023
1,"(0.4, 0.6]",463,0.485201541075,0.434125269978,0.984881209503,1.11765330108,within-player,7,2023
1,"(0.6, 0.8]",183,0.691624920441,0.524590163934,0.92349726776,1.31841000459,within-player,7,2023
1,"(0.8, 1.0]",129,0.893039746683,0.782945736434,0.906976744186,1.140615122,within-player,7,2023
1,"(1.0, inf]",469,1.63480133073,1.33475479744,0.835820895522,1.22479524618,within-player,7,2023
1,"(-0.001, 0.05]",1179,0.0358963027471,0.0517387616624,0.65903307888,0.693799031784,within-player,8,2023
1,"(0.05, 0.1]",1817,0.0742849240003,0.0924600990644,0.718767198679,0.803426826836,within-player,8,2023
1,"(0.1, 0.15]",1288,0.122866718235,0.152173913043,0.726708074534,0.807409862685,within-player,8,2023
1,"(0.15, 0.2]",744,0.17193966024,0.188172043011,0.725806451613,0.913736480132,within-player,8,2023
1,"(0.2, 0.3]",777,0.243575128358,0.272844272844,0.846846846847,0.892725824218,within-player,8,2023
1,"(0.3, 0.4]",467,0.347122886483,0.413276231263,0.985010706638,0.839929471438,within-player,8,2023
1,"(0.4, 0.6]",457,0.483453561647,0.459518599562,0.978118161926,1.05208703654,within-player,8,2023
1,"(0.6, 0.8]",190,0.684631353294,0.478947368421,0.947368421053,1.42945007831,within-player,8,2023
1,"(0.8, 1.0]",116,0.901913401785,0.827586206897,0.853448275862,1.08981202716,within-player,8,2023
1,"(1.0, inf]",472,1.63671438621,1.31991525424,0.843220338983,1.24001475167,within-player,8,2023
1,"(-0.001, 0.05]",1179,0.035973915345,0.050042408821,0.659881255301,0.718868579521,within-player,9,2023
1,"(0.05, 0.1]",1822,0.0740673615582,0.0911086717892,0.718990120746,0.81295622144,within-player,9,2023
1,"(0.1, 0.15]",1281,0.123218344227,0.163153786105,0.71818891491,0.755228224664,within-player,9,2023
1,"(0.15, 0.2]",757,0.171865906917,0.196829590489,0.742404227213,0.873171084135,within-player,9,2023
1,"(0.2, 0.3]",794,0.245296904256,0.250629722922,0.856423173804,0.978722321506,within-player,9,2023
1,"(0.3, 0.4]",445,0.346888481719,0.420224719101,0.968539325843,0.825483285375,within-player,9,2023
1,"(0.4, 0.6]",439,0.481923221088,0.478359908884,0.986332574032,1.00744901932,within-player,9,2023
1,"(0.6, 0.8]",192,0.683762577694,0.4375,0.932291666667,1.56288589187,within-player,9,2023
1,"(0.8, 1.0]",134,0.894385003235,0.791044776119,0.858208955224,1.1306376456,within-player,9,2023
1,"(1.0, inf]",464,1.6366223918,1.33836206897,0.846982758621,1.22285473397,within-player,9,2023
1,"(-0.001, 0.05]",1171,0.0358410436862,0.0538001707942,0.658411614005,0.6661882882,within-player,10,2023
1,"(0.05, 0.1]",1802,0.0734535885274,0.0943396226415,0.72641509434,0.778608038391,within-player,10,2023
1,"(0.1, 0.15]",1328,0.122739245058,0.153614457831,0.707831325301,0.799008418806,within-player,10,2023
1,"(0.15, 0.2]",734,0.171412251253,0.186648501362,0.732970027248,0.918369287733,within-player,10,2023
1,"(0.2, 0.3]",797,0.243814718968,0.259723964868,0.864491844417,0.938745560471,within-player,10,2023
1,"(0.3, 0.4]",440,0.345658573106,0.411363636364,0.970454545455,0.840274984346,within-player,10,2023
1,"(0.4, 0.6]",464,0.484112198536,0.465517241379,0.984913793103,1.03994472278,within-player,10,2023
1,"(0.6, 0.8]",182,0.684588774838,0.494505494505,0.945054945055,1.38439063356,within-player,10,2023
1,"(0.8, 1.0]",120,0.895056165135,0.783333333333,0.875,1.14262489166,within-player,10,2023
1,"(1.0, inf]",469,1.62656456509,1.33901918977,0.837953091684,1.21474328189,within-player,10,2023
1,"(-0.001, 0.05]",1174,0.0358571182408,0.0528109028961,0.657580919932,0.678971884107,within-player,11,2023
1,"(0.05, 0.1]",1827,0.0743407000266,0.0946907498632,0.719759168035,0.785089358084,within-player,11,2023
1,"(0.1, 0.15]",1274,0.122850664361,0.150706436421,0.706436420722,0.815165345811,within-player,11,2023
1,"(0.15, 0.2]",767,0.172710972317,0.19556714472,0.745762711864,0.883128771783,within-player,11,2023
1,"(0.2, 0.3]",785,0.244429710986,0.259872611465,0.873885350318,0.940575113355,within-player,11,2023
1,"(0.3, 0.4]",451,0.346334879839,0.432372505543,0.968957871397,0.801010414397,within-player,11,2023
1,"(0.4, 0.6]",450,0.485324461551,0.442222222222,0.984444444444,1.09746737537,within-player,11,2023
1,"(0.6, 0.8]",185,0.682314463714,0.502702702703,0.945945945946,1.35729221276,within-player,11,2023
1,"(0.8, 1.0]",118,0.889760933907,0.78813559322,0.847457627119,1.12894398066,within-player,11,2023
1,"(1.0, inf]",476,1.63357966743,1.32142857143,0.84243697479,1.23622245103,within-player,11,2023
1,"(-0.001, 0.05]",1191,0.0359998047864,0.056255247691,0.667506297229,0.639936828368,within-player,12,2023
1,"(0.05, 0.1]",1813,0.074370395922,0.0904578047435,0.719801434087,0.822155657357,within-player,12,2023
1,"(0.1, 0.15]",1284,0.122802812202,0.15031152648,0.707943925234,0.816988657343,within-player,12,2023
1,"(0.15, 0.2]",757,0.17248745789,0.20607661823,0.745046235139,0.837006446301,within-player,12,2023
1,"(0.2, 0.3]",777,0.245122563325,0.245817245817,0.861003861004,0.997173987976,within-player,12,2023
1,"(0.3, 0.4]",447,0.345770738019,0.442953020134,0.96644295302,0.780603635831,within-player,12,2023
1,"(0.4, 0.6]",464,0.479939423249,0.441810344828,0.976293103448,1.08630191409,within-player,12,2023
1,"(0.6, 0.8]",181,0.685155411335,0.530386740331,0.950276243094,1.29180343179,within-player,12,2023
1,"(0.8, 1.0]",121,0.899231566932,0.818181818182,0.859504132231,1.09906080403,within-player,12,2023
1,"(1.0, inf]",472,1.61887801152,1.3156779661,0.843220338983,1.23045156431,within-player,12,2023
1,"(-0.001, 0.05]",1169,0.0360052591104,0.0556030795552,0.659538066724,0.647540736923,within-player,13,2023
1,"(0.05, 0.1]",1819,0.0740685186057,0.087960417812,0.725123694338,0.842066470898,within-player,13,2023
1,"(0.1, 0.15]",1291,0.122558506585,0.145623547637,0.708752904725,0.841611872349,within-player,13,2023
1,"(0.15, 0.2]",757,0.172528855974,0.215323645971,0.734478203435,0.801253644004,within-player,13,2023
1,"(0.2, 0.3]",773,0.244171467097,0.254851228978,0.853816300129,0.958094132314,within-player,13,2023
1,"(0.3, 0.4]",458,0.346511565242,0.451965065502,0.986899563319,0.766677762709,within-player,13,2023
1,"(0.4, 0.6]",464,0.481498355518,0.405172413793,0.980603448276,1.18837892,within-player,13,2023
1,"(0.6, 0.8]",184,0.6798085906,0.565217391304,0.940217391304,1.20273827568,within-player,13,2023
1,"(0.8, 1.0]",134,0.896377366551,0.753731343284,0.858208955224,1.18925313978,within-player,13,2023
1,"(1.0, inf]",458,1.65535947413,1.34716157205,0.840611353712,1.22877575227,within-player,13,2023
1,"(-0.001, 0.05]",1184,0.0361171672968,0.0540540540541,0.65625,0.66816759499,within-player,14,2023
1,"(0.05, 0.1]",1810,0.0742380977228,0.0955801104972,0.728729281768,0.7767107334,within-player,14,2023
1,"(0.1, 0.15]",1307,0.12293202419,0.140015302219,0.712318286151,0.877989921398,within-player,14,2023
1,"(0.15, 0.2]",731,0.172590378927,0.206566347469,0.720930232558,0.83552031123,within-player,14,2023
1,"(0.2, 0.3]",785,0.244149631615,0.248407643312,0.866242038217,0.982858773423,within-player,14,2023
1,"(0.3, 0.4]",462,0.348441508133,0.452380952381,0.974025974026,0.770239123241,within-player,14,2023
1,"(0.4, 0.6]",461,0.48529937005,0.429501084599,0.976138828633,1.12991418986,within-player,14,2023
1,"(0.6, 0.8]",174,0.695191722294,0.540229885057,0.959770114943,1.28684425191,within-player,14,2023
1,"(0.8, 1.0]",127,0.893648970139,0.787401574803,0.842519685039,1.13493419208,within-player,14,2023
1,"(1.0, inf]",466,1.6343166947,1.33690987124,0.843347639485,1.22245839443,within-player,14,2023
1,"(-0.001, 0.05]",1186,0.0359226019009,0.0497470489039,0.654300168634,0.722105183975,within-player,15,2023
1,"(0.05, 0.1]",1812,0.0738142715296,0.0921633554084,0.724061810155,0.800906946177,within-player,15,2023
1,"(0.1, 0.15]",1320,0.123277712521,0.152272727273,0.725,0.809584977753,within-player,15,2023
1,"(0.15, 0.2]",733,0.172439068486,0.206002728513,0.708049113233,0.837071769538,within-player,15,2023
1,"(0.2, 0.3]",785,0.243641701019,0.261146496815,0.873885350318,0.932969440487,within-player,15,2023
1,"(0.3, 0.4]",432,0.348024586735,0.44212962963,0.981481481481,0.787155086228,within-player,15,2023
1,"(0.4, 0.6]",470,0.484500413731,0.444680851064,0.976595744681,1.08954638494,within-player,15,2023
1,"(0.6, 0.8]",186,0.685743827812,0.505376344086,0.94623655914,1.35689736142,within-player,15,2023
1,"(0.8, 1.0]",114,0.904833091636,0.754385964912,0.868421052632,1.19942991217,within-player,15,2023
1,"(1.0, inf]",469,1.63189320944,1.3368869936,0.837953091684,1.22066653146,within-player,15,2023
1,"(-0.001, 0.05]",1160,0.0355274333273,0.0551724137931,0.666379310345,0.643934729057,within-player,16,2023
1,"(0.05, 0.1]",1840,0.0738466753383,0.0934782608696,0.722282608696,0.789987689665,within-player,16,2023
1,"(0.1, 0.15]",1326,0.123517447769,0.141025641026,0.699849170437,0.875850993271,within-player,16,2023
1,"(0.15, 0.2]",730,0.172999386635,0.209589041096,0.757534246575,0.825421910087,within-player,16,2023
1,"(0.2, 0.3]",782,0.244216035033,0.268542199488,0.856777493606,0.909413997123,within-player,16,2023
1,"(0.3, 0.4]",433,0.346144197223,0.431870669746,0.969976905312,0.801499665227,within-player,16,2023
1,"(0.4, 0.6]",445,0.477713252768,0.43595505618,0.98202247191,1.09578555403,within-player,16,2023
1,"(0.6, 0.8]",208,0.680811047232,0.509615384615,0.951923076923,1.33593111155,within-player,16,2023
1,"(0.8, 1.0]",116,0.894145028321,0.853448275862,0.853448275862,1.04768508369,within-player,16,2023
1,"(1.0, inf]",467,1.63189009096,1.32334047109,0.843683083512,1.23315966421,within-player,16,2023
1,"(-0.001, 0.05]",1172,0.0357567204546,0.0503412969283,0.663822525597,0.710286040217,within-player,17,2023
1,"(0.05, 0.1]",1847,0.0742875509892,0.0936654033568,0.71737953438,0.793116223567,within-player,17,2023
1,"(0.1, 0.15]",1268,0.122861764078,0.152996845426,0.713722397476,0.803034622942,within-player,17,2023
1,"(0.15, 0.2]",742,0.172247293276,0.198113207547,0.743935309973,0.869438718443,within-player,17,2023
1,"(0.2, 0.3]",808,0.244690391224,0.251237623762,0.862623762376,0.973940079354,within-player,17,2023
1,"(0.3, 0.4]",432,0.346304930136,0.416666666667,0.965277777778,0.831131832326,within-player,17,2023
1,"(0.4, 0.6]",454,0.483805555785,0.469162995595,0.977973568282,1.03120996397,within-player,17,2023
1,"(0.6, 0.8]",196,0.689080687203,0.55612244898,0.948979591837,1.23908086873,within-player,17,2023
1,"(0.8, 1.0]",118,0.892595805289,0.762711864407,0.85593220339,1.17029227805,within-player,17,2023
1,"(1.0, inf]",470,1.63271024143,1.32340425532,0.842553191489,1.23371995735,within-player,17,2023
1,"(-0.001, 0.05]",1200,0.036105276787,0.0516666666667,0.655833333333,0.698811808781,within-player,18,2023
1,"(0.05, 0.1]",1816,0.0741967087718,0.0963656387665,0.730726872247,0.769949846455,within-player,18,2023
1,"(0.1, 0.15]",1281,0.123582258696,0.144418423107,0.697892271663,0.855723639945,within-player,18,2023
1,"(0.15, 0.2]",730,0.172302084333,0.18904109589,0.756164383562,0.911453054803,within-player,18,2023
1,"(0.2, 0.3]",774,0.242807319052,0.272609819121,0.861757105943,0.890677085053,within-player,18,2023
1,"(0.3, 0.4]",465,0.34571448197,0.415053763441,0.954838709677,0.83293903687,within-player,18,2023
1,"(0.4, 0.6]",468,0.481155555396,0.442307692308,0.982905982906,1.08782995133,within-player,18,2023
1,"(0.6, 0.8]",180,0.686070681183,0.533333333333,0.95,1.28638252722,within-player,18,2023
1,"(0.8, 1.0]",129,0.898821852686,0.860465116279,0.875968992248,1.04457674772,within-player,18,2023
1,"(1.0, inf]",464,1.62476115252,1.31896551724,0.831896551724,1.23184505681,within-player,18,2023
1,"(-0.001, 0.05]",1181,0.0360400831327,0.0465707027942,0.647756138865,0.773878875995,within-player,19,2023
1,"(0.05, 0.1]",1819,0.074493547841,0.0995052226498,0.730621220451,0.748639577474,within-player,19,2023
1,"(0.1, 0.15]",1287,0.123116237633,0.146076146076,0.711732711733,0.842822328899,within-player,19,2023
1,"(0.15, 0.2]",761,0.172588704654,0.216819973719,0.739816031537,0.796000025709,within-player,19,2023
1,"(0.2, 0.3]",773,0.245160802259,0.240620957309,0.861578266494,1.01886720509,within-player,19,2023
1,"(0.3, 0.4]",440,0.344605806448,0.436363636364,0.970454545455,0.789721639776,within-player,19,2023
1,"(0.4, 0.6]",473,0.485208071136,0.452431289641,0.978858350951,1.07244587686,within-player,19,2023
1,"(0.6, 0.8]",184,0.687157191476,0.489130434783,0.951086956522,1.40485470257,within-player,19,2023
1,"(0.8, 1.0]",129,0.901508649503,0.798449612403,0.84496124031,1.12907393967,within-player,19,2023
1,"(1.0, inf]",460,1.64631673524,1.33913043478,0.84347826087,1.22939236723,within-player,19,2023
1,"(-0.001, 0.05]",145,0.0388891955078,0.0344827586207,0.841379310345,1.12778666973,base-rate-only,-1,2024
1,"(0.05, 0.1]",743,0.079357613541,0.0807537012113,0.755047106326,0.982711781016,base-rate-only,-1,2024
1,"(0.1, 0.15]",1321,0.125709095681,0.0741862225587,0.706283118849,1.69450729995,base-rate-only,-1,2024
1,"(0.15, 0.2]",1061,0.174609724057,0.128180961357,0.804901036758,1.36221262665,base-rate-only,-1,2024
1,"(0.2, 0.3]",1491,0.246673442122,0.155600268276,0.788061703555,1.58530216467,base-rate-only,-1,2024
1,"(0.3, 0.4]",728,0.347510949685,0.309065934066,0.925824175824,1.12439098387,base-rate-only,-1,2024
1,"(0.4, 0.6]",640,0.480519767471,0.4109375,0.946875,1.16932566989,base-rate-only,-1,2024
1,"(0.6, 0.8]",359,0.696725799807,0.467966573816,0.688022284123,1.48883667935,base-rate-only,-1,2024
1,"(0.8, 1.0]",305,0.902718684266,0.527868852459,0.580327868852,1.71011924659,base-rate-only,-1,2024
1,"(1.0, inf]",713,1.48326498673,1.11079943899,0.729312762973,1.33531304992,base-rate-only,-1,2024
1,"(0.05, 0.1]",127,0.0875265393884,0.0944881889764,0.818897637795,0.92632254186,current-season-rate,-1,2024
1,"(0.1, 0.15]",551,0.127302709161,0.0943738656987,0.78221415608,1.3489190913,current-season-rate,-1,2024
1,"(0.15, 0.2]",1105,0.176866523675,0.0923076923077,0.752941176471,1.91605400648,current-season-rate,-1,2024
1,"(0.2, 0.3]",1952,0.250750166679,0.140881147541,0.80737704918,1.77987027403,current-season-rate,-1,2024
1,"(0.3, 0.4]",1312,0.348389508274,0.208841463415,0.83993902439,1.66820085714,current-season-rate,-1,2024
1,"(0.4, 0.6]",1137,0.480798344635,0.306948109059,0.824978012313,1.5663831457,current-season-rate,-1,2024
1,"(0.6, 0.8]",161,0.681371577189,0.670807453416,0.950310559006,1.0157483697,current-season-rate,-1,2024
1,"(0.8, 1.0]",159,0.915588895786,0.566037735849,0.685534591195,1.61754038256,current-season-rate,-1,2024
1,"(1.0, inf]",1002,1.42439665701,0.87624750499,0.622754491018,1.62556429422,current-season-rate,-1,2024
1,"(-0.001, 0.05]",3075,4.87804878049e-05,0.128130081301,0.67837398374,0.000380710659898,historical-rate,-1,2024
1,"(0.05, 0.1]",598,0.0772874670797,0.152173913043,0.849498327759,0.507889069381,historical-rate,-1,2024
1,"(0.1, 0.15]",580,0.127408277856,0.189655172414,0.891379310345,0.671789101421,historical-rate,-1,2024
1,"(0.15, 0.2]",553,0.178498679568,0.155515370705,0.813743218807,1.14778802095,historical-rate,-1,2024
1,"(0.2, 0.3]",652,0.254608739599,0.260736196319,0.912576687117,0.976499401286,historical-rate,-1,2024
1,"(0.3, 0.4]",384,0.348778833631,0.3203125,0.890625,1.08887050499,historical-rate,-1,2024
1,"(0.4, 0.6]",613,0.500930399035,0.448613376835,0.913539967374,1.11661939858,historical-rate,-1,2024
1,"(0.6, 0.8]",287,0.704856928231,0.595818815331,0.90243902439,1.18300548773,historical-rate,-1,2024
1,"(0.8, 1.0]",224,0.952479400851,0.433035714286,0.611607142857,2.1995400597,historical-rate,-1,2024
1,"(1.0, inf]",540,1.7285546508,1.1537037037,0.768518518519,1.49826566843,historical-rate,-1,2024
1,"(-0.001, 0.05]",1136,0.0347149375932,0.0484154929577,0.645246478873,0.717021256471,no-vegas,-1,2024
1,"(0.05, 0.1]",1935,0.0743265118081,0.08165374677,0.719379844961,0.910264559169,no-vegas,-1,2024
1,"(0.1, 0.15]",1205,0.122439730231,0.159336099585,0.705394190871,0.768436848585,no-vegas,-1,2024
1,"(0.15, 0.2]",719,0.173618106313,0.282336578581,0.813630041725,0.614933095759,no-vegas,-1,2024
1,"(0.2, 0.3]",799,0.242771679135,0.317897371715,0.902377972466,0.763679415863,no-vegas,-1,2024
1,"(0.3, 0.4]",455,0.348142317853,0.373626373626,0.98021978022,0.931792674254,no-vegas,-1,2024
1,"(0.4, 0.6]",446,0.485293674011,0.497757847534,0.986547085202,0.974959363104,no-vegas,-1,2024
1,"(0.6, 0.8]",199,0.696151310481,0.643216080402,0.949748743719,1.08229774051,no-vegas,-1,2024
1,"(0.8, 1.0]",119,0.901116571706,0.773109243697,0.806722689076,1.16557469601,no-vegas,-1,2024
1,"(1.0, inf]",493,1.56178809825,1.3509127789,0.84584178499,1.15609839705,no-vegas,-1,2024
1,"(-0.001, 0.05]",157,0.0385626063009,0.0445859872611,0.847133757962,0.864904169891,player-vegas,-1,2024
1,"(0.05, 0.1]",773,0.0777235230622,0.0737386804657,0.754204398448,1.05404005837,player-vegas,-1,2024
1,"(0.1, 0.15]",1297,0.125098689639,0.0848111025443,0.72166538165,1.47502727692,player-vegas,-1,2024
1,"(0.15, 0.2]",1090,0.174249651322,0.130275229358,0.796330275229,1.33755014043,player-vegas,-1,2024
1,"(0.2, 0.3]",1407,0.24475661585,0.152807391613,0.790334044065,1.60173283023,player-vegas,-1,2024
1,"(0.3, 0.4]",725,0.345341660027,0.300689655172,0.904827586207,1.14849864,player-vegas,-1,2024
1,"(0.4, 0.6]",659,0.481474749817,0.402124430956,0.931714719272,1.19732777407,player-vegas,-1,2024
1,"(0.6, 0.8]",344,0.699432794907,0.497093023256,0.709302325581,1.40704609034,player-vegas,-1,2024
1,"(0.8, 1.0]",344,0.895303568127,0.526162790698,0.59011627907,1.7015714223,player-vegas,-1,2024
1,"(1.0, inf]",710,1.52616649016,1.09014084507,0.732394366197,1.39997184498,player-vegas,-1,2024
1,"(-0.001, 0.05]",1156,0.0342558781742,0.186851211073,0.833910034602,0.183332385043,random,0,2024
1,"(0.05, 0.1]",1923,0.0737534286919,0.203848153926,0.786791471659,0.361805722894,random,0,2024
1,"(0.1, 0.15]",1247,0.123247231826,0.314354450682,0.758620689655,0.392064535937,random,0,2024
1,"(0.15, 0.2]",695,0.173708953664,0.317985611511,0.775539568345,0.546279288672,random,0,2024
1,"(0.2, 0.3]",783,0.245098868015,0.210727969349,0.775223499361,1.16310553731,random,0,2024
1,"(0.3, 0.4]",431,0.346676348443,0.192575406032,0.823665893271,1.80021091782,random,0,2024
1,"(0.4, 0.6]",428,0.484667197586,0.191588785047,0.808411214953,2.52972634838,random,0,2024
1,"(0.6, 0.8]",207,0.690442481182,0.333333333333,0.772946859903,2.07132744355,random,0,2024
1,"(0.8, 1.0]",152,0.892728135343,0.565789473684,0.789473684211,1.57784507642,random,0,2024
1,"(1.0, inf]",484,1.63373752961,0.896694214876,0.659090909091,1.82195613901,random,0,2024
1,"(-0.001, 0.05]",1162,0.0343022720147,0.161790017212,0.78743545611,0.212017234474,random,1,2024
1,"(0.05, 0.1]",1930,0.0739675405143,0.20103626943,0.804663212435,0.367931322662,random,1,2024
1,"(0.1, 0.15]",1233,0.123432389452,0.344687753447,0.779399837794,0.358099143986,random,1,2024
1,"(0.15, 0.2]",692,0.173575477337,0.343930635838,0.773121387283,0.504681639988,random,1,2024
1,"(0.2, 0.3]",782,0.244917746763,0.219948849105,0.785166240409,1.11352138354,random,1,2024
1,"(0.3, 0.4]",434,0.346574717583,0.269585253456,0.852534562212,1.28558484984,random,1,2024
1,"(0.4, 0.6]",432,0.484531680279,0.222222222222,0.8125,2.18039256126,random,1,2024
1,"(0.6, 0.8]",208,0.69190060223,0.322115384615,0.793269230769,2.14798992931,random,1,2024
1,"(0.8, 1.0]",150,0.894003619585,0.546666666667,0.713333333333,1.63537247485,random,1,2024
1,"(1.0, inf]",483,1.6362738688,0.75983436853,0.616977225673,2.15346124968,random,1,2024
1,"(-0.001, 0.05]",1163,0.0343301238939,0.179707652623,0.813413585555,0.191033177458,random,2,2024
1,"(0.05, 0.1]",1919,0.0738495615085,0.210526315789,0.797290255341,0.350785417166,random,2,2024
1,"(0.1, 0.15]",1239,0.123104687772,0.373688458434,0.777239709443,0.329431335096,random,2,2024
1,"(0.15, 0.2]",707,0.173745675077,0.338048090523,0.800565770863,0.513967331714,random,2,2024
1,"(0.2, 0.3]",767,0.244716236998,0.269882659713,0.80704041721,0.90675050134,random,2,2024
1,"(0.3, 0.4]",436,0.346199701048,0.160550458716,0.761467889908,2.15632956653,random,2,2024
1,"(0.4, 0.6]",432,0.484592198584,0.1875,0.782407407407,2.58449172578,random,2,2024
1,"(0.6, 0.8]",208,0.691708356537,0.384615384615,0.807692307692,1.798441727,random,2,2024
1,"(0.8, 1.0]",150,0.892051790743,0.513333333333,0.753333333333,1.73776322872,random,2,2024
1,"(1.0, inf]",485,1.63464372868,0.639175257732,0.60618556701,2.55742647874,random,2,2024
1,"(-0.001, 0.05]",1161,0.034283267526,0.175710594315,0.798449612403,0.195112125479,random,3,2024
1,"(0.05, 0.1]",1922,0.0738205772402,0.20395421436,0.796566077003,0.361946809836,random,3,2024
1,"(0.1, 0.15]",1240,0.123278308477,0.349193548387,0.789516129032,0.353037188249,random,3,2024
1,"(0.15, 0.2]",695,0.173724517973,0.312230215827,0.768345323741,0.556398801801,random,3,2024
1,"(0.2, 0.3]",780,0.24480733229,0.257692307692,0.782051282051,0.949998602917,random,3,2024
1,"(0.3, 0.4]",430,0.345491547207,0.248837209302,0.844186046512,1.38842397476,random,3,2024
1,"(0.4, 0.6]",436,0.482613763836,0.19495412844,0.795871559633,2.47552471803,random,3,2024
1,"(0.6, 0.8]",208,0.692058994172,0.245192307692,0.725961538462,2.82251511348,random,3,2024
1,"(0.8, 1.0]",149,0.893312948843,0.503355704698,0.718120805369,1.77471505837,random,3,2024
1,"(1.0, inf]",485,1.63217126909,0.773195876289,0.659793814433,2.11094150802,random,3,2024
1,"(-0.001, 0.05]",1162,0.0342851482756,0.186746987952,0.777108433735,0.183591439153,random,4,2024
1,"(0.05, 0.1]",1922,0.0739238753595,0.214880332986,0.811654526535,0.344023458695,random,4,2024
1,"(0.1, 0.15]",1235,0.123267780337,0.306882591093,0.771659919028,0.401677331704,random,4,2024
1,"(0.15, 0.2]",699,0.173640608613,0.28469241774,0.768240343348,0.609923544827,random,4,2024
1,"(0.2, 0.3]",790,0.245142015926,0.281012658228,0.816455696203,0.872352218835,random,4,2024
1,"(0.3, 0.4]",422,0.346075247867,0.196682464455,0.784360189573,1.75956330843,random,4,2024
1,"(0.4, 0.6]",430,0.482909344526,0.223255813953,0.811627906977,2.16303143902,random,4,2024
1,"(0.6, 0.8]",213,0.690074061478,0.380281690141,0.755868544601,1.8146391987,random,4,2024
1,"(0.8, 1.0]",148,0.894660231929,0.412162162162,0.790540540541,2.17065105452,random,4,2024
1,"(1.0, inf]",485,1.63112902749,0.80206185567,0.645360824742,2.03366986718,random,4,2024
1,"(-0.001, 0.05]",1161,0.0342418986904,0.189491817399,0.820844099914,0.180703838089,random,5,2024
1,"(0.05, 0.1]",1921,0.073863823657,0.203539823009,0.803227485685,0.362896177097,random,5,2024
1,"(0.1, 0.15]",1240,0.123215714429,0.35564516129,0.782258064516,0.346456884108,random,5,2024
1,"(0.15, 0.2]",701,0.173707747339,0.300998573466,0.763195435093,0.577104885709,random,5,2024
1,"(0.2, 0.3]",781,0.245647517331,0.252240717029,0.78104993598,0.973861477338,random,5,2024
1,"(0.3, 0.4]",423,0.34568037612,0.19621749409,0.820330969267,1.76172047107,random,5,2024
1,"(0.4, 0.6]",436,0.483642999221,0.233944954128,0.782110091743,2.06733674177,random,5,2024
1,"(0.6, 0.8]",208,0.691407943383,0.403846153846,0.759615384615,1.71205776457,random,5,2024
1,"(0.8, 1.0]",153,0.893983371847,0.346405228758,0.647058823529,2.5807444508,random,5,2024
1,"(1.0, inf]",482,1.6344714091,0.742738589212,0.649377593361,2.20060117092,random,5,2024
1,"(-0.001, 0.05]",1165,0.034356401606,0.160515021459,0.803433476395,0.214038544765,random,6,2024
1,"(0.05, 0.1]",1914,0.0738256486399,0.206896551724,0.795715778474,0.356823968426,random,6,2024
1,"(0.1, 0.15]",1237,0.123021786899,0.35974130962,0.785772029103,0.341972922234,random,6,2024
1,"(0.15, 0.2]",703,0.173315914249,0.314366998578,0.778093883357,0.55131713899,random,6,2024
1,"(0.2, 0.3]",781,0.245143268005,0.280409731114,0.805377720871,0.874232384987,random,6,2024
1,"(0.3, 0.4]",431,0.346624968853,0.204176334107,0.802784222738,1.69767456336,random,6,2024
1,"(0.4, 0.6]",433,0.48354346599,0.203233256351,0.780600461894,2.37925364516,random,6,2024
1,"(0.6, 0.8]",206,0.690400481566,0.378640776699,0.796116504854,1.82336537439,random,6,2024
1,"(0.8, 1.0]",151,0.889531118095,0.430463576159,0.728476821192,2.0664492128,random,6,2024
1,"(1.0, inf]",485,1.63189926699,0.727835051546,0.626804123711,2.24212788807,random,6,2024
1,"(-0.001, 0.05]",1159,0.0342141362378,0.189818809318,0.817946505608,0.180246290453,random,7,2024
1,"(0.05, 0.1]",1925,0.0738589230022,0.213506493506,0.802597402597,0.345932911872,random,7,2024
1,"(0.1, 0.15]",1244,0.123386512889,0.314308681672,0.750803858521,0.392564762236,random,7,2024
1,"(0.15, 0.2]",690,0.173546570509,0.302898550725,0.760869565217,0.57295279259,random,7,2024
1,"(0.2, 0.3]",780,0.244675213352,0.274358974359,0.812820512821,0.891806852406,random,7,2024
1,"(0.3, 0.4]",427,0.346022375454,0.220140515222,0.798594847775,1.57182504595,random,7,2024
1,"(0.4, 0.6]",441,0.483554069159,0.249433106576,0.818594104308,1.93861222272,random,7,2024
1,"(0.6, 0.8]",207,0.691063352501,0.386473429952,0.830917874396,1.7881264246,random,7,2024
1,"(0.8, 1.0]",148,0.894192530125,0.587837837838,0.810810810811,1.52115510872,random,7,2024
1,"(1.0, inf]",485,1.63435496799,0.668041237113,0.59587628866,2.44648814653,random,7,2024
1,"(-0.001, 0.05]",1160,0.0342790703547,0.181896551724,0.806896551724,0.188453656926,random,8,2024
1,"(0.05, 0.1]",1929,0.073839211583,0.21721099015,0.826853291861,0.339942336858,random,8,2024
1,"(0.1, 0.15]",1236,0.123330147612,0.296925566343,0.779935275081,0.415357118387,random,8,2024
1,"(0.15, 0.2]",697,0.173665578811,0.312769010043,0.748923959828,0.555251873539,random,8,2024
1,"(0.2, 0.3]",779,0.245224171749,0.275994865212,0.774069319641,0.88850990601,random,8,2024
1,"(0.3, 0.4]",425,0.346530431917,0.216470588235,0.783529411765,1.60081993005,random,8,2024
1,"(0.4, 0.6]",439,0.484744311555,0.248291571754,0.801822323462,1.95231883278,random,8,2024
1,"(0.6, 0.8]",204,0.690384621466,0.303921568627,0.705882352941,2.27158810934,random,8,2024
1,"(0.8, 1.0]",153,0.89340083151,0.477124183007,0.686274509804,1.8724702359,random,8,2024
1,"(1.0, inf]",484,1.63446215163,0.772727272727,0.650826446281,2.11518631387,random,8,2024
1,"(-0.001, 0.05]",1163,0.0342703390761,0.187446259673,0.810834049871,0.182827542869,random,9,2024
1,"(0.05, 0.1]",1920,0.0738751965388,0.2109375,0.799479166667,0.350223153962,random,9,2024
1,"(0.1, 0.15]",1236,0.123151724771,0.330097087379,0.769417475728,0.373077283865,random,9,2024
1,"(0.15, 0.2]",699,0.173479672329,0.321888412017,0.755364806867,0.53894351537,random,9,2024
1,"(0.2, 0.3]",775,0.244699589398,0.236129032258,0.784516129032,1.03629607532,random,9,2024
1,"(0.3, 0.4]",439,0.345850114702,0.205011389522,0.79271070615,1.68698000393,random,9,2024
1,"(0.4, 0.6]",432,0.484374371653,0.199074074074,0.851851851852,2.43313637854,random,9,2024
1,"(0.6, 0.8]",206,0.691037004333,0.31067961165,0.78640776699,2.2242753577,random,9,2024
1,"(0.8, 1.0]",151,0.89381465652,0.483443708609,0.721854304636,1.84884949499,random,9,2024
1,"(1.0, inf]",485,1.6325106647,0.8,0.653608247423,2.04063833087,random,9,2024
1,"(-0.001, 0.05]",1165,0.0342998998897,0.208583690987,0.82660944206,0.164441906879,random,10,2024
1,"(0.05, 0.1]",1916,0.0739148282208,0.215553235908,0.805845511482,0.342907532376,random,10,2024
1,"(0.1, 0.15]",1238,0.123147136566,0.321486268174,0.745557350565,0.383055666003,random,10,2024
1,"(0.15, 0.2]",698,0.173534259061,0.28223495702,0.766475644699,0.614857425506,random,10,2024
1,"(0.2, 0.3]",783,0.245063838813,0.241379310345,0.79054916986,1.01526447508,random,10,2024
1,"(0.3, 0.4]",434,0.346506127267,0.177419354839,0.801843317972,1.95303453551,random,10,2024
1,"(0.4, 0.6]",430,0.483929196176,0.227906976744,0.827906976744,2.12336279955,random,10,2024
1,"(0.6, 0.8]",209,0.693241367725,0.33971291866,0.77990430622,2.04066825147,random,10,2024
1,"(0.8, 1.0]",149,0.892805399447,0.590604026846,0.724832214765,1.51168186952,random,10,2024
1,"(1.0, inf]",484,1.63247967363,0.756198347107,0.640495867769,2.15879825693,random,10,2024
1,"(-0.001, 0.05]",1153,0.034238915883,0.185602775369,0.810928013877,0.18447415894,random,11,2024
1,"(0.05, 0.1]",1930,0.0737858827737,0.211917098446,0.80310880829,0.348182772013,random,11,2024
1,"(0.1, 0.15]",1242,0.123302784477,0.310789049919,0.739935587762,0.396741083732,random,11,2024
1,"(0.15, 0.2]",695,0.173348539247,0.309352517986,0.764028776978,0.56035923152,random,11,2024
1,"(0.2, 0.3]",781,0.244829393932,0.256081946223,0.80409731114,0.956058783306,random,11,2024
1,"(0.3, 0.4]",431,0.346136168573,0.197215777262,0.825986078886,1.75511398418,random,11,2024
1,"(0.4, 0.6]",436,0.484678362893,0.197247706422,0.832568807339,2.45720658397,random,11,2024
1,"(0.6, 0.8]",203,0.692410654121,0.423645320197,0.778325123153,1.63441119519,random,11,2024
1,"(0.8, 1.0]",151,0.8942948012,0.748344370861,0.854304635762,1.19503110603,random,11,2024
1,"(1.0, inf]",484,1.63379873202,0.714876033058,0.619834710744,2.28542944017,random,11,2024
1,"(-0.001, 0.05]",1157,0.0342478099671,0.174589455488,0.815038893691,0.196161961049,random,12,2024
1,"(0.05, 0.1]",1930,0.0738950415365,0.19689119171,0.80103626943,0.375309026751,random,12,2024
1,"(0.1, 0.15]",1234,0.123188334009,0.335494327391,0.76904376013,0.367184551127,random,12,2024
1,"(0.15, 0.2]",701,0.173864497657,0.312410841655,0.754636233951,0.556525172865,random,12,2024
1,"(0.2, 0.3]",780,0.245026427019,0.267948717949,0.798717948718,0.914452694138,random,12,2024
1,"(0.3, 0.4]",424,0.345481867511,0.271226415094,0.813679245283,1.27377662456,random,12,2024
1,"(0.4, 0.6]",442,0.484228066355,0.219457013575,0.798642533937,2.20648252916,random,12,2024
1,"(0.6, 0.8]",204,0.693457091026,0.333333333333,0.745098039216,2.08037127308,random,12,2024
1,"(0.8, 1.0]",149,0.892048551638,0.48322147651,0.731543624161,1.84604491936,random,12,2024
1,"(1.0, inf]",485,1.63179802621,0.750515463918,0.659793814433,2.17423638108,random,12,2024
1,"(-0.001, 0.05]",1161,0.0343010644255,0.180878552972,0.804478897502,0.189635884752,random,13,2024
1,"(0.05, 0.1]",1919,0.0738100153953,0.204273058885,0.798332464825,0.361330151897,random,13,2024
1,"(0.1, 0.15]",1236,0.123058141671,0.326051779935,0.760517799353,0.377419015151,random,13,2024
1,"(0.15, 0.2]",705,0.173303745816,0.323404255319,0.790070921986,0.535873424564,random,13,2024
1,"(0.2, 0.3]",780,0.244988571048,0.252564102564,0.823076923077,0.970005509733,random,13,2024
1,"(0.3, 0.4]",425,0.345881207937,0.214117647059,0.785882352941,1.61537926784,random,13,2024
1,"(0.4, 0.6]",439,0.483668261721,0.23006833713,0.808656036446,2.10228086035,random,13,2024
1,"(0.6, 0.8]",208,0.692644749227,0.350961538462,0.754807692308,1.97356312108,random,13,2024
1,"(0.8, 1.0]",149,0.893123810898,0.664429530201,0.744966442953,1.34419644266,random,13,2024
1,"(1.0, inf]",484,1.63181784233,0.714876033058,0.634297520661,2.28265848465,random,13,2024
1,"(-0.001, 0.05]",1162,0.0342695590193,0.166092943201,0.822719449225,0.206327604044,random,14,2024
1,"(0.05, 0.1]",1924,0.0738933789538,0.200103950104,0.785862785863,0.369274963915,random,14,2024
1,"(0.1, 0.15]",1237,0.123350138979,0.32012934519,0.749393694422,0.385313439186,random,14,2024
1,"(0.15, 0.2]",693,0.173557222509,0.298701298701,0.800865800866,0.581039397094,random,14,2024
1,"(0.2, 0.3]",782,0.244737590134,0.277493606138,0.81074168798,0.881957582878,random,14,2024
1,"(0.3, 0.4]",430,0.345931826745,0.197674418605,0.811627906977,1.75000806471,random,14,2024
1,"(0.4, 0.6]",434,0.48300073029,0.198156682028,0.792626728111,2.4374688017,random,14,2024
1,"(0.6, 0.8]",211,0.690619672999,0.322274881517,0.720379146919,2.14295222063,random,14,2024
1,"(0.8, 1.0]",149,0.894113263228,0.51677852349,0.684563758389,1.73016722365,random,14,2024
1,"(1.0, inf]",484,1.63274978013,0.880165289256,0.698347107438,1.85504904597,random,14,2024
1,"(-0.001, 0.05]",1162,0.0342980426672,0.16265060241,0.802065404475,0.210869447509,random,15,2024
1,"(0.05, 0.1]",1923,0.0738735966819,0.220488819553,0.813832553302,0.335044637781,random,15,2024
1,"(0.1, 0.15]",1237,0.123352246644,0.367016976556,0.755860953921,0.336094116957,random,15,2024
1,"(0.15, 0.2]",701,0.173445017939,0.315263908702,0.778887303852,0.550158179072,random,15,2024
1,"(0.2, 0.3]",780,0.245099632318,0.280769230769,0.816666666667,0.872957594556,random,15,2024
1,"(0.3, 0.4]",421,0.346107898368,0.218527315914,0.783847980998,1.58381983927,random,15,2024
1,"(0.4, 0.6]",439,0.4839161936,0.186788154897,0.797266514806,2.59072206086,random,15,2024
1,"(0.6, 0.8]",209,0.690529544235,0.368421052632,0.765550239234,1.87429447721,random,15,2024
1,"(0.8, 1.0]",148,0.892809522028,0.317567567568,0.72972972973,2.81140019703,random,15,2024
1,"(1.0, inf]",486,1.63153862359,0.689300411523,0.62962962963,2.36694857034,random,15,2024
1,"(-0.001, 0.05]",1165,0.0343192191668,0.189699570815,0.818884120172,0.180913530902,random,16,2024
1,"(0.05, 0.1]",1913,0.073772082124,0.216414009409,0.791427077888,0.340884041312,random,16,2024
1,"(0.1, 0.15]",1251,0.123246251729,0.306954436451,0.745003996803,0.40151317946,random,16,2024
1,"(0.15, 0.2]",694,0.173880589906,0.328530259366,0.812680115274,0.529268111381,random,16,2024
1,"(0.2, 0.3]",774,0.245242155512,0.297157622739,0.815245478036,0.825293166811,random,16,2024
1,"(0.3, 0.4]",431,0.345843869469,0.206496519722,0.821345707657,1.67481694091,random,16,2024
1,"(0.4, 0.6]",434,0.48493387883,0.218894009217,0.81797235023,2.21538214118,random,16,2024
1,"(0.6, 0.8]",211,0.691111231724,0.341232227488,0.748815165877,2.02533985964,random,16,2024
1,"(0.8, 1.0]",148,0.893984382882,0.432432432432,0.689189189189,2.06733888541,random,16,2024
1,"(1.0, inf]",485,1.63044068281,0.707216494845,0.628865979381,2.30543361855,random,16,2024
1,"(-0.001, 0.05]",1156,0.0342096793079,0.192041522491,0.801903114187,0.178136888649,random,17,2024
1,"(0.05, 0.1]",1929,0.0737633278861,0.21721099015,0.804043545879,0.339592982082,random,17,2024
1,"(0.1, 0.15]",1231,0.123202053512,0.307067424858,0.763606823721,0.40122150231,random,17,2024
1,"(0.15, 0.2]",712,0.173577749459,0.316011235955,0.766853932584,0.549277144955,random,17,2024
1,"(0.2, 0.3]",770,0.245150084252,0.253246753247,0.790909090909,0.968028537817,random,17,2024
1,"(0.3, 0.4]",429,0.345898902629,0.240093240093,0.822843822844,1.44068572066,random,17,2024
1,"(0.4, 0.6]",435,0.48331092702,0.179310344828,0.825287356322,2.69538786223,random,17,2024
1,"(0.6, 0.8]",209,0.691903948096,0.267942583732,0.784688995215,2.58228437772,random,17,2024
1,"(0.8, 1.0]",149,0.891755112667,0.61744966443,0.751677852349,1.44425556291,random,17,2024
1,"(1.0, inf]",486,1.63265732841,0.765432098765,0.633744855967,2.13298780001,random,17,2024
1,"(-0.001, 0.05]",1158,0.034227545822,0.151986183074,0.787564766839,0.225201693534,random,18,2024
1,"(0.05, 0.1]",1920,0.0738112228035,0.196875,0.808333333333,0.374914147573,random,18,2024
1,"(0.1, 0.15]",1242,0.123066564089,0.329307568438,0.76731078905,0.373713135937,random,18,2024
1,"(0.15, 0.2]",705,0.173390848345,0.348936170213,0.818439716312,0.496912797085,random,18,2024
1,"(0.2, 0.3]",775,0.244760035132,0.236129032258,0.784516129032,1.03655206135,random,18,2024
1,"(0.3, 0.4]",425,0.346331797579,0.181176470588,0.738823529412,1.91157161002,random,18,2024
1,"(0.4, 0.6]",441,0.483699885885,0.242630385488,0.825396825397,1.99356681939,random,18,2024
1,"(0.6, 0.8]",204,0.690239942156,0.274509803922,0.794117647059,2.51444550357,random,18,2024
1,"(0.8, 1.0]",150,0.893336843143,0.506666666667,0.706666666667,1.76316482199,random,18,2024
1,"(1.0, inf]",486,1.63283464787,0.888888888889,0.66049382716,1.83693897885,random,18,2024
1,"(-0.001, 0.05]",1164,0.0342628607843,0.187285223368,0.835051546392,0.182944816298,random,19,2024
1,"(0.05, 0.1]",1924,0.0739796772819,0.227130977131,0.807692307692,0.325713727895,random,19,2024
1,"(0.1, 0.15]",1235,0.12330151406,0.325506072874,0.756275303644,0.378799427524,random,19,2024
1,"(0.15, 0.2]",695,0.173694251291,0.305035971223,0.742446043165,0.569422191732,random,19,2024
1,"(0.2, 0.3]",779,0.244672354223,0.218228498074,0.776636713736,1.121175082,random,19,2024
1,"(0.3, 0.4]",430,0.345788103144,0.223255813953,0.809302325581,1.54884254533,random,19,2024
1,"(0.4, 0.6]",439,0.484378659422,0.211845102506,0.79271070615,2.28647560738,random,19,2024
1,"(0.6, 0.8]",205,0.692438683667,0.341463414634,0.790243902439,2.02785614502,random,19,2024
1,"(0.8, 1.0]",149,0.891042421247,0.496644295302,0.758389261745,1.7941259563,random,19,2024
1,"(1.0, inf]",486,1.63026021079,0.757201646091,0.652263374486,2.15300669142,random,19,2024
1,"(0.05, 0.1]",315,0.0813400879391,0.0349206349206,0.755555555556,2.32928433644,regressed-rate,-1,2024
1,"(0.1, 0.15]",1038,0.128910663015,0.0809248554913,0.666666666667,1.59296747868,regressed-rate,-1,2024
1,"(0.15, 0.2]",1192,0.176552323358,0.151006711409,0.813758389262,1.16916871912,regressed-rate,-1,2024
1,"(0.2, 0.3]",2237,0.248470496652,0.135449262405,0.791238265534,1.83441749508,regressed-rate,-1,2024
1,"(0.3, 0.4]",742,0.343949473331,0.280323450135,0.931266846361,1.22697360198,regressed-rate,-1,2024
1,"(0.4, 0.6]",632,0.484746912598,0.439873417722,0.965189873418,1.10201456389,regressed-rate,-1,2024
1,"(0.6, 0.8]",260,0.687717656801,0.7,0.861538461538,0.98245379543,regressed-rate,-1,2024
1,"(0.8, 1.0]",347,0.893136873354,0.561959654179,0.538904899135,1.58932561566,regressed-rate,-1,2024
1,"(1.0, inf]",743,1.49508607886,0.940780619112,0.655450874832,1.58919736279,regressed-rate,-1,2024
1,"(-0.001, 0.05]",1160,0.0343945841138,0.0525862068966,0.659482758621,0.654060943804,shipped,-1,2024
1,"(0.05, 0.1]",1919,0.0738214574033,0.0901511203752,0.721730067744,0.818863449462,shipped,-1,2024
1,"(0.1, 0.15]",1240,0.123193900054,0.168548387097,0.695967741935,0.730911177352,shipped,-1,2024
1,"(0.15, 0.2]",713,0.173562858838,0.245441795231,0.816269284712,0.707144676292,shipped,-1,2024
1,"(0.2, 0.3]",771,0.245347807235,0.324254215305,0.905317769131,0.756652637514,shipped,-1,2024
1,"(0.3, 0.4]",429,0.345324667473,0.354312354312,0.972027972028,0.974633436485,shipped,-1,2024
1,"(0.4, 0.6]",436,0.483892326987,0.506880733945,0.981651376147,0.954647305731,shipped,-1,2024
1,"(0.6, 0.8]",204,0.6927964522,0.598039215686,0.897058823529,1.15844652663,shipped,-1,2024
1,"(0.8, 1.0]",152,0.892999256048,0.75,0.861842105263,1.19066567473,shipped,-1,2024
1,"(1.0, inf]",482,1.63585645003,1.3755186722,0.865145228216,1.18926517181,shipped,-1,2024
1,"(-0.001, 0.05]",1,0.0493725592688,0,0,,vegas-environment,-1,2024
1,"(0.05, 0.1]",664,0.0679433060118,0.0421686746988,0.472891566265,1.61122697114,vegas-environment,-1,2024
1,"(0.1, 0.15]",908,0.132981082912,0.0770925110132,0.687224669604,1.72495461835,vegas-environment,-1,2024
1,"(0.15, 0.2]",1793,0.17599122108,0.148912437256,0.779698828779,1.18184366815,vegas-environment,-1,2024
1,"(0.2, 0.3]",1846,0.239683621202,0.21397616468,0.764355362947,1.12014168289,vegas-environment,-1,2024
1,"(0.3, 0.4]",979,0.349444360407,0.321756894791,0.964249233912,1.0860508852,vegas-environment,-1,2024
1,"(0.4, 0.6]",755,0.472063473119,0.460927152318,0.964238410596,1.02416069599,vegas-environment,-1,2024
1,"(0.6, 0.8]",16,0.623187656175,1.1875,1,0.5247896052,vegas-environment,-1,2024
1,"(0.8, 1.0]",1,0.989316204888,0,1,,vegas-environment,-1,2024
1,"(1.0, inf]",543,1.47330842363,1.28545119705,0.797421731123,1.14614108027,vegas-environment,-1,2024
1,"(-0.001, 0.05]",1186,0.0345425421221,0.0531197301855,0.654300168634,0.650277062807,within-player,0,2024
1,"(0.05, 0.1]",1910,0.074303305238,0.0832460732984,0.724607329843,0.892574295627,within-player,0,2024
1,"(0.1, 0.15]",1210,0.123350424209,0.17520661157,0.699173553719,0.704028364589,within-player,0,2024
1,"(0.15, 0.2]",698,0.1728251305,0.28223495702,0.819484240688,0.612344878623,within-player,0,2024
1,"(0.2, 0.3]",801,0.243683216188,0.302122347066,0.888888888889,0.806571306472,within-player,0,2024
1,"(0.3, 0.4]",410,0.344883515069,0.375609756098,0.980487804878,0.918196371289,within-player,0,2024
1,"(0.4, 0.6]",447,0.484337078552,0.451901565996,0.979865771812,1.07177561442,within-player,0,2024
1,"(0.6, 0.8]",207,0.689777096655,0.632850241546,0.913043478261,1.0899531222,within-player,0,2024
1,"(0.8, 1.0]",148,0.897973194991,0.777027027027,0.885135135135,1.15565245964,within-player,0,2024
1,"(1.0, inf]",489,1.62175327101,1.35991820041,0.856850715746,1.19253736771,within-player,0,2024
1,"(-0.001, 0.05]",1172,0.0345928055764,0.05204778157,0.65614334471,0.664635543205,within-player,1,2024
1,"(0.05, 0.1]",1885,0.0737650131175,0.0838196286472,0.714588859416,0.880044618522,within-player,1,2024
1,"(0.1, 0.15]",1234,0.122682102635,0.176661264182,0.714748784441,0.694448232348,within-player,1,2024
1,"(0.15, 0.2]",724,0.173255296361,0.256906077348,0.805248618785,0.674391583687,within-player,1,2024
1,"(0.2, 0.3]",792,0.245519183941,0.311868686869,0.905303030303,0.787251796282,within-player,1,2024
1,"(0.3, 0.4]",411,0.344981364167,0.374695863747,0.965936739659,0.920697017355,within-player,1,2024
1,"(0.4, 0.6]",442,0.481819179592,0.461538461538,0.981900452489,1.04394155578,within-player,1,2024
1,"(0.6, 0.8]",211,0.691448727361,0.611374407583,0.919431279621,1.13097427499,within-player,1,2024
1,"(0.8, 1.0]",152,0.897201155082,0.763157894737,0.842105263158,1.17564289287,within-player,1,2024
1,"(1.0, inf]",483,1.62491264721,1.38095238095,0.865424430642,1.17666088246,within-player,1,2024
1,"(-0.001, 0.05]",1170,0.0345369901765,0.0521367521368,0.650427350427,0.662430795188,within-player,2,2024
1,"(0.05, 0.1]",1905,0.0743724135791,0.088188976378,0.720734908136,0.843330046834,within-player,2,2024
1,"(0.1, 0.15]",1230,0.123066671648,0.169105691057,0.708130081301,0.727750029457,within-player,2,2024
1,"(0.15, 0.2]",718,0.173561539222,0.275766016713,0.811977715877,0.629379723038,within-player,2,2024
1,"(0.2, 0.3]",776,0.245009924458,0.309278350515,0.905927835052,0.792198755746,within-player,2,2024
1,"(0.3, 0.4]",430,0.34363288158,0.362790697674,0.96511627907,0.947193199227,within-player,2,2024
1,"(0.4, 0.6]",425,0.483454099036,0.444705882353,0.981176470588,1.08713223328,within-player,2,2024
1,"(0.6, 0.8]",213,0.68712852181,0.647887323944,0.920187793427,1.06056793584,within-player,2,2024
1,"(0.8, 1.0]",166,0.892563320689,0.734939759036,0.843373493976,1.21447140356,within-player,2,2024
1,"(1.0, inf]",473,1.63850585537,1.39534883721,0.866807610994,1.17426252968,within-player,2,2024
1,"(-0.001, 0.05]",1174,0.0343625879594,0.0502555366269,0.65332197615,0.683757258717,within-player,3,2024
1,"(0.05, 0.1]",1888,0.0736865074738,0.0900423728814,0.720868644068,0.818353683003,within-player,3,2024
1,"(0.1, 0.15]",1249,0.122952005158,0.172137710168,0.702962369896,0.7142653695,within-player,3,2024
1,"(0.15, 0.2]",703,0.173654179911,0.26600284495,0.819345661451,0.652828280628,within-player,3,2024
1,"(0.2, 0.3]",780,0.244152789263,0.310256410256,0.9,0.786938742254,within-player,3,2024
1,"(0.3, 0.4]",436,0.346175242342,0.341743119266,0.970183486239,1.01296916551,within-player,3,2024
1,"(0.4, 0.6]",437,0.482982266898,0.469107551487,0.986270022883,1.02957683236,within-player,3,2024
1,"(0.6, 0.8]",198,0.690729075736,0.686868686869,0.90404040404,1.00562027203,within-player,3,2024
1,"(0.8, 1.0]",158,0.903753196637,0.677215189873,0.841772151899,1.33451406606,within-player,3,2024
1,"(1.0, inf]",483,1.63797363965,1.38716356108,0.867494824017,1.18080786262,within-player,3,2024
1,"(-0.001, 0.05]",1166,0.0343994602891,0.0514579759863,0.656089193825,0.668496178285,within-player,4,2024
1,"(0.05, 0.1]",1902,0.0738269691108,0.0893796004206,0.718191377497,0.825993501463,within-player,4,2024
1,"(0.1, 0.15]",1220,0.12288474978,0.173770491803,0.697540983607,0.707166956281,within-player,4,2024
1,"(0.15, 0.2]",715,0.171685976021,0.251748251748,0.832167832168,0.681974849194,within-player,4,2024
1,"(0.2, 0.3]",791,0.243309098225,0.312262958281,0.896333754741,0.779180148568,within-player,4,2024
1,"(0.3, 0.4]",432,0.343611565615,0.37037037037,0.967592592593,0.927751227161,within-player,4,2024
1,"(0.4, 0.6]",444,0.483803981981,0.448198198198,0.981981981982,1.07944205025,within-player,4,2024
1,"(0.6, 0.8]",200,0.690768838953,0.705,0.92,0.979813955962,within-player,4,2024
1,"(0.8, 1.0]",152,0.89886397613,0.677631578947,0.828947368421,1.3264788774,within-player,4,2024
1,"(1.0, inf]",484,1.62632200453,1.38016528926,0.865702479339,1.17835306915,within-player,4,2024
1,"(-0.001, 0.05]",1177,0.0344445640588,0.0569243840272,0.662701784197,0.605093311898,within-player,5,2024
1,"(0.05, 0.1]",1904,0.0741037134431,0.0840336134454,0.717962184874,0.881834189973,within-player,5,2024
1,"(0.1, 0.15]",1216,0.123090456755,0.172697368421,0.697368421053,0.712752359115,within-player,5,2024
1,"(0.15, 0.2]",739,0.17334856006,0.253044654939,0.828146143437,0.685051261414,within-player,5,2024
1,"(0.2, 0.3]",791,0.244557733576,0.337547408344,0.90012642225,0.724513735052,within-player,5,2024
1,"(0.3, 0.4]",421,0.347287059448,0.346793349169,0.961995249406,1.00142364402,within-player,5,2024
1,"(0.4, 0.6]",406,0.481953367608,0.440886699507,0.985221674877,1.09314562709,within-player,5,2024
1,"(0.6, 0.8]",215,0.695358064923,0.651162790698,0.902325581395,1.06787131399,within-player,5,2024
1,"(0.8, 1.0]",152,0.890321175158,0.802631578947,0.881578947368,1.10925261167,within-player,5,2024
1,"(1.0, inf]",485,1.62442175501,1.36494845361,0.859793814433,1.19009750933,within-player,5,2024
1,"(-0.001, 0.05]",1194,0.034823238615,0.0519262981575,0.655778894472,0.670628175909,within-player,6,2024
1,"(0.05, 0.1]",1873,0.0742036725511,0.0875600640683,0.714361986119,0.847460235904,within-player,6,2024
1,"(0.1, 0.15]",1213,0.122956100304,0.173948887057,0.708161582852,0.706851894164,within-player,6,2024
1,"(0.15, 0.2]",737,0.17257229752,0.251017639077,0.819538670285,0.687490720389,within-player,6,2024
1,"(0.2, 0.3]",797,0.243710991327,0.321204516939,0.90338770389,0.758740859717,within-player,6,2024
1,"(0.3, 0.4]",417,0.346616965704,0.37170263789,0.971223021583,0.932511449668,within-player,6,2024
1,"(0.4, 0.6]",431,0.481187110041,0.466357308585,0.981438515081,1.03179922601,within-player,6,2024
1,"(0.6, 0.8]",204,0.693685518185,0.617647058824,0.921568627451,1.12310988658,within-player,6,2024
1,"(0.8, 1.0]",160,0.899709824503,0.7125,0.85,1.26275063088,within-player,6,2024
1,"(1.0, inf]",480,1.62298163924,1.3875,0.860416666667,1.16971649675,within-player,6,2024
1,"(-0.001, 0.05]",1178,0.0344870512284,0.0526315789474,0.660441426146,0.65525397334,within-player,7,2024
1,"(0.05, 0.1]",1916,0.0738729361785,0.0902922755741,0.719728601253,0.818153443456,within-player,7,2024
1,"(0.1, 0.15]",1237,0.123136531128,0.169765561843,0.699272433306,0.725332804787,within-player,7,2024
1,"(0.15, 0.2]",689,0.173463051921,0.268505079826,0.817126269956,0.646032663643,within-player,7,2024
1,"(0.2, 0.3]",782,0.244018826327,0.315856777494,0.902813299233,0.772561628292,within-player,7,2024
1,"(0.3, 0.4]",422,0.344124476663,0.35308056872,0.973933649289,0.974634423836,within-player,7,2024
1,"(0.4, 0.6]",439,0.480674849996,0.462414578588,0.979498861048,1.03948896132,within-player,7,2024
1,"(0.6, 0.8]",195,0.687598214383,0.651282051282,0.923076923077,1.05576103783,within-player,7,2024
1,"(0.8, 1.0]",167,0.896278691516,0.670658682635,0.838323353293,1.33641554896,within-player,7,2024
1,"(1.0, inf]",481,1.63437640035,1.39708939709,0.866943866944,1.16984382227,within-player,7,2024
1,"(-0.001, 0.05]",1163,0.0344233688039,0.0533104041273,0.652622527945,0.645715772886,within-player,8,2024
1,"(0.05, 0.1]",1938,0.0742710198071,0.0820433436533,0.711558307534,0.905265637649,within-player,8,2024
1,"(0.1, 0.15]",1195,0.122556024898,0.179916317992,0.719665271967,0.681183487222,within-player,8,2024
1,"(0.15, 0.2]",714,0.173352423468,0.261904761905,0.816526610644,0.661891071422,within-player,8,2024
1,"(0.2, 0.3]",795,0.244360975884,0.301886792453,0.898113207547,0.809445732614,within-player,8,2024
1,"(0.3, 0.4]",416,0.344081017611,0.362980769231,0.973557692308,0.947931810107,within-player,8,2024
1,"(0.4, 0.6]",437,0.480229099042,0.496567505721,0.977116704805,0.967097310053,within-player,8,2024
1,"(0.6, 0.8]",209,0.688521739059,0.588516746411,0.923444976077,1.16992718263,within-player,8,2024
1,"(0.8, 1.0]",154,0.895804150725,0.785714285714,0.857142857143,1.14011437365,within-player,8,2024
1,"(1.0, inf]",485,1.62071151152,1.37113402062,0.859793814433,1.18202268134,within-player,8,2024
1,"(-0.001, 0.05]",1159,0.0343182404423,0.0569456427955,0.659188955997,0.602649101101,within-player,9,2024
1,"(0.05, 0.1]",1925,0.0737741731935,0.0836363636364,0.712207792208,0.882082505575,within-player,9,2024
1,"(0.1, 0.15]",1225,0.123296526009,0.183673469388,0.708571428571,0.671281086047,within-player,9,2024
1,"(0.15, 0.2]",705,0.173314080902,0.249645390071,0.82695035461,0.694241062704,within-player,9,2024
1,"(0.2, 0.3]",803,0.246775738959,0.3200498132,0.895392278954,0.771054157136,within-player,9,2024
1,"(0.3, 0.4]",417,0.345624697634,0.340527577938,0.973621103118,1.01496830221,within-player,9,2024
1,"(0.4, 0.6]",426,0.484396762762,0.453051643192,0.981220657277,1.06918663698,within-player,9,2024
1,"(0.6, 0.8]",195,0.686381446521,0.651282051282,0.928205128205,1.05389277222,within-player,9,2024
1,"(0.8, 1.0]",160,0.886757595717,0.7,0.84375,1.26679656531,within-player,9,2024
1,"(1.0, inf]",491,1.62317828235,1.38696537678,0.863543788187,1.17030915805,within-player,9,2024
1,"(-0.001, 0.05]",1183,0.0346503143898,0.0490278951817,0.659340659341,0.70674692971,within-player,10,2024
1,"(0.05, 0.1]",1869,0.0738538985213,0.0888175494917,0.711610486891,0.831523712869,within-player,10,2024
1,"(0.1, 0.15]",1239,0.122462321267,0.175141242938,0.711057304278,0.699220350461,within-player,10,2024
1,"(0.15, 0.2]",734,0.172002799853,0.269754768392,0.824250681199,0.63762654087,within-player,10,2024
1,"(0.2, 0.3]",765,0.24382362961,0.292810457516,0.894117647059,0.83270123505,within-player,10,2024
1,"(0.3, 0.4]",434,0.345340904236,0.36866359447,0.972350230415,0.936737202739,within-player,10,2024
1,"(0.4, 0.6]",432,0.484835227626,0.486111111111,0.981481481481,0.997375325402,within-player,10,2024
1,"(0.6, 0.8]",219,0.696063841493,0.616438356164,0.908675799087,1.12917023175,within-player,10,2024
1,"(0.8, 1.0]",147,0.888365898524,0.727891156463,0.843537414966,1.22046529984,within-player,10,2024
1,"(1.0, inf]",484,1.6300127536,1.37396694215,0.867768595041,1.18635514698,within-player,10,2024
1,"(-0.001, 0.05]",1198,0.0348006322715,0.0575959933222,0.654424040067,0.604219673351,within-player,11,2024
1,"(0.05, 0.1]",1867,0.0742330829522,0.0835565077665,0.721478307445,0.888417729947,within-player,11,2024
1,"(0.1, 0.15]",1263,0.123240211224,0.170229612035,0.697545526524,0.723964589656,within-player,11,2024
1,"(0.15, 0.2]",677,0.173254241985,0.261447562777,0.834564254062,0.662673004655,within-player,11,2024
1,"(0.2, 0.3]",791,0.243940901583,0.327433628319,0.897597977244,0.745008699428,within-player,11,2024
1,"(0.3, 0.4]",438,0.343270068749,0.351598173516,0.970319634703,0.976313572157,within-player,11,2024
1,"(0.4, 0.6]",430,0.482870309088,0.467441860465,0.981395348837,1.03300613387,within-player,11,2024
1,"(0.6, 0.8]",215,0.68786764725,0.651162790698,0.920930232558,1.05636817256,within-player,11,2024
1,"(0.8, 1.0]",140,0.894937730645,0.707142857143,0.821428571429,1.26556850798,within-player,11,2024
1,"(1.0, inf]",487,1.61964483961,1.37577002053,0.866529774127,1.17726423416,within-player,11,2024
1,"(-0.001, 0.05]",1156,0.0345358423428,0.0501730103806,0.651384083045,0.688335064625,within-player,12,2024
1,"(0.05, 0.1]",1931,0.0742897844945,0.0885551527706,0.722941481098,0.838909788648,within-player,12,2024
1,"(0.1, 0.15]",1229,0.123460101354,0.187144019528,0.701383238405,0.659706367672,within-player,12,2024
1,"(0.15, 0.2]",710,0.173560328269,0.223943661972,0.818309859155,0.775017818057,within-player,12,2024
1,"(0.2, 0.3]",773,0.244354895277,0.341526520052,0.90297542044,0.715478538064,within-player,12,2024
1,"(0.3, 0.4]",442,0.346573752715,0.341628959276,0.968325791855,1.01447416358,within-player,12,2024
1,"(0.4, 0.6]",431,0.485215319239,0.4686774942,0.983758700696,1.03528615145,within-player,12,2024
1,"(0.6, 0.8]",197,0.693263513482,0.664974619289,0.913705583756,1.04254131417,within-player,12,2024
1,"(0.8, 1.0]",151,0.892064739683,0.675496688742,0.847682119205,1.32060564404,within-player,12,2024
1,"(1.0, inf]",486,1.63192858553,1.38271604938,0.862139917695,1.18023406632,within-player,12,2024
1,"(-0.001, 0.05]",1188,0.03464905378,0.0547138047138,0.666666666667,0.633278090626,within-player,13,2024
1,"(0.05, 0.1]",1865,0.0738417040081,0.0890080428954,0.712064343164,0.829607096235,within-player,13,2024
1,"(0.1, 0.15]",1266,0.122760828156,0.168246445498,0.705371248025,0.729648865942,within-player,13,2024
1,"(0.15, 0.2]",705,0.172517407806,0.263829787234,0.818439716312,0.653896626362,within-player,13,2024
1,"(0.2, 0.3]",769,0.244671625026,0.305591677503,0.903771131339,0.800648849554,within-player,13,2024
1,"(0.3, 0.4]",424,0.342432117212,0.356132075472,0.969339622642,0.961531243033,within-player,13,2024
1,"(0.4, 0.6]",430,0.483815211726,0.460465116279,0.976744186047,1.05070980324,within-player,13,2024
1,"(0.6, 0.8]",225,0.685205327568,0.688888888889,0.924444444444,0.994652894857,within-player,13,2024
1,"(0.8, 1.0]",146,0.889675081236,0.719178082192,0.856164383562,1.23707201772,within-player,13,2024
1,"(1.0, inf]",488,1.62174397297,1.36475409836,0.860655737705,1.18830489311,within-player,13,2024
1,"(-0.001, 0.05]",1183,0.0346976670416,0.0540997464074,0.657650042265,0.641364689222,within-player,14,2024
1,"(0.05, 0.1]",1897,0.074135403034,0.0817079599367,0.7163943068,0.907321674551,within-player,14,2024
1,"(0.1, 0.15]",1222,0.123058983806,0.187397708674,0.708674304419,0.656672830616,within-player,14,2024
1,"(0.15, 0.2]",716,0.172403802206,0.258379888268,0.822625698324,0.667249310158,within-player,14,2024
1,"(0.2, 0.3]",776,0.243559523112,0.298969072165,0.896907216495,0.814664611787,within-player,14,2024
1,"(0.3, 0.4]",423,0.342879254299,0.36170212766,0.962174940898,0.947960291298,within-player,14,2024
1,"(0.4, 0.6]",450,0.481426516749,0.475555555556,0.984444444444,1.01234547915,within-player,14,2024
1,"(0.6, 0.8]",195,0.68778035866,0.646153846154,0.907692307692,1.06442198364,within-player,14,2024
1,"(0.8, 1.0]",160,0.896652647111,0.775,0.825,1.15697115756,within-player,14,2024
1,"(1.0, inf]",484,1.63431592162,1.35950413223,0.871900826446,1.20214119463,within-player,14,2024
1,"(-0.001, 0.05]",1173,0.0343836764607,0.0537084398977,0.653878942882,0.640191309339,within-player,15,2024
1,"(0.05, 0.1]",1880,0.0736760837627,0.0867021276596,0.714893617021,0.849760966097,within-player,15,2024
1,"(0.1, 0.15]",1234,0.122573210244,0.171799027553,0.709886547812,0.713468591704,within-player,15,2024
1,"(0.15, 0.2]",716,0.172073777616,0.256983240223,0.811452513966,0.669591438985,within-player,15,2024
1,"(0.2, 0.3]",800,0.243383736687,0.31125,0.90375,0.781955780521,within-player,15,2024
1,"(0.3, 0.4]",419,0.34504847131,0.355608591885,0.976133651551,0.970304090462,within-player,15,2024
1,"(0.4, 0.6]",434,0.48095369333,0.456221198157,0.979262672811,1.05421163084,within-player,15,2024
1,"(0.6, 0.8]",194,0.691543223668,0.69587628866,0.922680412371,0.993773225123,within-player,15,2024
1,"(0.8, 1.0]",175,0.895249199841,0.702857142857,0.851428571429,1.27372853636,within-player,15,2024
1,"(1.0, inf]",481,1.64615461075,1.38045738046,0.864864864865,1.19247043339,within-player,15,2024
1,"(-0.001, 0.05]",1157,0.0344278833209,0.0527225583405,0.654278305964,0.653001000038,within-player,16,2024
1,"(0.05, 0.1]",1919,0.0737547267153,0.0875455966649,0.719124544033,0.84247214623,within-player,16,2024
1,"(0.1, 0.15]",1257,0.123141672905,0.167064439141,0.708035003978,0.737090870672,within-player,16,2024
1,"(0.15, 0.2]",693,0.173471568971,0.27417027417,0.816738816739,0.632714722615,within-player,16,2024
1,"(0.2, 0.3]",768,0.243585317508,0.322916666667,0.90234375,0.754328725186,within-player,16,2024
1,"(0.3, 0.4]",430,0.343535301273,0.33023255814,0.967441860465,1.04028295456,within-player,16,2024
1,"(0.4, 0.6]",434,0.482712208364,0.479262672811,0.979262672811,1.00719758861,within-player,16,2024
1,"(0.6, 0.8]",204,0.695090025227,0.617647058824,0.926470588235,1.12538385037,within-player,16,2024
1,"(0.8, 1.0]",160,0.891709388216,0.7375,0.83125,1.20909747555,within-player,16,2024
1,"(1.0, inf]",484,1.62760653309,1.38223140496,0.867768595041,1.17752101945,within-player,16,2024
1,"(-0.001, 0.05]",1164,0.0345151087886,0.0506872852234,0.659793814433,0.680942146269,within-player,17,2024
1,"(0.05, 0.1]",1942,0.0744514257232,0.0885684860968,0.716271884655,0.84060853927,within-player,17,2024
1,"(0.1, 0.15]",1205,0.123400581001,0.183402489627,0.696265560166,0.672840271973,within-player,17,2024
1,"(0.15, 0.2]",711,0.173255545609,0.227848101266,0.829817158931,0.760399339062,within-player,17,2024
1,"(0.2, 0.3]",776,0.243690304361,0.319587628866,0.900773195876,0.762514823323,within-player,17,2024
1,"(0.3, 0.4]",436,0.344495599741,0.385321100917,0.970183486239,0.894048104089,within-player,17,2024
1,"(0.4, 0.6]",438,0.486263118687,0.461187214612,0.986301369863,1.05437250487,within-player,17,2024
1,"(0.6, 0.8]",180,0.688113032639,0.611111111111,0.9,1.12600314432,within-player,17,2024
1,"(0.8, 1.0]",168,0.894442868581,0.767857142857,0.85119047619,1.16485582885,within-player,17,2024
1,"(1.0, inf]",486,1.61999698423,1.37654320988,0.868312757202,1.17685879572,within-player,17,2024
1,"(-0.001, 0.05]",1173,0.0347194841176,0.0520034100597,0.664961636829,0.667638604425,within-player,18,2024
1,"(0.05, 0.1]",1891,0.0739339059169,0.0856689582232,0.710206240085,0.863018617833,within-player,18,2024
1,"(0.1, 0.15]",1243,0.123528627796,0.175382139984,0.70796460177,0.704339836473,within-player,18,2024
1,"(0.15, 0.2]",717,0.172906815512,0.267782426778,0.817294281729,0.645698889178,within-player,18,2024
1,"(0.2, 0.3]",788,0.24484996151,0.312182741117,0.904822335025,0.784316136869,within-player,18,2024
1,"(0.3, 0.4]",413,0.344252530362,0.363196125908,0.966101694915,0.94784196693,within-player,18,2024
1,"(0.4, 0.6]",435,0.484061797324,0.452873563218,0.988505747126,1.06886742049,within-player,18,2024
1,"(0.6, 0.8]",210,0.689731377258,0.614285714286,0.9,1.12281852112,within-player,18,2024
1,"(0.8, 1.0]",156,0.903263412611,0.737179487179,0.852564102564,1.22529645537,within-player,18,2024
1,"(1.0, inf]",480,1.63109854346,1.39583333333,0.866666666667,1.16854821024,within-player,18,2024
1,"(-0.001, 0.05]",1171,0.0344302371508,0.0529461998292,0.65072587532,0.650287221026,within-player,19,2024
1,"(0.05, 0.1]",1899,0.0739796301359,0.0847814639284,0.723012111638,0.872592034957,within-player,19,2024
1,"(0.1, 0.15]",1232,0.122555525025,0.179383116883,0.698863636364,0.683205460772,within-player,19,2024
1,"(0.15, 0.2]",710,0.172285969037,0.243661971831,0.822535211268,0.70706958391,within-player,19,2024
1,"(0.2, 0.3]",793,0.244494912909,0.31525851198,0.905422446406,0.775537863748,within-player,19,2024
1,"(0.3, 0.4]",420,0.345177636719,0.397619047619,0.961904761905,0.868111421688,within-player,19,2024
1,"(0.4, 0.6]",433,0.481869824024,0.434180138568,0.986143187067,1.10983847767,within-player,19,2024
1,"(0.6, 0.8]",206,0.691305712015,0.592233009709,0.907766990291,1.16728669406,within-player,19,2024
1,"(0.8, 1.0]",164,0.887279117117,0.762195121951,0.859756097561,1.16411020166,within-player,19,2024
1,"(1.0, inf]",478,1.63326482019,1.40376569038,0.861924686192,1.16348820276,within-player,19,2024
1,"(-0.001, 0.05]",86,0.0415710274019,0.0581395348837,0.779069767442,0.715021671313,base-rate-only,-1,2025
1,"(0.05, 0.1]",626,0.0798649766119,0.0670926517572,0.798722044728,1.19036846093,base-rate-only,-1,2025
1,"(0.1, 0.15]",1221,0.128064934611,0.0794430794431,0.749385749386,1.61203386763,base-rate-only,-1,2025
1,"(0.15, 0.2]",1022,0.175561532487,0.106653620352,0.8228962818,1.6460906991,base-rate-only,-1,2025
1,"(0.2, 0.3]",1424,0.245187529826,0.179775280899,0.850421348315,1.36385563466,base-rate-only,-1,2025
1,"(0.3, 0.4]",995,0.345220599568,0.249246231156,0.86432160804,1.38505845391,base-rate-only,-1,2025
1,"(0.4, 0.6]",728,0.484091436836,0.381868131868,0.929945054945,1.26769268351,base-rate-only,-1,2025
1,"(0.6, 0.8]",295,0.692353944857,0.494915254237,0.762711864407,1.39893434063,base-rate-only,-1,2025
1,"(0.8, 1.0]",323,0.897338944387,0.377708978328,0.529411764706,2.37574163145,base-rate-only,-1,2025
1,"(1.0, inf]",794,1.50489469434,1.06675062972,0.715365239295,1.41072772999,base-rate-only,-1,2025
1,"(0.05, 0.1]",73,0.0910214865607,0.109589041096,0.753424657534,0.830571064866,current-season-rate,-1,2025
1,"(0.1, 0.15]",488,0.133647783194,0.0901639344262,0.809426229508,1.48227541361,current-season-rate,-1,2025
1,"(0.15, 0.2]",705,0.177243733402,0.113475177305,0.82695035461,1.56196040061,current-season-rate,-1,2025
1,"(0.2, 0.3]",2013,0.244883135266,0.127173373075,0.812717337308,1.92558496598,current-season-rate,-1,2025
1,"(0.3, 0.4]",1582,0.348150033111,0.18394437421,0.849557522124,1.89269193258,current-season-rate,-1,2025
1,"(0.4, 0.6]",1297,0.485491311552,0.30531996916,0.851195065536,1.59010664415,current-season-rate,-1,2025
1,"(0.6, 0.8]",206,0.672609546122,0.616504854369,0.990291262136,1.09100446064,current-season-rate,-1,2025
1,"(0.8, 1.0]",46,0.891305381551,0.630434782609,0.891304347826,1.41379474315,current-season-rate,-1,2025
1,"(1.0, inf]",1104,1.49601294586,0.832427536232,0.609601449275,1.79716897957,current-season-rate,-1,2025
1,"(-0.001, 0.05]",3205,0,0.135101404056,0.717316692668,0,historical-rate,-1,2025
1,"(0.05, 0.1]",542,0.0776885789517,0.121771217712,0.830258302583,0.637988027149,historical-rate,-1,2025
1,"(0.1, 0.15]",451,0.128512435874,0.175166297118,0.889135254989,0.73365960227,historical-rate,-1,2025
1,"(0.15, 0.2]",415,0.181484547728,0.224096385542,0.906024096386,0.809850401154,historical-rate,-1,2025
1,"(0.2, 0.3]",658,0.257904096141,0.267477203647,0.88905775076,0.964209632164,historical-rate,-1,2025
1,"(0.3, 0.4]",449,0.34458820024,0.253897550111,0.910913140312,1.35719387639,historical-rate,-1,2025
1,"(0.4, 0.6]",648,0.503689391563,0.317901234568,0.941358024691,1.5844209987,historical-rate,-1,2025
1,"(0.6, 0.8]",254,0.696189509502,0.370078740157,0.94094488189,1.88119292993,historical-rate,-1,2025
1,"(0.8, 1.0]",289,0.955081392419,0.512110726644,0.660899653979,1.86499001628,historical-rate,-1,2025
1,"(1.0, inf]",603,1.65728855859,1.22885572139,0.787728026534,1.34864372582,historical-rate,-1,2025
1,"(-0.001, 0.05]",1008,0.0360785624421,0.0446428571429,0.683531746032,0.808159798702,no-vegas,-1,2025
1,"(0.05, 0.1]",1739,0.0742442993996,0.0782058654399,0.765957446809,0.949344387175,no-vegas,-1,2025
1,"(0.1, 0.15]",1294,0.12283990271,0.133693972179,0.711746522411,0.918814069981,no-vegas,-1,2025
1,"(0.15, 0.2]",742,0.172536611962,0.180592991914,0.708894878706,0.955389299076,no-vegas,-1,2025
1,"(0.2, 0.3]",860,0.244483955824,0.327906976744,0.895348837209,0.745589368824,no-vegas,-1,2025
1,"(0.3, 0.4]",538,0.345138435765,0.364312267658,0.979553903346,0.947369787966,no-vegas,-1,2025
1,"(0.4, 0.6]",521,0.481131345051,0.429942418426,0.990403071017,1.1190599588,no-vegas,-1,2025
1,"(0.6, 0.8]",184,0.687512773364,0.608695652174,0.989130434783,1.12948527053,no-vegas,-1,2025
1,"(0.8, 1.0]",108,0.89622681246,0.87037037037,0.916666666667,1.02970740155,no-vegas,-1,2025
1,"(1.0, inf]",520,1.61894103713,1.45,0.909615384615,1.11651106009,no-vegas,-1,2025
1,"(-0.001, 0.05]",90,0.0419928179398,0.0777777777778,0.788888888889,0.539907659226,player-vegas,-1,2025
1,"(0.05, 0.1]",709,0.079185106804,0.0662905500705,0.809590973202,1.19451576009,player-vegas,-1,2025
1,"(0.1, 0.15]",1143,0.126153118263,0.0831146106737,0.76290463692,1.51782120184,player-vegas,-1,2025
1,"(0.15, 0.2]",971,0.173560944461,0.121524201854,0.818743563337,1.42820065315,player-vegas,-1,2025
1,"(0.2, 0.3]",1482,0.244549485077,0.165991902834,0.836032388664,1.47326153205,player-vegas,-1,2025
1,"(0.3, 0.4]",922,0.345234671899,0.259219088937,0.866594360087,1.3318258054,player-vegas,-1,2025
1,"(0.4, 0.6]",764,0.481738443273,0.366492146597,0.921465968586,1.31445775236,player-vegas,-1,2025
1,"(0.6, 0.8]",343,0.69470539834,0.448979591837,0.734693877551,1.54729838721,player-vegas,-1,2025
1,"(0.8, 1.0]",285,0.900869564873,0.375438596491,0.491228070175,2.39951239242,player-vegas,-1,2025
1,"(1.0, inf]",805,1.5462342906,1.06459627329,0.731677018634,1.45241377355,player-vegas,-1,2025
1,"(-0.001, 0.05]",1043,0.0356625929314,0.185043144775,0.837967401726,0.192725826049,random,0,2025
1,"(0.05, 0.1]",1736,0.0739379771951,0.1866359447,0.825460829493,0.39616150744,random,0,2025
1,"(0.1, 0.15]",1288,0.12265841522,0.298913043478,0.800465838509,0.410348152736,random,0,2025
1,"(0.15, 0.2]",743,0.173376365696,0.344549125168,0.799461641992,0.503197811376,random,0,2025
1,"(0.2, 0.3]",830,0.244775390488,0.26265060241,0.784337349398,0.931943000482,random,0,2025
1,"(0.3, 0.4]",528,0.347198675856,0.200757575758,0.837121212121,1.72944246087,random,0,2025
1,"(0.4, 0.6]",504,0.482421145505,0.22619047619,0.827380952381,2.13280927486,random,0,2025
1,"(0.6, 0.8]",197,0.685682557892,0.284263959391,0.832487309645,2.41213328401,random,0,2025
1,"(0.8, 1.0]",123,0.892643094647,0.439024390244,0.756097560976,2.03324260447,random,0,2025
1,"(1.0, inf]",522,1.67458337461,0.850574712644,0.64367816092,1.96876694042,random,0,2025
1,"(-0.001, 0.05]",1041,0.0356498028021,0.181556195965,0.818443804035,0.196356850355,random,1,2025
1,"(0.05, 0.1]",1744,0.0739587965219,0.197247706422,0.827981651376,0.374953898646,random,1,2025
1,"(0.1, 0.15]",1280,0.122700154419,0.33046875,0.80234375,0.371291247413,random,1,2025
1,"(0.15, 0.2]",741,0.173423040876,0.338731443995,0.794871794872,0.511977981231,random,1,2025
1,"(0.2, 0.3]",832,0.244452637929,0.275240384615,0.817307692308,0.888142335182,random,1,2025
1,"(0.3, 0.4]",533,0.346930478249,0.202626641651,0.834896810507,1.71216615654,random,1,2025
1,"(0.4, 0.6]",504,0.483787170736,0.232142857143,0.857142857143,2.08400627394,random,1,2025
1,"(0.6, 0.8]",194,0.684552675662,0.335051546392,0.835051546392,2.04312644736,random,1,2025
1,"(0.8, 1.0]",121,0.894496097333,0.487603305785,0.727272727273,1.83447504707,random,1,2025
1,"(1.0, inf]",524,1.67152414421,0.696564885496,0.603053435115,2.39966753854,random,1,2025
1,"(-0.001, 0.05]",1041,0.0356192324757,0.178674351585,0.845341018252,0.199352801114,random,2,2025
1,"(0.05, 0.1]",1743,0.0739482998588,0.187033849684,0.82214572576,0.395373885441,random,2,2025
1,"(0.1, 0.15]",1276,0.122556121364,0.385579937304,0.807993730408,0.317848802562,random,2,2025
1,"(0.15, 0.2]",747,0.173280047489,0.374832663989,0.807228915663,0.462286412409,random,2,2025
1,"(0.2, 0.3]",834,0.244848895428,0.248201438849,0.812949640288,0.986492651145,random,2,2025
1,"(0.3, 0.4]",532,0.347162335044,0.18045112782,0.796992481203,1.92385794004,random,2,2025
1,"(0.4, 0.6]",500,0.484346546066,0.17,0.824,2.8490973298,random,2,2025
1,"(0.6, 0.8]",197,0.686103894527,0.314720812183,0.817258883249,2.1800397939,random,2,2025
1,"(0.8, 1.0]",119,0.894164676407,0.319327731092,0.731092436975,2.80014727612,random,2,2025
1,"(1.0, inf]",525,1.6700792703,0.72,0.620952380952,2.31955454209,random,2,2025
1,"(-0.001, 0.05]",1041,0.0356028578957,0.1911623439,0.831892411143,0.186244095826,random,3,2025
1,"(0.05, 0.1]",1736,0.073962255909,0.225230414747,0.833525345622,0.328384849765,random,3,2025
1,"(0.1, 0.15]",1286,0.122548678959,0.280715396579,0.802488335925,0.436558451916,random,3,2025
1,"(0.15, 0.2]",753,0.173555603343,0.362549800797,0.811420982736,0.478708312516,random,3,2025
1,"(0.2, 0.3]",827,0.245133486192,0.257557436518,0.779927448609,0.951762408829,random,3,2025
1,"(0.3, 0.4]",526,0.347415851779,0.207224334601,0.844106463878,1.67652053244,random,3,2025
1,"(0.4, 0.6]",505,0.482481054035,0.170297029703,0.782178217822,2.83317363125,random,3,2025
1,"(0.6, 0.8]",195,0.686152215008,0.230769230769,0.779487179487,2.97332626504,random,3,2025
1,"(0.8, 1.0]",122,0.895861818216,0.352459016393,0.77868852459,2.54174748424,random,3,2025
1,"(1.0, inf]",523,1.67368318724,0.822179732314,0.665391969407,2.03566583006,random,3,2025
1,"(-0.001, 0.05]",1038,0.0355617242785,0.201348747592,0.808285163776,0.176617558857,random,4,2025
1,"(0.05, 0.1]",1744,0.0738269323623,0.205848623853,0.838302752294,0.358646713203,random,4,2025
1,"(0.1, 0.15]",1280,0.122678749599,0.28984375,0.778125,0.423258219641,random,4,2025
1,"(0.15, 0.2]",743,0.173287924772,0.310901749664,0.767160161507,0.557371983142,random,4,2025
1,"(0.2, 0.3]",836,0.244223628866,0.283492822967,0.83014354067,0.861480817436,random,4,2025
1,"(0.3, 0.4]",530,0.347838573947,0.220754716981,0.849056603774,1.57567901019,random,4,2025
1,"(0.4, 0.6]",501,0.483577564817,0.203592814371,0.830339321357,2.37521921543,random,4,2025
1,"(0.6, 0.8]",196,0.685702987649,0.265306122449,0.852040816327,2.5845727996,random,4,2025
1,"(0.8, 1.0]",121,0.89533707709,0.404958677686,0.826446280992,2.21093441485,random,4,2025
1,"(1.0, inf]",525,1.67134567113,0.805714285714,0.649523809524,2.07436519466,random,4,2025
1,"(-0.001, 0.05]",1041,0.0355921600607,0.195965417867,0.83381364073,0.181624699134,random,5,2025
1,"(0.05, 0.1]",1743,0.073987373307,0.208835341365,0.821572002295,0.354285691413,random,5,2025
1,"(0.1, 0.15]",1277,0.12261453698,0.322631166797,0.799530148786,0.380045543019,random,5,2025
1,"(0.15, 0.2]",746,0.173267840504,0.33109919571,0.788203753351,0.523310967675,random,5,2025
1,"(0.2, 0.3]",834,0.244841148809,0.230215827338,0.817745803357,1.06352874014,random,5,2025
1,"(0.3, 0.4]",528,0.34677099819,0.229166666667,0.873106060606,1.51318253756,random,5,2025
1,"(0.4, 0.6]",504,0.483248106179,0.22619047619,0.84126984127,2.13646531153,random,5,2025
1,"(0.6, 0.8]",195,0.685298321127,0.25641025641,0.810256410256,2.6726634524,random,5,2025
1,"(0.8, 1.0]",124,0.894874655418,0.427419354839,0.709677419355,2.09366900513,random,5,2025
1,"(1.0, inf]",522,1.67479946623,0.752873563218,0.599616858238,2.22454280247,random,5,2025
1,"(-0.001, 0.05]",1043,0.035679625228,0.177372962608,0.821668264621,0.20115594115,random,6,2025
1,"(0.05, 0.1]",1738,0.0739195007307,0.216915995397,0.823935558113,0.340774780557,random,6,2025
1,"(0.1, 0.15]",1285,0.122698523544,0.298054474708,0.796108949416,0.41166475915,random,6,2025
1,"(0.15, 0.2]",742,0.173505610497,0.363881401617,0.797843665768,0.47681912218,random,6,2025
1,"(0.2, 0.3]",833,0.244705829929,0.261704681873,0.818727490996,0.935045671244,random,6,2025
1,"(0.3, 0.4]",529,0.3471134886,0.232514177694,0.848771266541,1.49287020707,random,6,2025
1,"(0.4, 0.6]",502,0.482436172211,0.215139442231,0.832669322709,2.24243480046,random,6,2025
1,"(0.6, 0.8]",196,0.684547959201,0.275510204082,0.852040816327,2.48465555562,random,6,2025
1,"(0.8, 1.0]",124,0.895598777211,0.475806451613,0.782258064516,1.88227539617,random,6,2025
1,"(1.0, inf]",522,1.6742925069,0.714559386973,0.609195402299,2.34311176569,random,6,2025
1,"(-0.001, 0.05]",1037,0.0355478361777,0.183220829315,0.833172613308,0.194016347981,random,7,2025
1,"(0.05, 0.1]",1746,0.0738367721841,0.207331042383,0.838487972509,0.356129845949,random,7,2025
1,"(0.1, 0.15]",1280,0.122648825615,0.309375,0.76953125,0.396440648453,random,7,2025
1,"(0.15, 0.2]",748,0.173523340759,0.344919786096,0.788770053476,0.503083173985,random,7,2025
1,"(0.2, 0.3]",826,0.244829361115,0.26392251816,0.81598062954,0.927656203123,random,7,2025
1,"(0.3, 0.4]",532,0.347284603366,0.214285714286,0.821428571429,1.62066148238,random,7,2025
1,"(0.4, 0.6]",504,0.483663633397,0.240079365079,0.85119047619,2.0145989358,random,7,2025
1,"(0.6, 0.8]",199,0.684983850886,0.336683417085,0.869346733668,2.03450427353,random,7,2025
1,"(0.8, 1.0]",117,0.894920629758,0.564102564103,0.846153846154,1.5864502073,random,7,2025
1,"(1.0, inf]",525,1.67103351849,0.681904761905,0.609523809524,2.45053798103,random,7,2025
1,"(-0.001, 0.05]",1046,0.0357164638707,0.211281070746,0.81931166348,0.169047154791,random,8,2025
1,"(0.05, 0.1]",1739,0.0739899247079,0.202415181139,0.837837837838,0.365535451895,random,8,2025
1,"(0.1, 0.15]",1279,0.122646334945,0.282251759187,0.794370602033,0.434528150679,random,8,2025
1,"(0.15, 0.2]",746,0.173530955298,0.379356568365,0.810991957105,0.457434956368,random,8,2025
1,"(0.2, 0.3]",828,0.24459042737,0.230676328502,0.795893719807,1.06031871132,random,8,2025
1,"(0.3, 0.4]",528,0.347051643196,0.246212121212,0.8125,1.40956359698,random,8,2025
1,"(0.4, 0.6]",510,0.483633020756,0.196078431373,0.803921568627,2.46652840585,random,8,2025
1,"(0.6, 0.8]",192,0.683731613976,0.223958333333,0.854166666667,3.05294116008,random,8,2025
1,"(0.8, 1.0]",121,0.895327518199,0.446280991736,0.752066115702,2.00619684633,random,8,2025
1,"(1.0, inf]",525,1.66942160582,0.790476190476,0.660952380952,2.11191889893,random,8,2025
1,"(-0.001, 0.05]",1043,0.0356824372762,0.159156279962,0.814956855225,0.224197482404,random,9,2025
1,"(0.05, 0.1]",1743,0.073909947242,0.190476190476,0.834767641997,0.388027223021,random,9,2025
1,"(0.1, 0.15]",1277,0.122776459865,0.302270947533,0.782302270948,0.406180153491,random,9,2025
1,"(0.15, 0.2]",750,0.173634679082,0.333333333333,0.778666666667,0.520904037247,random,9,2025
1,"(0.2, 0.3]",825,0.244685783624,0.236363636364,0.804848484848,1.03520908456,random,9,2025
1,"(0.3, 0.4]",536,0.347152322354,0.268656716418,0.861940298507,1.29217808876,random,9,2025
1,"(0.4, 0.6]",498,0.483851362531,0.234939759036,0.843373493976,2.05946990206,random,9,2025
1,"(0.6, 0.8]",196,0.685286118141,0.260204081633,0.826530612245,2.63364861089,random,9,2025
1,"(0.8, 1.0]",123,0.895007294348,0.373983739837,0.626016260163,2.39317167837,random,9,2025
1,"(1.0, inf]",523,1.67288676572,0.885277246654,0.692160611855,1.88967554745,random,9,2025
1,"(-0.001, 0.05]",1036,0.0356341417249,0.184362934363,0.846525096525,0.193282569775,random,10,2025
1,"(0.05, 0.1]",1743,0.0738054189642,0.215720022949,0.83075157774,0.342135226741,random,10,2025
1,"(0.1, 0.15]",1292,0.122682407981,0.308049535604,0.778637770898,0.398255455052,random,10,2025
1,"(0.15, 0.2]",739,0.173657544352,0.332882273342,0.786197564276,0.521678558032,random,10,2025
1,"(0.2, 0.3]",826,0.244546945652,0.280871670702,0.81598062954,0.870671453053,random,10,2025
1,"(0.3, 0.4]",540,0.347303692495,0.203703703704,0.844444444444,1.70494539952,random,10,2025
1,"(0.4, 0.6]",496,0.482967846466,0.243951612903,0.846774193548,1.97976902353,random,10,2025
1,"(0.6, 0.8]",197,0.684082503541,0.223350253807,0.827411167513,3.06282393631,random,10,2025
1,"(0.8, 1.0]",125,0.89615044681,0.504,0.744,1.77807628335,random,10,2025
1,"(1.0, inf]",520,1.67727501939,0.709615384615,0.609615384615,2.36363959372,random,10,2025
1,"(-0.001, 0.05]",1045,0.0356900552117,0.214354066986,0.828708133971,0.166500480787,random,11,2025
1,"(0.05, 0.1]",1734,0.0739379670456,0.187427912341,0.824682814302,0.394487491868,random,11,2025
1,"(0.1, 0.15]",1291,0.12269590433,0.295120061967,0.780790085205,0.415749114148,random,11,2025
1,"(0.15, 0.2]",741,0.173652966412,0.330634278003,0.784075573549,0.525211624945,random,11,2025
1,"(0.2, 0.3]",832,0.244938176763,0.274038461538,0.793269230769,0.893809487134,random,11,2025
1,"(0.3, 0.4]",529,0.346950712927,0.238185255198,0.879017013233,1.45664227887,random,11,2025
1,"(0.4, 0.6]",499,0.483245913948,0.198396793587,0.827655310621,2.43575465717,random,11,2025
1,"(0.6, 0.8]",197,0.685289501046,0.243654822335,0.873096446701,2.81254232721,random,11,2025
1,"(0.8, 1.0]",123,0.895875144308,0.50406504065,0.780487804878,1.77730068951,random,11,2025
1,"(1.0, inf]",523,1.67400701253,0.78776290631,0.657743785851,2.1250137562,random,11,2025
1,"(-0.001, 0.05]",1047,0.0357140970909,0.166189111748,0.821394460363,0.21490034284,random,12,2025
1,"(0.05, 0.1]",1731,0.0740265996448,0.208549971115,0.827845176199,0.354958570596,random,12,2025
1,"(0.1, 0.15]",1290,0.122665049648,0.296124031008,0.76976744186,0.414235377083,random,12,2025
1,"(0.15, 0.2]",738,0.173459463522,0.268292682927,0.777777777778,0.646530727671,random,12,2025
1,"(0.2, 0.3]",834,0.244165197473,0.323741007194,0.848920863309,0.754199165526,random,12,2025
1,"(0.3, 0.4]",531,0.346807540075,0.23352165725,0.821092278719,1.48511938532,random,12,2025
1,"(0.4, 0.6]",502,0.483264065763,0.229083665339,0.832669322709,2.10955270446,random,12,2025
1,"(0.6, 0.8]",195,0.685847302275,0.241025641026,0.794871794872,2.84553667965,random,12,2025
1,"(0.8, 1.0]",123,0.895423038593,0.30081300813,0.747967479675,2.97667658776,random,12,2025
1,"(1.0, inf]",523,1.67388955498,0.845124282983,0.699808795411,1.98064307071,random,12,2025
1,"(-0.001, 0.05]",1041,0.0356335260814,0.195004803074,0.825168107589,0.182731530299,random,13,2025
1,"(0.05, 0.1]",1742,0.0738994965159,0.195177956372,0.82721010333,0.378626243914,random,13,2025
1,"(0.1, 0.15]",1282,0.1227421746,0.315912636505,0.787831513261,0.388532019351,random,13,2025
1,"(0.15, 0.2]",742,0.173577052547,0.324797843666,0.791105121294,0.534415655561,random,13,2025
1,"(0.2, 0.3]",830,0.244007859639,0.267469879518,0.818072289157,0.912281637391,random,13,2025
1,"(0.3, 0.4]",533,0.347166081726,0.238273921201,0.842401500938,1.45700410677,random,13,2025
1,"(0.4, 0.6]",507,0.483247540678,0.189349112426,0.816568047337,2.55215107421,random,13,2025
1,"(0.6, 0.8]",192,0.686941758535,0.260416666667,0.8125,2.63785635277,random,13,2025
1,"(0.8, 1.0]",120,0.895519053058,0.533333333333,0.858333333333,1.67909822448,random,13,2025
1,"(1.0, inf]",525,1.67010489345,0.765714285714,0.641904761905,2.18110713696,random,13,2025
1,"(-0.001, 0.05]",1043,0.0357275845972,0.166826462128,0.828379674017,0.214160176637,random,14,2025
1,"(0.05, 0.1]",1742,0.0739266462451,0.193455797933,0.838117106774,0.382137144685,random,14,2025
1,"(0.1, 0.15]",1280,0.122668554007,0.2875,0.78203125,0.42667323133,random,14,2025
1,"(0.15, 0.2]",748,0.173203198478,0.303475935829,0.771390374332,0.570731244325,random,14,2025
1,"(0.2, 0.3]",828,0.245043435812,0.294685990338,0.820048309179,0.831540839557,random,14,2025
1,"(0.3, 0.4]",523,0.347027697177,0.242829827916,0.843212237094,1.429098312,random,14,2025
1,"(0.4, 0.6]",512,0.483938932769,0.1640625,0.771484375,2.94972301878,random,14,2025
1,"(0.6, 0.8]",193,0.684427815441,0.284974093264,0.813471502591,2.40171942509,random,14,2025
1,"(0.8, 1.0]",121,0.895705461241,0.314049586777,0.727272727273,2.85211475816,random,14,2025
1,"(1.0, inf]",524,1.6727229873,0.946564885496,0.711832061069,1.76715089788,random,14,2025
1,"(-0.001, 0.05]",1044,0.0357057933278,0.168582375479,0.833333333333,0.211800274058,random,15,2025
1,"(0.05, 0.1]",1738,0.0739428256517,0.211162255466,0.833716915995,0.350170656629,random,15,2025
1,"(0.1, 0.15]",1279,0.122593608145,0.324472243941,0.801407349492,0.377824638115,random,15,2025
1,"(0.15, 0.2]",746,0.173237510514,0.325737265416,0.786863270777,0.531832028163,random,15,2025
1,"(0.2, 0.3]",834,0.244508807546,0.329736211031,0.802158273381,0.741528529066,random,15,2025
1,"(0.3, 0.4]",533,0.347471635448,0.191369606004,0.827392120075,1.81570962445,random,15,2025
1,"(0.4, 0.6]",502,0.484726910041,0.189243027888,0.810756972112,2.56139904043,random,15,2025
1,"(0.6, 0.8]",194,0.684147029774,0.216494845361,0.845360824742,3.16010770895,random,15,2025
1,"(0.8, 1.0]",119,0.896001503378,0.310924369748,0.756302521008,2.88173456492,random,15,2025
1,"(1.0, inf]",525,1.67141242108,0.758095238095,0.634285714286,2.20475256549,random,15,2025
1,"(-0.001, 0.05]",1042,0.0356218798861,0.195777351248,0.829174664107,0.181950974713,random,16,2025
1,"(0.05, 0.1]",1746,0.0740040586547,0.226804123711,0.837915234822,0.32629062225,random,16,2025
1,"(0.1, 0.15]",1276,0.122747977076,0.301724137931,0.781347962382,0.406821866882,random,16,2025
1,"(0.15, 0.2]",744,0.173108365836,0.342741935484,0.795698924731,0.505069114438,random,16,2025
1,"(0.2, 0.3]",825,0.24454588193,0.294545454545,0.825454545455,0.830248364576,random,16,2025
1,"(0.3, 0.4]",538,0.346715675131,0.234200743494,0.832713754647,1.48042089858,random,16,2025
1,"(0.4, 0.6]",503,0.484604846821,0.186878727634,0.815109343936,2.59315146756,random,16,2025
1,"(0.6, 0.8]",195,0.68519703028,0.271794871795,0.820512820513,2.5210079416,random,16,2025
1,"(0.8, 1.0]",121,0.895665437665,0.297520661157,0.710743801653,3.01043105437,random,16,2025
1,"(1.0, inf]",524,1.67104320908,0.68320610687,0.637404580153,2.44588447363,random,16,2025
1,"(-0.001, 0.05]",1040,0.0356741231638,0.164423076923,0.811538461538,0.216965427429,random,17,2025
1,"(0.05, 0.1]",1743,0.0739122996816,0.22776821572,0.843373493976,0.324506645705,random,17,2025
1,"(0.1, 0.15]",1284,0.122663741952,0.281152647975,0.786604361371,0.436288766388,random,17,2025
1,"(0.15, 0.2]",747,0.173607736578,0.325301204819,0.779116465863,0.533683042074,random,17,2025
1,"(0.2, 0.3]",821,0.24446464362,0.297198538368,0.813641900122,0.822563411525,random,17,2025
1,"(0.3, 0.4]",541,0.346924586977,0.199630314233,0.828096118299,1.73783519958,random,17,2025
1,"(0.4, 0.6]",497,0.484117319407,0.243460764588,0.855130784708,1.98848188219,random,17,2025
1,"(0.6, 0.8]",195,0.686642634883,0.184615384615,0.784615384615,3.71931427228,random,17,2025
1,"(0.8, 1.0]",122,0.894978044485,0.393442622951,0.762295081967,2.27473586307,random,17,2025
1,"(1.0, inf]",524,1.67326430244,0.803435114504,0.652671755725,2.0826377541,random,17,2025
1,"(-0.001, 0.05]",1040,0.0356252058467,0.165384615385,0.799038461538,0.215408221399,random,18,2025
1,"(0.05, 0.1]",1751,0.0740471441672,0.209594517419,0.830382638492,0.353287600645,random,18,2025
1,"(0.1, 0.15]",1273,0.122817832422,0.30086410055,0.786331500393,0.408216973038,random,18,2025
1,"(0.15, 0.2]",744,0.173396459841,0.307795698925,0.778225806452,0.563349197038,random,18,2025
1,"(0.2, 0.3]",829,0.244216385755,0.252110977081,0.825090470446,0.968686046847,random,18,2025
1,"(0.3, 0.4]",531,0.346725312485,0.165725047081,0.821092278719,2.09217205602,random,18,2025
1,"(0.4, 0.6]",507,0.483872685737,0.254437869822,0.842209072978,1.90173218348,random,18,2025
1,"(0.6, 0.8]",193,0.683575239601,0.269430051813,0.870466321244,2.53711579313,random,18,2025
1,"(0.8, 1.0]",123,0.895275077261,0.268292682927,0.682926829268,3.33693437888,random,18,2025
1,"(1.0, inf]",523,1.67192362796,0.933078393881,0.709369024857,1.79183618325,random,18,2025
1,"(-0.001, 0.05]",1042,0.0355991832093,0.200575815739,0.828214971209,0.177484922986,random,19,2025
1,"(0.05, 0.1]",1738,0.0738960758304,0.195051783659,0.82336018412,0.378853627709,random,19,2025
1,"(0.1, 0.15]",1292,0.12279058411,0.359907120743,0.802631578947,0.341172977786,random,19,2025
1,"(0.15, 0.2]",731,0.173567390941,0.326949384405,0.78659370725,0.530869300326,random,19,2025
1,"(0.2, 0.3]",830,0.24405733561,0.240963855422,0.810843373494,1.01283794278,random,19,2025
1,"(0.3, 0.4]",535,0.347225539255,0.194392523364,0.833644859813,1.7862083029,random,19,2025
1,"(0.4, 0.6]",507,0.483115117902,0.195266272189,0.824457593688,2.47413499774,random,19,2025
1,"(0.6, 0.8]",193,0.686008870095,0.321243523316,0.829015544041,2.13547922465,random,19,2025
1,"(0.8, 1.0]",124,0.896158089177,0.451612903226,0.798387096774,1.98435005461,random,19,2025
1,"(1.0, inf]",522,1.67400257328,0.722222222222,0.637931034483,2.31784971685,random,19,2025
1,"(0.05, 0.1]",255,0.0843448573469,0.0823529411765,0.741176470588,1.0241875535,regressed-rate,-1,2025
1,"(0.1, 0.15]",930,0.137254840025,0.102150537634,0.735483870968,1.34365264445,regressed-rate,-1,2025
1,"(0.15, 0.2]",822,0.174008477668,0.108272506083,0.801703163017,1.60713447914,regressed-rate,-1,2025
1,"(0.2, 0.3]",1996,0.238967724178,0.155811623246,0.854208416834,1.53369639054,regressed-rate,-1,2025
1,"(0.3, 0.4]",1374,0.33618272,0.233624454148,0.852256186317,1.43898771738,regressed-rate,-1,2025
1,"(0.4, 0.6]",723,0.491551399012,0.276625172891,0.919778699862,1.77695830743,regressed-rate,-1,2025
1,"(0.6, 0.8]",175,0.684746262574,0.577142857143,0.908571428571,1.18644154406,regressed-rate,-1,2025
1,"(0.8, 1.0]",439,0.915312268453,0.487471526196,0.592255125285,1.87767329837,regressed-rate,-1,2025
1,"(1.0, inf]",800,1.50284052851,0.9975,0.67875,1.50660704612,regressed-rate,-1,2025
1,"(-0.001, 0.05]",1041,0.0357353136022,0.0432276657061,0.686839577329,0.826676921331,shipped,-1,2025
1,"(0.05, 0.1]",1738,0.0740020274138,0.0880322209436,0.774453394707,0.84062433755,shipped,-1,2025
1,"(0.1, 0.15]",1282,0.122530683032,0.124024960998,0.691887675507,0.987951796519,shipped,-1,2025
1,"(0.15, 0.2]",749,0.173276481738,0.205607476636,0.736982643525,0.842753797545,shipped,-1,2025
1,"(0.2, 0.3]",830,0.244355133986,0.309638554217,0.886746987952,0.789162494975,shipped,-1,2025
1,"(0.3, 0.4]",534,0.346879069571,0.340823970037,0.975655430712,1.01776606127,shipped,-1,2025
1,"(0.4, 0.6]",506,0.483864906071,0.454545454545,0.994071146245,1.06450279336,shipped,-1,2025
1,"(0.6, 0.8]",190,0.687320694189,0.584210526316,0.973684210526,1.17649488194,shipped,-1,2025
1,"(0.8, 1.0]",122,0.894108519834,0.795081967213,0.860655737705,1.12454886,shipped,-1,2025
1,"(1.0, inf]",522,1.67360149925,1.45977011494,0.929118773946,1.14648291681,shipped,-1,2025
1,"(-0.001, 0.05]",1,0.0483357584458,0,1,,vegas-environment,-1,2025
1,"(0.05, 0.1]",665,0.0752208470665,0.0571428571429,0.556390977444,1.31636482366,vegas-environment,-1,2025
1,"(0.1, 0.15]",613,0.135270699021,0.0603588907015,0.641109298532,2.24110644595,vegas-environment,-1,2025
1,"(0.15, 0.2]",1704,0.178312426733,0.113849765258,0.805164319249,1.56620811934,vegas-environment,-1,2025
1,"(0.2, 0.3]",1997,0.240912053353,0.179769654482,0.735603405108,1.34011523829,vegas-environment,-1,2025
1,"(0.3, 0.4]",978,0.348667915584,0.311860940695,0.972392638037,1.11802367686,vegas-environment,-1,2025
1,"(0.4, 0.6]",976,0.474338181124,0.420081967213,0.979508196721,1.12915625555,vegas-environment,-1,2025
1,"(0.6, 0.8]",36,0.626773214351,0.777777777778,1,0.805851275594,vegas-environment,-1,2025
1,"(1.0, inf]",544,1.56893791101,1.43198529412,0.895220588235,1.09563828445,vegas-environment,-1,2025
1,"(-0.001, 0.05]",1054,0.036053352672,0.0436432637571,0.693548387097,0.82609203731,within-player,0,2025
1,"(0.05, 0.1]",1731,0.0736466471117,0.0901213171577,0.763142692085,0.817194526605,within-player,0,2025
1,"(0.1, 0.15]",1310,0.122995606911,0.125954198473,0.693893129771,0.976510576085,within-player,0,2025
1,"(0.15, 0.2]",716,0.173356292695,0.201117318436,0.759776536313,0.861966010901,within-player,0,2025
1,"(0.2, 0.3]",849,0.245118842548,0.308598351001,0.88457008245,0.794297318029,within-player,0,2025
1,"(0.3, 0.4]",528,0.34767024571,0.36553030303,0.975378787879,0.951139325052,within-player,0,2025
1,"(0.4, 0.6]",500,0.481500125585,0.45,0.994,1.07000027908,within-player,0,2025
1,"(0.6, 0.8]",187,0.687077376984,0.68449197861,0.973262032086,1.00377710544,within-player,0,2025
1,"(0.8, 1.0]",119,0.906296104047,0.714285714286,0.857142857143,1.26881454567,within-player,0,2025
1,"(1.0, inf]",520,1.67256818191,1.43461538462,0.928846153846,1.16586522063,within-player,0,2025
1,"(-0.001, 0.05]",1044,0.0359654385207,0.0478927203065,0.7030651341,0.750958356312,within-player,1,2025
1,"(0.05, 0.1]",1721,0.0737768956281,0.081929110982,0.759442184776,0.900496718978,within-player,1,2025
1,"(0.1, 0.15]",1316,0.123056277067,0.130699088146,0.705927051672,0.941523608255,within-player,1,2025
1,"(0.15, 0.2]",730,0.173622106688,0.209589041096,0.738356164384,0.828393058053,within-player,1,2025
1,"(0.2, 0.3]",828,0.243630896482,0.307971014493,0.881642512077,0.791083852105,within-player,1,2025
1,"(0.3, 0.4]",530,0.348265178584,0.328301886792,0.967924528302,1.06080772787,within-player,1,2025
1,"(0.4, 0.6]",521,0.488202541724,0.47216890595,0.99424184261,1.0339574156,within-player,1,2025
1,"(0.6, 0.8]",189,0.68520775237,0.640211640212,0.984126984127,1.07028318345,within-player,1,2025
1,"(0.8, 1.0]",111,0.903372700606,0.783783783784,0.846846846847,1.15257896284,within-player,1,2025
1,"(1.0, inf]",524,1.67102388099,1.43320610687,0.925572519084,1.16593410605,within-player,1,2025
1,"(-0.001, 0.05]",1050,0.0359460908227,0.0438095238095,0.697142857143,0.820508594867,within-player,2,2025
1,"(0.05, 0.1]",1713,0.0735659197783,0.0828955049621,0.765323992995,0.887453666058,within-player,2,2025
1,"(0.1, 0.15]",1318,0.1222613691,0.137329286798,0.689681335357,0.890278919742,within-player,2,2025
1,"(0.15, 0.2]",721,0.1736567981,0.202496532594,0.75866851595,0.857579119385,within-player,2,2025
1,"(0.2, 0.3]",840,0.242814573696,0.291666666667,0.879761904762,0.832507109815,within-player,2,2025
1,"(0.3, 0.4]",523,0.34688073386,0.372848948375,0.977055449331,0.930351916969,within-player,2,2025
1,"(0.4, 0.6]",531,0.485392089321,0.43879472693,0.990583804143,1.10619398897,within-player,2,2025
1,"(0.6, 0.8]",188,0.689223958573,0.712765957447,0.989361702128,0.966970926953,within-player,2,2025
1,"(0.8, 1.0]",95,0.899121303946,0.694736842105,0.842105263158,1.29418975568,within-player,2,2025
1,"(1.0, inf]",535,1.66632296703,1.42429906542,0.923364485981,1.16992491779,within-player,2,2025
1,"(-0.001, 0.05]",1044,0.0359743365147,0.0478927203065,0.698275862069,0.751144146426,within-player,3,2025
1,"(0.05, 0.1]",1708,0.0738787621082,0.0831381733021,0.760538641686,0.888626237189,within-player,3,2025
1,"(0.1, 0.15]",1317,0.122684878694,0.129081245254,0.692482915718,0.950446971999,within-player,3,2025
1,"(0.15, 0.2]",744,0.172774071626,0.202956989247,0.760752688172,0.851284167483,within-player,3,2025
1,"(0.2, 0.3]",825,0.245508738516,0.288484848485,0.882424242424,0.851028190235,within-player,3,2025
1,"(0.3, 0.4]",534,0.347633787231,0.368913857678,0.975655430712,0.942316966403,within-player,3,2025
1,"(0.4, 0.6]",509,0.486210623378,0.438113948919,0.994106090373,1.10978119865,within-player,3,2025
1,"(0.6, 0.8]",194,0.682612337132,0.711340206186,0.984536082474,0.959614444954,within-player,3,2025
1,"(0.8, 1.0]",124,0.902970374916,0.782258064516,0.870967741935,1.15431264422,within-player,3,2025
1,"(1.0, inf]",515,1.67622534902,1.44466019417,0.922330097087,1.16029039616,within-player,3,2025
1,"(-0.001, 0.05]",1044,0.0359650907957,0.0478927203065,0.692528735632,0.750951095814,within-player,4,2025
1,"(0.05, 0.1]",1747,0.0739390241596,0.0841442472811,0.771608471666,0.878717518414,within-player,4,2025
1,"(0.1, 0.15]",1279,0.122903413762,0.130570758405,0.684910086005,0.941278240727,within-player,4,2025
1,"(0.15, 0.2]",749,0.173112209462,0.218958611482,0.771695594126,0.79061612736,within-player,4,2025
1,"(0.2, 0.3]",823,0.245179462148,0.290400972053,0.868772782503,0.844279068402,within-player,4,2025
1,"(0.3, 0.4]",520,0.347020796213,0.355769230769,0.971153846154,0.975409805571,within-player,4,2025
1,"(0.4, 0.6]",521,0.482836681499,0.451055662188,0.992322456814,1.070459196,within-player,4,2025
1,"(0.6, 0.8]",193,0.682563079971,0.637305699482,0.984455958549,1.07101361329,within-player,4,2025
1,"(0.8, 1.0]",122,0.906979274985,0.795081967213,0.860655737705,1.14073682008,within-player,4,2025
1,"(1.0, inf]",516,1.6792451694,1.43992248062,0.926356589147,1.16620525896,within-player,4,2025
1,"(-0.001, 0.05]",1033,0.0360734879377,0.0513068731849,0.704743465634,0.70309269886,within-player,5,2025
1,"(0.05, 0.1]",1741,0.0736865540492,0.0832854681218,0.7570361861,0.884746831722,within-player,5,2025
1,"(0.1, 0.15]",1319,0.123009088248,0.126611068992,0.697498104625,0.971550822748,within-player,5,2025
1,"(0.15, 0.2]",714,0.173337932811,0.21568627451,0.756302521008,0.803657688486,within-player,5,2025
1,"(0.2, 0.3]",850,0.245036576186,0.290588235294,0.875294117647,0.843243278372,within-player,5,2025
1,"(0.3, 0.4]",524,0.346564944759,0.375954198473,0.982824427481,0.921827568799,within-player,5,2025
1,"(0.4, 0.6]",497,0.481761774683,0.420523138833,0.991951710262,1.14562489004,within-player,5,2025
1,"(0.6, 0.8]",191,0.680768124505,0.659685863874,0.984293193717,1.03195803,within-player,5,2025
1,"(0.8, 1.0]",113,0.902640228117,0.761061946903,0.849557522124,1.18602727648,within-player,5,2025
1,"(1.0, inf]",532,1.65207785367,1.43984962406,0.926691729323,1.14739610725,within-player,5,2025
1,"(-0.001, 0.05]",1056,0.0360963441593,0.0530303030303,0.707386363636,0.680673918432,within-player,6,2025
1,"(0.05, 0.1]",1683,0.0737793611236,0.078431372549,0.757575757576,0.940686854325,within-player,6,2025
1,"(0.1, 0.15]",1348,0.123202539903,0.126112759644,0.697329376855,0.976923669351,within-player,6,2025
1,"(0.15, 0.2]",719,0.173022180839,0.223922114047,0.759388038943,0.772689118155,within-player,6,2025
1,"(0.2, 0.3]",848,0.243423483504,0.287735849057,0.872641509434,0.845996368899,within-player,6,2025
1,"(0.3, 0.4]",516,0.348060800602,0.377906976744,0.978682170543,0.921022426207,within-player,6,2025
1,"(0.4, 0.6]",518,0.486032255441,0.444015444015,0.994208494208,1.0946291666,within-player,6,2025
1,"(0.6, 0.8]",182,0.683181936887,0.60989010989,0.983516483516,1.12017218481,within-player,6,2025
1,"(0.8, 1.0]",118,0.896204281832,0.813559322034,0.847457627119,1.10158442975,within-player,6,2025
1,"(1.0, inf]",526,1.66990347235,1.43536121673,0.927756653992,1.16340294895,within-player,6,2025
1,"(-0.001, 0.05]",1028,0.0358970708898,0.0466926070039,0.697470817121,0.768795601557,within-player,7,2025
1,"(0.05, 0.1]",1729,0.0738001786215,0.0873337189127,0.766917293233,0.845036482361,within-player,7,2025
1,"(0.1, 0.15]",1331,0.123106050687,0.126220886551,0.692712246431,0.97532234205,within-player,7,2025
1,"(0.15, 0.2]",719,0.17297518025,0.191933240612,0.74826147427,0.901225757971,within-player,7,2025
1,"(0.2, 0.3]",834,0.245252334362,0.317745803357,0.884892086331,0.771850742859,within-player,7,2025
1,"(0.3, 0.4]",528,0.34711541581,0.354166666667,0.969696969697,0.980090585815,within-player,7,2025
1,"(0.4, 0.6]",526,0.485367246964,0.43536121673,0.990494296578,1.11486101268,within-player,7,2025
1,"(0.6, 0.8]",182,0.677530034706,0.681318681319,0.978021978022,0.994439244488,within-player,7,2025
1,"(0.8, 1.0]",115,0.899496967241,0.686956521739,0.834782608696,1.3093943194,within-player,7,2025
1,"(1.0, inf]",522,1.68361173649,1.45785440613,0.932950191571,1.15485588232,within-player,7,2025
1,"(-0.001, 0.05]",1049,0.0359326672327,0.0467111534795,0.703527168732,0.769252406675,within-player,8,2025
1,"(0.05, 0.1]",1706,0.0736629951894,0.0855803048066,0.763188745604,0.860747053378,within-player,8,2025
1,"(0.1, 0.15]",1309,0.122908380414,0.12987012987,0.692895339954,0.946394529185,within-player,8,2025
1,"(0.15, 0.2]",728,0.172911274797,0.208791208791,0.745879120879,0.828154000346,within-player,8,2025
1,"(0.2, 0.3]",859,0.24557384764,0.291036088475,0.887077997672,0.843791740491,within-player,8,2025
1,"(0.3, 0.4]",527,0.345270701473,0.356736242884,0.967741935484,0.967859891895,within-player,8,2025
1,"(0.4, 0.6]",517,0.48366629419,0.452611218569,0.990328820116,1.06861313716,within-player,8,2025
1,"(0.6, 0.8]",183,0.689111462315,0.693989071038,0.983606557377,0.992971634674,within-player,8,2025
1,"(0.8, 1.0]",105,0.904448299206,0.761904761905,0.828571428571,1.18708839271,within-player,8,2025
1,"(1.0, inf]",531,1.67121683262,1.41996233522,0.930320150659,1.17694448027,within-player,8,2025
1,"(-0.001, 0.05]",1042,0.0357317247529,0.0479846449136,0.694817658349,0.744649143851,within-player,9,2025
1,"(0.05, 0.1]",1718,0.0733717867065,0.0878928987194,0.763096623981,0.834786288489,within-player,9,2025
1,"(0.1, 0.15]",1311,0.123003078755,0.128909229596,0.703279938978,0.954183646437,within-player,9,2025
1,"(0.15, 0.2]",738,0.173415907522,0.220867208672,0.749322493225,0.785159139578,within-player,9,2025
1,"(0.2, 0.3]",836,0.244993430974,0.27990430622,0.876794258373,0.87527567647,within-player,9,2025
1,"(0.3, 0.4]",502,0.346890345854,0.338645418327,0.970119521912,1.02434678599,within-player,9,2025
1,"(0.4, 0.6]",532,0.482776458321,0.453007518797,0.992481203008,1.06571400758,within-player,9,2025
1,"(0.6, 0.8]",203,0.68768381297,0.694581280788,0.990147783251,0.99006960307,within-player,9,2025
1,"(0.8, 1.0]",113,0.909551599177,0.814159292035,0.840707964602,1.11716663812,within-player,9,2025
1,"(1.0, inf]",519,1.67453775154,1.42389210019,0.926782273603,1.17602854269,within-player,9,2025
1,"(-0.001, 0.05]",1046,0.0358762861254,0.0458891013384,0.700764818356,0.781804068482,within-player,10,2025
1,"(0.05, 0.1]",1706,0.0733173677523,0.084407971864,0.759671746776,0.86860714851,within-player,10,2025
1,"(0.1, 0.15]",1326,0.122943502367,0.131221719457,0.702865761689,0.936914276658,within-player,10,2025
1,"(0.15, 0.2]",751,0.173954025356,0.209054593875,0.747003994674,0.832098554409,within-player,10,2025
1,"(0.2, 0.3]",830,0.246288861152,0.289156626506,0.880722891566,0.851748978151,within-player,10,2025
1,"(0.3, 0.4]",512,0.345128096477,0.361328125,0.978515625,0.955165326465,within-player,10,2025
1,"(0.4, 0.6]",515,0.485277420802,0.473786407767,0.994174757282,1.02425357259,within-player,10,2025
1,"(0.6, 0.8]",188,0.67993160341,0.643617021277,0.978723404255,1.05642265654,within-player,10,2025
1,"(0.8, 1.0]",115,0.896084510354,0.765217391304,0.869565217391,1.17101953058,within-player,10,2025
1,"(1.0, inf]",525,1.65706834471,1.42666666667,0.92380952381,1.1614965033,within-player,10,2025
1,"(-0.001, 0.05]",1070,0.0360500471345,0.0448598130841,0.699065420561,0.80361563404,within-player,11,2025
1,"(0.05, 0.1]",1696,0.0740428109548,0.0902122641509,0.767688679245,0.820762139734,within-player,11,2025
1,"(0.1, 0.15]",1297,0.123052972491,0.127216653816,0.707787201234,0.967270941337,within-player,11,2025
1,"(0.15, 0.2]",741,0.172797279816,0.194331983806,0.721997300945,0.889186002386,within-player,11,2025
1,"(0.2, 0.3]",843,0.244393920263,0.296559905101,0.877817319098,0.824096299128,within-player,11,2025
1,"(0.3, 0.4]",532,0.348040931109,0.357142857143,0.975563909774,0.974514607105,within-player,11,2025
1,"(0.4, 0.6]",509,0.483079163131,0.485265225933,0.994106090373,0.995495117545,within-player,11,2025
1,"(0.6, 0.8]",184,0.685986693879,0.657608695652,0.983695652174,1.04315331962,within-player,11,2025
1,"(0.8, 1.0]",118,0.898276479435,0.71186440678,0.864406779661,1.26186457825,within-player,11,2025
1,"(1.0, inf]",524,1.6575540032,1.42748091603,0.923664122137,1.16117419476,within-player,11,2025
1,"(-0.001, 0.05]",1056,0.0361118660224,0.0482954545455,0.701704545455,0.747728049406,within-player,12,2025
1,"(0.05, 0.1]",1710,0.0737322912416,0.0859649122807,0.760233918129,0.857702163423,within-player,12,2025
1,"(0.1, 0.15]",1297,0.122621085357,0.126445643793,0.701619121049,0.96975333968,within-player,12,2025
1,"(0.15, 0.2]",740,0.172778778386,0.198648648649,0.737837837838,0.869770721128,within-player,12,2025
1,"(0.2, 0.3]",842,0.245533816343,0.296912114014,0.884798099762,0.826957893443,within-player,12,2025
1,"(0.3, 0.4]",515,0.346594521383,0.341747572816,0.970873786408,1.01418283246,within-player,12,2025
1,"(0.4, 0.6]",515,0.484285385304,0.46213592233,0.996116504854,1.0479284598,within-player,12,2025
1,"(0.6, 0.8]",211,0.687464538759,0.696682464455,0.976303317536,0.986768827743,within-player,12,2025
1,"(0.8, 1.0]",109,0.90449489981,0.798165137615,0.844036697248,1.13321774804,within-player,12,2025
1,"(1.0, inf]",519,1.68677768089,1.43159922929,0.928709055877,1.17824712837,within-player,12,2025
1,"(-0.001, 0.05]",1060,0.0359548542095,0.0424528301887,0.698113207547,0.846936565824,within-player,13,2025
1,"(0.05, 0.1]",1725,0.0737964103821,0.0869565217391,0.765797101449,0.848658719394,within-player,13,2025
1,"(0.1, 0.15]",1330,0.123241797495,0.13007518797,0.693984962406,0.947465842013,within-player,13,2025
1,"(0.15, 0.2]",699,0.173295710694,0.220314735336,0.745350500715,0.78658247906,within-player,13,2025
1,"(0.2, 0.3]",840,0.243748802205,0.27380952381,0.888095238095,0.89021301675,within-player,13,2025
1,"(0.3, 0.4]",519,0.346516247769,0.410404624277,0.97302504817,0.844328322028,within-player,13,2025
1,"(0.4, 0.6]",513,0.482692451971,0.440545808967,0.994152046784,1.09566914983,within-player,13,2025
1,"(0.6, 0.8]",196,0.6866052508,0.586734693878,0.979591836735,1.17021416658,within-player,13,2025
1,"(0.8, 1.0]",109,0.897415088973,0.880733944954,0.853211009174,1.01894004894,within-player,13,2025
1,"(1.0, inf]",523,1.68862367769,1.43021032505,0.925430210325,1.18068206341,within-player,13,2025
1,"(-0.001, 0.05]",1036,0.0359289839768,0.0444015444015,0.707528957529,0.809183204347,within-player,14,2025
1,"(0.05, 0.1]",1753,0.0739060634463,0.0872789503708,0.757558471192,0.846779929551,within-player,14,2025
1,"(0.1, 0.15]",1282,0.123003000879,0.120904836193,0.685647425897,1.01735385243,within-player,14,2025
1,"(0.15, 0.2]",756,0.173344091994,0.224867724868,0.767195767196,0.77087137381,within-player,14,2025
1,"(0.2, 0.3]",837,0.244785713427,0.304659498208,0.890083632019,0.803473106424,within-player,14,2025
1,"(0.3, 0.4]",497,0.348002013936,0.340040241449,0.963782696177,1.02341420666,within-player,14,2025
1,"(0.4, 0.6]",526,0.48438773962,0.454372623574,0.994296577947,1.06605837255,within-player,14,2025
1,"(0.6, 0.8]",184,0.687622984019,0.586956521739,0.972826086957,1.17150582462,within-player,14,2025
1,"(0.8, 1.0]",113,0.899651653648,0.902654867257,0.867256637168,0.996672910414,within-player,14,2025
1,"(1.0, inf]",530,1.65798710897,1.42075471698,0.92641509434,1.1669763184,within-player,14,2025
1,"(-0.001, 0.05]",1046,0.0356320089753,0.046845124283,0.695028680688,0.760634314043,within-player,15,2025
1,"(0.05, 0.1]",1715,0.0738809212295,0.0845481049563,0.765597667638,0.873832964887,within-player,15,2025
1,"(0.1, 0.15]",1330,0.123370347405,0.130827067669,0.693233082707,0.943003230163,within-player,15,2025
1,"(0.15, 0.2]",718,0.173138349891,0.207520891365,0.75348189415,0.834317686051,within-player,15,2025
1,"(0.2, 0.3]",836,0.246051456443,0.313397129187,0.885167464115,0.785110754145,within-player,15,2025
1,"(0.3, 0.4]",539,0.347994966903,0.322820037106,0.972170686456,1.07798440897,within-player,15,2025
1,"(0.4, 0.6]",510,0.489092372662,0.454901960784,0.992156862745,1.07515995714,within-player,15,2025
1,"(0.6, 0.8]",182,0.687912035947,0.637362637363,0.989010989011,1.0793102633,within-player,15,2025
1,"(0.8, 1.0]",117,0.90063823975,0.794871794872,0.837606837607,1.1330610113,within-player,15,2025
1,"(1.0, inf]",521,1.66547252568,1.45105566219,0.928982725528,1.14776611889,within-player,15,2025
1,"(-0.001, 0.05]",1035,0.0358550374878,0.0434782608696,0.707246376812,0.82466586222,within-player,16,2025
1,"(0.05, 0.1]",1732,0.0735112399939,0.088337182448,0.752886836028,0.832166455356,within-player,16,2025
1,"(0.1, 0.15]",1299,0.122788411787,0.123941493457,0.70207852194,0.990696564665,within-player,16,2025
1,"(0.15, 0.2]",730,0.17256497161,0.204109589041,0.750684931507,0.845452545471,within-player,16,2025
1,"(0.2, 0.3]",850,0.245352884365,0.305882352941,0.877647058824,0.802115198886,within-player,16,2025
1,"(0.3, 0.4]",526,0.345640457412,0.344106463878,0.973384030418,1.00445790386,within-player,16,2025
1,"(0.4, 0.6]",519,0.484980118883,0.468208092486,0.996146435453,1.03582173539,within-player,16,2025
1,"(0.6, 0.8]",183,0.684307198117,0.606557377049,0.983606557377,1.12818213744,within-player,16,2025
1,"(0.8, 1.0]",120,0.905805695807,0.85,0.858333333333,1.06565375977,within-player,16,2025
1,"(1.0, inf]",520,1.66321776218,1.43269230769,0.925,1.16090367293,within-player,16,2025
1,"(-0.001, 0.05]",1042,0.0358317554197,0.0451055662188,0.698656429942,0.794397641434,within-player,17,2025
1,"(0.05, 0.1]",1716,0.0737851426161,0.0833333333333,0.76048951049,0.885421711393,within-player,17,2025
1,"(0.1, 0.15]",1317,0.122787791652,0.134396355353,0.702353834472,0.913624415851,within-player,17,2025
1,"(0.15, 0.2]",751,0.173214704938,0.205059920107,0.741677762983,0.844702879277,within-player,17,2025
1,"(0.2, 0.3]",816,0.245638517562,0.295343137255,0.887254901961,0.831705520043,within-player,17,2025
1,"(0.3, 0.4]",536,0.343511521815,0.376865671642,0.975746268657,0.911495919271,within-player,17,2025
1,"(0.4, 0.6]",508,0.481120607925,0.42125984252,0.992125984252,1.14209938704,within-player,17,2025
1,"(0.6, 0.8]",196,0.683603857665,0.714285714286,0.979591836735,0.957045400731,within-player,17,2025
1,"(0.8, 1.0]",102,0.899138773598,0.794117647059,0.852941176471,1.13224882601,within-player,17,2025
1,"(1.0, inf]",530,1.67546206241,1.41698113208,0.924528301887,1.18241663526,within-player,17,2025
1,"(-0.001, 0.05]",1041,0.0358225272047,0.0470701248799,0.693563880884,0.761045935104,within-player,18,2025
1,"(0.05, 0.1]",1745,0.0739875223138,0.0825214899713,0.768481375358,0.896584905817,within-player,18,2025
1,"(0.1, 0.15]",1294,0.123579987269,0.12828438949,0.697836166924,0.963328334493,within-player,18,2025
1,"(0.15, 0.2]",713,0.172750364691,0.208976157083,0.723702664797,0.826651073992,within-player,18,2025
1,"(0.2, 0.3]",851,0.244266627391,0.301997649824,0.893066980024,0.808836186419,within-player,18,2025
1,"(0.3, 0.4]",524,0.348194389115,0.37213740458,0.971374045802,0.935660819982,within-player,18,2025
1,"(0.4, 0.6]",510,0.483337642227,0.43137254902,0.994117647059,1.12046453425,within-player,18,2025
1,"(0.6, 0.8]",198,0.68679841814,0.666666666667,0.979797979798,1.03019762721,within-player,18,2025
1,"(0.8, 1.0]",107,0.894389074692,0.672897196262,0.822429906542,1.32916154156,within-player,18,2025
1,"(1.0, inf]",531,1.67514218229,1.44256120527,0.932203389831,1.16122780522,within-player,18,2025
1,"(-0.001, 0.05]",1050,0.0360357680083,0.0466666666667,0.698095238095,0.77219502875,within-player,19,2025
1,"(0.05, 0.1]",1737,0.0740287021811,0.0834772596431,0.762809441566,0.886812797852,within-player,19,2025
1,"(0.1, 0.15]",1318,0.123547891007,0.132018209408,0.697268588771,0.935839772113,within-player,19,2025
1,"(0.15, 0.2]",703,0.173717707884,0.207681365576,0.749644381223,0.836462661933,within-player,19,2025
1,"(0.2, 0.3]",834,0.244182180439,0.303357314149,0.882494004796,0.804932563187,within-player,19,2025
1,"(0.3, 0.4]",521,0.346035484364,0.362763915547,0.969289827255,0.953886176475,within-player,19,2025
1,"(0.4, 0.6]",517,0.483994092227,0.446808510638,0.996131528046,1.08322487308,within-player,19,2025
1,"(0.6, 0.8]",190,0.681777511197,0.594736842105,0.984210526316,1.1463515675,within-player,19,2025
1,"(0.8, 1.0]",128,0.907372731153,0.8671875,0.8671875,1.04633972601,within-player,19,2025
1,"(1.0, inf]",516,1.68395771659,1.43217054264,0.924418604651,1.1758080944,within-player,19,2025
